solid OpenSCAD_Model
  facet normal -0.831472 -0.555566 0
    outer loop
      vertex -3.49057 -2.67844 0.39
      vertex -3.81029 -2.19994 0.490001
      vertex -3.81029 -2.19994 0.39
    endloop
  endfacet
  facet normal -0.831472 -0.555566 0
    outer loop
      vertex -3.81029 -2.19994 0.490001
      vertex -3.49057 -2.67844 0.39
      vertex -3.49057 -2.67844 0.490001
    endloop
  endfacet
  facet normal 0.32143 0.946933 -0
    outer loop
      vertex 1.6837 4.06487 0.39
      vertex 1.13872 4.24986 0.490001
      vertex 1.6837 4.06487 0.490001
    endloop
  endfacet
  facet normal 0.32143 0.946933 0
    outer loop
      vertex 1.13872 4.24986 0.490001
      vertex 1.6837 4.06487 0.39
      vertex 1.13872 4.24986 0.39
    endloop
  endfacet
  facet normal 0.195077 0.980788 -0
    outer loop
      vertex 1.13872 4.24986 0.39
      vertex 0.57431 4.36212 0.490001
      vertex 1.13872 4.24986 0.490001
    endloop
  endfacet
  facet normal 0.195077 0.980788 0
    outer loop
      vertex 0.57431 4.36212 0.490001
      vertex 1.13872 4.24986 0.39
      vertex 0.57431 4.36212 0.39
    endloop
  endfacet
  facet normal 0.0654338 0.997857 -0
    outer loop
      vertex 0.57431 4.36212 0.39
      vertex 0 4.39978 0.490001
      vertex 0.57431 4.36212 0.490001
    endloop
  endfacet
  facet normal 0.0654338 0.997857 0
    outer loop
      vertex 0 4.39978 0.490001
      vertex 0.57431 4.36212 0.39
      vertex 0 4.39978 0.39
    endloop
  endfacet
  facet normal -0.997857 0.0654338 0
    outer loop
      vertex -4.39978 0 0.39
      vertex -4.36212 0.57431 0.490001
      vertex -4.36212 0.57431 0.39
    endloop
  endfacet
  facet normal -0.997857 0.0654338 0
    outer loop
      vertex -4.36212 0.57431 0.490001
      vertex -4.39978 0 0.39
      vertex -4.39978 0 0.490001
    endloop
  endfacet
  facet normal -0.555566 0.831472 0
    outer loop
      vertex -2.19994 3.81029 0.39
      vertex -2.67844 3.49057 0.490001
      vertex -2.19994 3.81029 0.490001
    endloop
  endfacet
  facet normal -0.555566 0.831472 0
    outer loop
      vertex -2.67844 3.49057 0.490001
      vertex -2.19994 3.81029 0.39
      vertex -2.67844 3.49057 0.39
    endloop
  endfacet
  facet normal 0.946933 -0.32143 0
    outer loop
      vertex 4.06487 -1.6837 0.490001
      vertex 4.24986 -1.13872 0.39
      vertex 4.24986 -1.13872 0.490001
    endloop
  endfacet
  facet normal 0.946933 -0.32143 0
    outer loop
      vertex 4.24986 -1.13872 0.39
      vertex 4.06487 -1.6837 0.490001
      vertex 4.06487 -1.6837 0.39
    endloop
  endfacet
  facet normal -0.0654338 0.997857 0
    outer loop
      vertex 0 4.39978 0.39
      vertex -0.57431 4.36212 0.490001
      vertex 0 4.39978 0.490001
    endloop
  endfacet
  facet normal -0.0654338 0.997857 0
    outer loop
      vertex -0.57431 4.36212 0.490001
      vertex 0 4.39978 0.39
      vertex -0.57431 4.36212 0.39
    endloop
  endfacet
  facet normal 0.0654338 -0.997857 0
    outer loop
      vertex 0 -4.39978 0.39
      vertex 0.57431 -4.36212 0.490001
      vertex 0 -4.39978 0.490001
    endloop
  endfacet
  facet normal 0.0654338 -0.997857 0
    outer loop
      vertex 0.57431 -4.36212 0.490001
      vertex 0 -4.39978 0.39
      vertex 0.57431 -4.36212 0.39
    endloop
  endfacet
  facet normal -0.442287 0.896874 0
    outer loop
      vertex -1.6837 4.06487 0.39
      vertex -2.19994 3.81029 0.490001
      vertex -1.6837 4.06487 0.490001
    endloop
  endfacet
  facet normal -0.442287 0.896874 0
    outer loop
      vertex -2.19994 3.81029 0.490001
      vertex -1.6837 4.06487 0.39
      vertex -2.19994 3.81029 0.39
    endloop
  endfacet
  facet normal 0.659364 -0.751824 0
    outer loop
      vertex 2.67844 -3.49057 0.39
      vertex 3.11111 -3.11111 0.490001
      vertex 2.67844 -3.49057 0.490001
    endloop
  endfacet
  facet normal 0.659364 -0.751824 0
    outer loop
      vertex 3.11111 -3.11111 0.490001
      vertex 2.67844 -3.49057 0.39
      vertex 3.11111 -3.11111 0.39
    endloop
  endfacet
  facet normal -0.946933 0.32143 0
    outer loop
      vertex -4.24986 1.13872 0.39
      vertex -4.06487 1.6837 0.490001
      vertex -4.06487 1.6837 0.39
    endloop
  endfacet
  facet normal -0.946933 0.32143 0
    outer loop
      vertex -4.06487 1.6837 0.490001
      vertex -4.24986 1.13872 0.39
      vertex -4.24986 1.13872 0.490001
    endloop
  endfacet
  facet normal -0.896874 -0.442287 0
    outer loop
      vertex -3.81029 -2.19994 0.39
      vertex -4.06487 -1.6837 0.490001
      vertex -4.06487 -1.6837 0.39
    endloop
  endfacet
  facet normal -0.896874 -0.442287 0
    outer loop
      vertex -4.06487 -1.6837 0.490001
      vertex -3.81029 -2.19994 0.39
      vertex -3.81029 -2.19994 0.490001
    endloop
  endfacet
  facet normal -0.32143 0.946933 0
    outer loop
      vertex -1.13872 4.24986 0.39
      vertex -1.6837 4.06487 0.490001
      vertex -1.13872 4.24986 0.490001
    endloop
  endfacet
  facet normal -0.32143 0.946933 0
    outer loop
      vertex -1.6837 4.06487 0.490001
      vertex -1.13872 4.24986 0.39
      vertex -1.6837 4.06487 0.39
    endloop
  endfacet
  facet normal -0.751824 -0.659364 0
    outer loop
      vertex -3.11111 -3.11111 0.39
      vertex -3.49057 -2.67844 0.490001
      vertex -3.49057 -2.67844 0.39
    endloop
  endfacet
  facet normal -0.751824 -0.659364 0
    outer loop
      vertex -3.49057 -2.67844 0.490001
      vertex -3.11111 -3.11111 0.39
      vertex -3.11111 -3.11111 0.490001
    endloop
  endfacet
  facet normal -0.997857 -0.0654338 0
    outer loop
      vertex -4.36212 -0.57431 0.39
      vertex -4.39978 0 0.490001
      vertex -4.39978 0 0.39
    endloop
  endfacet
  facet normal -0.997857 -0.0654338 0
    outer loop
      vertex -4.39978 0 0.490001
      vertex -4.36212 -0.57431 0.39
      vertex -4.36212 -0.57431 0.490001
    endloop
  endfacet
  facet normal 0.831472 0.555566 0
    outer loop
      vertex 3.81029 2.19994 0.490001
      vertex 3.49057 2.67844 0.39
      vertex 3.49057 2.67844 0.490001
    endloop
  endfacet
  facet normal 0.831472 0.555566 0
    outer loop
      vertex 3.49057 2.67844 0.39
      vertex 3.81029 2.19994 0.490001
      vertex 3.81029 2.19994 0.39
    endloop
  endfacet
  facet normal -0.32143 -0.946933 0
    outer loop
      vertex -1.6837 -4.06487 0.39
      vertex -1.13872 -4.24986 0.490001
      vertex -1.6837 -4.06487 0.490001
    endloop
  endfacet
  facet normal -0.32143 -0.946933 -0
    outer loop
      vertex -1.13872 -4.24986 0.490001
      vertex -1.6837 -4.06487 0.39
      vertex -1.13872 -4.24986 0.39
    endloop
  endfacet
  facet normal -0.896874 0.442287 0
    outer loop
      vertex -4.06487 1.6837 0.39
      vertex -3.81029 2.19994 0.490001
      vertex -3.81029 2.19994 0.39
    endloop
  endfacet
  facet normal -0.896874 0.442287 0
    outer loop
      vertex -3.81029 2.19994 0.490001
      vertex -4.06487 1.6837 0.39
      vertex -4.06487 1.6837 0.490001
    endloop
  endfacet
  facet normal -0.659364 0.751824 0
    outer loop
      vertex -2.67844 3.49057 0.39
      vertex -3.11111 3.11111 0.490001
      vertex -2.67844 3.49057 0.490001
    endloop
  endfacet
  facet normal -0.659364 0.751824 0
    outer loop
      vertex -3.11111 3.11111 0.490001
      vertex -2.67844 3.49057 0.39
      vertex -3.11111 3.11111 0.39
    endloop
  endfacet
  facet normal -0.980788 0.195077 0
    outer loop
      vertex -4.36212 0.57431 0.39
      vertex -4.24986 1.13872 0.490001
      vertex -4.24986 1.13872 0.39
    endloop
  endfacet
  facet normal -0.980788 0.195077 0
    outer loop
      vertex -4.24986 1.13872 0.490001
      vertex -4.36212 0.57431 0.39
      vertex -4.36212 0.57431 0.490001
    endloop
  endfacet
  facet normal -0.555566 -0.831472 0
    outer loop
      vertex -2.67844 -3.49057 0.39
      vertex -2.19994 -3.81029 0.490001
      vertex -2.67844 -3.49057 0.490001
    endloop
  endfacet
  facet normal -0.555566 -0.831472 -0
    outer loop
      vertex -2.19994 -3.81029 0.490001
      vertex -2.67844 -3.49057 0.39
      vertex -2.19994 -3.81029 0.39
    endloop
  endfacet
  facet normal 0.997857 0.0654338 0
    outer loop
      vertex 4.39978 0 0.490001
      vertex 4.36212 0.57431 0.39
      vertex 4.36212 0.57431 0.490001
    endloop
  endfacet
  facet normal 0.997857 0.0654338 0
    outer loop
      vertex 4.36212 0.57431 0.39
      vertex 4.39978 0 0.490001
      vertex 4.39978 0 0.39
    endloop
  endfacet
  facet normal 0.896874 0.442287 0
    outer loop
      vertex 4.06487 1.6837 0.490001
      vertex 3.81029 2.19994 0.39
      vertex 3.81029 2.19994 0.490001
    endloop
  endfacet
  facet normal 0.896874 0.442287 0
    outer loop
      vertex 3.81029 2.19994 0.39
      vertex 4.06487 1.6837 0.490001
      vertex 4.06487 1.6837 0.39
    endloop
  endfacet
  facet normal -0.980788 -0.195077 0
    outer loop
      vertex -4.24986 -1.13872 0.39
      vertex -4.36212 -0.57431 0.490001
      vertex -4.36212 -0.57431 0.39
    endloop
  endfacet
  facet normal -0.980788 -0.195077 0
    outer loop
      vertex -4.36212 -0.57431 0.490001
      vertex -4.24986 -1.13872 0.39
      vertex -4.24986 -1.13872 0.490001
    endloop
  endfacet
  facet normal 0.751824 -0.659364 0
    outer loop
      vertex 3.11111 -3.11111 0.490001
      vertex 3.49057 -2.67844 0.39
      vertex 3.49057 -2.67844 0.490001
    endloop
  endfacet
  facet normal 0.751824 -0.659364 0
    outer loop
      vertex 3.49057 -2.67844 0.39
      vertex 3.11111 -3.11111 0.490001
      vertex 3.11111 -3.11111 0.39
    endloop
  endfacet
  facet normal -0.659364 -0.751824 0
    outer loop
      vertex -3.11111 -3.11111 0.39
      vertex -2.67844 -3.49057 0.490001
      vertex -3.11111 -3.11111 0.490001
    endloop
  endfacet
  facet normal -0.659364 -0.751824 -0
    outer loop
      vertex -2.67844 -3.49057 0.490001
      vertex -3.11111 -3.11111 0.39
      vertex -2.67844 -3.49057 0.39
    endloop
  endfacet
  facet normal -0.831472 0.555566 0
    outer loop
      vertex -3.81029 2.19994 0.39
      vertex -3.49057 2.67844 0.490001
      vertex -3.49057 2.67844 0.39
    endloop
  endfacet
  facet normal -0.831472 0.555566 0
    outer loop
      vertex -3.49057 2.67844 0.490001
      vertex -3.81029 2.19994 0.39
      vertex -3.81029 2.19994 0.490001
    endloop
  endfacet
  facet normal -0.195077 0.980788 0
    outer loop
      vertex -0.57431 4.36212 0.39
      vertex -1.13872 4.24986 0.490001
      vertex -0.57431 4.36212 0.490001
    endloop
  endfacet
  facet normal -0.195077 0.980788 0
    outer loop
      vertex -1.13872 4.24986 0.490001
      vertex -0.57431 4.36212 0.39
      vertex -1.13872 4.24986 0.39
    endloop
  endfacet
  facet normal 0.32143 -0.946933 0
    outer loop
      vertex 1.13872 -4.24986 0.39
      vertex 1.6837 -4.06487 0.490001
      vertex 1.13872 -4.24986 0.490001
    endloop
  endfacet
  facet normal 0.32143 -0.946933 0
    outer loop
      vertex 1.6837 -4.06487 0.490001
      vertex 1.13872 -4.24986 0.39
      vertex 1.6837 -4.06487 0.39
    endloop
  endfacet
  facet normal 0.831472 -0.555566 0
    outer loop
      vertex 3.49057 -2.67844 0.490001
      vertex 3.81029 -2.19994 0.39
      vertex 3.81029 -2.19994 0.490001
    endloop
  endfacet
  facet normal 0.831472 -0.555566 0
    outer loop
      vertex 3.81029 -2.19994 0.39
      vertex 3.49057 -2.67844 0.490001
      vertex 3.49057 -2.67844 0.39
    endloop
  endfacet
  facet normal 0.946933 0.32143 0
    outer loop
      vertex 4.24986 1.13872 0.490001
      vertex 4.06487 1.6837 0.39
      vertex 4.06487 1.6837 0.490001
    endloop
  endfacet
  facet normal 0.946933 0.32143 0
    outer loop
      vertex 4.06487 1.6837 0.39
      vertex 4.24986 1.13872 0.490001
      vertex 4.24986 1.13872 0.39
    endloop
  endfacet
  facet normal 0.980788 0.195077 0
    outer loop
      vertex 4.36212 0.57431 0.490001
      vertex 4.24986 1.13872 0.39
      vertex 4.24986 1.13872 0.490001
    endloop
  endfacet
  facet normal 0.980788 0.195077 0
    outer loop
      vertex 4.24986 1.13872 0.39
      vertex 4.36212 0.57431 0.490001
      vertex 4.36212 0.57431 0.39
    endloop
  endfacet
  facet normal -0.751824 0.659364 0
    outer loop
      vertex -3.49057 2.67844 0.39
      vertex -3.11111 3.11111 0.490001
      vertex -3.11111 3.11111 0.39
    endloop
  endfacet
  facet normal -0.751824 0.659364 0
    outer loop
      vertex -3.11111 3.11111 0.490001
      vertex -3.49057 2.67844 0.39
      vertex -3.49057 2.67844 0.490001
    endloop
  endfacet
  facet normal -0.0654338 -0.997857 0
    outer loop
      vertex -0.57431 -4.36212 0.39
      vertex 0 -4.39978 0.490001
      vertex -0.57431 -4.36212 0.490001
    endloop
  endfacet
  facet normal -0.0654338 -0.997857 -0
    outer loop
      vertex 0 -4.39978 0.490001
      vertex -0.57431 -4.36212 0.39
      vertex 0 -4.39978 0.39
    endloop
  endfacet
  facet normal 0.442287 -0.896874 0
    outer loop
      vertex 1.6837 -4.06487 0.39
      vertex 2.19994 -3.81029 0.490001
      vertex 1.6837 -4.06487 0.490001
    endloop
  endfacet
  facet normal 0.442287 -0.896874 0
    outer loop
      vertex 2.19994 -3.81029 0.490001
      vertex 1.6837 -4.06487 0.39
      vertex 2.19994 -3.81029 0.39
    endloop
  endfacet
  facet normal -0.442287 -0.896874 0
    outer loop
      vertex -2.19994 -3.81029 0.39
      vertex -1.6837 -4.06487 0.490001
      vertex -2.19994 -3.81029 0.490001
    endloop
  endfacet
  facet normal -0.442287 -0.896874 -0
    outer loop
      vertex -1.6837 -4.06487 0.490001
      vertex -2.19994 -3.81029 0.39
      vertex -1.6837 -4.06487 0.39
    endloop
  endfacet
  facet normal -0.946933 -0.32143 0
    outer loop
      vertex -4.06487 -1.6837 0.39
      vertex -4.24986 -1.13872 0.490001
      vertex -4.24986 -1.13872 0.39
    endloop
  endfacet
  facet normal -0.946933 -0.32143 0
    outer loop
      vertex -4.24986 -1.13872 0.490001
      vertex -4.06487 -1.6837 0.39
      vertex -4.06487 -1.6837 0.490001
    endloop
  endfacet
  facet normal 0.195077 -0.980788 0
    outer loop
      vertex 0.57431 -4.36212 0.39
      vertex 1.13872 -4.24986 0.490001
      vertex 0.57431 -4.36212 0.490001
    endloop
  endfacet
  facet normal 0.195077 -0.980788 0
    outer loop
      vertex 1.13872 -4.24986 0.490001
      vertex 0.57431 -4.36212 0.39
      vertex 1.13872 -4.24986 0.39
    endloop
  endfacet
  facet normal 0.555566 -0.831472 0
    outer loop
      vertex 2.19994 -3.81029 0.39
      vertex 2.67844 -3.49057 0.490001
      vertex 2.19994 -3.81029 0.490001
    endloop
  endfacet
  facet normal 0.555566 -0.831472 0
    outer loop
      vertex 2.67844 -3.49057 0.490001
      vertex 2.19994 -3.81029 0.39
      vertex 2.67844 -3.49057 0.39
    endloop
  endfacet
  facet normal -0.195077 -0.980788 0
    outer loop
      vertex -1.13872 -4.24986 0.39
      vertex -0.57431 -4.36212 0.490001
      vertex -1.13872 -4.24986 0.490001
    endloop
  endfacet
  facet normal -0.195077 -0.980788 -0
    outer loop
      vertex -0.57431 -4.36212 0.490001
      vertex -1.13872 -4.24986 0.39
      vertex -0.57431 -4.36212 0.39
    endloop
  endfacet
  facet normal 0.896874 -0.442287 0
    outer loop
      vertex 3.81029 -2.19994 0.490001
      vertex 4.06487 -1.6837 0.39
      vertex 4.06487 -1.6837 0.490001
    endloop
  endfacet
  facet normal 0.896874 -0.442287 0
    outer loop
      vertex 4.06487 -1.6837 0.39
      vertex 3.81029 -2.19994 0.490001
      vertex 3.81029 -2.19994 0.39
    endloop
  endfacet
  facet normal 0.980788 -0.195077 0
    outer loop
      vertex 4.24986 -1.13872 0.490001
      vertex 4.36212 -0.57431 0.39
      vertex 4.36212 -0.57431 0.490001
    endloop
  endfacet
  facet normal 0.980788 -0.195077 0
    outer loop
      vertex 4.36212 -0.57431 0.39
      vertex 4.24986 -1.13872 0.490001
      vertex 4.24986 -1.13872 0.39
    endloop
  endfacet
  facet normal 0.997857 -0.0654338 0
    outer loop
      vertex 4.36212 -0.57431 0.490001
      vertex 4.39978 0 0.39
      vertex 4.39978 0 0.490001
    endloop
  endfacet
  facet normal 0.997857 -0.0654338 0
    outer loop
      vertex 4.39978 0 0.39
      vertex 4.36212 -0.57431 0.490001
      vertex 4.36212 -0.57431 0.39
    endloop
  endfacet
  facet normal 0.555566 0.831472 -0
    outer loop
      vertex 2.67844 3.49057 0.39
      vertex 2.19994 3.81029 0.490001
      vertex 2.67844 3.49057 0.490001
    endloop
  endfacet
  facet normal 0.555566 0.831472 0
    outer loop
      vertex 2.19994 3.81029 0.490001
      vertex 2.67844 3.49057 0.39
      vertex 2.19994 3.81029 0.39
    endloop
  endfacet
  facet normal 0.659364 0.751824 -0
    outer loop
      vertex 3.11111 3.11111 0.39
      vertex 2.67844 3.49057 0.490001
      vertex 3.11111 3.11111 0.490001
    endloop
  endfacet
  facet normal 0.659364 0.751824 0
    outer loop
      vertex 2.67844 3.49057 0.490001
      vertex 3.11111 3.11111 0.39
      vertex 2.67844 3.49057 0.39
    endloop
  endfacet
  facet normal 0 0 -1
    outer loop
      vertex 4.29958 0 0.39
      vertex 4.39978 0 0.39
      vertex 4.36212 -0.57431 0.39
    endloop
  endfacet
  facet normal 0 0 -1
    outer loop
      vertex 4.39978 0 0.39
      vertex 4.29958 0 0.39
      vertex 4.36212 0.57431 0.39
    endloop
  endfacet
  facet normal 0 0 -1
    outer loop
      vertex 4.36212 -0.57431 0.39
      vertex 4.26277 -0.561234 0.39
      vertex 4.29958 0 0.39
    endloop
  endfacet
  facet normal 0 0 -1
    outer loop
      vertex 4.24986 -1.13872 0.39
      vertex 4.26277 -0.561234 0.39
      vertex 4.36212 -0.57431 0.39
    endloop
  endfacet
  facet normal 0 0 -1
    outer loop
      vertex 4.24986 -1.13872 0.39
      vertex 4.15309 -1.11272 0.39
      vertex 4.26277 -0.561234 0.39
    endloop
  endfacet
  facet normal 0 0 -1
    outer loop
      vertex 4.06487 -1.6837 0.39
      vertex 4.15309 -1.11272 0.39
      vertex 4.24986 -1.13872 0.39
    endloop
  endfacet
  facet normal 0 0 -1
    outer loop
      vertex 4.06487 -1.6837 0.39
      vertex 3.97227 -1.64536 0.39
      vertex 4.15309 -1.11272 0.39
    endloop
  endfacet
  facet normal 0 0 -1
    outer loop
      vertex 3.81029 -2.19994 0.39
      vertex 3.97227 -1.64536 0.39
      vertex 4.06487 -1.6837 0.39
    endloop
  endfacet
  facet normal 0 0 -1
    outer loop
      vertex 3.81029 -2.19994 0.39
      vertex 3.7235 -2.14984 0.39
      vertex 3.97227 -1.64536 0.39
    endloop
  endfacet
  facet normal 0 0 -1
    outer loop
      vertex 3.49057 -2.67844 0.39
      vertex 3.7235 -2.14984 0.39
      vertex 3.81029 -2.19994 0.39
    endloop
  endfacet
  facet normal 0 0 -1
    outer loop
      vertex 3.49057 -2.67844 0.39
      vertex 3.4111 -2.61737 0.39
      vertex 3.7235 -2.14984 0.39
    endloop
  endfacet
  facet normal 0 0 -1
    outer loop
      vertex 3.11111 -3.11111 0.39
      vertex 3.4111 -2.61737 0.39
      vertex 3.49057 -2.67844 0.39
    endloop
  endfacet
  facet normal 0 0 -1
    outer loop
      vertex 3.11111 -3.11111 0.39
      vertex 3.04025 -3.04025 0.39
      vertex 3.4111 -2.61737 0.39
    endloop
  endfacet
  facet normal 0 0 -1
    outer loop
      vertex 2.67844 -3.49057 0.39
      vertex 3.04025 -3.04025 0.39
      vertex 3.11111 -3.11111 0.39
    endloop
  endfacet
  facet normal 0 0 -1
    outer loop
      vertex 2.67844 -3.49057 0.39
      vertex 2.61737 -3.4111 0.39
      vertex 3.04025 -3.04025 0.39
    endloop
  endfacet
  facet normal 0 0 -1
    outer loop
      vertex 2.19994 -3.81029 0.39
      vertex 2.61737 -3.4111 0.39
      vertex 2.67844 -3.49057 0.39
    endloop
  endfacet
  facet normal 0 0 -1
    outer loop
      vertex 2.19994 -3.81029 0.39
      vertex 2.14984 -3.7235 0.39
      vertex 2.61737 -3.4111 0.39
    endloop
  endfacet
  facet normal 0 0 -1
    outer loop
      vertex 1.6837 -4.06487 0.39
      vertex 2.14984 -3.7235 0.39
      vertex 2.19994 -3.81029 0.39
    endloop
  endfacet
  facet normal 0 0 -1
    outer loop
      vertex 1.6837 -4.06487 0.39
      vertex 1.64536 -3.97227 0.39
      vertex 2.14984 -3.7235 0.39
    endloop
  endfacet
  facet normal 0 0 -1
    outer loop
      vertex 1.13872 -4.24986 0.39
      vertex 1.64536 -3.97227 0.39
      vertex 1.6837 -4.06487 0.39
    endloop
  endfacet
  facet normal 0 0 -1
    outer loop
      vertex 1.13872 -4.24986 0.39
      vertex 1.11272 -4.15309 0.39
      vertex 1.64536 -3.97227 0.39
    endloop
  endfacet
  facet normal 0 0 -1
    outer loop
      vertex 0.57431 -4.36212 0.39
      vertex 1.11272 -4.15309 0.39
      vertex 1.13872 -4.24986 0.39
    endloop
  endfacet
  facet normal 0 0 -1
    outer loop
      vertex 0.57431 -4.36212 0.39
      vertex 0.561234 -4.26277 0.39
      vertex 1.11272 -4.15309 0.39
    endloop
  endfacet
  facet normal 0 0 -1
    outer loop
      vertex 0 -4.39978 0.39
      vertex 0.561234 -4.26277 0.39
      vertex 0.57431 -4.36212 0.39
    endloop
  endfacet
  facet normal 0 0 -1
    outer loop
      vertex 0 -4.39978 0.39
      vertex 0 -4.29958 0.39
      vertex 0.561234 -4.26277 0.39
    endloop
  endfacet
  facet normal 0 0 -1
    outer loop
      vertex 0 -4.39978 0.39
      vertex -0.561234 -4.26277 0.39
      vertex 0 -4.29958 0.39
    endloop
  endfacet
  facet normal 0 0 -1
    outer loop
      vertex -0.57431 -4.36212 0.39
      vertex -0.561234 -4.26277 0.39
      vertex 0 -4.39978 0.39
    endloop
  endfacet
  facet normal 0 0 -1
    outer loop
      vertex -0.57431 -4.36212 0.39
      vertex -1.11272 -4.15309 0.39
      vertex -0.561234 -4.26277 0.39
    endloop
  endfacet
  facet normal 0 0 -1
    outer loop
      vertex -1.13872 -4.24986 0.39
      vertex -1.11272 -4.15309 0.39
      vertex -0.57431 -4.36212 0.39
    endloop
  endfacet
  facet normal 0 0 -1
    outer loop
      vertex -1.13872 -4.24986 0.39
      vertex -1.64536 -3.97227 0.39
      vertex -1.11272 -4.15309 0.39
    endloop
  endfacet
  facet normal 0 0 -1
    outer loop
      vertex -1.6837 -4.06487 0.39
      vertex -1.64536 -3.97227 0.39
      vertex -1.13872 -4.24986 0.39
    endloop
  endfacet
  facet normal 0 0 -1
    outer loop
      vertex -1.6837 -4.06487 0.39
      vertex -2.14984 -3.7235 0.39
      vertex -1.64536 -3.97227 0.39
    endloop
  endfacet
  facet normal 0 0 -1
    outer loop
      vertex -2.19994 -3.81029 0.39
      vertex -2.14984 -3.7235 0.39
      vertex -1.6837 -4.06487 0.39
    endloop
  endfacet
  facet normal 0 0 -1
    outer loop
      vertex -2.19994 -3.81029 0.39
      vertex -2.61737 -3.4111 0.39
      vertex -2.14984 -3.7235 0.39
    endloop
  endfacet
  facet normal 0 0 -1
    outer loop
      vertex -2.67844 -3.49057 0.39
      vertex -2.61737 -3.4111 0.39
      vertex -2.19994 -3.81029 0.39
    endloop
  endfacet
  facet normal 0 0 -1
    outer loop
      vertex -2.67844 -3.49057 0.39
      vertex -3.04025 -3.04025 0.39
      vertex -2.61737 -3.4111 0.39
    endloop
  endfacet
  facet normal 0 0 -1
    outer loop
      vertex -3.11111 -3.11111 0.39
      vertex -3.04025 -3.04025 0.39
      vertex -2.67844 -3.49057 0.39
    endloop
  endfacet
  facet normal 0 0 -1
    outer loop
      vertex -3.11111 -3.11111 0.39
      vertex -3.4111 -2.61737 0.39
      vertex -3.04025 -3.04025 0.39
    endloop
  endfacet
  facet normal 0 0 -1
    outer loop
      vertex -3.49057 -2.67844 0.39
      vertex -3.4111 -2.61737 0.39
      vertex -3.11111 -3.11111 0.39
    endloop
  endfacet
  facet normal 0 0 -1
    outer loop
      vertex -3.49057 -2.67844 0.39
      vertex -3.7235 -2.14984 0.39
      vertex -3.4111 -2.61737 0.39
    endloop
  endfacet
  facet normal 0 0 -1
    outer loop
      vertex -3.81029 -2.19994 0.39
      vertex -3.7235 -2.14984 0.39
      vertex -3.49057 -2.67844 0.39
    endloop
  endfacet
  facet normal 0 0 -1
    outer loop
      vertex -3.81029 -2.19994 0.39
      vertex -3.97227 -1.64536 0.39
      vertex -3.7235 -2.14984 0.39
    endloop
  endfacet
  facet normal 0 0 -1
    outer loop
      vertex -4.06487 -1.6837 0.39
      vertex -3.97227 -1.64536 0.39
      vertex -3.81029 -2.19994 0.39
    endloop
  endfacet
  facet normal 0 0 -1
    outer loop
      vertex -4.06487 -1.6837 0.39
      vertex -4.15309 -1.11272 0.39
      vertex -3.97227 -1.64536 0.39
    endloop
  endfacet
  facet normal 0 0 -1
    outer loop
      vertex -4.24986 -1.13872 0.39
      vertex -4.15309 -1.11272 0.39
      vertex -4.06487 -1.6837 0.39
    endloop
  endfacet
  facet normal 0 0 -1
    outer loop
      vertex -4.24986 -1.13872 0.39
      vertex -4.26277 -0.561234 0.39
      vertex -4.15309 -1.11272 0.39
    endloop
  endfacet
  facet normal 0 0 -1
    outer loop
      vertex -4.36212 -0.57431 0.39
      vertex -4.26277 -0.561234 0.39
      vertex -4.24986 -1.13872 0.39
    endloop
  endfacet
  facet normal -0 0 -1
    outer loop
      vertex -4.26277 -0.561234 0.39
      vertex -4.36212 -0.57431 0.39
      vertex -4.29958 0 0.39
    endloop
  endfacet
  facet normal 0 0 -1
    outer loop
      vertex 4.26277 0.561234 0.39
      vertex 4.36212 0.57431 0.39
      vertex 4.29958 0 0.39
    endloop
  endfacet
  facet normal 0 0 -1
    outer loop
      vertex 4.26277 0.561234 0.39
      vertex 4.24986 1.13872 0.39
      vertex 4.36212 0.57431 0.39
    endloop
  endfacet
  facet normal 0 0 -1
    outer loop
      vertex 4.15309 1.11272 0.39
      vertex 4.24986 1.13872 0.39
      vertex 4.26277 0.561234 0.39
    endloop
  endfacet
  facet normal 0 0 -1
    outer loop
      vertex 4.15309 1.11272 0.39
      vertex 4.06487 1.6837 0.39
      vertex 4.24986 1.13872 0.39
    endloop
  endfacet
  facet normal 0 0 -1
    outer loop
      vertex 3.97227 1.64536 0.39
      vertex 4.06487 1.6837 0.39
      vertex 4.15309 1.11272 0.39
    endloop
  endfacet
  facet normal 0 0 -1
    outer loop
      vertex 3.97227 1.64536 0.39
      vertex 3.81029 2.19994 0.39
      vertex 4.06487 1.6837 0.39
    endloop
  endfacet
  facet normal 0 0 -1
    outer loop
      vertex 3.7235 2.14984 0.39
      vertex 3.81029 2.19994 0.39
      vertex 3.97227 1.64536 0.39
    endloop
  endfacet
  facet normal 0 0 -1
    outer loop
      vertex 3.7235 2.14984 0.39
      vertex 3.49057 2.67844 0.39
      vertex 3.81029 2.19994 0.39
    endloop
  endfacet
  facet normal 0 0 -1
    outer loop
      vertex 3.4111 2.61737 0.39
      vertex 3.49057 2.67844 0.39
      vertex 3.7235 2.14984 0.39
    endloop
  endfacet
  facet normal 0 0 -1
    outer loop
      vertex 3.4111 2.61737 0.39
      vertex 3.11111 3.11111 0.39
      vertex 3.49057 2.67844 0.39
    endloop
  endfacet
  facet normal 0 0 -1
    outer loop
      vertex 3.04025 3.04025 0.39
      vertex 3.11111 3.11111 0.39
      vertex 3.4111 2.61737 0.39
    endloop
  endfacet
  facet normal 0 0 -1
    outer loop
      vertex 3.04025 3.04025 0.39
      vertex 2.67844 3.49057 0.39
      vertex 3.11111 3.11111 0.39
    endloop
  endfacet
  facet normal 0 0 -1
    outer loop
      vertex 2.61737 3.4111 0.39
      vertex 2.67844 3.49057 0.39
      vertex 3.04025 3.04025 0.39
    endloop
  endfacet
  facet normal 0 0 -1
    outer loop
      vertex 2.61737 3.4111 0.39
      vertex 2.19994 3.81029 0.39
      vertex 2.67844 3.49057 0.39
    endloop
  endfacet
  facet normal 0 0 -1
    outer loop
      vertex 2.14984 3.7235 0.39
      vertex 2.19994 3.81029 0.39
      vertex 2.61737 3.4111 0.39
    endloop
  endfacet
  facet normal 0 0 -1
    outer loop
      vertex 2.14984 3.7235 0.39
      vertex 1.6837 4.06487 0.39
      vertex 2.19994 3.81029 0.39
    endloop
  endfacet
  facet normal 0 0 -1
    outer loop
      vertex 1.64536 3.97227 0.39
      vertex 1.6837 4.06487 0.39
      vertex 2.14984 3.7235 0.39
    endloop
  endfacet
  facet normal 0 0 -1
    outer loop
      vertex 1.64536 3.97227 0.39
      vertex 1.13872 4.24986 0.39
      vertex 1.6837 4.06487 0.39
    endloop
  endfacet
  facet normal 0 0 -1
    outer loop
      vertex 1.11272 4.15309 0.39
      vertex 1.13872 4.24986 0.39
      vertex 1.64536 3.97227 0.39
    endloop
  endfacet
  facet normal 0 0 -1
    outer loop
      vertex 1.11272 4.15309 0.39
      vertex 0.57431 4.36212 0.39
      vertex 1.13872 4.24986 0.39
    endloop
  endfacet
  facet normal 0 0 -1
    outer loop
      vertex 0.561234 4.26277 0.39
      vertex 0.57431 4.36212 0.39
      vertex 1.11272 4.15309 0.39
    endloop
  endfacet
  facet normal 0 0 -1
    outer loop
      vertex 0 4.29958 0.39
      vertex 0.57431 4.36212 0.39
      vertex 0.561234 4.26277 0.39
    endloop
  endfacet
  facet normal 0 0 -1
    outer loop
      vertex 0 4.29958 0.39
      vertex 0 4.39978 0.39
      vertex 0.57431 4.36212 0.39
    endloop
  endfacet
  facet normal 0 0 -1
    outer loop
      vertex -0.561234 4.26277 0.39
      vertex 0 4.39978 0.39
      vertex 0 4.29958 0.39
    endloop
  endfacet
  facet normal 0 0 -1
    outer loop
      vertex -0.561234 4.26277 0.39
      vertex -0.57431 4.36212 0.39
      vertex 0 4.39978 0.39
    endloop
  endfacet
  facet normal 0 0 -1
    outer loop
      vertex -1.11272 4.15309 0.39
      vertex -0.57431 4.36212 0.39
      vertex -0.561234 4.26277 0.39
    endloop
  endfacet
  facet normal 0 0 -1
    outer loop
      vertex -1.11272 4.15309 0.39
      vertex -1.13872 4.24986 0.39
      vertex -0.57431 4.36212 0.39
    endloop
  endfacet
  facet normal 0 0 -1
    outer loop
      vertex -1.64536 3.97227 0.39
      vertex -1.13872 4.24986 0.39
      vertex -1.11272 4.15309 0.39
    endloop
  endfacet
  facet normal 0 0 -1
    outer loop
      vertex -1.64536 3.97227 0.39
      vertex -1.6837 4.06487 0.39
      vertex -1.13872 4.24986 0.39
    endloop
  endfacet
  facet normal 0 0 -1
    outer loop
      vertex -2.14984 3.7235 0.39
      vertex -1.6837 4.06487 0.39
      vertex -1.64536 3.97227 0.39
    endloop
  endfacet
  facet normal 0 0 -1
    outer loop
      vertex -2.14984 3.7235 0.39
      vertex -2.19994 3.81029 0.39
      vertex -1.6837 4.06487 0.39
    endloop
  endfacet
  facet normal 0 0 -1
    outer loop
      vertex -2.61737 3.4111 0.39
      vertex -2.19994 3.81029 0.39
      vertex -2.14984 3.7235 0.39
    endloop
  endfacet
  facet normal 0 0 -1
    outer loop
      vertex -2.61737 3.4111 0.39
      vertex -2.67844 3.49057 0.39
      vertex -2.19994 3.81029 0.39
    endloop
  endfacet
  facet normal 0 0 -1
    outer loop
      vertex -3.04025 3.04025 0.39
      vertex -2.67844 3.49057 0.39
      vertex -2.61737 3.4111 0.39
    endloop
  endfacet
  facet normal 0 0 -1
    outer loop
      vertex -3.04025 3.04025 0.39
      vertex -3.11111 3.11111 0.39
      vertex -2.67844 3.49057 0.39
    endloop
  endfacet
  facet normal 0 0 -1
    outer loop
      vertex -3.4111 2.61737 0.39
      vertex -3.11111 3.11111 0.39
      vertex -3.04025 3.04025 0.39
    endloop
  endfacet
  facet normal 0 0 -1
    outer loop
      vertex -3.4111 2.61737 0.39
      vertex -3.49057 2.67844 0.39
      vertex -3.11111 3.11111 0.39
    endloop
  endfacet
  facet normal 0 0 -1
    outer loop
      vertex -3.7235 2.14984 0.39
      vertex -3.49057 2.67844 0.39
      vertex -3.4111 2.61737 0.39
    endloop
  endfacet
  facet normal 0 0 -1
    outer loop
      vertex -3.7235 2.14984 0.39
      vertex -3.81029 2.19994 0.39
      vertex -3.49057 2.67844 0.39
    endloop
  endfacet
  facet normal 0 0 -1
    outer loop
      vertex -3.97227 1.64536 0.39
      vertex -3.81029 2.19994 0.39
      vertex -3.7235 2.14984 0.39
    endloop
  endfacet
  facet normal 0 0 -1
    outer loop
      vertex -3.97227 1.64536 0.39
      vertex -4.06487 1.6837 0.39
      vertex -3.81029 2.19994 0.39
    endloop
  endfacet
  facet normal 0 0 -1
    outer loop
      vertex -4.15309 1.11272 0.39
      vertex -4.06487 1.6837 0.39
      vertex -3.97227 1.64536 0.39
    endloop
  endfacet
  facet normal 0 0 -1
    outer loop
      vertex -4.15309 1.11272 0.39
      vertex -4.24986 1.13872 0.39
      vertex -4.06487 1.6837 0.39
    endloop
  endfacet
  facet normal 0 0 -1
    outer loop
      vertex -4.26277 0.561234 0.39
      vertex -4.24986 1.13872 0.39
      vertex -4.15309 1.11272 0.39
    endloop
  endfacet
  facet normal 0 0 -1
    outer loop
      vertex -4.36212 0.57431 0.39
      vertex -4.26277 0.561234 0.39
      vertex -4.29958 0 0.39
    endloop
  endfacet
  facet normal 0 0 -1
    outer loop
      vertex -4.39978 0 0.39
      vertex -4.29958 0 0.39
      vertex -4.36212 -0.57431 0.39
    endloop
  endfacet
  facet normal 0 0 -1
    outer loop
      vertex -4.26277 0.561234 0.39
      vertex -4.36212 0.57431 0.39
      vertex -4.24986 1.13872 0.39
    endloop
  endfacet
  facet normal 0 0 -1
    outer loop
      vertex -4.29958 0 0.39
      vertex -4.39978 0 0.39
      vertex -4.36212 0.57431 0.39
    endloop
  endfacet
  facet normal 0.751824 0.659364 0
    outer loop
      vertex 3.49057 2.67844 0.490001
      vertex 3.11111 3.11111 0.39
      vertex 3.11111 3.11111 0.490001
    endloop
  endfacet
  facet normal 0.751824 0.659364 0
    outer loop
      vertex 3.11111 3.11111 0.39
      vertex 3.49057 2.67844 0.490001
      vertex 3.49057 2.67844 0.39
    endloop
  endfacet
  facet normal 0.442287 0.896874 -0
    outer loop
      vertex 2.19994 3.81029 0.39
      vertex 1.6837 4.06487 0.490001
      vertex 2.19994 3.81029 0.490001
    endloop
  endfacet
  facet normal 0.442287 0.896874 0
    outer loop
      vertex 1.6837 4.06487 0.490001
      vertex 2.19994 3.81029 0.39
      vertex 1.6837 4.06487 0.39
    endloop
  endfacet
  facet normal 0.32146 0.946923 -0
    outer loop
      vertex 1.64536 3.97227 0.290001
      vertex 1.11272 4.15309 0.39
      vertex 1.64536 3.97227 0.39
    endloop
  endfacet
  facet normal 0.32146 0.946923 0
    outer loop
      vertex 1.11272 4.15309 0.39
      vertex 1.64536 3.97227 0.290001
      vertex 1.11272 4.15309 0.290001
    endloop
  endfacet
  facet normal 0.195061 0.980791 -0
    outer loop
      vertex 1.11272 4.15309 0.290001
      vertex 0.561234 4.26277 0.39
      vertex 1.11272 4.15309 0.39
    endloop
  endfacet
  facet normal 0.195061 0.980791 0
    outer loop
      vertex 0.561234 4.26277 0.39
      vertex 1.11272 4.15309 0.290001
      vertex 0.561234 4.26277 0.290001
    endloop
  endfacet
  facet normal -0.997856 0.065447 0
    outer loop
      vertex -4.29958 0 0.290001
      vertex -4.26277 0.561234 0.39
      vertex -4.26277 0.561234 0.290001
    endloop
  endfacet
  facet normal -0.997856 0.065447 0
    outer loop
      vertex -4.26277 0.561234 0.39
      vertex -4.29958 0 0.290001
      vertex -4.29958 0 0.39
    endloop
  endfacet
  facet normal -0.980791 -0.195061 0
    outer loop
      vertex -4.15309 -1.11272 0.290001
      vertex -4.26277 -0.561234 0.39
      vertex -4.26277 -0.561234 0.290001
    endloop
  endfacet
  facet normal -0.980791 -0.195061 0
    outer loop
      vertex -4.26277 -0.561234 0.39
      vertex -4.15309 -1.11272 0.290001
      vertex -4.15309 -1.11272 0.39
    endloop
  endfacet
  facet normal 0.065447 0.997856 -0
    outer loop
      vertex 0.561234 4.26277 0.290001
      vertex 0 4.29958 0.39
      vertex 0.561234 4.26277 0.39
    endloop
  endfacet
  facet normal 0.065447 0.997856 0
    outer loop
      vertex 0 4.29958 0.39
      vertex 0.561234 4.26277 0.290001
      vertex 0 4.29958 0.290001
    endloop
  endfacet
  facet normal 0.32146 -0.946923 0
    outer loop
      vertex 1.11272 -4.15309 0.290001
      vertex 1.64536 -3.97227 0.39
      vertex 1.11272 -4.15309 0.39
    endloop
  endfacet
  facet normal 0.32146 -0.946923 0
    outer loop
      vertex 1.64536 -3.97227 0.39
      vertex 1.11272 -4.15309 0.290001
      vertex 1.64536 -3.97227 0.290001
    endloop
  endfacet
  facet normal -0.65934 -0.751845 0
    outer loop
      vertex -3.04025 -3.04025 0.290001
      vertex -2.61737 -3.4111 0.39
      vertex -3.04025 -3.04025 0.39
    endloop
  endfacet
  facet normal -0.65934 -0.751845 -0
    outer loop
      vertex -2.61737 -3.4111 0.39
      vertex -3.04025 -3.04025 0.290001
      vertex -2.61737 -3.4111 0.290001
    endloop
  endfacet
  facet normal -0.442272 0.896881 0
    outer loop
      vertex -1.64536 3.97227 0.290001
      vertex -2.14984 3.7235 0.39
      vertex -1.64536 3.97227 0.39
    endloop
  endfacet
  facet normal -0.442272 0.896881 0
    outer loop
      vertex -2.14984 3.7235 0.39
      vertex -1.64536 3.97227 0.290001
      vertex -2.14984 3.7235 0.290001
    endloop
  endfacet
  facet normal 0.896881 0.442272 0
    outer loop
      vertex 3.97227 1.64536 0.39
      vertex 3.7235 2.14984 0.290001
      vertex 3.7235 2.14984 0.39
    endloop
  endfacet
  facet normal 0.896881 0.442272 0
    outer loop
      vertex 3.7235 2.14984 0.290001
      vertex 3.97227 1.64536 0.39
      vertex 3.97227 1.64536 0.290001
    endloop
  endfacet
  facet normal -0.980791 0.195061 0
    outer loop
      vertex -4.26277 0.561234 0.290001
      vertex -4.15309 1.11272 0.39
      vertex -4.15309 1.11272 0.290001
    endloop
  endfacet
  facet normal -0.980791 0.195061 0
    outer loop
      vertex -4.15309 1.11272 0.39
      vertex -4.26277 0.561234 0.290001
      vertex -4.26277 0.561234 0.39
    endloop
  endfacet
  facet normal 0.65934 0.751845 -0
    outer loop
      vertex 3.04025 3.04025 0.290001
      vertex 2.61737 3.4111 0.39
      vertex 3.04025 3.04025 0.39
    endloop
  endfacet
  facet normal 0.65934 0.751845 0
    outer loop
      vertex 2.61737 3.4111 0.39
      vertex 3.04025 3.04025 0.290001
      vertex 2.61737 3.4111 0.290001
    endloop
  endfacet
  facet normal -0.442272 -0.896881 0
    outer loop
      vertex -2.14984 -3.7235 0.290001
      vertex -1.64536 -3.97227 0.39
      vertex -2.14984 -3.7235 0.39
    endloop
  endfacet
  facet normal -0.442272 -0.896881 -0
    outer loop
      vertex -1.64536 -3.97227 0.39
      vertex -2.14984 -3.7235 0.290001
      vertex -1.64536 -3.97227 0.290001
    endloop
  endfacet
  facet normal -0.195061 0.980791 0
    outer loop
      vertex -0.561234 4.26277 0.290001
      vertex -1.11272 4.15309 0.39
      vertex -0.561234 4.26277 0.39
    endloop
  endfacet
  facet normal -0.195061 0.980791 0
    outer loop
      vertex -1.11272 4.15309 0.39
      vertex -0.561234 4.26277 0.290001
      vertex -1.11272 4.15309 0.290001
    endloop
  endfacet
  facet normal -0.946923 0.32146 0
    outer loop
      vertex -4.15309 1.11272 0.290001
      vertex -3.97227 1.64536 0.39
      vertex -3.97227 1.64536 0.290001
    endloop
  endfacet
  facet normal -0.946923 0.32146 0
    outer loop
      vertex -3.97227 1.64536 0.39
      vertex -4.15309 1.11272 0.290001
      vertex -4.15309 1.11272 0.39
    endloop
  endfacet
  facet normal -0.751845 -0.65934 0
    outer loop
      vertex -3.04025 -3.04025 0.290001
      vertex -3.4111 -2.61737 0.39
      vertex -3.4111 -2.61737 0.290001
    endloop
  endfacet
  facet normal -0.751845 -0.65934 0
    outer loop
      vertex -3.4111 -2.61737 0.39
      vertex -3.04025 -3.04025 0.290001
      vertex -3.04025 -3.04025 0.39
    endloop
  endfacet
  facet normal 0.751845 -0.65934 0
    outer loop
      vertex 3.04025 -3.04025 0.39
      vertex 3.4111 -2.61737 0.290001
      vertex 3.4111 -2.61737 0.39
    endloop
  endfacet
  facet normal 0.751845 -0.65934 0
    outer loop
      vertex 3.4111 -2.61737 0.290001
      vertex 3.04025 -3.04025 0.39
      vertex 3.04025 -3.04025 0.290001
    endloop
  endfacet
  facet normal 0.946923 0.32146 0
    outer loop
      vertex 4.15309 1.11272 0.39
      vertex 3.97227 1.64536 0.290001
      vertex 3.97227 1.64536 0.39
    endloop
  endfacet
  facet normal 0.946923 0.32146 0
    outer loop
      vertex 3.97227 1.64536 0.290001
      vertex 4.15309 1.11272 0.39
      vertex 4.15309 1.11272 0.290001
    endloop
  endfacet
  facet normal -0.065447 -0.997856 0
    outer loop
      vertex -0.561234 -4.26277 0.290001
      vertex 0 -4.29958 0.39
      vertex -0.561234 -4.26277 0.39
    endloop
  endfacet
  facet normal -0.065447 -0.997856 -0
    outer loop
      vertex 0 -4.29958 0.39
      vertex -0.561234 -4.26277 0.290001
      vertex 0 -4.29958 0.290001
    endloop
  endfacet
  facet normal -0.32146 0.946923 0
    outer loop
      vertex -1.11272 4.15309 0.290001
      vertex -1.64536 3.97227 0.39
      vertex -1.11272 4.15309 0.39
    endloop
  endfacet
  facet normal -0.32146 0.946923 0
    outer loop
      vertex -1.64536 3.97227 0.39
      vertex -1.11272 4.15309 0.290001
      vertex -1.64536 3.97227 0.290001
    endloop
  endfacet
  facet normal 0 0 -1
    outer loop
      vertex 4.19936 0 0.290001
      vertex 4.29958 0 0.290001
      vertex 4.26277 -0.561234 0.290001
    endloop
  endfacet
  facet normal 0 0 -1
    outer loop
      vertex 4.29958 0 0.290001
      vertex 4.19936 0 0.290001
      vertex 4.26277 0.561234 0.290001
    endloop
  endfacet
  facet normal 0 0 -1
    outer loop
      vertex 4.26277 -0.561234 0.290001
      vertex 4.16341 -0.548172 0.290001
      vertex 4.19936 0 0.290001
    endloop
  endfacet
  facet normal 0 0 -1
    outer loop
      vertex 4.15309 -1.11272 0.290001
      vertex 4.16341 -0.548172 0.290001
      vertex 4.26277 -0.561234 0.290001
    endloop
  endfacet
  facet normal 0 0 -1
    outer loop
      vertex 4.15309 -1.11272 0.290001
      vertex 4.05626 -1.08688 0.290001
      vertex 4.16341 -0.548172 0.290001
    endloop
  endfacet
  facet normal 0 0 -1
    outer loop
      vertex 3.97227 -1.64536 0.290001
      vertex 4.05626 -1.08688 0.290001
      vertex 4.15309 -1.11272 0.290001
    endloop
  endfacet
  facet normal 0 0 -1
    outer loop
      vertex 3.97227 -1.64536 0.290001
      vertex 3.87971 -1.60699 0.290001
      vertex 4.05626 -1.08688 0.290001
    endloop
  endfacet
  facet normal 0 0 -1
    outer loop
      vertex 3.7235 -2.14984 0.290001
      vertex 3.87971 -1.60699 0.290001
      vertex 3.97227 -1.64536 0.290001
    endloop
  endfacet
  facet normal 0 0 -1
    outer loop
      vertex 3.7235 -2.14984 0.290001
      vertex 3.63673 -2.0997 0.290001
      vertex 3.87971 -1.60699 0.290001
    endloop
  endfacet
  facet normal 0 0 -1
    outer loop
      vertex 3.4111 -2.61737 0.290001
      vertex 3.63673 -2.0997 0.290001
      vertex 3.7235 -2.14984 0.290001
    endloop
  endfacet
  facet normal 0 0 -1
    outer loop
      vertex 3.4111 -2.61737 0.290001
      vertex 3.33159 -2.55638 0.290001
      vertex 3.63673 -2.0997 0.290001
    endloop
  endfacet
  facet normal 0 0 -1
    outer loop
      vertex 3.04025 -3.04025 0.290001
      vertex 3.33159 -2.55638 0.290001
      vertex 3.4111 -2.61737 0.290001
    endloop
  endfacet
  facet normal 0 0 -1
    outer loop
      vertex 3.04025 -3.04025 0.290001
      vertex 2.96939 -2.96939 0.290001
      vertex 3.33159 -2.55638 0.290001
    endloop
  endfacet
  facet normal 0 0 -1
    outer loop
      vertex 2.61737 -3.4111 0.290001
      vertex 2.96939 -2.96939 0.290001
      vertex 3.04025 -3.04025 0.290001
    endloop
  endfacet
  facet normal 0 0 -1
    outer loop
      vertex 2.61737 -3.4111 0.290001
      vertex 2.55638 -3.33159 0.290001
      vertex 2.96939 -2.96939 0.290001
    endloop
  endfacet
  facet normal 0 0 -1
    outer loop
      vertex 2.14984 -3.7235 0.290001
      vertex 2.55638 -3.33159 0.290001
      vertex 2.61737 -3.4111 0.290001
    endloop
  endfacet
  facet normal 0 0 -1
    outer loop
      vertex 2.14984 -3.7235 0.290001
      vertex 2.0997 -3.63673 0.290001
      vertex 2.55638 -3.33159 0.290001
    endloop
  endfacet
  facet normal 0 0 -1
    outer loop
      vertex 1.64536 -3.97227 0.290001
      vertex 2.0997 -3.63673 0.290001
      vertex 2.14984 -3.7235 0.290001
    endloop
  endfacet
  facet normal 0 0 -1
    outer loop
      vertex 1.64536 -3.97227 0.290001
      vertex 1.60699 -3.87971 0.290001
      vertex 2.0997 -3.63673 0.290001
    endloop
  endfacet
  facet normal 0 0 -1
    outer loop
      vertex 1.11272 -4.15309 0.290001
      vertex 1.60699 -3.87971 0.290001
      vertex 1.64536 -3.97227 0.290001
    endloop
  endfacet
  facet normal 0 0 -1
    outer loop
      vertex 1.11272 -4.15309 0.290001
      vertex 1.08688 -4.05626 0.290001
      vertex 1.60699 -3.87971 0.290001
    endloop
  endfacet
  facet normal 0 0 -1
    outer loop
      vertex 0.561234 -4.26277 0.290001
      vertex 1.08688 -4.05626 0.290001
      vertex 1.11272 -4.15309 0.290001
    endloop
  endfacet
  facet normal 0 0 -1
    outer loop
      vertex 0.561234 -4.26277 0.290001
      vertex 0.548172 -4.16341 0.290001
      vertex 1.08688 -4.05626 0.290001
    endloop
  endfacet
  facet normal 0 0 -1
    outer loop
      vertex 0 -4.29958 0.290001
      vertex 0.548172 -4.16341 0.290001
      vertex 0.561234 -4.26277 0.290001
    endloop
  endfacet
  facet normal 0 0 -1
    outer loop
      vertex 0 -4.29958 0.290001
      vertex 0 -4.19936 0.290001
      vertex 0.548172 -4.16341 0.290001
    endloop
  endfacet
  facet normal 0 0 -1
    outer loop
      vertex 0 -4.29958 0.290001
      vertex -0.548172 -4.16341 0.290001
      vertex 0 -4.19936 0.290001
    endloop
  endfacet
  facet normal 0 0 -1
    outer loop
      vertex -0.561234 -4.26277 0.290001
      vertex -0.548172 -4.16341 0.290001
      vertex 0 -4.29958 0.290001
    endloop
  endfacet
  facet normal 0 0 -1
    outer loop
      vertex -0.561234 -4.26277 0.290001
      vertex -1.08688 -4.05626 0.290001
      vertex -0.548172 -4.16341 0.290001
    endloop
  endfacet
  facet normal 0 0 -1
    outer loop
      vertex -1.11272 -4.15309 0.290001
      vertex -1.08688 -4.05626 0.290001
      vertex -0.561234 -4.26277 0.290001
    endloop
  endfacet
  facet normal 0 0 -1
    outer loop
      vertex -1.11272 -4.15309 0.290001
      vertex -1.60699 -3.87971 0.290001
      vertex -1.08688 -4.05626 0.290001
    endloop
  endfacet
  facet normal 0 0 -1
    outer loop
      vertex -1.64536 -3.97227 0.290001
      vertex -1.60699 -3.87971 0.290001
      vertex -1.11272 -4.15309 0.290001
    endloop
  endfacet
  facet normal 0 0 -1
    outer loop
      vertex -1.64536 -3.97227 0.290001
      vertex -2.0997 -3.63673 0.290001
      vertex -1.60699 -3.87971 0.290001
    endloop
  endfacet
  facet normal 0 0 -1
    outer loop
      vertex -2.14984 -3.7235 0.290001
      vertex -2.0997 -3.63673 0.290001
      vertex -1.64536 -3.97227 0.290001
    endloop
  endfacet
  facet normal 0 0 -1
    outer loop
      vertex -2.14984 -3.7235 0.290001
      vertex -2.55638 -3.33159 0.290001
      vertex -2.0997 -3.63673 0.290001
    endloop
  endfacet
  facet normal 0 0 -1
    outer loop
      vertex -2.61737 -3.4111 0.290001
      vertex -2.55638 -3.33159 0.290001
      vertex -2.14984 -3.7235 0.290001
    endloop
  endfacet
  facet normal 0 0 -1
    outer loop
      vertex -2.61737 -3.4111 0.290001
      vertex -2.96939 -2.96939 0.290001
      vertex -2.55638 -3.33159 0.290001
    endloop
  endfacet
  facet normal 0 0 -1
    outer loop
      vertex -3.04025 -3.04025 0.290001
      vertex -2.96939 -2.96939 0.290001
      vertex -2.61737 -3.4111 0.290001
    endloop
  endfacet
  facet normal 0 0 -1
    outer loop
      vertex -3.04025 -3.04025 0.290001
      vertex -3.33159 -2.55638 0.290001
      vertex -2.96939 -2.96939 0.290001
    endloop
  endfacet
  facet normal 0 0 -1
    outer loop
      vertex -3.4111 -2.61737 0.290001
      vertex -3.33159 -2.55638 0.290001
      vertex -3.04025 -3.04025 0.290001
    endloop
  endfacet
  facet normal 0 0 -1
    outer loop
      vertex -3.4111 -2.61737 0.290001
      vertex -3.63673 -2.0997 0.290001
      vertex -3.33159 -2.55638 0.290001
    endloop
  endfacet
  facet normal 0 0 -1
    outer loop
      vertex -3.7235 -2.14984 0.290001
      vertex -3.63673 -2.0997 0.290001
      vertex -3.4111 -2.61737 0.290001
    endloop
  endfacet
  facet normal 0 0 -1
    outer loop
      vertex -3.7235 -2.14984 0.290001
      vertex -3.87971 -1.60699 0.290001
      vertex -3.63673 -2.0997 0.290001
    endloop
  endfacet
  facet normal 0 0 -1
    outer loop
      vertex -3.97227 -1.64536 0.290001
      vertex -3.87971 -1.60699 0.290001
      vertex -3.7235 -2.14984 0.290001
    endloop
  endfacet
  facet normal 0 0 -1
    outer loop
      vertex -3.97227 -1.64536 0.290001
      vertex -4.05626 -1.08688 0.290001
      vertex -3.87971 -1.60699 0.290001
    endloop
  endfacet
  facet normal 0 0 -1
    outer loop
      vertex -4.15309 -1.11272 0.290001
      vertex -4.05626 -1.08688 0.290001
      vertex -3.97227 -1.64536 0.290001
    endloop
  endfacet
  facet normal 0 0 -1
    outer loop
      vertex -4.15309 -1.11272 0.290001
      vertex -4.16341 -0.548172 0.290001
      vertex -4.05626 -1.08688 0.290001
    endloop
  endfacet
  facet normal 0 0 -1
    outer loop
      vertex -4.26277 -0.561234 0.290001
      vertex -4.16341 -0.548172 0.290001
      vertex -4.15309 -1.11272 0.290001
    endloop
  endfacet
  facet normal -0 0 -1
    outer loop
      vertex -4.16341 -0.548172 0.290001
      vertex -4.26277 -0.561234 0.290001
      vertex -4.19936 0 0.290001
    endloop
  endfacet
  facet normal 0 0 -1
    outer loop
      vertex 4.16341 0.548172 0.290001
      vertex 4.26277 0.561234 0.290001
      vertex 4.19936 0 0.290001
    endloop
  endfacet
  facet normal 0 0 -1
    outer loop
      vertex 4.16341 0.548172 0.290001
      vertex 4.15309 1.11272 0.290001
      vertex 4.26277 0.561234 0.290001
    endloop
  endfacet
  facet normal 0 0 -1
    outer loop
      vertex 4.05626 1.08688 0.290001
      vertex 4.15309 1.11272 0.290001
      vertex 4.16341 0.548172 0.290001
    endloop
  endfacet
  facet normal 0 0 -1
    outer loop
      vertex 4.05626 1.08688 0.290001
      vertex 3.97227 1.64536 0.290001
      vertex 4.15309 1.11272 0.290001
    endloop
  endfacet
  facet normal 0 0 -1
    outer loop
      vertex 3.87971 1.60699 0.290001
      vertex 3.97227 1.64536 0.290001
      vertex 4.05626 1.08688 0.290001
    endloop
  endfacet
  facet normal 0 0 -1
    outer loop
      vertex 3.87971 1.60699 0.290001
      vertex 3.7235 2.14984 0.290001
      vertex 3.97227 1.64536 0.290001
    endloop
  endfacet
  facet normal 0 0 -1
    outer loop
      vertex 3.63673 2.0997 0.290001
      vertex 3.7235 2.14984 0.290001
      vertex 3.87971 1.60699 0.290001
    endloop
  endfacet
  facet normal 0 0 -1
    outer loop
      vertex 3.63673 2.0997 0.290001
      vertex 3.4111 2.61737 0.290001
      vertex 3.7235 2.14984 0.290001
    endloop
  endfacet
  facet normal 0 0 -1
    outer loop
      vertex 3.33159 2.55638 0.290001
      vertex 3.4111 2.61737 0.290001
      vertex 3.63673 2.0997 0.290001
    endloop
  endfacet
  facet normal 0 0 -1
    outer loop
      vertex 3.33159 2.55638 0.290001
      vertex 3.04025 3.04025 0.290001
      vertex 3.4111 2.61737 0.290001
    endloop
  endfacet
  facet normal 0 0 -1
    outer loop
      vertex 2.96939 2.96939 0.290001
      vertex 3.04025 3.04025 0.290001
      vertex 3.33159 2.55638 0.290001
    endloop
  endfacet
  facet normal 0 0 -1
    outer loop
      vertex 2.96939 2.96939 0.290001
      vertex 2.61737 3.4111 0.290001
      vertex 3.04025 3.04025 0.290001
    endloop
  endfacet
  facet normal 0 0 -1
    outer loop
      vertex 2.55638 3.33159 0.290001
      vertex 2.61737 3.4111 0.290001
      vertex 2.96939 2.96939 0.290001
    endloop
  endfacet
  facet normal 0 0 -1
    outer loop
      vertex 2.55638 3.33159 0.290001
      vertex 2.14984 3.7235 0.290001
      vertex 2.61737 3.4111 0.290001
    endloop
  endfacet
  facet normal 0 0 -1
    outer loop
      vertex 2.0997 3.63673 0.290001
      vertex 2.14984 3.7235 0.290001
      vertex 2.55638 3.33159 0.290001
    endloop
  endfacet
  facet normal 0 0 -1
    outer loop
      vertex 2.0997 3.63673 0.290001
      vertex 1.64536 3.97227 0.290001
      vertex 2.14984 3.7235 0.290001
    endloop
  endfacet
  facet normal 0 0 -1
    outer loop
      vertex 1.60699 3.87971 0.290001
      vertex 1.64536 3.97227 0.290001
      vertex 2.0997 3.63673 0.290001
    endloop
  endfacet
  facet normal 0 0 -1
    outer loop
      vertex 1.60699 3.87971 0.290001
      vertex 1.11272 4.15309 0.290001
      vertex 1.64536 3.97227 0.290001
    endloop
  endfacet
  facet normal 0 0 -1
    outer loop
      vertex 1.08688 4.05626 0.290001
      vertex 1.11272 4.15309 0.290001
      vertex 1.60699 3.87971 0.290001
    endloop
  endfacet
  facet normal 0 0 -1
    outer loop
      vertex 1.08688 4.05626 0.290001
      vertex 0.561234 4.26277 0.290001
      vertex 1.11272 4.15309 0.290001
    endloop
  endfacet
  facet normal 0 0 -1
    outer loop
      vertex 0.548172 4.16341 0.290001
      vertex 0.561234 4.26277 0.290001
      vertex 1.08688 4.05626 0.290001
    endloop
  endfacet
  facet normal 0 0 -1
    outer loop
      vertex 0 4.19936 0.290001
      vertex 0.561234 4.26277 0.290001
      vertex 0.548172 4.16341 0.290001
    endloop
  endfacet
  facet normal 0 0 -1
    outer loop
      vertex 0 4.19936 0.290001
      vertex 0 4.29958 0.290001
      vertex 0.561234 4.26277 0.290001
    endloop
  endfacet
  facet normal 0 0 -1
    outer loop
      vertex -0.548172 4.16341 0.290001
      vertex 0 4.29958 0.290001
      vertex 0 4.19936 0.290001
    endloop
  endfacet
  facet normal 0 0 -1
    outer loop
      vertex -0.548172 4.16341 0.290001
      vertex -0.561234 4.26277 0.290001
      vertex 0 4.29958 0.290001
    endloop
  endfacet
  facet normal 0 0 -1
    outer loop
      vertex -1.08688 4.05626 0.290001
      vertex -0.561234 4.26277 0.290001
      vertex -0.548172 4.16341 0.290001
    endloop
  endfacet
  facet normal 0 0 -1
    outer loop
      vertex -1.08688 4.05626 0.290001
      vertex -1.11272 4.15309 0.290001
      vertex -0.561234 4.26277 0.290001
    endloop
  endfacet
  facet normal 0 0 -1
    outer loop
      vertex -1.60699 3.87971 0.290001
      vertex -1.11272 4.15309 0.290001
      vertex -1.08688 4.05626 0.290001
    endloop
  endfacet
  facet normal 0 0 -1
    outer loop
      vertex -1.60699 3.87971 0.290001
      vertex -1.64536 3.97227 0.290001
      vertex -1.11272 4.15309 0.290001
    endloop
  endfacet
  facet normal 0 0 -1
    outer loop
      vertex -2.0997 3.63673 0.290001
      vertex -1.64536 3.97227 0.290001
      vertex -1.60699 3.87971 0.290001
    endloop
  endfacet
  facet normal 0 0 -1
    outer loop
      vertex -2.0997 3.63673 0.290001
      vertex -2.14984 3.7235 0.290001
      vertex -1.64536 3.97227 0.290001
    endloop
  endfacet
  facet normal 0 0 -1
    outer loop
      vertex -2.55638 3.33159 0.290001
      vertex -2.14984 3.7235 0.290001
      vertex -2.0997 3.63673 0.290001
    endloop
  endfacet
  facet normal 0 0 -1
    outer loop
      vertex -2.55638 3.33159 0.290001
      vertex -2.61737 3.4111 0.290001
      vertex -2.14984 3.7235 0.290001
    endloop
  endfacet
  facet normal 0 0 -1
    outer loop
      vertex -2.96939 2.96939 0.290001
      vertex -2.61737 3.4111 0.290001
      vertex -2.55638 3.33159 0.290001
    endloop
  endfacet
  facet normal 0 0 -1
    outer loop
      vertex -2.96939 2.96939 0.290001
      vertex -3.04025 3.04025 0.290001
      vertex -2.61737 3.4111 0.290001
    endloop
  endfacet
  facet normal 0 0 -1
    outer loop
      vertex -3.33159 2.55638 0.290001
      vertex -3.04025 3.04025 0.290001
      vertex -2.96939 2.96939 0.290001
    endloop
  endfacet
  facet normal 0 0 -1
    outer loop
      vertex -3.33159 2.55638 0.290001
      vertex -3.4111 2.61737 0.290001
      vertex -3.04025 3.04025 0.290001
    endloop
  endfacet
  facet normal 0 0 -1
    outer loop
      vertex -3.63673 2.0997 0.290001
      vertex -3.4111 2.61737 0.290001
      vertex -3.33159 2.55638 0.290001
    endloop
  endfacet
  facet normal 0 0 -1
    outer loop
      vertex -3.63673 2.0997 0.290001
      vertex -3.7235 2.14984 0.290001
      vertex -3.4111 2.61737 0.290001
    endloop
  endfacet
  facet normal 0 0 -1
    outer loop
      vertex -3.87971 1.60699 0.290001
      vertex -3.7235 2.14984 0.290001
      vertex -3.63673 2.0997 0.290001
    endloop
  endfacet
  facet normal 0 0 -1
    outer loop
      vertex -3.87971 1.60699 0.290001
      vertex -3.97227 1.64536 0.290001
      vertex -3.7235 2.14984 0.290001
    endloop
  endfacet
  facet normal 0 0 -1
    outer loop
      vertex -4.05626 1.08688 0.290001
      vertex -3.97227 1.64536 0.290001
      vertex -3.87971 1.60699 0.290001
    endloop
  endfacet
  facet normal 0 0 -1
    outer loop
      vertex -4.05626 1.08688 0.290001
      vertex -4.15309 1.11272 0.290001
      vertex -3.97227 1.64536 0.290001
    endloop
  endfacet
  facet normal 0 0 -1
    outer loop
      vertex -4.16341 0.548172 0.290001
      vertex -4.15309 1.11272 0.290001
      vertex -4.05626 1.08688 0.290001
    endloop
  endfacet
  facet normal 0 0 -1
    outer loop
      vertex -4.26277 0.561234 0.290001
      vertex -4.16341 0.548172 0.290001
      vertex -4.19936 0 0.290001
    endloop
  endfacet
  facet normal 0 0 -1
    outer loop
      vertex -4.29958 0 0.290001
      vertex -4.19936 0 0.290001
      vertex -4.26277 -0.561234 0.290001
    endloop
  endfacet
  facet normal 0 0 -1
    outer loop
      vertex -4.16341 0.548172 0.290001
      vertex -4.26277 0.561234 0.290001
      vertex -4.15309 1.11272 0.290001
    endloop
  endfacet
  facet normal 0 0 -1
    outer loop
      vertex -4.19936 0 0.290001
      vertex -4.29958 0 0.290001
      vertex -4.26277 0.561234 0.290001
    endloop
  endfacet
  facet normal 0.751845 0.65934 0
    outer loop
      vertex 3.4111 2.61737 0.39
      vertex 3.04025 3.04025 0.290001
      vertex 3.04025 3.04025 0.39
    endloop
  endfacet
  facet normal 0.751845 0.65934 0
    outer loop
      vertex 3.04025 3.04025 0.290001
      vertex 3.4111 2.61737 0.39
      vertex 3.4111 2.61737 0.290001
    endloop
  endfacet
  facet normal -0.32146 -0.946923 0
    outer loop
      vertex -1.64536 -3.97227 0.290001
      vertex -1.11272 -4.15309 0.39
      vertex -1.64536 -3.97227 0.39
    endloop
  endfacet
  facet normal -0.32146 -0.946923 -0
    outer loop
      vertex -1.11272 -4.15309 0.39
      vertex -1.64536 -3.97227 0.290001
      vertex -1.11272 -4.15309 0.290001
    endloop
  endfacet
  facet normal 0.896881 -0.442272 0
    outer loop
      vertex 3.7235 -2.14984 0.39
      vertex 3.97227 -1.64536 0.290001
      vertex 3.97227 -1.64536 0.39
    endloop
  endfacet
  facet normal 0.896881 -0.442272 0
    outer loop
      vertex 3.97227 -1.64536 0.290001
      vertex 3.7235 -2.14984 0.39
      vertex 3.7235 -2.14984 0.290001
    endloop
  endfacet
  facet normal -0.997856 -0.065447 0
    outer loop
      vertex -4.26277 -0.561234 0.290001
      vertex -4.29958 0 0.39
      vertex -4.29958 0 0.290001
    endloop
  endfacet
  facet normal -0.997856 -0.065447 0
    outer loop
      vertex -4.29958 0 0.39
      vertex -4.26277 -0.561234 0.290001
      vertex -4.26277 -0.561234 0.39
    endloop
  endfacet
  facet normal -0.896881 0.442272 0
    outer loop
      vertex -3.97227 1.64536 0.290001
      vertex -3.7235 2.14984 0.39
      vertex -3.7235 2.14984 0.290001
    endloop
  endfacet
  facet normal -0.896881 0.442272 0
    outer loop
      vertex -3.7235 2.14984 0.39
      vertex -3.97227 1.64536 0.290001
      vertex -3.97227 1.64536 0.39
    endloop
  endfacet
  facet normal 0.997856 -0.065447 0
    outer loop
      vertex 4.26277 -0.561234 0.39
      vertex 4.29958 0 0.290001
      vertex 4.29958 0 0.39
    endloop
  endfacet
  facet normal 0.997856 -0.065447 0
    outer loop
      vertex 4.29958 0 0.290001
      vertex 4.26277 -0.561234 0.39
      vertex 4.26277 -0.561234 0.290001
    endloop
  endfacet
  facet normal 0.997856 0.065447 0
    outer loop
      vertex 4.29958 0 0.39
      vertex 4.26277 0.561234 0.290001
      vertex 4.26277 0.561234 0.39
    endloop
  endfacet
  facet normal 0.997856 0.065447 0
    outer loop
      vertex 4.26277 0.561234 0.290001
      vertex 4.29958 0 0.39
      vertex 4.29958 0 0.290001
    endloop
  endfacet
  facet normal 0.831464 0.555578 0
    outer loop
      vertex 3.7235 2.14984 0.39
      vertex 3.4111 2.61737 0.290001
      vertex 3.4111 2.61737 0.39
    endloop
  endfacet
  facet normal 0.831464 0.555578 0
    outer loop
      vertex 3.4111 2.61737 0.290001
      vertex 3.7235 2.14984 0.39
      vertex 3.7235 2.14984 0.290001
    endloop
  endfacet
  facet normal -0.751845 0.65934 0
    outer loop
      vertex -3.4111 2.61737 0.290001
      vertex -3.04025 3.04025 0.39
      vertex -3.04025 3.04025 0.290001
    endloop
  endfacet
  facet normal -0.751845 0.65934 0
    outer loop
      vertex -3.04025 3.04025 0.39
      vertex -3.4111 2.61737 0.290001
      vertex -3.4111 2.61737 0.39
    endloop
  endfacet
  facet normal -0.555578 -0.831464 0
    outer loop
      vertex -2.61737 -3.4111 0.290001
      vertex -2.14984 -3.7235 0.39
      vertex -2.61737 -3.4111 0.39
    endloop
  endfacet
  facet normal -0.555578 -0.831464 -0
    outer loop
      vertex -2.14984 -3.7235 0.39
      vertex -2.61737 -3.4111 0.290001
      vertex -2.14984 -3.7235 0.290001
    endloop
  endfacet
  facet normal -0.65934 0.751845 0
    outer loop
      vertex -2.61737 3.4111 0.290001
      vertex -3.04025 3.04025 0.39
      vertex -2.61737 3.4111 0.39
    endloop
  endfacet
  facet normal -0.65934 0.751845 0
    outer loop
      vertex -3.04025 3.04025 0.39
      vertex -2.61737 3.4111 0.290001
      vertex -3.04025 3.04025 0.290001
    endloop
  endfacet
  facet normal 0.195061 -0.980791 0
    outer loop
      vertex 0.561234 -4.26277 0.290001
      vertex 1.11272 -4.15309 0.39
      vertex 0.561234 -4.26277 0.39
    endloop
  endfacet
  facet normal 0.195061 -0.980791 0
    outer loop
      vertex 1.11272 -4.15309 0.39
      vertex 0.561234 -4.26277 0.290001
      vertex 1.11272 -4.15309 0.290001
    endloop
  endfacet
  facet normal -0.946923 -0.32146 0
    outer loop
      vertex -3.97227 -1.64536 0.290001
      vertex -4.15309 -1.11272 0.39
      vertex -4.15309 -1.11272 0.290001
    endloop
  endfacet
  facet normal -0.946923 -0.32146 0
    outer loop
      vertex -4.15309 -1.11272 0.39
      vertex -3.97227 -1.64536 0.290001
      vertex -3.97227 -1.64536 0.39
    endloop
  endfacet
  facet normal -0.065447 0.997856 0
    outer loop
      vertex 0 4.29958 0.290001
      vertex -0.561234 4.26277 0.39
      vertex 0 4.29958 0.39
    endloop
  endfacet
  facet normal -0.065447 0.997856 0
    outer loop
      vertex -0.561234 4.26277 0.39
      vertex 0 4.29958 0.290001
      vertex -0.561234 4.26277 0.290001
    endloop
  endfacet
  facet normal 0.555578 -0.831464 0
    outer loop
      vertex 2.14984 -3.7235 0.290001
      vertex 2.61737 -3.4111 0.39
      vertex 2.14984 -3.7235 0.39
    endloop
  endfacet
  facet normal 0.555578 -0.831464 0
    outer loop
      vertex 2.61737 -3.4111 0.39
      vertex 2.14984 -3.7235 0.290001
      vertex 2.61737 -3.4111 0.290001
    endloop
  endfacet
  facet normal -0.555578 0.831464 0
    outer loop
      vertex -2.14984 3.7235 0.290001
      vertex -2.61737 3.4111 0.39
      vertex -2.14984 3.7235 0.39
    endloop
  endfacet
  facet normal -0.555578 0.831464 0
    outer loop
      vertex -2.61737 3.4111 0.39
      vertex -2.14984 3.7235 0.290001
      vertex -2.61737 3.4111 0.290001
    endloop
  endfacet
  facet normal 0.065447 -0.997856 0
    outer loop
      vertex 0 -4.29958 0.290001
      vertex 0.561234 -4.26277 0.39
      vertex 0 -4.29958 0.39
    endloop
  endfacet
  facet normal 0.065447 -0.997856 0
    outer loop
      vertex 0.561234 -4.26277 0.39
      vertex 0 -4.29958 0.290001
      vertex 0.561234 -4.26277 0.290001
    endloop
  endfacet
  facet normal 0.980791 0.195061 0
    outer loop
      vertex 4.26277 0.561234 0.39
      vertex 4.15309 1.11272 0.290001
      vertex 4.15309 1.11272 0.39
    endloop
  endfacet
  facet normal 0.980791 0.195061 0
    outer loop
      vertex 4.15309 1.11272 0.290001
      vertex 4.26277 0.561234 0.39
      vertex 4.26277 0.561234 0.290001
    endloop
  endfacet
  facet normal -0.896881 -0.442272 0
    outer loop
      vertex -3.7235 -2.14984 0.290001
      vertex -3.97227 -1.64536 0.39
      vertex -3.97227 -1.64536 0.290001
    endloop
  endfacet
  facet normal -0.896881 -0.442272 0
    outer loop
      vertex -3.97227 -1.64536 0.39
      vertex -3.7235 -2.14984 0.290001
      vertex -3.7235 -2.14984 0.39
    endloop
  endfacet
  facet normal 0.831464 -0.555578 0
    outer loop
      vertex 3.4111 -2.61737 0.39
      vertex 3.7235 -2.14984 0.290001
      vertex 3.7235 -2.14984 0.39
    endloop
  endfacet
  facet normal 0.831464 -0.555578 0
    outer loop
      vertex 3.7235 -2.14984 0.290001
      vertex 3.4111 -2.61737 0.39
      vertex 3.4111 -2.61737 0.290001
    endloop
  endfacet
  facet normal -0.831464 -0.555578 0
    outer loop
      vertex -3.4111 -2.61737 0.290001
      vertex -3.7235 -2.14984 0.39
      vertex -3.7235 -2.14984 0.290001
    endloop
  endfacet
  facet normal -0.831464 -0.555578 0
    outer loop
      vertex -3.7235 -2.14984 0.39
      vertex -3.4111 -2.61737 0.290001
      vertex -3.4111 -2.61737 0.39
    endloop
  endfacet
  facet normal -0.195061 -0.980791 0
    outer loop
      vertex -1.11272 -4.15309 0.290001
      vertex -0.561234 -4.26277 0.39
      vertex -1.11272 -4.15309 0.39
    endloop
  endfacet
  facet normal -0.195061 -0.980791 -0
    outer loop
      vertex -0.561234 -4.26277 0.39
      vertex -1.11272 -4.15309 0.290001
      vertex -0.561234 -4.26277 0.290001
    endloop
  endfacet
  facet normal -0.831464 0.555578 0
    outer loop
      vertex -3.7235 2.14984 0.290001
      vertex -3.4111 2.61737 0.39
      vertex -3.4111 2.61737 0.290001
    endloop
  endfacet
  facet normal -0.831464 0.555578 0
    outer loop
      vertex -3.4111 2.61737 0.39
      vertex -3.7235 2.14984 0.290001
      vertex -3.7235 2.14984 0.39
    endloop
  endfacet
  facet normal 0.442272 -0.896881 0
    outer loop
      vertex 1.64536 -3.97227 0.290001
      vertex 2.14984 -3.7235 0.39
      vertex 1.64536 -3.97227 0.39
    endloop
  endfacet
  facet normal 0.442272 -0.896881 0
    outer loop
      vertex 2.14984 -3.7235 0.39
      vertex 1.64536 -3.97227 0.290001
      vertex 2.14984 -3.7235 0.290001
    endloop
  endfacet
  facet normal 0.946923 -0.32146 0
    outer loop
      vertex 3.97227 -1.64536 0.39
      vertex 4.15309 -1.11272 0.290001
      vertex 4.15309 -1.11272 0.39
    endloop
  endfacet
  facet normal 0.946923 -0.32146 0
    outer loop
      vertex 4.15309 -1.11272 0.290001
      vertex 3.97227 -1.64536 0.39
      vertex 3.97227 -1.64536 0.290001
    endloop
  endfacet
  facet normal 0.980791 -0.195061 0
    outer loop
      vertex 4.15309 -1.11272 0.39
      vertex 4.26277 -0.561234 0.290001
      vertex 4.26277 -0.561234 0.39
    endloop
  endfacet
  facet normal 0.980791 -0.195061 0
    outer loop
      vertex 4.26277 -0.561234 0.290001
      vertex 4.15309 -1.11272 0.39
      vertex 4.15309 -1.11272 0.290001
    endloop
  endfacet
  facet normal 0.555578 0.831464 -0
    outer loop
      vertex 2.61737 3.4111 0.290001
      vertex 2.14984 3.7235 0.39
      vertex 2.61737 3.4111 0.39
    endloop
  endfacet
  facet normal 0.555578 0.831464 0
    outer loop
      vertex 2.14984 3.7235 0.39
      vertex 2.61737 3.4111 0.290001
      vertex 2.14984 3.7235 0.290001
    endloop
  endfacet
  facet normal 0.65934 -0.751845 0
    outer loop
      vertex 2.61737 -3.4111 0.290001
      vertex 3.04025 -3.04025 0.39
      vertex 2.61737 -3.4111 0.39
    endloop
  endfacet
  facet normal 0.65934 -0.751845 0
    outer loop
      vertex 3.04025 -3.04025 0.39
      vertex 2.61737 -3.4111 0.290001
      vertex 3.04025 -3.04025 0.290001
    endloop
  endfacet
  facet normal 0.442272 0.896881 -0
    outer loop
      vertex 2.14984 3.7235 0.290001
      vertex 1.64536 3.97227 0.39
      vertex 2.14984 3.7235 0.39
    endloop
  endfacet
  facet normal 0.442272 0.896881 0
    outer loop
      vertex 1.64536 3.97227 0.39
      vertex 2.14984 3.7235 0.290001
      vertex 1.64536 3.97227 0.290001
    endloop
  endfacet
  facet normal 0.321434 0.946932 -0
    outer loop
      vertex 1.60699 3.87971 0.19
      vertex 1.08688 4.05626 0.290001
      vertex 1.60699 3.87971 0.290001
    endloop
  endfacet
  facet normal 0.321434 0.946932 0
    outer loop
      vertex 1.08688 4.05626 0.290001
      vertex 1.60699 3.87971 0.19
      vertex 1.08688 4.05626 0.19
    endloop
  endfacet
  facet normal 0.997856 0.065441 0
    outer loop
      vertex 4.19936 0 0.290001
      vertex 4.16341 0.548172 0.19
      vertex 4.16341 0.548172 0.290001
    endloop
  endfacet
  facet normal 0.997856 0.065441 0
    outer loop
      vertex 4.16341 0.548172 0.19
      vertex 4.19936 0 0.290001
      vertex 4.19936 0 0.19
    endloop
  endfacet
  facet normal -0.321434 -0.946932 0
    outer loop
      vertex -1.60699 -3.87971 0.19
      vertex -1.08688 -4.05626 0.290001
      vertex -1.60699 -3.87971 0.290001
    endloop
  endfacet
  facet normal -0.321434 -0.946932 -0
    outer loop
      vertex -1.08688 -4.05626 0.290001
      vertex -1.60699 -3.87971 0.19
      vertex -1.08688 -4.05626 0.19
    endloop
  endfacet
  facet normal -0.065441 0.997856 0
    outer loop
      vertex 0 4.19936 0.19
      vertex -0.548172 4.16341 0.290001
      vertex 0 4.19936 0.290001
    endloop
  endfacet
  facet normal -0.065441 0.997856 0
    outer loop
      vertex -0.548172 4.16341 0.290001
      vertex 0 4.19936 0.19
      vertex -0.548172 4.16341 0.19
    endloop
  endfacet
  facet normal 0.946932 0.321434 0
    outer loop
      vertex 4.05626 1.08688 0.290001
      vertex 3.87971 1.60699 0.19
      vertex 3.87971 1.60699 0.290001
    endloop
  endfacet
  facet normal 0.946932 0.321434 0
    outer loop
      vertex 3.87971 1.60699 0.19
      vertex 4.05626 1.08688 0.290001
      vertex 4.05626 1.08688 0.19
    endloop
  endfacet
  facet normal -0.980787 -0.19508 0
    outer loop
      vertex -4.05626 -1.08688 0.19
      vertex -4.16341 -0.548172 0.290001
      vertex -4.16341 -0.548172 0.19
    endloop
  endfacet
  facet normal -0.980787 -0.19508 0
    outer loop
      vertex -4.16341 -0.548172 0.290001
      vertex -4.05626 -1.08688 0.19
      vertex -4.05626 -1.08688 0.290001
    endloop
  endfacet
  facet normal 0.065441 -0.997856 0
    outer loop
      vertex 0 -4.19936 0.19
      vertex 0.548172 -4.16341 0.290001
      vertex 0 -4.19936 0.290001
    endloop
  endfacet
  facet normal 0.065441 -0.997856 0
    outer loop
      vertex 0.548172 -4.16341 0.290001
      vertex 0 -4.19936 0.19
      vertex 0.548172 -4.16341 0.19
    endloop
  endfacet
  facet normal 0.997856 -0.065441 0
    outer loop
      vertex 4.16341 -0.548172 0.290001
      vertex 4.19936 0 0.19
      vertex 4.19936 0 0.290001
    endloop
  endfacet
  facet normal 0.997856 -0.065441 0
    outer loop
      vertex 4.19936 0 0.19
      vertex 4.16341 -0.548172 0.290001
      vertex 4.16341 -0.548172 0.19
    endloop
  endfacet
  facet normal 0.442292 -0.896871 0
    outer loop
      vertex 1.60699 -3.87971 0.19
      vertex 2.0997 -3.63673 0.290001
      vertex 1.60699 -3.87971 0.290001
    endloop
  endfacet
  facet normal 0.442292 -0.896871 0
    outer loop
      vertex 2.0997 -3.63673 0.290001
      vertex 1.60699 -3.87971 0.19
      vertex 2.0997 -3.63673 0.19
    endloop
  endfacet
  facet normal 0.442292 0.896871 -0
    outer loop
      vertex 2.0997 3.63673 0.19
      vertex 1.60699 3.87971 0.290001
      vertex 2.0997 3.63673 0.290001
    endloop
  endfacet
  facet normal 0.442292 0.896871 0
    outer loop
      vertex 1.60699 3.87971 0.290001
      vertex 2.0997 3.63673 0.19
      vertex 1.60699 3.87971 0.19
    endloop
  endfacet
  facet normal 0.659346 -0.75184 0
    outer loop
      vertex 2.55638 -3.33159 0.19
      vertex 2.96939 -2.96939 0.290001
      vertex 2.55638 -3.33159 0.290001
    endloop
  endfacet
  facet normal 0.659346 -0.75184 0
    outer loop
      vertex 2.96939 -2.96939 0.290001
      vertex 2.55638 -3.33159 0.19
      vertex 2.96939 -2.96939 0.19
    endloop
  endfacet
  facet normal -0.321434 0.946932 0
    outer loop
      vertex -1.08688 4.05626 0.19
      vertex -1.60699 3.87971 0.290001
      vertex -1.08688 4.05626 0.290001
    endloop
  endfacet
  facet normal -0.321434 0.946932 0
    outer loop
      vertex -1.60699 3.87971 0.290001
      vertex -1.08688 4.05626 0.19
      vertex -1.60699 3.87971 0.19
    endloop
  endfacet
  facet normal -0.442292 0.896871 0
    outer loop
      vertex -1.60699 3.87971 0.19
      vertex -2.0997 3.63673 0.290001
      vertex -1.60699 3.87971 0.290001
    endloop
  endfacet
  facet normal -0.442292 0.896871 0
    outer loop
      vertex -2.0997 3.63673 0.290001
      vertex -1.60699 3.87971 0.19
      vertex -2.0997 3.63673 0.19
    endloop
  endfacet
  facet normal -0.831473 0.555565 0
    outer loop
      vertex -3.63673 2.0997 0.19
      vertex -3.33159 2.55638 0.290001
      vertex -3.33159 2.55638 0.19
    endloop
  endfacet
  facet normal -0.831473 0.555565 0
    outer loop
      vertex -3.33159 2.55638 0.290001
      vertex -3.63673 2.0997 0.19
      vertex -3.63673 2.0997 0.290001
    endloop
  endfacet
  facet normal 0.555565 -0.831473 0
    outer loop
      vertex 2.0997 -3.63673 0.19
      vertex 2.55638 -3.33159 0.290001
      vertex 2.0997 -3.63673 0.290001
    endloop
  endfacet
  facet normal 0.555565 -0.831473 0
    outer loop
      vertex 2.55638 -3.33159 0.290001
      vertex 2.0997 -3.63673 0.19
      vertex 2.55638 -3.33159 0.19
    endloop
  endfacet
  facet normal -0.980787 0.19508 0
    outer loop
      vertex -4.16341 0.548172 0.19
      vertex -4.05626 1.08688 0.290001
      vertex -4.05626 1.08688 0.19
    endloop
  endfacet
  facet normal -0.980787 0.19508 0
    outer loop
      vertex -4.05626 1.08688 0.290001
      vertex -4.16341 0.548172 0.19
      vertex -4.16341 0.548172 0.290001
    endloop
  endfacet
  facet normal -0.946932 -0.321434 0
    outer loop
      vertex -3.87971 -1.60699 0.19
      vertex -4.05626 -1.08688 0.290001
      vertex -4.05626 -1.08688 0.19
    endloop
  endfacet
  facet normal -0.946932 -0.321434 0
    outer loop
      vertex -4.05626 -1.08688 0.290001
      vertex -3.87971 -1.60699 0.19
      vertex -3.87971 -1.60699 0.290001
    endloop
  endfacet
  facet normal -0.555565 0.831473 0
    outer loop
      vertex -2.0997 3.63673 0.19
      vertex -2.55638 3.33159 0.290001
      vertex -2.0997 3.63673 0.290001
    endloop
  endfacet
  facet normal -0.555565 0.831473 0
    outer loop
      vertex -2.55638 3.33159 0.290001
      vertex -2.0997 3.63673 0.19
      vertex -2.55638 3.33159 0.19
    endloop
  endfacet
  facet normal -0.659346 0.75184 0
    outer loop
      vertex -2.55638 3.33159 0.19
      vertex -2.96939 2.96939 0.290001
      vertex -2.55638 3.33159 0.290001
    endloop
  endfacet
  facet normal -0.659346 0.75184 0
    outer loop
      vertex -2.96939 2.96939 0.290001
      vertex -2.55638 3.33159 0.19
      vertex -2.96939 2.96939 0.19
    endloop
  endfacet
  facet normal 0.946932 -0.321434 0
    outer loop
      vertex 3.87971 -1.60699 0.290001
      vertex 4.05626 -1.08688 0.19
      vertex 4.05626 -1.08688 0.290001
    endloop
  endfacet
  facet normal 0.946932 -0.321434 0
    outer loop
      vertex 4.05626 -1.08688 0.19
      vertex 3.87971 -1.60699 0.290001
      vertex 3.87971 -1.60699 0.19
    endloop
  endfacet
  facet normal -0.946932 0.321434 0
    outer loop
      vertex -4.05626 1.08688 0.19
      vertex -3.87971 1.60699 0.290001
      vertex -3.87971 1.60699 0.19
    endloop
  endfacet
  facet normal -0.946932 0.321434 0
    outer loop
      vertex -3.87971 1.60699 0.290001
      vertex -4.05626 1.08688 0.19
      vertex -4.05626 1.08688 0.290001
    endloop
  endfacet
  facet normal 0.321434 -0.946932 0
    outer loop
      vertex 1.08688 -4.05626 0.19
      vertex 1.60699 -3.87971 0.290001
      vertex 1.08688 -4.05626 0.290001
    endloop
  endfacet
  facet normal 0.321434 -0.946932 0
    outer loop
      vertex 1.60699 -3.87971 0.290001
      vertex 1.08688 -4.05626 0.19
      vertex 1.60699 -3.87971 0.19
    endloop
  endfacet
  facet normal -0.555565 -0.831473 0
    outer loop
      vertex -2.55638 -3.33159 0.19
      vertex -2.0997 -3.63673 0.290001
      vertex -2.55638 -3.33159 0.290001
    endloop
  endfacet
  facet normal -0.555565 -0.831473 -0
    outer loop
      vertex -2.0997 -3.63673 0.290001
      vertex -2.55638 -3.33159 0.19
      vertex -2.0997 -3.63673 0.19
    endloop
  endfacet
  facet normal -0.997856 -0.065441 0
    outer loop
      vertex -4.16341 -0.548172 0.19
      vertex -4.19936 0 0.290001
      vertex -4.19936 0 0.19
    endloop
  endfacet
  facet normal -0.997856 -0.065441 0
    outer loop
      vertex -4.19936 0 0.290001
      vertex -4.16341 -0.548172 0.19
      vertex -4.16341 -0.548172 0.290001
    endloop
  endfacet
  facet normal 0.065441 0.997856 -0
    outer loop
      vertex 0.548172 4.16341 0.19
      vertex 0 4.19936 0.290001
      vertex 0.548172 4.16341 0.290001
    endloop
  endfacet
  facet normal 0.065441 0.997856 0
    outer loop
      vertex 0 4.19936 0.290001
      vertex 0.548172 4.16341 0.19
      vertex 0 4.19936 0.19
    endloop
  endfacet
  facet normal 0.831473 0.555565 0
    outer loop
      vertex 3.63673 2.0997 0.290001
      vertex 3.33159 2.55638 0.19
      vertex 3.33159 2.55638 0.290001
    endloop
  endfacet
  facet normal 0.831473 0.555565 0
    outer loop
      vertex 3.33159 2.55638 0.19
      vertex 3.63673 2.0997 0.290001
      vertex 3.63673 2.0997 0.19
    endloop
  endfacet
  facet normal 0.19508 0.980787 -0
    outer loop
      vertex 1.08688 4.05626 0.19
      vertex 0.548172 4.16341 0.290001
      vertex 1.08688 4.05626 0.290001
    endloop
  endfacet
  facet normal 0.19508 0.980787 0
    outer loop
      vertex 0.548172 4.16341 0.290001
      vertex 1.08688 4.05626 0.19
      vertex 0.548172 4.16341 0.19
    endloop
  endfacet
  facet normal 0.19508 -0.980787 0
    outer loop
      vertex 0.548172 -4.16341 0.19
      vertex 1.08688 -4.05626 0.290001
      vertex 0.548172 -4.16341 0.290001
    endloop
  endfacet
  facet normal 0.19508 -0.980787 0
    outer loop
      vertex 1.08688 -4.05626 0.290001
      vertex 0.548172 -4.16341 0.19
      vertex 1.08688 -4.05626 0.19
    endloop
  endfacet
  facet normal 0.896871 0.442292 0
    outer loop
      vertex 3.87971 1.60699 0.290001
      vertex 3.63673 2.0997 0.19
      vertex 3.63673 2.0997 0.290001
    endloop
  endfacet
  facet normal 0.896871 0.442292 0
    outer loop
      vertex 3.63673 2.0997 0.19
      vertex 3.87971 1.60699 0.290001
      vertex 3.87971 1.60699 0.19
    endloop
  endfacet
  facet normal 0.75184 -0.659346 0
    outer loop
      vertex 2.96939 -2.96939 0.290001
      vertex 3.33159 -2.55638 0.19
      vertex 3.33159 -2.55638 0.290001
    endloop
  endfacet
  facet normal 0.75184 -0.659346 0
    outer loop
      vertex 3.33159 -2.55638 0.19
      vertex 2.96939 -2.96939 0.290001
      vertex 2.96939 -2.96939 0.19
    endloop
  endfacet
  facet normal 0 0 -1
    outer loop
      vertex 4.09915 0 0.19
      vertex 4.19936 0 0.19
      vertex 4.16341 -0.548172 0.19
    endloop
  endfacet
  facet normal 0 0 -1
    outer loop
      vertex 4.19936 0 0.19
      vertex 4.09915 0 0.19
      vertex 4.16341 0.548172 0.19
    endloop
  endfacet
  facet normal 0 0 -1
    outer loop
      vertex 4.16341 -0.548172 0.19
      vertex 4.06407 -0.534973 0.19
      vertex 4.09915 0 0.19
    endloop
  endfacet
  facet normal 0 0 -1
    outer loop
      vertex 4.05626 -1.08688 0.19
      vertex 4.06407 -0.534973 0.19
      vertex 4.16341 -0.548172 0.19
    endloop
  endfacet
  facet normal 0 0 -1
    outer loop
      vertex 4.05626 -1.08688 0.19
      vertex 3.95944 -1.06099 0.19
      vertex 4.06407 -0.534973 0.19
    endloop
  endfacet
  facet normal 0 0 -1
    outer loop
      vertex 3.87971 -1.60699 0.19
      vertex 3.95944 -1.06099 0.19
      vertex 4.05626 -1.08688 0.19
    endloop
  endfacet
  facet normal 0 0 -1
    outer loop
      vertex 3.87971 -1.60699 0.19
      vertex 3.78712 -1.56865 0.19
      vertex 3.95944 -1.06099 0.19
    endloop
  endfacet
  facet normal 0 0 -1
    outer loop
      vertex 3.63673 -2.0997 0.19
      vertex 3.78712 -1.56865 0.19
      vertex 3.87971 -1.60699 0.19
    endloop
  endfacet
  facet normal 0 0 -1
    outer loop
      vertex 3.63673 -2.0997 0.19
      vertex 3.54994 -2.04959 0.19
      vertex 3.78712 -1.56865 0.19
    endloop
  endfacet
  facet normal 0 0 -1
    outer loop
      vertex 3.33159 -2.55638 0.19
      vertex 3.54994 -2.04959 0.19
      vertex 3.63673 -2.0997 0.19
    endloop
  endfacet
  facet normal 0 0 -1
    outer loop
      vertex 3.33159 -2.55638 0.19
      vertex 3.25208 -2.49539 0.19
      vertex 3.54994 -2.04959 0.19
    endloop
  endfacet
  facet normal 0 0 -1
    outer loop
      vertex 2.96939 -2.96939 0.19
      vertex 3.25208 -2.49539 0.19
      vertex 3.33159 -2.55638 0.19
    endloop
  endfacet
  facet normal 0 0 -1
    outer loop
      vertex 2.96939 -2.96939 0.19
      vertex 2.89853 -2.89853 0.19
      vertex 3.25208 -2.49539 0.19
    endloop
  endfacet
  facet normal 0 0 -1
    outer loop
      vertex 2.55638 -3.33159 0.19
      vertex 2.89853 -2.89853 0.19
      vertex 2.96939 -2.96939 0.19
    endloop
  endfacet
  facet normal 0 0 -1
    outer loop
      vertex 2.55638 -3.33159 0.19
      vertex 2.49539 -3.25208 0.19
      vertex 2.89853 -2.89853 0.19
    endloop
  endfacet
  facet normal 0 0 -1
    outer loop
      vertex 2.0997 -3.63673 0.19
      vertex 2.49539 -3.25208 0.19
      vertex 2.55638 -3.33159 0.19
    endloop
  endfacet
  facet normal 0 0 -1
    outer loop
      vertex 2.0997 -3.63673 0.19
      vertex 2.04959 -3.54994 0.19
      vertex 2.49539 -3.25208 0.19
    endloop
  endfacet
  facet normal 0 0 -1
    outer loop
      vertex 1.60699 -3.87971 0.19
      vertex 2.04959 -3.54994 0.19
      vertex 2.0997 -3.63673 0.19
    endloop
  endfacet
  facet normal 0 0 -1
    outer loop
      vertex 1.60699 -3.87971 0.19
      vertex 1.56865 -3.78712 0.19
      vertex 2.04959 -3.54994 0.19
    endloop
  endfacet
  facet normal 0 0 -1
    outer loop
      vertex 1.08688 -4.05626 0.19
      vertex 1.56865 -3.78712 0.19
      vertex 1.60699 -3.87971 0.19
    endloop
  endfacet
  facet normal 0 0 -1
    outer loop
      vertex 1.08688 -4.05626 0.19
      vertex 1.06099 -3.95944 0.19
      vertex 1.56865 -3.78712 0.19
    endloop
  endfacet
  facet normal 0 0 -1
    outer loop
      vertex 0.548172 -4.16341 0.19
      vertex 1.06099 -3.95944 0.19
      vertex 1.08688 -4.05626 0.19
    endloop
  endfacet
  facet normal 0 0 -1
    outer loop
      vertex 0.548172 -4.16341 0.19
      vertex 0.534973 -4.06407 0.19
      vertex 1.06099 -3.95944 0.19
    endloop
  endfacet
  facet normal 0 0 -1
    outer loop
      vertex 0 -4.19936 0.19
      vertex 0.534973 -4.06407 0.19
      vertex 0.548172 -4.16341 0.19
    endloop
  endfacet
  facet normal 0 0 -1
    outer loop
      vertex 0 -4.19936 0.19
      vertex 0 -4.09915 0.19
      vertex 0.534973 -4.06407 0.19
    endloop
  endfacet
  facet normal 0 0 -1
    outer loop
      vertex 0 -4.19936 0.19
      vertex -0.534973 -4.06407 0.19
      vertex 0 -4.09915 0.19
    endloop
  endfacet
  facet normal 0 0 -1
    outer loop
      vertex -0.548172 -4.16341 0.19
      vertex -0.534973 -4.06407 0.19
      vertex 0 -4.19936 0.19
    endloop
  endfacet
  facet normal 0 0 -1
    outer loop
      vertex -0.548172 -4.16341 0.19
      vertex -1.06099 -3.95944 0.19
      vertex -0.534973 -4.06407 0.19
    endloop
  endfacet
  facet normal 0 0 -1
    outer loop
      vertex -1.08688 -4.05626 0.19
      vertex -1.06099 -3.95944 0.19
      vertex -0.548172 -4.16341 0.19
    endloop
  endfacet
  facet normal 0 0 -1
    outer loop
      vertex -1.08688 -4.05626 0.19
      vertex -1.56865 -3.78712 0.19
      vertex -1.06099 -3.95944 0.19
    endloop
  endfacet
  facet normal 0 0 -1
    outer loop
      vertex -1.60699 -3.87971 0.19
      vertex -1.56865 -3.78712 0.19
      vertex -1.08688 -4.05626 0.19
    endloop
  endfacet
  facet normal 0 0 -1
    outer loop
      vertex -1.60699 -3.87971 0.19
      vertex -2.04959 -3.54994 0.19
      vertex -1.56865 -3.78712 0.19
    endloop
  endfacet
  facet normal 0 0 -1
    outer loop
      vertex -2.0997 -3.63673 0.19
      vertex -2.04959 -3.54994 0.19
      vertex -1.60699 -3.87971 0.19
    endloop
  endfacet
  facet normal 0 0 -1
    outer loop
      vertex -2.0997 -3.63673 0.19
      vertex -2.49539 -3.25208 0.19
      vertex -2.04959 -3.54994 0.19
    endloop
  endfacet
  facet normal 0 0 -1
    outer loop
      vertex -2.55638 -3.33159 0.19
      vertex -2.49539 -3.25208 0.19
      vertex -2.0997 -3.63673 0.19
    endloop
  endfacet
  facet normal 0 0 -1
    outer loop
      vertex -2.55638 -3.33159 0.19
      vertex -2.89853 -2.89853 0.19
      vertex -2.49539 -3.25208 0.19
    endloop
  endfacet
  facet normal 0 0 -1
    outer loop
      vertex -2.96939 -2.96939 0.19
      vertex -2.89853 -2.89853 0.19
      vertex -2.55638 -3.33159 0.19
    endloop
  endfacet
  facet normal 0 0 -1
    outer loop
      vertex -2.96939 -2.96939 0.19
      vertex -3.25208 -2.49539 0.19
      vertex -2.89853 -2.89853 0.19
    endloop
  endfacet
  facet normal 0 0 -1
    outer loop
      vertex -3.33159 -2.55638 0.19
      vertex -3.25208 -2.49539 0.19
      vertex -2.96939 -2.96939 0.19
    endloop
  endfacet
  facet normal 0 0 -1
    outer loop
      vertex -3.33159 -2.55638 0.19
      vertex -3.54994 -2.04959 0.19
      vertex -3.25208 -2.49539 0.19
    endloop
  endfacet
  facet normal 0 0 -1
    outer loop
      vertex -3.63673 -2.0997 0.19
      vertex -3.54994 -2.04959 0.19
      vertex -3.33159 -2.55638 0.19
    endloop
  endfacet
  facet normal 0 0 -1
    outer loop
      vertex -3.63673 -2.0997 0.19
      vertex -3.78712 -1.56865 0.19
      vertex -3.54994 -2.04959 0.19
    endloop
  endfacet
  facet normal 0 0 -1
    outer loop
      vertex -3.87971 -1.60699 0.19
      vertex -3.78712 -1.56865 0.19
      vertex -3.63673 -2.0997 0.19
    endloop
  endfacet
  facet normal 0 0 -1
    outer loop
      vertex -3.87971 -1.60699 0.19
      vertex -3.95944 -1.06099 0.19
      vertex -3.78712 -1.56865 0.19
    endloop
  endfacet
  facet normal 0 0 -1
    outer loop
      vertex -4.05626 -1.08688 0.19
      vertex -3.95944 -1.06099 0.19
      vertex -3.87971 -1.60699 0.19
    endloop
  endfacet
  facet normal 0 0 -1
    outer loop
      vertex -4.05626 -1.08688 0.19
      vertex -4.06407 -0.534973 0.19
      vertex -3.95944 -1.06099 0.19
    endloop
  endfacet
  facet normal 0 0 -1
    outer loop
      vertex -4.16341 -0.548172 0.19
      vertex -4.06407 -0.534973 0.19
      vertex -4.05626 -1.08688 0.19
    endloop
  endfacet
  facet normal -0 0 -1
    outer loop
      vertex -4.06407 -0.534973 0.19
      vertex -4.16341 -0.548172 0.19
      vertex -4.09915 0 0.19
    endloop
  endfacet
  facet normal 0 0 -1
    outer loop
      vertex 4.06407 0.534973 0.19
      vertex 4.16341 0.548172 0.19
      vertex 4.09915 0 0.19
    endloop
  endfacet
  facet normal 0 0 -1
    outer loop
      vertex 4.06407 0.534973 0.19
      vertex 4.05626 1.08688 0.19
      vertex 4.16341 0.548172 0.19
    endloop
  endfacet
  facet normal 0 0 -1
    outer loop
      vertex 3.95944 1.06099 0.19
      vertex 4.05626 1.08688 0.19
      vertex 4.06407 0.534973 0.19
    endloop
  endfacet
  facet normal 0 0 -1
    outer loop
      vertex 3.95944 1.06099 0.19
      vertex 3.87971 1.60699 0.19
      vertex 4.05626 1.08688 0.19
    endloop
  endfacet
  facet normal 0 0 -1
    outer loop
      vertex 3.78712 1.56865 0.19
      vertex 3.87971 1.60699 0.19
      vertex 3.95944 1.06099 0.19
    endloop
  endfacet
  facet normal 0 0 -1
    outer loop
      vertex 3.78712 1.56865 0.19
      vertex 3.63673 2.0997 0.19
      vertex 3.87971 1.60699 0.19
    endloop
  endfacet
  facet normal 0 0 -1
    outer loop
      vertex 3.54994 2.04959 0.19
      vertex 3.63673 2.0997 0.19
      vertex 3.78712 1.56865 0.19
    endloop
  endfacet
  facet normal 0 0 -1
    outer loop
      vertex 3.54994 2.04959 0.19
      vertex 3.33159 2.55638 0.19
      vertex 3.63673 2.0997 0.19
    endloop
  endfacet
  facet normal 0 0 -1
    outer loop
      vertex 3.25208 2.49539 0.19
      vertex 3.33159 2.55638 0.19
      vertex 3.54994 2.04959 0.19
    endloop
  endfacet
  facet normal 0 0 -1
    outer loop
      vertex 3.25208 2.49539 0.19
      vertex 2.96939 2.96939 0.19
      vertex 3.33159 2.55638 0.19
    endloop
  endfacet
  facet normal 0 0 -1
    outer loop
      vertex 2.89853 2.89853 0.19
      vertex 2.96939 2.96939 0.19
      vertex 3.25208 2.49539 0.19
    endloop
  endfacet
  facet normal 0 0 -1
    outer loop
      vertex 2.89853 2.89853 0.19
      vertex 2.55638 3.33159 0.19
      vertex 2.96939 2.96939 0.19
    endloop
  endfacet
  facet normal 0 0 -1
    outer loop
      vertex 2.49539 3.25208 0.19
      vertex 2.55638 3.33159 0.19
      vertex 2.89853 2.89853 0.19
    endloop
  endfacet
  facet normal 0 0 -1
    outer loop
      vertex 2.49539 3.25208 0.19
      vertex 2.0997 3.63673 0.19
      vertex 2.55638 3.33159 0.19
    endloop
  endfacet
  facet normal 0 0 -1
    outer loop
      vertex 2.04959 3.54994 0.19
      vertex 2.0997 3.63673 0.19
      vertex 2.49539 3.25208 0.19
    endloop
  endfacet
  facet normal 0 0 -1
    outer loop
      vertex 2.04959 3.54994 0.19
      vertex 1.60699 3.87971 0.19
      vertex 2.0997 3.63673 0.19
    endloop
  endfacet
  facet normal 0 0 -1
    outer loop
      vertex 1.56865 3.78712 0.19
      vertex 1.60699 3.87971 0.19
      vertex 2.04959 3.54994 0.19
    endloop
  endfacet
  facet normal 0 0 -1
    outer loop
      vertex 1.56865 3.78712 0.19
      vertex 1.08688 4.05626 0.19
      vertex 1.60699 3.87971 0.19
    endloop
  endfacet
  facet normal 0 0 -1
    outer loop
      vertex 1.06099 3.95944 0.19
      vertex 1.08688 4.05626 0.19
      vertex 1.56865 3.78712 0.19
    endloop
  endfacet
  facet normal 0 0 -1
    outer loop
      vertex 1.06099 3.95944 0.19
      vertex 0.548172 4.16341 0.19
      vertex 1.08688 4.05626 0.19
    endloop
  endfacet
  facet normal 0 0 -1
    outer loop
      vertex 0.534973 4.06407 0.19
      vertex 0.548172 4.16341 0.19
      vertex 1.06099 3.95944 0.19
    endloop
  endfacet
  facet normal 0 0 -1
    outer loop
      vertex 0 4.09915 0.19
      vertex 0.548172 4.16341 0.19
      vertex 0.534973 4.06407 0.19
    endloop
  endfacet
  facet normal 0 0 -1
    outer loop
      vertex 0 4.09915 0.19
      vertex 0 4.19936 0.19
      vertex 0.548172 4.16341 0.19
    endloop
  endfacet
  facet normal 0 0 -1
    outer loop
      vertex -0.534973 4.06407 0.19
      vertex 0 4.19936 0.19
      vertex 0 4.09915 0.19
    endloop
  endfacet
  facet normal 0 0 -1
    outer loop
      vertex -0.534973 4.06407 0.19
      vertex -0.548172 4.16341 0.19
      vertex 0 4.19936 0.19
    endloop
  endfacet
  facet normal 0 0 -1
    outer loop
      vertex -1.06099 3.95944 0.19
      vertex -0.548172 4.16341 0.19
      vertex -0.534973 4.06407 0.19
    endloop
  endfacet
  facet normal 0 0 -1
    outer loop
      vertex -1.06099 3.95944 0.19
      vertex -1.08688 4.05626 0.19
      vertex -0.548172 4.16341 0.19
    endloop
  endfacet
  facet normal 0 0 -1
    outer loop
      vertex -1.56865 3.78712 0.19
      vertex -1.08688 4.05626 0.19
      vertex -1.06099 3.95944 0.19
    endloop
  endfacet
  facet normal 0 0 -1
    outer loop
      vertex -1.56865 3.78712 0.19
      vertex -1.60699 3.87971 0.19
      vertex -1.08688 4.05626 0.19
    endloop
  endfacet
  facet normal 0 0 -1
    outer loop
      vertex -2.04959 3.54994 0.19
      vertex -1.60699 3.87971 0.19
      vertex -1.56865 3.78712 0.19
    endloop
  endfacet
  facet normal 0 0 -1
    outer loop
      vertex -2.04959 3.54994 0.19
      vertex -2.0997 3.63673 0.19
      vertex -1.60699 3.87971 0.19
    endloop
  endfacet
  facet normal 0 0 -1
    outer loop
      vertex -2.49539 3.25208 0.19
      vertex -2.0997 3.63673 0.19
      vertex -2.04959 3.54994 0.19
    endloop
  endfacet
  facet normal 0 0 -1
    outer loop
      vertex -2.49539 3.25208 0.19
      vertex -2.55638 3.33159 0.19
      vertex -2.0997 3.63673 0.19
    endloop
  endfacet
  facet normal 0 0 -1
    outer loop
      vertex -2.89853 2.89853 0.19
      vertex -2.55638 3.33159 0.19
      vertex -2.49539 3.25208 0.19
    endloop
  endfacet
  facet normal 0 0 -1
    outer loop
      vertex -2.89853 2.89853 0.19
      vertex -2.96939 2.96939 0.19
      vertex -2.55638 3.33159 0.19
    endloop
  endfacet
  facet normal 0 0 -1
    outer loop
      vertex -3.25208 2.49539 0.19
      vertex -2.96939 2.96939 0.19
      vertex -2.89853 2.89853 0.19
    endloop
  endfacet
  facet normal 0 0 -1
    outer loop
      vertex -3.25208 2.49539 0.19
      vertex -3.33159 2.55638 0.19
      vertex -2.96939 2.96939 0.19
    endloop
  endfacet
  facet normal 0 0 -1
    outer loop
      vertex -3.54994 2.04959 0.19
      vertex -3.33159 2.55638 0.19
      vertex -3.25208 2.49539 0.19
    endloop
  endfacet
  facet normal 0 0 -1
    outer loop
      vertex -3.54994 2.04959 0.19
      vertex -3.63673 2.0997 0.19
      vertex -3.33159 2.55638 0.19
    endloop
  endfacet
  facet normal 0 0 -1
    outer loop
      vertex -3.78712 1.56865 0.19
      vertex -3.63673 2.0997 0.19
      vertex -3.54994 2.04959 0.19
    endloop
  endfacet
  facet normal 0 0 -1
    outer loop
      vertex -3.78712 1.56865 0.19
      vertex -3.87971 1.60699 0.19
      vertex -3.63673 2.0997 0.19
    endloop
  endfacet
  facet normal 0 0 -1
    outer loop
      vertex -3.95944 1.06099 0.19
      vertex -3.87971 1.60699 0.19
      vertex -3.78712 1.56865 0.19
    endloop
  endfacet
  facet normal 0 0 -1
    outer loop
      vertex -3.95944 1.06099 0.19
      vertex -4.05626 1.08688 0.19
      vertex -3.87971 1.60699 0.19
    endloop
  endfacet
  facet normal 0 0 -1
    outer loop
      vertex -4.06407 0.534973 0.19
      vertex -4.05626 1.08688 0.19
      vertex -3.95944 1.06099 0.19
    endloop
  endfacet
  facet normal 0 0 -1
    outer loop
      vertex -4.16341 0.548172 0.19
      vertex -4.06407 0.534973 0.19
      vertex -4.09915 0 0.19
    endloop
  endfacet
  facet normal 0 0 -1
    outer loop
      vertex -4.19936 0 0.19
      vertex -4.09915 0 0.19
      vertex -4.16341 -0.548172 0.19
    endloop
  endfacet
  facet normal 0 0 -1
    outer loop
      vertex -4.06407 0.534973 0.19
      vertex -4.16341 0.548172 0.19
      vertex -4.05626 1.08688 0.19
    endloop
  endfacet
  facet normal 0 0 -1
    outer loop
      vertex -4.09915 0 0.19
      vertex -4.19936 0 0.19
      vertex -4.16341 0.548172 0.19
    endloop
  endfacet
  facet normal -0.19508 0.980787 0
    outer loop
      vertex -0.548172 4.16341 0.19
      vertex -1.08688 4.05626 0.290001
      vertex -0.548172 4.16341 0.290001
    endloop
  endfacet
  facet normal -0.19508 0.980787 0
    outer loop
      vertex -1.08688 4.05626 0.290001
      vertex -0.548172 4.16341 0.19
      vertex -1.08688 4.05626 0.19
    endloop
  endfacet
  facet normal 0.980787 0.19508 0
    outer loop
      vertex 4.16341 0.548172 0.290001
      vertex 4.05626 1.08688 0.19
      vertex 4.05626 1.08688 0.290001
    endloop
  endfacet
  facet normal 0.980787 0.19508 0
    outer loop
      vertex 4.05626 1.08688 0.19
      vertex 4.16341 0.548172 0.290001
      vertex 4.16341 0.548172 0.19
    endloop
  endfacet
  facet normal 0.896871 -0.442292 0
    outer loop
      vertex 3.63673 -2.0997 0.290001
      vertex 3.87971 -1.60699 0.19
      vertex 3.87971 -1.60699 0.290001
    endloop
  endfacet
  facet normal 0.896871 -0.442292 0
    outer loop
      vertex 3.87971 -1.60699 0.19
      vertex 3.63673 -2.0997 0.290001
      vertex 3.63673 -2.0997 0.19
    endloop
  endfacet
  facet normal -0.659346 -0.75184 0
    outer loop
      vertex -2.96939 -2.96939 0.19
      vertex -2.55638 -3.33159 0.290001
      vertex -2.96939 -2.96939 0.290001
    endloop
  endfacet
  facet normal -0.659346 -0.75184 -0
    outer loop
      vertex -2.55638 -3.33159 0.290001
      vertex -2.96939 -2.96939 0.19
      vertex -2.55638 -3.33159 0.19
    endloop
  endfacet
  facet normal -0.065441 -0.997856 0
    outer loop
      vertex -0.548172 -4.16341 0.19
      vertex 0 -4.19936 0.290001
      vertex -0.548172 -4.16341 0.290001
    endloop
  endfacet
  facet normal -0.065441 -0.997856 -0
    outer loop
      vertex 0 -4.19936 0.290001
      vertex -0.548172 -4.16341 0.19
      vertex 0 -4.19936 0.19
    endloop
  endfacet
  facet normal -0.19508 -0.980787 0
    outer loop
      vertex -1.08688 -4.05626 0.19
      vertex -0.548172 -4.16341 0.290001
      vertex -1.08688 -4.05626 0.290001
    endloop
  endfacet
  facet normal -0.19508 -0.980787 -0
    outer loop
      vertex -0.548172 -4.16341 0.290001
      vertex -1.08688 -4.05626 0.19
      vertex -0.548172 -4.16341 0.19
    endloop
  endfacet
  facet normal -0.75184 0.659346 0
    outer loop
      vertex -3.33159 2.55638 0.19
      vertex -2.96939 2.96939 0.290001
      vertex -2.96939 2.96939 0.19
    endloop
  endfacet
  facet normal -0.75184 0.659346 0
    outer loop
      vertex -2.96939 2.96939 0.290001
      vertex -3.33159 2.55638 0.19
      vertex -3.33159 2.55638 0.290001
    endloop
  endfacet
  facet normal -0.75184 -0.659346 0
    outer loop
      vertex -2.96939 -2.96939 0.19
      vertex -3.33159 -2.55638 0.290001
      vertex -3.33159 -2.55638 0.19
    endloop
  endfacet
  facet normal -0.75184 -0.659346 0
    outer loop
      vertex -3.33159 -2.55638 0.290001
      vertex -2.96939 -2.96939 0.19
      vertex -2.96939 -2.96939 0.290001
    endloop
  endfacet
  facet normal -0.896871 0.442292 0
    outer loop
      vertex -3.87971 1.60699 0.19
      vertex -3.63673 2.0997 0.290001
      vertex -3.63673 2.0997 0.19
    endloop
  endfacet
  facet normal -0.896871 0.442292 0
    outer loop
      vertex -3.63673 2.0997 0.290001
      vertex -3.87971 1.60699 0.19
      vertex -3.87971 1.60699 0.290001
    endloop
  endfacet
  facet normal -0.997856 0.065441 0
    outer loop
      vertex -4.19936 0 0.19
      vertex -4.16341 0.548172 0.290001
      vertex -4.16341 0.548172 0.19
    endloop
  endfacet
  facet normal -0.997856 0.065441 0
    outer loop
      vertex -4.16341 0.548172 0.290001
      vertex -4.19936 0 0.19
      vertex -4.19936 0 0.290001
    endloop
  endfacet
  facet normal -0.442292 -0.896871 0
    outer loop
      vertex -2.0997 -3.63673 0.19
      vertex -1.60699 -3.87971 0.290001
      vertex -2.0997 -3.63673 0.290001
    endloop
  endfacet
  facet normal -0.442292 -0.896871 -0
    outer loop
      vertex -1.60699 -3.87971 0.290001
      vertex -2.0997 -3.63673 0.19
      vertex -1.60699 -3.87971 0.19
    endloop
  endfacet
  facet normal -0.896871 -0.442292 0
    outer loop
      vertex -3.63673 -2.0997 0.19
      vertex -3.87971 -1.60699 0.290001
      vertex -3.87971 -1.60699 0.19
    endloop
  endfacet
  facet normal -0.896871 -0.442292 0
    outer loop
      vertex -3.87971 -1.60699 0.290001
      vertex -3.63673 -2.0997 0.19
      vertex -3.63673 -2.0997 0.290001
    endloop
  endfacet
  facet normal 0.555565 0.831473 -0
    outer loop
      vertex 2.55638 3.33159 0.19
      vertex 2.0997 3.63673 0.290001
      vertex 2.55638 3.33159 0.290001
    endloop
  endfacet
  facet normal 0.555565 0.831473 0
    outer loop
      vertex 2.0997 3.63673 0.290001
      vertex 2.55638 3.33159 0.19
      vertex 2.0997 3.63673 0.19
    endloop
  endfacet
  facet normal 0.659346 0.75184 -0
    outer loop
      vertex 2.96939 2.96939 0.19
      vertex 2.55638 3.33159 0.290001
      vertex 2.96939 2.96939 0.290001
    endloop
  endfacet
  facet normal 0.659346 0.75184 0
    outer loop
      vertex 2.55638 3.33159 0.290001
      vertex 2.96939 2.96939 0.19
      vertex 2.55638 3.33159 0.19
    endloop
  endfacet
  facet normal 0.831473 -0.555565 0
    outer loop
      vertex 3.33159 -2.55638 0.290001
      vertex 3.63673 -2.0997 0.19
      vertex 3.63673 -2.0997 0.290001
    endloop
  endfacet
  facet normal 0.831473 -0.555565 0
    outer loop
      vertex 3.63673 -2.0997 0.19
      vertex 3.33159 -2.55638 0.290001
      vertex 3.33159 -2.55638 0.19
    endloop
  endfacet
  facet normal 0.75184 0.659346 0
    outer loop
      vertex 3.33159 2.55638 0.290001
      vertex 2.96939 2.96939 0.19
      vertex 2.96939 2.96939 0.290001
    endloop
  endfacet
  facet normal 0.75184 0.659346 0
    outer loop
      vertex 2.96939 2.96939 0.19
      vertex 3.33159 2.55638 0.290001
      vertex 3.33159 2.55638 0.19
    endloop
  endfacet
  facet normal 0.980787 -0.19508 0
    outer loop
      vertex 4.05626 -1.08688 0.290001
      vertex 4.16341 -0.548172 0.19
      vertex 4.16341 -0.548172 0.290001
    endloop
  endfacet
  facet normal 0.980787 -0.19508 0
    outer loop
      vertex 4.16341 -0.548172 0.19
      vertex 4.05626 -1.08688 0.290001
      vertex 4.05626 -1.08688 0.19
    endloop
  endfacet
  facet normal -0.831473 -0.555565 0
    outer loop
      vertex -3.33159 -2.55638 0.19
      vertex -3.63673 -2.0997 0.290001
      vertex -3.63673 -2.0997 0.19
    endloop
  endfacet
  facet normal -0.831473 -0.555565 0
    outer loop
      vertex -3.63673 -2.0997 0.290001
      vertex -3.33159 -2.55638 0.19
      vertex -3.33159 -2.55638 0.290001
    endloop
  endfacet
  facet normal -0.831482 -0.555552 0
    outer loop
      vertex -3.25208 -2.49539 0.0900001
      vertex -3.54994 -2.04959 0.19
      vertex -3.54994 -2.04959 0.0900001
    endloop
  endfacet
  facet normal -0.831482 -0.555552 0
    outer loop
      vertex -3.54994 -2.04959 0.19
      vertex -3.25208 -2.49539 0.0900001
      vertex -3.25208 -2.49539 0.19
    endloop
  endfacet
  facet normal 0.321427 0.946934 -0
    outer loop
      vertex 1.56865 3.78712 0.0900001
      vertex 1.06099 3.95944 0.19
      vertex 1.56865 3.78712 0.19
    endloop
  endfacet
  facet normal 0.321427 0.946934 0
    outer loop
      vertex 1.06099 3.95944 0.19
      vertex 1.56865 3.78712 0.0900001
      vertex 1.06099 3.95944 0.0900001
    endloop
  endfacet
  facet normal -0.659352 0.751835 0
    outer loop
      vertex -2.49539 3.25208 0.0900001
      vertex -2.89853 2.89853 0.19
      vertex -2.49539 3.25208 0.19
    endloop
  endfacet
  facet normal -0.659352 0.751835 0
    outer loop
      vertex -2.89853 2.89853 0.19
      vertex -2.49539 3.25208 0.0900001
      vertex -2.89853 2.89853 0.0900001
    endloop
  endfacet
  facet normal 0.751835 0.659352 0
    outer loop
      vertex 3.25208 2.49539 0.19
      vertex 2.89853 2.89853 0.0900001
      vertex 2.89853 2.89853 0.19
    endloop
  endfacet
  facet normal 0.751835 0.659352 0
    outer loop
      vertex 2.89853 2.89853 0.0900001
      vertex 3.25208 2.49539 0.19
      vertex 3.25208 2.49539 0.0900001
    endloop
  endfacet
  facet normal 0.751835 -0.659352 0
    outer loop
      vertex 2.89853 -2.89853 0.19
      vertex 3.25208 -2.49539 0.0900001
      vertex 3.25208 -2.49539 0.19
    endloop
  endfacet
  facet normal 0.751835 -0.659352 0
    outer loop
      vertex 3.25208 -2.49539 0.0900001
      vertex 2.89853 -2.89853 0.19
      vertex 2.89853 -2.89853 0.0900001
    endloop
  endfacet
  facet normal 0.946934 0.321427 0
    outer loop
      vertex 3.95944 1.06099 0.19
      vertex 3.78712 1.56865 0.0900001
      vertex 3.78712 1.56865 0.19
    endloop
  endfacet
  facet normal 0.946934 0.321427 0
    outer loop
      vertex 3.78712 1.56865 0.0900001
      vertex 3.95944 1.06099 0.19
      vertex 3.95944 1.06099 0.0900001
    endloop
  endfacet
  facet normal -0.980786 -0.195088 0
    outer loop
      vertex -3.95944 -1.06099 0.0900001
      vertex -4.06407 -0.534973 0.19
      vertex -4.06407 -0.534973 0.0900001
    endloop
  endfacet
  facet normal -0.980786 -0.195088 0
    outer loop
      vertex -4.06407 -0.534973 0.19
      vertex -3.95944 -1.06099 0.0900001
      vertex -3.95944 -1.06099 0.19
    endloop
  endfacet
  facet normal 0.997857 -0.0654329 0
    outer loop
      vertex 4.06407 -0.534973 0.19
      vertex 4.09915 0 0.0900001
      vertex 4.09915 0 0.19
    endloop
  endfacet
  facet normal 0.997857 -0.0654329 0
    outer loop
      vertex 4.09915 0 0.0900001
      vertex 4.06407 -0.534973 0.19
      vertex 4.06407 -0.534973 0.0900001
    endloop
  endfacet
  facet normal -0.321427 0.946934 0
    outer loop
      vertex -1.06099 3.95944 0.0900001
      vertex -1.56865 3.78712 0.19
      vertex -1.06099 3.95944 0.19
    endloop
  endfacet
  facet normal -0.321427 0.946934 0
    outer loop
      vertex -1.56865 3.78712 0.19
      vertex -1.06099 3.95944 0.0900001
      vertex -1.56865 3.78712 0.0900001
    endloop
  endfacet
  facet normal -0.946934 -0.321427 0
    outer loop
      vertex -3.78712 -1.56865 0.0900001
      vertex -3.95944 -1.06099 0.19
      vertex -3.95944 -1.06099 0.0900001
    endloop
  endfacet
  facet normal -0.946934 -0.321427 0
    outer loop
      vertex -3.95944 -1.06099 0.19
      vertex -3.78712 -1.56865 0.0900001
      vertex -3.78712 -1.56865 0.19
    endloop
  endfacet
  facet normal -0.946934 0.321427 0
    outer loop
      vertex -3.95944 1.06099 0.0900001
      vertex -3.78712 1.56865 0.19
      vertex -3.78712 1.56865 0.0900001
    endloop
  endfacet
  facet normal -0.946934 0.321427 0
    outer loop
      vertex -3.78712 1.56865 0.19
      vertex -3.95944 1.06099 0.0900001
      vertex -3.95944 1.06099 0.19
    endloop
  endfacet
  facet normal 0.555552 0.831482 -0
    outer loop
      vertex 2.49539 3.25208 0.0900001
      vertex 2.04959 3.54994 0.19
      vertex 2.49539 3.25208 0.19
    endloop
  endfacet
  facet normal 0.555552 0.831482 0
    outer loop
      vertex 2.04959 3.54994 0.19
      vertex 2.49539 3.25208 0.0900001
      vertex 2.04959 3.54994 0.0900001
    endloop
  endfacet
  facet normal 0.659352 -0.751835 0
    outer loop
      vertex 2.49539 -3.25208 0.0900001
      vertex 2.89853 -2.89853 0.19
      vertex 2.49539 -3.25208 0.19
    endloop
  endfacet
  facet normal 0.659352 -0.751835 0
    outer loop
      vertex 2.89853 -2.89853 0.19
      vertex 2.49539 -3.25208 0.0900001
      vertex 2.89853 -2.89853 0.0900001
    endloop
  endfacet
  facet normal 0.980786 0.195088 0
    outer loop
      vertex 4.06407 0.534973 0.19
      vertex 3.95944 1.06099 0.0900001
      vertex 3.95944 1.06099 0.19
    endloop
  endfacet
  facet normal 0.980786 0.195088 0
    outer loop
      vertex 3.95944 1.06099 0.0900001
      vertex 4.06407 0.534973 0.19
      vertex 4.06407 0.534973 0.0900001
    endloop
  endfacet
  facet normal -0.896868 0.442299 0
    outer loop
      vertex -3.78712 1.56865 0.0900001
      vertex -3.54994 2.04959 0.19
      vertex -3.54994 2.04959 0.0900001
    endloop
  endfacet
  facet normal -0.896868 0.442299 0
    outer loop
      vertex -3.54994 2.04959 0.19
      vertex -3.78712 1.56865 0.0900001
      vertex -3.78712 1.56865 0.19
    endloop
  endfacet
  facet normal 0.896868 -0.442299 0
    outer loop
      vertex 3.54994 -2.04959 0.19
      vertex 3.78712 -1.56865 0.0900001
      vertex 3.78712 -1.56865 0.19
    endloop
  endfacet
  facet normal 0.896868 -0.442299 0
    outer loop
      vertex 3.78712 -1.56865 0.0900001
      vertex 3.54994 -2.04959 0.19
      vertex 3.54994 -2.04959 0.0900001
    endloop
  endfacet
  facet normal -0.442299 0.896868 0
    outer loop
      vertex -1.56865 3.78712 0.0900001
      vertex -2.04959 3.54994 0.19
      vertex -1.56865 3.78712 0.19
    endloop
  endfacet
  facet normal -0.442299 0.896868 0
    outer loop
      vertex -2.04959 3.54994 0.19
      vertex -1.56865 3.78712 0.0900001
      vertex -2.04959 3.54994 0.0900001
    endloop
  endfacet
  facet normal -0.980786 0.195088 0
    outer loop
      vertex -4.06407 0.534973 0.0900001
      vertex -3.95944 1.06099 0.19
      vertex -3.95944 1.06099 0.0900001
    endloop
  endfacet
  facet normal -0.980786 0.195088 0
    outer loop
      vertex -3.95944 1.06099 0.19
      vertex -4.06407 0.534973 0.0900001
      vertex -4.06407 0.534973 0.19
    endloop
  endfacet
  facet normal 0.442299 -0.896868 0
    outer loop
      vertex 1.56865 -3.78712 0.0900001
      vertex 2.04959 -3.54994 0.19
      vertex 1.56865 -3.78712 0.19
    endloop
  endfacet
  facet normal 0.442299 -0.896868 0
    outer loop
      vertex 2.04959 -3.54994 0.19
      vertex 1.56865 -3.78712 0.0900001
      vertex 2.04959 -3.54994 0.0900001
    endloop
  endfacet
  facet normal -0.442299 -0.896868 0
    outer loop
      vertex -2.04959 -3.54994 0.0900001
      vertex -1.56865 -3.78712 0.19
      vertex -2.04959 -3.54994 0.19
    endloop
  endfacet
  facet normal -0.442299 -0.896868 -0
    outer loop
      vertex -1.56865 -3.78712 0.19
      vertex -2.04959 -3.54994 0.0900001
      vertex -1.56865 -3.78712 0.0900001
    endloop
  endfacet
  facet normal 0.946934 -0.321427 0
    outer loop
      vertex 3.78712 -1.56865 0.19
      vertex 3.95944 -1.06099 0.0900001
      vertex 3.95944 -1.06099 0.19
    endloop
  endfacet
  facet normal 0.946934 -0.321427 0
    outer loop
      vertex 3.95944 -1.06099 0.0900001
      vertex 3.78712 -1.56865 0.19
      vertex 3.78712 -1.56865 0.0900001
    endloop
  endfacet
  facet normal -0.555552 0.831482 0
    outer loop
      vertex -2.04959 3.54994 0.0900001
      vertex -2.49539 3.25208 0.19
      vertex -2.04959 3.54994 0.19
    endloop
  endfacet
  facet normal -0.555552 0.831482 0
    outer loop
      vertex -2.49539 3.25208 0.19
      vertex -2.04959 3.54994 0.0900001
      vertex -2.49539 3.25208 0.0900001
    endloop
  endfacet
  facet normal 0.442299 0.896868 -0
    outer loop
      vertex 2.04959 3.54994 0.0900001
      vertex 1.56865 3.78712 0.19
      vertex 2.04959 3.54994 0.19
    endloop
  endfacet
  facet normal 0.442299 0.896868 0
    outer loop
      vertex 1.56865 3.78712 0.19
      vertex 2.04959 3.54994 0.0900001
      vertex 1.56865 3.78712 0.0900001
    endloop
  endfacet
  facet normal -0.321427 -0.946934 0
    outer loop
      vertex -1.56865 -3.78712 0.0900001
      vertex -1.06099 -3.95944 0.19
      vertex -1.56865 -3.78712 0.19
    endloop
  endfacet
  facet normal -0.321427 -0.946934 -0
    outer loop
      vertex -1.06099 -3.95944 0.19
      vertex -1.56865 -3.78712 0.0900001
      vertex -1.06099 -3.95944 0.0900001
    endloop
  endfacet
  facet normal 0.997857 0.0654329 0
    outer loop
      vertex 4.09915 0 0.19
      vertex 4.06407 0.534973 0.0900001
      vertex 4.06407 0.534973 0.19
    endloop
  endfacet
  facet normal 0.997857 0.0654329 0
    outer loop
      vertex 4.06407 0.534973 0.0900001
      vertex 4.09915 0 0.19
      vertex 4.09915 0 0.0900001
    endloop
  endfacet
  facet normal 0.659352 0.751835 -0
    outer loop
      vertex 2.89853 2.89853 0.0900001
      vertex 2.49539 3.25208 0.19
      vertex 2.89853 2.89853 0.19
    endloop
  endfacet
  facet normal 0.659352 0.751835 0
    outer loop
      vertex 2.49539 3.25208 0.19
      vertex 2.89853 2.89853 0.0900001
      vertex 2.49539 3.25208 0.0900001
    endloop
  endfacet
  facet normal 0.896868 0.442299 0
    outer loop
      vertex 3.78712 1.56865 0.19
      vertex 3.54994 2.04959 0.0900001
      vertex 3.54994 2.04959 0.19
    endloop
  endfacet
  facet normal 0.896868 0.442299 0
    outer loop
      vertex 3.54994 2.04959 0.0900001
      vertex 3.78712 1.56865 0.19
      vertex 3.78712 1.56865 0.0900001
    endloop
  endfacet
  facet normal -0.659352 -0.751835 0
    outer loop
      vertex -2.89853 -2.89853 0.0900001
      vertex -2.49539 -3.25208 0.19
      vertex -2.89853 -2.89853 0.19
    endloop
  endfacet
  facet normal -0.659352 -0.751835 -0
    outer loop
      vertex -2.49539 -3.25208 0.19
      vertex -2.89853 -2.89853 0.0900001
      vertex -2.49539 -3.25208 0.0900001
    endloop
  endfacet
  facet normal 0.321427 -0.946934 0
    outer loop
      vertex 1.06099 -3.95944 0.0900001
      vertex 1.56865 -3.78712 0.19
      vertex 1.06099 -3.95944 0.19
    endloop
  endfacet
  facet normal 0.321427 -0.946934 0
    outer loop
      vertex 1.56865 -3.78712 0.19
      vertex 1.06099 -3.95944 0.0900001
      vertex 1.56865 -3.78712 0.0900001
    endloop
  endfacet
  facet normal -0.195088 -0.980786 0
    outer loop
      vertex -1.06099 -3.95944 0.0900001
      vertex -0.534973 -4.06407 0.19
      vertex -1.06099 -3.95944 0.19
    endloop
  endfacet
  facet normal -0.195088 -0.980786 -0
    outer loop
      vertex -0.534973 -4.06407 0.19
      vertex -1.06099 -3.95944 0.0900001
      vertex -0.534973 -4.06407 0.0900001
    endloop
  endfacet
  facet normal -0.195088 0.980786 0
    outer loop
      vertex -0.534973 4.06407 0.0900001
      vertex -1.06099 3.95944 0.19
      vertex -0.534973 4.06407 0.19
    endloop
  endfacet
  facet normal -0.195088 0.980786 0
    outer loop
      vertex -1.06099 3.95944 0.19
      vertex -0.534973 4.06407 0.0900001
      vertex -1.06099 3.95944 0.0900001
    endloop
  endfacet
  facet normal 0.831482 -0.555552 0
    outer loop
      vertex 3.25208 -2.49539 0.19
      vertex 3.54994 -2.04959 0.0900001
      vertex 3.54994 -2.04959 0.19
    endloop
  endfacet
  facet normal 0.831482 -0.555552 0
    outer loop
      vertex 3.54994 -2.04959 0.0900001
      vertex 3.25208 -2.49539 0.19
      vertex 3.25208 -2.49539 0.0900001
    endloop
  endfacet
  facet normal 0.0654329 0.997857 -0
    outer loop
      vertex 0.534973 4.06407 0.0900001
      vertex 0 4.09915 0.19
      vertex 0.534973 4.06407 0.19
    endloop
  endfacet
  facet normal 0.0654329 0.997857 0
    outer loop
      vertex 0 4.09915 0.19
      vertex 0.534973 4.06407 0.0900001
      vertex 0 4.09915 0.0900001
    endloop
  endfacet
  facet normal 0.831482 0.555552 0
    outer loop
      vertex 3.54994 2.04959 0.19
      vertex 3.25208 2.49539 0.0900001
      vertex 3.25208 2.49539 0.19
    endloop
  endfacet
  facet normal 0.831482 0.555552 0
    outer loop
      vertex 3.25208 2.49539 0.0900001
      vertex 3.54994 2.04959 0.19
      vertex 3.54994 2.04959 0.0900001
    endloop
  endfacet
  facet normal 0.195088 -0.980786 0
    outer loop
      vertex 0.534973 -4.06407 0.0900001
      vertex 1.06099 -3.95944 0.19
      vertex 0.534973 -4.06407 0.19
    endloop
  endfacet
  facet normal 0.195088 -0.980786 0
    outer loop
      vertex 1.06099 -3.95944 0.19
      vertex 0.534973 -4.06407 0.0900001
      vertex 1.06099 -3.95944 0.0900001
    endloop
  endfacet
  facet normal -0.831482 0.555552 0
    outer loop
      vertex -3.54994 2.04959 0.0900001
      vertex -3.25208 2.49539 0.19
      vertex -3.25208 2.49539 0.0900001
    endloop
  endfacet
  facet normal -0.831482 0.555552 0
    outer loop
      vertex -3.25208 2.49539 0.19
      vertex -3.54994 2.04959 0.0900001
      vertex -3.54994 2.04959 0.19
    endloop
  endfacet
  facet normal 0.195088 0.980786 -0
    outer loop
      vertex 1.06099 3.95944 0.0900001
      vertex 0.534973 4.06407 0.19
      vertex 1.06099 3.95944 0.19
    endloop
  endfacet
  facet normal 0.195088 0.980786 0
    outer loop
      vertex 0.534973 4.06407 0.19
      vertex 1.06099 3.95944 0.0900001
      vertex 0.534973 4.06407 0.0900001
    endloop
  endfacet
  facet normal -0.555552 -0.831482 0
    outer loop
      vertex -2.49539 -3.25208 0.0900001
      vertex -2.04959 -3.54994 0.19
      vertex -2.49539 -3.25208 0.19
    endloop
  endfacet
  facet normal -0.555552 -0.831482 -0
    outer loop
      vertex -2.04959 -3.54994 0.19
      vertex -2.49539 -3.25208 0.0900001
      vertex -2.04959 -3.54994 0.0900001
    endloop
  endfacet
  facet normal -0.896868 -0.442299 0
    outer loop
      vertex -3.54994 -2.04959 0.0900001
      vertex -3.78712 -1.56865 0.19
      vertex -3.78712 -1.56865 0.0900001
    endloop
  endfacet
  facet normal -0.896868 -0.442299 0
    outer loop
      vertex -3.78712 -1.56865 0.19
      vertex -3.54994 -2.04959 0.0900001
      vertex -3.54994 -2.04959 0.19
    endloop
  endfacet
  facet normal 0.555552 -0.831482 0
    outer loop
      vertex 2.04959 -3.54994 0.0900001
      vertex 2.49539 -3.25208 0.19
      vertex 2.04959 -3.54994 0.19
    endloop
  endfacet
  facet normal 0.555552 -0.831482 0
    outer loop
      vertex 2.49539 -3.25208 0.19
      vertex 2.04959 -3.54994 0.0900001
      vertex 2.49539 -3.25208 0.0900001
    endloop
  endfacet
  facet normal -0.751835 -0.659352 0
    outer loop
      vertex -2.89853 -2.89853 0.0900001
      vertex -3.25208 -2.49539 0.19
      vertex -3.25208 -2.49539 0.0900001
    endloop
  endfacet
  facet normal -0.751835 -0.659352 0
    outer loop
      vertex -3.25208 -2.49539 0.19
      vertex -2.89853 -2.89853 0.0900001
      vertex -2.89853 -2.89853 0.19
    endloop
  endfacet
  facet normal -0.997857 -0.0654329 0
    outer loop
      vertex -4.06407 -0.534973 0.0900001
      vertex -4.09915 0 0.19
      vertex -4.09915 0 0.0900001
    endloop
  endfacet
  facet normal -0.997857 -0.0654329 0
    outer loop
      vertex -4.09915 0 0.19
      vertex -4.06407 -0.534973 0.0900001
      vertex -4.06407 -0.534973 0.19
    endloop
  endfacet
  facet normal -0.0654329 -0.997857 0
    outer loop
      vertex -0.534973 -4.06407 0.0900001
      vertex 0 -4.09915 0.19
      vertex -0.534973 -4.06407 0.19
    endloop
  endfacet
  facet normal -0.0654329 -0.997857 -0
    outer loop
      vertex 0 -4.09915 0.19
      vertex -0.534973 -4.06407 0.0900001
      vertex 0 -4.09915 0.0900001
    endloop
  endfacet
  facet normal -0.0654329 0.997857 0
    outer loop
      vertex 0 4.09915 0.0900001
      vertex -0.534973 4.06407 0.19
      vertex 0 4.09915 0.19
    endloop
  endfacet
  facet normal -0.0654329 0.997857 0
    outer loop
      vertex -0.534973 4.06407 0.19
      vertex 0 4.09915 0.0900001
      vertex -0.534973 4.06407 0.0900001
    endloop
  endfacet
  facet normal -0.751835 0.659352 0
    outer loop
      vertex -3.25208 2.49539 0.0900001
      vertex -2.89853 2.89853 0.19
      vertex -2.89853 2.89853 0.0900001
    endloop
  endfacet
  facet normal -0.751835 0.659352 0
    outer loop
      vertex -2.89853 2.89853 0.19
      vertex -3.25208 2.49539 0.0900001
      vertex -3.25208 2.49539 0.19
    endloop
  endfacet
  facet normal 0.0654329 -0.997857 0
    outer loop
      vertex 0 -4.09915 0.0900001
      vertex 0.534973 -4.06407 0.19
      vertex 0 -4.09915 0.19
    endloop
  endfacet
  facet normal 0.0654329 -0.997857 0
    outer loop
      vertex 0.534973 -4.06407 0.19
      vertex 0 -4.09915 0.0900001
      vertex 0.534973 -4.06407 0.0900001
    endloop
  endfacet
  facet normal -0.997857 0.0654329 0
    outer loop
      vertex -4.09915 0 0.0900001
      vertex -4.06407 0.534973 0.19
      vertex -4.06407 0.534973 0.0900001
    endloop
  endfacet
  facet normal -0.997857 0.0654329 0
    outer loop
      vertex -4.06407 0.534973 0.19
      vertex -4.09915 0 0.0900001
      vertex -4.09915 0 0.19
    endloop
  endfacet
  facet normal 0.980786 -0.195088 0
    outer loop
      vertex 3.95944 -1.06099 0.19
      vertex 4.06407 -0.534973 0.0900001
      vertex 4.06407 -0.534973 0.19
    endloop
  endfacet
  facet normal 0.980786 -0.195088 0
    outer loop
      vertex 4.06407 -0.534973 0.0900001
      vertex 3.95944 -1.06099 0.19
      vertex 3.95944 -1.06099 0.0900001
    endloop
  endfacet
  facet normal 0 0 -1
    outer loop
      vertex 3.99892 0 0.0900001
      vertex 4.09915 0 0.0900001
      vertex 4.06407 -0.534973 0.0900001
    endloop
  endfacet
  facet normal 0 0 -1
    outer loop
      vertex 4.09915 0 0.0900001
      vertex 3.99892 0 0.0900001
      vertex 4.06407 0.534973 0.0900001
    endloop
  endfacet
  facet normal 0 0 -1
    outer loop
      vertex 4.06407 -0.534973 0.0900001
      vertex 3.96471 -0.521927 0.0900001
      vertex 3.99892 0 0.0900001
    endloop
  endfacet
  facet normal 0 0 -1
    outer loop
      vertex 3.95944 -1.06099 0.0900001
      vertex 3.96471 -0.521927 0.0900001
      vertex 4.06407 -0.534973 0.0900001
    endloop
  endfacet
  facet normal 0 0 -1
    outer loop
      vertex 3.95944 -1.06099 0.0900001
      vertex 3.86264 -1.03503 0.0900001
      vertex 3.96471 -0.521927 0.0900001
    endloop
  endfacet
  facet normal 0 0 -1
    outer loop
      vertex 3.78712 -1.56865 0.0900001
      vertex 3.86264 -1.03503 0.0900001
      vertex 3.95944 -1.06099 0.0900001
    endloop
  endfacet
  facet normal 0 0 -1
    outer loop
      vertex 3.78712 -1.56865 0.0900001
      vertex 3.69453 -1.53027 0.0900001
      vertex 3.86264 -1.03503 0.0900001
    endloop
  endfacet
  facet normal 0 0 -1
    outer loop
      vertex 3.54994 -2.04959 0.0900001
      vertex 3.69453 -1.53027 0.0900001
      vertex 3.78712 -1.56865 0.0900001
    endloop
  endfacet
  facet normal 0 0 -1
    outer loop
      vertex 3.54994 -2.04959 0.0900001
      vertex 3.46317 -1.99945 0.0900001
      vertex 3.69453 -1.53027 0.0900001
    endloop
  endfacet
  facet normal 0 0 -1
    outer loop
      vertex 3.25208 -2.49539 0.0900001
      vertex 3.46317 -1.99945 0.0900001
      vertex 3.54994 -2.04959 0.0900001
    endloop
  endfacet
  facet normal 0 0 -1
    outer loop
      vertex 3.25208 -2.49539 0.0900001
      vertex 3.1725 -2.43448 0.0900001
      vertex 3.46317 -1.99945 0.0900001
    endloop
  endfacet
  facet normal 0 0 -1
    outer loop
      vertex 2.89853 -2.89853 0.0900001
      vertex 3.1725 -2.43448 0.0900001
      vertex 3.25208 -2.49539 0.0900001
    endloop
  endfacet
  facet normal 0 0 -1
    outer loop
      vertex 2.89853 -2.89853 0.0900001
      vertex 2.82767 -2.82767 0.0900001
      vertex 3.1725 -2.43448 0.0900001
    endloop
  endfacet
  facet normal 0 0 -1
    outer loop
      vertex 2.49539 -3.25208 0.0900001
      vertex 2.82767 -2.82767 0.0900001
      vertex 2.89853 -2.89853 0.0900001
    endloop
  endfacet
  facet normal 0 0 -1
    outer loop
      vertex 2.49539 -3.25208 0.0900001
      vertex 2.43448 -3.1725 0.0900001
      vertex 2.82767 -2.82767 0.0900001
    endloop
  endfacet
  facet normal 0 0 -1
    outer loop
      vertex 2.04959 -3.54994 0.0900001
      vertex 2.43448 -3.1725 0.0900001
      vertex 2.49539 -3.25208 0.0900001
    endloop
  endfacet
  facet normal 0 0 -1
    outer loop
      vertex 2.04959 -3.54994 0.0900001
      vertex 1.99945 -3.46317 0.0900001
      vertex 2.43448 -3.1725 0.0900001
    endloop
  endfacet
  facet normal 0 0 -1
    outer loop
      vertex 1.56865 -3.78712 0.0900001
      vertex 1.99945 -3.46317 0.0900001
      vertex 2.04959 -3.54994 0.0900001
    endloop
  endfacet
  facet normal 0 0 -1
    outer loop
      vertex 1.56865 -3.78712 0.0900001
      vertex 1.53027 -3.69453 0.0900001
      vertex 1.99945 -3.46317 0.0900001
    endloop
  endfacet
  facet normal 0 0 -1
    outer loop
      vertex 1.06099 -3.95944 0.0900001
      vertex 1.53027 -3.69453 0.0900001
      vertex 1.56865 -3.78712 0.0900001
    endloop
  endfacet
  facet normal 0 0 -1
    outer loop
      vertex 1.06099 -3.95944 0.0900001
      vertex 1.03503 -3.86264 0.0900001
      vertex 1.53027 -3.69453 0.0900001
    endloop
  endfacet
  facet normal 0 0 -1
    outer loop
      vertex 0.534973 -4.06407 0.0900001
      vertex 1.03503 -3.86264 0.0900001
      vertex 1.06099 -3.95944 0.0900001
    endloop
  endfacet
  facet normal 0 0 -1
    outer loop
      vertex 0.534973 -4.06407 0.0900001
      vertex 0.521927 -3.96471 0.0900001
      vertex 1.03503 -3.86264 0.0900001
    endloop
  endfacet
  facet normal 0 0 -1
    outer loop
      vertex 0 -4.09915 0.0900001
      vertex 0.521927 -3.96471 0.0900001
      vertex 0.534973 -4.06407 0.0900001
    endloop
  endfacet
  facet normal 0 0 -1
    outer loop
      vertex 0 -4.09915 0.0900001
      vertex 0 -3.99892 0.0900001
      vertex 0.521927 -3.96471 0.0900001
    endloop
  endfacet
  facet normal 0 0 -1
    outer loop
      vertex 0 -4.09915 0.0900001
      vertex -0.521927 -3.96471 0.0900001
      vertex 0 -3.99892 0.0900001
    endloop
  endfacet
  facet normal 0 0 -1
    outer loop
      vertex -0.534973 -4.06407 0.0900001
      vertex -0.521927 -3.96471 0.0900001
      vertex 0 -4.09915 0.0900001
    endloop
  endfacet
  facet normal 0 0 -1
    outer loop
      vertex -0.534973 -4.06407 0.0900001
      vertex -1.03503 -3.86264 0.0900001
      vertex -0.521927 -3.96471 0.0900001
    endloop
  endfacet
  facet normal 0 0 -1
    outer loop
      vertex -1.06099 -3.95944 0.0900001
      vertex -1.03503 -3.86264 0.0900001
      vertex -0.534973 -4.06407 0.0900001
    endloop
  endfacet
  facet normal 0 0 -1
    outer loop
      vertex -1.06099 -3.95944 0.0900001
      vertex -1.53027 -3.69453 0.0900001
      vertex -1.03503 -3.86264 0.0900001
    endloop
  endfacet
  facet normal 0 0 -1
    outer loop
      vertex -1.56865 -3.78712 0.0900001
      vertex -1.53027 -3.69453 0.0900001
      vertex -1.06099 -3.95944 0.0900001
    endloop
  endfacet
  facet normal 0 0 -1
    outer loop
      vertex -1.56865 -3.78712 0.0900001
      vertex -1.99945 -3.46317 0.0900001
      vertex -1.53027 -3.69453 0.0900001
    endloop
  endfacet
  facet normal 0 0 -1
    outer loop
      vertex -2.04959 -3.54994 0.0900001
      vertex -1.99945 -3.46317 0.0900001
      vertex -1.56865 -3.78712 0.0900001
    endloop
  endfacet
  facet normal 0 0 -1
    outer loop
      vertex -2.04959 -3.54994 0.0900001
      vertex -2.43448 -3.1725 0.0900001
      vertex -1.99945 -3.46317 0.0900001
    endloop
  endfacet
  facet normal 0 0 -1
    outer loop
      vertex -2.49539 -3.25208 0.0900001
      vertex -2.43448 -3.1725 0.0900001
      vertex -2.04959 -3.54994 0.0900001
    endloop
  endfacet
  facet normal 0 0 -1
    outer loop
      vertex -2.49539 -3.25208 0.0900001
      vertex -2.82767 -2.82767 0.0900001
      vertex -2.43448 -3.1725 0.0900001
    endloop
  endfacet
  facet normal 0 0 -1
    outer loop
      vertex -2.89853 -2.89853 0.0900001
      vertex -2.82767 -2.82767 0.0900001
      vertex -2.49539 -3.25208 0.0900001
    endloop
  endfacet
  facet normal 0 0 -1
    outer loop
      vertex -2.89853 -2.89853 0.0900001
      vertex -3.1725 -2.43448 0.0900001
      vertex -2.82767 -2.82767 0.0900001
    endloop
  endfacet
  facet normal 0 0 -1
    outer loop
      vertex -3.25208 -2.49539 0.0900001
      vertex -3.1725 -2.43448 0.0900001
      vertex -2.89853 -2.89853 0.0900001
    endloop
  endfacet
  facet normal 0 0 -1
    outer loop
      vertex -3.25208 -2.49539 0.0900001
      vertex -3.46317 -1.99945 0.0900001
      vertex -3.1725 -2.43448 0.0900001
    endloop
  endfacet
  facet normal 0 0 -1
    outer loop
      vertex -3.54994 -2.04959 0.0900001
      vertex -3.46317 -1.99945 0.0900001
      vertex -3.25208 -2.49539 0.0900001
    endloop
  endfacet
  facet normal 0 0 -1
    outer loop
      vertex -3.54994 -2.04959 0.0900001
      vertex -3.69453 -1.53027 0.0900001
      vertex -3.46317 -1.99945 0.0900001
    endloop
  endfacet
  facet normal 0 0 -1
    outer loop
      vertex -3.78712 -1.56865 0.0900001
      vertex -3.69453 -1.53027 0.0900001
      vertex -3.54994 -2.04959 0.0900001
    endloop
  endfacet
  facet normal 0 0 -1
    outer loop
      vertex -3.78712 -1.56865 0.0900001
      vertex -3.86264 -1.03503 0.0900001
      vertex -3.69453 -1.53027 0.0900001
    endloop
  endfacet
  facet normal 0 0 -1
    outer loop
      vertex -3.95944 -1.06099 0.0900001
      vertex -3.86264 -1.03503 0.0900001
      vertex -3.78712 -1.56865 0.0900001
    endloop
  endfacet
  facet normal 0 0 -1
    outer loop
      vertex -3.95944 -1.06099 0.0900001
      vertex -3.96471 -0.521927 0.0900001
      vertex -3.86264 -1.03503 0.0900001
    endloop
  endfacet
  facet normal 0 0 -1
    outer loop
      vertex -4.06407 -0.534973 0.0900001
      vertex -3.96471 -0.521927 0.0900001
      vertex -3.95944 -1.06099 0.0900001
    endloop
  endfacet
  facet normal -0 0 -1
    outer loop
      vertex -3.96471 -0.521927 0.0900001
      vertex -4.06407 -0.534973 0.0900001
      vertex -3.99892 0 0.0900001
    endloop
  endfacet
  facet normal 0 0 -1
    outer loop
      vertex 3.96471 0.521927 0.0900001
      vertex 4.06407 0.534973 0.0900001
      vertex 3.99892 0 0.0900001
    endloop
  endfacet
  facet normal 0 0 -1
    outer loop
      vertex 3.96471 0.521927 0.0900001
      vertex 3.95944 1.06099 0.0900001
      vertex 4.06407 0.534973 0.0900001
    endloop
  endfacet
  facet normal 0 0 -1
    outer loop
      vertex 3.86264 1.03503 0.0900001
      vertex 3.95944 1.06099 0.0900001
      vertex 3.96471 0.521927 0.0900001
    endloop
  endfacet
  facet normal 0 0 -1
    outer loop
      vertex 3.86264 1.03503 0.0900001
      vertex 3.78712 1.56865 0.0900001
      vertex 3.95944 1.06099 0.0900001
    endloop
  endfacet
  facet normal 0 0 -1
    outer loop
      vertex 3.69453 1.53027 0.0900001
      vertex 3.78712 1.56865 0.0900001
      vertex 3.86264 1.03503 0.0900001
    endloop
  endfacet
  facet normal 0 0 -1
    outer loop
      vertex 3.69453 1.53027 0.0900001
      vertex 3.54994 2.04959 0.0900001
      vertex 3.78712 1.56865 0.0900001
    endloop
  endfacet
  facet normal 0 0 -1
    outer loop
      vertex 3.46317 1.99945 0.0900001
      vertex 3.54994 2.04959 0.0900001
      vertex 3.69453 1.53027 0.0900001
    endloop
  endfacet
  facet normal 0 0 -1
    outer loop
      vertex 3.46317 1.99945 0.0900001
      vertex 3.25208 2.49539 0.0900001
      vertex 3.54994 2.04959 0.0900001
    endloop
  endfacet
  facet normal 0 0 -1
    outer loop
      vertex 3.1725 2.43448 0.0900001
      vertex 3.25208 2.49539 0.0900001
      vertex 3.46317 1.99945 0.0900001
    endloop
  endfacet
  facet normal 0 0 -1
    outer loop
      vertex 3.1725 2.43448 0.0900001
      vertex 2.89853 2.89853 0.0900001
      vertex 3.25208 2.49539 0.0900001
    endloop
  endfacet
  facet normal 0 0 -1
    outer loop
      vertex 2.82767 2.82767 0.0900001
      vertex 2.89853 2.89853 0.0900001
      vertex 3.1725 2.43448 0.0900001
    endloop
  endfacet
  facet normal 0 0 -1
    outer loop
      vertex 2.82767 2.82767 0.0900001
      vertex 2.49539 3.25208 0.0900001
      vertex 2.89853 2.89853 0.0900001
    endloop
  endfacet
  facet normal 0 0 -1
    outer loop
      vertex 2.43448 3.1725 0.0900001
      vertex 2.49539 3.25208 0.0900001
      vertex 2.82767 2.82767 0.0900001
    endloop
  endfacet
  facet normal 0 0 -1
    outer loop
      vertex 2.43448 3.1725 0.0900001
      vertex 2.04959 3.54994 0.0900001
      vertex 2.49539 3.25208 0.0900001
    endloop
  endfacet
  facet normal 0 0 -1
    outer loop
      vertex 1.99945 3.46317 0.0900001
      vertex 2.04959 3.54994 0.0900001
      vertex 2.43448 3.1725 0.0900001
    endloop
  endfacet
  facet normal 0 0 -1
    outer loop
      vertex 1.99945 3.46317 0.0900001
      vertex 1.56865 3.78712 0.0900001
      vertex 2.04959 3.54994 0.0900001
    endloop
  endfacet
  facet normal 0 0 -1
    outer loop
      vertex 1.53027 3.69453 0.0900001
      vertex 1.56865 3.78712 0.0900001
      vertex 1.99945 3.46317 0.0900001
    endloop
  endfacet
  facet normal 0 0 -1
    outer loop
      vertex 1.53027 3.69453 0.0900001
      vertex 1.06099 3.95944 0.0900001
      vertex 1.56865 3.78712 0.0900001
    endloop
  endfacet
  facet normal 0 0 -1
    outer loop
      vertex 1.03503 3.86264 0.0900001
      vertex 1.06099 3.95944 0.0900001
      vertex 1.53027 3.69453 0.0900001
    endloop
  endfacet
  facet normal 0 0 -1
    outer loop
      vertex 1.03503 3.86264 0.0900001
      vertex 0.534973 4.06407 0.0900001
      vertex 1.06099 3.95944 0.0900001
    endloop
  endfacet
  facet normal 0 0 -1
    outer loop
      vertex 0.521927 3.96471 0.0900001
      vertex 0.534973 4.06407 0.0900001
      vertex 1.03503 3.86264 0.0900001
    endloop
  endfacet
  facet normal 0 0 -1
    outer loop
      vertex 0 3.99892 0.0900001
      vertex 0.534973 4.06407 0.0900001
      vertex 0.521927 3.96471 0.0900001
    endloop
  endfacet
  facet normal 0 0 -1
    outer loop
      vertex 0 3.99892 0.0900001
      vertex 0 4.09915 0.0900001
      vertex 0.534973 4.06407 0.0900001
    endloop
  endfacet
  facet normal 0 0 -1
    outer loop
      vertex -0.521927 3.96471 0.0900001
      vertex 0 4.09915 0.0900001
      vertex 0 3.99892 0.0900001
    endloop
  endfacet
  facet normal 0 0 -1
    outer loop
      vertex -0.521927 3.96471 0.0900001
      vertex -0.534973 4.06407 0.0900001
      vertex 0 4.09915 0.0900001
    endloop
  endfacet
  facet normal 0 0 -1
    outer loop
      vertex -1.03503 3.86264 0.0900001
      vertex -0.534973 4.06407 0.0900001
      vertex -0.521927 3.96471 0.0900001
    endloop
  endfacet
  facet normal 0 0 -1
    outer loop
      vertex -1.03503 3.86264 0.0900001
      vertex -1.06099 3.95944 0.0900001
      vertex -0.534973 4.06407 0.0900001
    endloop
  endfacet
  facet normal 0 0 -1
    outer loop
      vertex -1.53027 3.69453 0.0900001
      vertex -1.06099 3.95944 0.0900001
      vertex -1.03503 3.86264 0.0900001
    endloop
  endfacet
  facet normal 0 0 -1
    outer loop
      vertex -1.53027 3.69453 0.0900001
      vertex -1.56865 3.78712 0.0900001
      vertex -1.06099 3.95944 0.0900001
    endloop
  endfacet
  facet normal 0 0 -1
    outer loop
      vertex -1.99945 3.46317 0.0900001
      vertex -1.56865 3.78712 0.0900001
      vertex -1.53027 3.69453 0.0900001
    endloop
  endfacet
  facet normal 0 0 -1
    outer loop
      vertex -1.99945 3.46317 0.0900001
      vertex -2.04959 3.54994 0.0900001
      vertex -1.56865 3.78712 0.0900001
    endloop
  endfacet
  facet normal 0 0 -1
    outer loop
      vertex -2.43448 3.1725 0.0900001
      vertex -2.04959 3.54994 0.0900001
      vertex -1.99945 3.46317 0.0900001
    endloop
  endfacet
  facet normal 0 0 -1
    outer loop
      vertex -2.43448 3.1725 0.0900001
      vertex -2.49539 3.25208 0.0900001
      vertex -2.04959 3.54994 0.0900001
    endloop
  endfacet
  facet normal 0 0 -1
    outer loop
      vertex -2.82767 2.82767 0.0900001
      vertex -2.49539 3.25208 0.0900001
      vertex -2.43448 3.1725 0.0900001
    endloop
  endfacet
  facet normal 0 0 -1
    outer loop
      vertex -2.82767 2.82767 0.0900001
      vertex -2.89853 2.89853 0.0900001
      vertex -2.49539 3.25208 0.0900001
    endloop
  endfacet
  facet normal 0 0 -1
    outer loop
      vertex -3.1725 2.43448 0.0900001
      vertex -2.89853 2.89853 0.0900001
      vertex -2.82767 2.82767 0.0900001
    endloop
  endfacet
  facet normal 0 0 -1
    outer loop
      vertex -3.1725 2.43448 0.0900001
      vertex -3.25208 2.49539 0.0900001
      vertex -2.89853 2.89853 0.0900001
    endloop
  endfacet
  facet normal 0 0 -1
    outer loop
      vertex -3.46317 1.99945 0.0900001
      vertex -3.25208 2.49539 0.0900001
      vertex -3.1725 2.43448 0.0900001
    endloop
  endfacet
  facet normal 0 0 -1
    outer loop
      vertex -3.46317 1.99945 0.0900001
      vertex -3.54994 2.04959 0.0900001
      vertex -3.25208 2.49539 0.0900001
    endloop
  endfacet
  facet normal 0 0 -1
    outer loop
      vertex -3.69453 1.53027 0.0900001
      vertex -3.54994 2.04959 0.0900001
      vertex -3.46317 1.99945 0.0900001
    endloop
  endfacet
  facet normal 0 0 -1
    outer loop
      vertex -3.69453 1.53027 0.0900001
      vertex -3.78712 1.56865 0.0900001
      vertex -3.54994 2.04959 0.0900001
    endloop
  endfacet
  facet normal 0 0 -1
    outer loop
      vertex -3.86264 1.03503 0.0900001
      vertex -3.78712 1.56865 0.0900001
      vertex -3.69453 1.53027 0.0900001
    endloop
  endfacet
  facet normal 0 0 -1
    outer loop
      vertex -3.86264 1.03503 0.0900001
      vertex -3.95944 1.06099 0.0900001
      vertex -3.78712 1.56865 0.0900001
    endloop
  endfacet
  facet normal 0 0 -1
    outer loop
      vertex -3.96471 0.521927 0.0900001
      vertex -3.95944 1.06099 0.0900001
      vertex -3.86264 1.03503 0.0900001
    endloop
  endfacet
  facet normal 0 0 -1
    outer loop
      vertex -4.06407 0.534973 0.0900001
      vertex -3.96471 0.521927 0.0900001
      vertex -3.99892 0 0.0900001
    endloop
  endfacet
  facet normal 0 0 -1
    outer loop
      vertex -4.09915 0 0.0900001
      vertex -3.99892 0 0.0900001
      vertex -4.06407 -0.534973 0.0900001
    endloop
  endfacet
  facet normal 0 0 -1
    outer loop
      vertex -3.96471 0.521927 0.0900001
      vertex -4.06407 0.534973 0.0900001
      vertex -3.95944 1.06099 0.0900001
    endloop
  endfacet
  facet normal 0 0 -1
    outer loop
      vertex -3.99892 0 0.0900001
      vertex -4.09915 0 0.0900001
      vertex -4.06407 0.534973 0.0900001
    endloop
  endfacet
  facet normal -0.55556 0.831476 0
    outer loop
      vertex -1.99945 3.46317 -0.00999935
      vertex -2.43448 3.1725 0.0900001
      vertex -1.99945 3.46317 0.0900001
    endloop
  endfacet
  facet normal -0.55556 0.831476 0
    outer loop
      vertex -2.43448 3.1725 0.0900001
      vertex -1.99945 3.46317 -0.00999935
      vertex -2.43448 3.1725 -0.00999935
    endloop
  endfacet
  facet normal 0.896883 0.442267 0
    outer loop
      vertex 3.69453 1.53027 0.0900001
      vertex 3.46317 1.99945 -0.00999935
      vertex 3.46317 1.99945 0.0900001
    endloop
  endfacet
  facet normal 0.896883 0.442267 0
    outer loop
      vertex 3.46317 1.99945 -0.00999935
      vertex 3.69453 1.53027 0.0900001
      vertex 3.69453 1.53027 -0.00999935
    endloop
  endfacet
  facet normal -0.946931 0.321437 0
    outer loop
      vertex -3.86264 1.03503 -0.00999935
      vertex -3.69453 1.53027 0.0900001
      vertex -3.69453 1.53027 -0.00999935
    endloop
  endfacet
  facet normal -0.946931 0.321437 0
    outer loop
      vertex -3.69453 1.53027 0.0900001
      vertex -3.86264 1.03503 -0.00999935
      vertex -3.86264 1.03503 0.0900001
    endloop
  endfacet
  facet normal -0.980783 0.195104 0
    outer loop
      vertex -3.96471 0.521927 -0.00999935
      vertex -3.86264 1.03503 0.0900001
      vertex -3.86264 1.03503 -0.00999935
    endloop
  endfacet
  facet normal -0.980783 0.195104 0
    outer loop
      vertex -3.86264 1.03503 0.0900001
      vertex -3.96471 0.521927 -0.00999935
      vertex -3.96471 0.521927 0.0900001
    endloop
  endfacet
  facet normal -0.946931 -0.321437 0
    outer loop
      vertex -3.69453 -1.53027 -0.00999935
      vertex -3.86264 -1.03503 0.0900001
      vertex -3.86264 -1.03503 -0.00999935
    endloop
  endfacet
  facet normal -0.946931 -0.321437 0
    outer loop
      vertex -3.86264 -1.03503 0.0900001
      vertex -3.69453 -1.53027 -0.00999935
      vertex -3.69453 -1.53027 0.0900001
    endloop
  endfacet
  facet normal -0.831476 0.55556 0
    outer loop
      vertex -3.46317 1.99945 -0.00999935
      vertex -3.1725 2.43448 0.0900001
      vertex -3.1725 2.43448 -0.00999935
    endloop
  endfacet
  facet normal -0.831476 0.55556 0
    outer loop
      vertex -3.1725 2.43448 0.0900001
      vertex -3.46317 1.99945 -0.00999935
      vertex -3.46317 1.99945 0.0900001
    endloop
  endfacet
  facet normal 0.946931 -0.321437 0
    outer loop
      vertex 3.69453 -1.53027 0.0900001
      vertex 3.86264 -1.03503 -0.00999935
      vertex 3.86264 -1.03503 0.0900001
    endloop
  endfacet
  facet normal 0.946931 -0.321437 0
    outer loop
      vertex 3.86264 -1.03503 -0.00999935
      vertex 3.69453 -1.53027 0.0900001
      vertex 3.69453 -1.53027 -0.00999935
    endloop
  endfacet
  facet normal -0.659358 -0.751829 0
    outer loop
      vertex -2.82767 -2.82767 -0.00999935
      vertex -2.43448 -3.1725 0.0900001
      vertex -2.82767 -2.82767 0.0900001
    endloop
  endfacet
  facet normal -0.659358 -0.751829 -0
    outer loop
      vertex -2.43448 -3.1725 0.0900001
      vertex -2.82767 -2.82767 -0.00999935
      vertex -2.43448 -3.1725 -0.00999935
    endloop
  endfacet
  facet normal -0.195104 0.980783 0
    outer loop
      vertex -0.521927 3.96471 -0.00999935
      vertex -1.03503 3.86264 0.0900001
      vertex -0.521927 3.96471 0.0900001
    endloop
  endfacet
  facet normal -0.195104 0.980783 0
    outer loop
      vertex -1.03503 3.86264 0.0900001
      vertex -0.521927 3.96471 -0.00999935
      vertex -1.03503 3.86264 -0.00999935
    endloop
  endfacet
  facet normal 0.997859 0.0654052 0
    outer loop
      vertex 3.99892 0 0.0900001
      vertex 3.96471 0.521927 -0.00999935
      vertex 3.96471 0.521927 0.0900001
    endloop
  endfacet
  facet normal 0.997859 0.0654052 0
    outer loop
      vertex 3.96471 0.521927 -0.00999935
      vertex 3.99892 0 0.0900001
      vertex 3.99892 0 -0.00999935
    endloop
  endfacet
  facet normal 0.321437 0.946931 -0
    outer loop
      vertex 1.53027 3.69453 -0.00999935
      vertex 1.03503 3.86264 0.0900001
      vertex 1.53027 3.69453 0.0900001
    endloop
  endfacet
  facet normal 0.321437 0.946931 0
    outer loop
      vertex 1.03503 3.86264 0.0900001
      vertex 1.53027 3.69453 -0.00999935
      vertex 1.03503 3.86264 -0.00999935
    endloop
  endfacet
  facet normal 0.55556 0.831476 -0
    outer loop
      vertex 2.43448 3.1725 -0.00999935
      vertex 1.99945 3.46317 0.0900001
      vertex 2.43448 3.1725 0.0900001
    endloop
  endfacet
  facet normal 0.55556 0.831476 0
    outer loop
      vertex 1.99945 3.46317 0.0900001
      vertex 2.43448 3.1725 -0.00999935
      vertex 1.99945 3.46317 -0.00999935
    endloop
  endfacet
  facet normal -0.997859 -0.0654052 0
    outer loop
      vertex -3.96471 -0.521927 -0.00999935
      vertex -3.99892 0 0.0900001
      vertex -3.99892 0 -0.00999935
    endloop
  endfacet
  facet normal -0.997859 -0.0654052 0
    outer loop
      vertex -3.99892 0 0.0900001
      vertex -3.96471 -0.521927 -0.00999935
      vertex -3.96471 -0.521927 0.0900001
    endloop
  endfacet
  facet normal -0.980783 -0.195104 0
    outer loop
      vertex -3.86264 -1.03503 -0.00999935
      vertex -3.96471 -0.521927 0.0900001
      vertex -3.96471 -0.521927 -0.00999935
    endloop
  endfacet
  facet normal -0.980783 -0.195104 0
    outer loop
      vertex -3.96471 -0.521927 0.0900001
      vertex -3.86264 -1.03503 -0.00999935
      vertex -3.86264 -1.03503 0.0900001
    endloop
  endfacet
  facet normal -0.751829 0.659358 0
    outer loop
      vertex -3.1725 2.43448 -0.00999935
      vertex -2.82767 2.82767 0.0900001
      vertex -2.82767 2.82767 -0.00999935
    endloop
  endfacet
  facet normal -0.751829 0.659358 0
    outer loop
      vertex -2.82767 2.82767 0.0900001
      vertex -3.1725 2.43448 -0.00999935
      vertex -3.1725 2.43448 0.0900001
    endloop
  endfacet
  facet normal -0.442267 0.896883 0
    outer loop
      vertex -1.53027 3.69453 -0.00999935
      vertex -1.99945 3.46317 0.0900001
      vertex -1.53027 3.69453 0.0900001
    endloop
  endfacet
  facet normal -0.442267 0.896883 0
    outer loop
      vertex -1.99945 3.46317 0.0900001
      vertex -1.53027 3.69453 -0.00999935
      vertex -1.99945 3.46317 -0.00999935
    endloop
  endfacet
  facet normal 0.997859 -0.0654052 0
    outer loop
      vertex 3.96471 -0.521927 0.0900001
      vertex 3.99892 0 -0.00999935
      vertex 3.99892 0 0.0900001
    endloop
  endfacet
  facet normal 0.997859 -0.0654052 0
    outer loop
      vertex 3.99892 0 -0.00999935
      vertex 3.96471 -0.521927 0.0900001
      vertex 3.96471 -0.521927 -0.00999935
    endloop
  endfacet
  facet normal -0.321437 0.946931 0
    outer loop
      vertex -1.03503 3.86264 -0.00999935
      vertex -1.53027 3.69453 0.0900001
      vertex -1.03503 3.86264 0.0900001
    endloop
  endfacet
  facet normal -0.321437 0.946931 0
    outer loop
      vertex -1.53027 3.69453 0.0900001
      vertex -1.03503 3.86264 -0.00999935
      vertex -1.53027 3.69453 -0.00999935
    endloop
  endfacet
  facet normal 0.751829 0.659358 0
    outer loop
      vertex 3.1725 2.43448 0.0900001
      vertex 2.82767 2.82767 -0.00999935
      vertex 2.82767 2.82767 0.0900001
    endloop
  endfacet
  facet normal 0.751829 0.659358 0
    outer loop
      vertex 2.82767 2.82767 -0.00999935
      vertex 3.1725 2.43448 0.0900001
      vertex 3.1725 2.43448 -0.00999935
    endloop
  endfacet
  facet normal 0.751829 -0.659358 0
    outer loop
      vertex 2.82767 -2.82767 0.0900001
      vertex 3.1725 -2.43448 -0.00999935
      vertex 3.1725 -2.43448 0.0900001
    endloop
  endfacet
  facet normal 0.751829 -0.659358 0
    outer loop
      vertex 3.1725 -2.43448 -0.00999935
      vertex 2.82767 -2.82767 0.0900001
      vertex 2.82767 -2.82767 -0.00999935
    endloop
  endfacet
  facet normal -0.997859 0.0654052 0
    outer loop
      vertex -3.99892 0 -0.00999935
      vertex -3.96471 0.521927 0.0900001
      vertex -3.96471 0.521927 -0.00999935
    endloop
  endfacet
  facet normal -0.997859 0.0654052 0
    outer loop
      vertex -3.96471 0.521927 0.0900001
      vertex -3.99892 0 -0.00999935
      vertex -3.99892 0 0.0900001
    endloop
  endfacet
  facet normal -0.442267 -0.896883 0
    outer loop
      vertex -1.99945 -3.46317 -0.00999935
      vertex -1.53027 -3.69453 0.0900001
      vertex -1.99945 -3.46317 0.0900001
    endloop
  endfacet
  facet normal -0.442267 -0.896883 -0
    outer loop
      vertex -1.53027 -3.69453 0.0900001
      vertex -1.99945 -3.46317 -0.00999935
      vertex -1.53027 -3.69453 -0.00999935
    endloop
  endfacet
  facet normal 0.195104 -0.980783 0
    outer loop
      vertex 0.521927 -3.96471 -0.00999935
      vertex 1.03503 -3.86264 0.0900001
      vertex 0.521927 -3.96471 0.0900001
    endloop
  endfacet
  facet normal 0.195104 -0.980783 0
    outer loop
      vertex 1.03503 -3.86264 0.0900001
      vertex 0.521927 -3.96471 -0.00999935
      vertex 1.03503 -3.86264 -0.00999935
    endloop
  endfacet
  facet normal 0.659358 -0.751829 0
    outer loop
      vertex 2.43448 -3.1725 -0.00999935
      vertex 2.82767 -2.82767 0.0900001
      vertex 2.43448 -3.1725 0.0900001
    endloop
  endfacet
  facet normal 0.659358 -0.751829 0
    outer loop
      vertex 2.82767 -2.82767 0.0900001
      vertex 2.43448 -3.1725 -0.00999935
      vertex 2.82767 -2.82767 -0.00999935
    endloop
  endfacet
  facet normal -0.0654052 -0.997859 0
    outer loop
      vertex -0.521927 -3.96471 -0.00999935
      vertex 0 -3.99892 0.0900001
      vertex -0.521927 -3.96471 0.0900001
    endloop
  endfacet
  facet normal -0.0654052 -0.997859 -0
    outer loop
      vertex 0 -3.99892 0.0900001
      vertex -0.521927 -3.96471 -0.00999935
      vertex 0 -3.99892 -0.00999935
    endloop
  endfacet
  facet normal 0.659358 0.751829 -0
    outer loop
      vertex 2.82767 2.82767 -0.00999935
      vertex 2.43448 3.1725 0.0900001
      vertex 2.82767 2.82767 0.0900001
    endloop
  endfacet
  facet normal 0.659358 0.751829 0
    outer loop
      vertex 2.43448 3.1725 0.0900001
      vertex 2.82767 2.82767 -0.00999935
      vertex 2.43448 3.1725 -0.00999935
    endloop
  endfacet
  facet normal 0.896883 -0.442267 0
    outer loop
      vertex 3.46317 -1.99945 0.0900001
      vertex 3.69453 -1.53027 -0.00999935
      vertex 3.69453 -1.53027 0.0900001
    endloop
  endfacet
  facet normal 0.896883 -0.442267 0
    outer loop
      vertex 3.69453 -1.53027 -0.00999935
      vertex 3.46317 -1.99945 0.0900001
      vertex 3.46317 -1.99945 -0.00999935
    endloop
  endfacet
  facet normal -0.55556 -0.831476 0
    outer loop
      vertex -2.43448 -3.1725 -0.00999935
      vertex -1.99945 -3.46317 0.0900001
      vertex -2.43448 -3.1725 0.0900001
    endloop
  endfacet
  facet normal -0.55556 -0.831476 -0
    outer loop
      vertex -1.99945 -3.46317 0.0900001
      vertex -2.43448 -3.1725 -0.00999935
      vertex -1.99945 -3.46317 -0.00999935
    endloop
  endfacet
  facet normal 0.442267 0.896883 -0
    outer loop
      vertex 1.99945 3.46317 -0.00999935
      vertex 1.53027 3.69453 0.0900001
      vertex 1.99945 3.46317 0.0900001
    endloop
  endfacet
  facet normal 0.442267 0.896883 0
    outer loop
      vertex 1.53027 3.69453 0.0900001
      vertex 1.99945 3.46317 -0.00999935
      vertex 1.53027 3.69453 -0.00999935
    endloop
  endfacet
  facet normal 0.195104 0.980783 -0
    outer loop
      vertex 1.03503 3.86264 -0.00999935
      vertex 0.521927 3.96471 0.0900001
      vertex 1.03503 3.86264 0.0900001
    endloop
  endfacet
  facet normal 0.195104 0.980783 0
    outer loop
      vertex 0.521927 3.96471 0.0900001
      vertex 1.03503 3.86264 -0.00999935
      vertex 0.521927 3.96471 -0.00999935
    endloop
  endfacet
  facet normal -0.751829 -0.659358 0
    outer loop
      vertex -2.82767 -2.82767 -0.00999935
      vertex -3.1725 -2.43448 0.0900001
      vertex -3.1725 -2.43448 -0.00999935
    endloop
  endfacet
  facet normal -0.751829 -0.659358 0
    outer loop
      vertex -3.1725 -2.43448 0.0900001
      vertex -2.82767 -2.82767 -0.00999935
      vertex -2.82767 -2.82767 0.0900001
    endloop
  endfacet
  facet normal -0.0654052 0.997859 0
    outer loop
      vertex 0 3.99892 -0.00999935
      vertex -0.521927 3.96471 0.0900001
      vertex 0 3.99892 0.0900001
    endloop
  endfacet
  facet normal -0.0654052 0.997859 0
    outer loop
      vertex -0.521927 3.96471 0.0900001
      vertex 0 3.99892 -0.00999935
      vertex -0.521927 3.96471 -0.00999935
    endloop
  endfacet
  facet normal 0.0654052 0.997859 -0
    outer loop
      vertex 0.521927 3.96471 -0.00999935
      vertex 0 3.99892 0.0900001
      vertex 0.521927 3.96471 0.0900001
    endloop
  endfacet
  facet normal 0.0654052 0.997859 0
    outer loop
      vertex 0 3.99892 0.0900001
      vertex 0.521927 3.96471 -0.00999935
      vertex 0 3.99892 -0.00999935
    endloop
  endfacet
  facet normal -0.896883 0.442267 0
    outer loop
      vertex -3.69453 1.53027 -0.00999935
      vertex -3.46317 1.99945 0.0900001
      vertex -3.46317 1.99945 -0.00999935
    endloop
  endfacet
  facet normal -0.896883 0.442267 0
    outer loop
      vertex -3.46317 1.99945 0.0900001
      vertex -3.69453 1.53027 -0.00999935
      vertex -3.69453 1.53027 0.0900001
    endloop
  endfacet
  facet normal -0.896883 -0.442267 0
    outer loop
      vertex -3.46317 -1.99945 -0.00999935
      vertex -3.69453 -1.53027 0.0900001
      vertex -3.69453 -1.53027 -0.00999935
    endloop
  endfacet
  facet normal -0.896883 -0.442267 0
    outer loop
      vertex -3.69453 -1.53027 0.0900001
      vertex -3.46317 -1.99945 -0.00999935
      vertex -3.46317 -1.99945 0.0900001
    endloop
  endfacet
  facet normal 0.831476 0.55556 0
    outer loop
      vertex 3.46317 1.99945 0.0900001
      vertex 3.1725 2.43448 -0.00999935
      vertex 3.1725 2.43448 0.0900001
    endloop
  endfacet
  facet normal 0.831476 0.55556 0
    outer loop
      vertex 3.1725 2.43448 -0.00999935
      vertex 3.46317 1.99945 0.0900001
      vertex 3.46317 1.99945 -0.00999935
    endloop
  endfacet
  facet normal 0.831476 -0.55556 0
    outer loop
      vertex 3.1725 -2.43448 0.0900001
      vertex 3.46317 -1.99945 -0.00999935
      vertex 3.46317 -1.99945 0.0900001
    endloop
  endfacet
  facet normal 0.831476 -0.55556 0
    outer loop
      vertex 3.46317 -1.99945 -0.00999935
      vertex 3.1725 -2.43448 0.0900001
      vertex 3.1725 -2.43448 -0.00999935
    endloop
  endfacet
  facet normal -0.659358 0.751829 0
    outer loop
      vertex -2.43448 3.1725 -0.00999935
      vertex -2.82767 2.82767 0.0900001
      vertex -2.43448 3.1725 0.0900001
    endloop
  endfacet
  facet normal -0.659358 0.751829 0
    outer loop
      vertex -2.82767 2.82767 0.0900001
      vertex -2.43448 3.1725 -0.00999935
      vertex -2.82767 2.82767 -0.00999935
    endloop
  endfacet
  facet normal 0.0654052 -0.997859 0
    outer loop
      vertex 0 -3.99892 -0.00999935
      vertex 0.521927 -3.96471 0.0900001
      vertex 0 -3.99892 0.0900001
    endloop
  endfacet
  facet normal 0.0654052 -0.997859 0
    outer loop
      vertex 0.521927 -3.96471 0.0900001
      vertex 0 -3.99892 -0.00999935
      vertex 0.521927 -3.96471 -0.00999935
    endloop
  endfacet
  facet normal 0.980783 0.195104 0
    outer loop
      vertex 3.96471 0.521927 0.0900001
      vertex 3.86264 1.03503 -0.00999935
      vertex 3.86264 1.03503 0.0900001
    endloop
  endfacet
  facet normal 0.980783 0.195104 0
    outer loop
      vertex 3.86264 1.03503 -0.00999935
      vertex 3.96471 0.521927 0.0900001
      vertex 3.96471 0.521927 -0.00999935
    endloop
  endfacet
  facet normal -0.831476 -0.55556 0
    outer loop
      vertex -3.1725 -2.43448 -0.00999935
      vertex -3.46317 -1.99945 0.0900001
      vertex -3.46317 -1.99945 -0.00999935
    endloop
  endfacet
  facet normal -0.831476 -0.55556 0
    outer loop
      vertex -3.46317 -1.99945 0.0900001
      vertex -3.1725 -2.43448 -0.00999935
      vertex -3.1725 -2.43448 0.0900001
    endloop
  endfacet
  facet normal 0.55556 -0.831476 0
    outer loop
      vertex 1.99945 -3.46317 -0.00999935
      vertex 2.43448 -3.1725 0.0900001
      vertex 1.99945 -3.46317 0.0900001
    endloop
  endfacet
  facet normal 0.55556 -0.831476 0
    outer loop
      vertex 2.43448 -3.1725 0.0900001
      vertex 1.99945 -3.46317 -0.00999935
      vertex 2.43448 -3.1725 -0.00999935
    endloop
  endfacet
  facet normal 0.321437 -0.946931 0
    outer loop
      vertex 1.03503 -3.86264 -0.00999935
      vertex 1.53027 -3.69453 0.0900001
      vertex 1.03503 -3.86264 0.0900001
    endloop
  endfacet
  facet normal 0.321437 -0.946931 0
    outer loop
      vertex 1.53027 -3.69453 0.0900001
      vertex 1.03503 -3.86264 -0.00999935
      vertex 1.53027 -3.69453 -0.00999935
    endloop
  endfacet
  facet normal 0 0 -1
    outer loop
      vertex 0.78627 -1.71805 -0.00999935
      vertex 1.53027 -3.69453 -0.00999935
      vertex 1.03503 -3.86264 -0.00999935
    endloop
  endfacet
  facet normal 0 0 -1
    outer loop
      vertex 1.53027 -3.69453 -0.00999935
      vertex 0.78627 -1.71805 -0.00999935
      vertex 1.52498 -1.71805 -0.00999935
    endloop
  endfacet
  facet normal 0 0 -1
    outer loop
      vertex 0.521927 -3.96471 -0.00999935
      vertex 0.78627 -1.71805 -0.00999935
      vertex 1.03503 -3.86264 -0.00999935
    endloop
  endfacet
  facet normal 0 0 -1
    outer loop
      vertex 0 -3.99892 -0.00999935
      vertex 0.78627 -1.71805 -0.00999935
      vertex 0.521927 -3.96471 -0.00999935
    endloop
  endfacet
  facet normal -0 0 -1
    outer loop
      vertex 0.78627 -1.71805 -0.00999935
      vertex 0 -3.99892 -0.00999935
      vertex -0.705444 -1.71805 -0.00999935
    endloop
  endfacet
  facet normal 0 0 -1
    outer loop
      vertex -0.705444 -1.71805 -0.00999935
      vertex 0 -3.99892 -0.00999935
      vertex -0.521927 -3.96471 -0.00999935
    endloop
  endfacet
  facet normal 0 0 -1
    outer loop
      vertex 0.78627 -1.71805 -0.00999935
      vertex -0.705444 -1.71805 -0.00999935
      vertex 0.0404205 -0.531342 -0.00999935
    endloop
  endfacet
  facet normal 0 0 -1
    outer loop
      vertex -1.03503 -3.86264 -0.00999935
      vertex -0.705444 -1.71805 -0.00999935
      vertex -0.521927 -3.96471 -0.00999935
    endloop
  endfacet
  facet normal 0 0 -1
    outer loop
      vertex -1.53027 -3.69453 -0.00999935
      vertex -0.705444 -1.71805 -0.00999935
      vertex -1.03503 -3.86264 -0.00999935
    endloop
  endfacet
  facet normal -0 0 -1
    outer loop
      vertex -0.705444 -1.71805 -0.00999935
      vertex -1.53027 -3.69453 -0.00999935
      vertex -1.4489 -1.71805 -0.00999935
    endloop
  endfacet
  facet normal 0 0 -1
    outer loop
      vertex 1.52498 -1.71805 -0.00999935
      vertex 3.99892 0 -0.00999935
      vertex 3.96471 -0.521927 -0.00999935
    endloop
  endfacet
  facet normal 0 0 -1
    outer loop
      vertex 1.52498 -1.71805 -0.00999935
      vertex 3.96471 -0.521927 -0.00999935
      vertex 3.86264 -1.03503 -0.00999935
    endloop
  endfacet
  facet normal 0 0 -1
    outer loop
      vertex 3.99892 0 -0.00999935
      vertex 1.52498 -1.71805 -0.00999935
      vertex 0.505081 -0.126236 -0.00999935
    endloop
  endfacet
  facet normal 0 0 -1
    outer loop
      vertex 1.52498 -1.71805 -0.00999935
      vertex 3.86264 -1.03503 -0.00999935
      vertex 3.69453 -1.53027 -0.00999935
    endloop
  endfacet
  facet normal 0 -0 -1
    outer loop
      vertex 1.62268 1.6395 -0.00999935
      vertex 3.99892 0 -0.00999935
      vertex 0.505081 -0.126236 -0.00999935
    endloop
  endfacet
  facet normal 0 0 -1
    outer loop
      vertex 1.52498 -1.71805 -0.00999935
      vertex 3.69453 -1.53027 -0.00999935
      vertex 3.46317 -1.99945 -0.00999935
    endloop
  endfacet
  facet normal 0 0 -1
    outer loop
      vertex 3.96471 0.521927 -0.00999935
      vertex 1.62268 1.6395 -0.00999935
      vertex 3.86264 1.03503 -0.00999935
    endloop
  endfacet
  facet normal 0 0 -1
    outer loop
      vertex 1.52498 -1.71805 -0.00999935
      vertex 3.46317 -1.99945 -0.00999935
      vertex 3.1725 -2.43448 -0.00999935
    endloop
  endfacet
  facet normal 0 0 -1
    outer loop
      vertex 3.86264 1.03503 -0.00999935
      vertex 1.62268 1.6395 -0.00999935
      vertex 3.69453 1.53027 -0.00999935
    endloop
  endfacet
  facet normal 0 0 -1
    outer loop
      vertex 1.52498 -1.71805 -0.00999935
      vertex 3.1725 -2.43448 -0.00999935
      vertex 2.82767 -2.82767 -0.00999935
    endloop
  endfacet
  facet normal 0 0 -1
    outer loop
      vertex 3.69453 1.53027 -0.00999935
      vertex 1.62268 1.6395 -0.00999935
      vertex 3.46317 1.99945 -0.00999935
    endloop
  endfacet
  facet normal 0 0 -1
    outer loop
      vertex 1.52498 -1.71805 -0.00999935
      vertex 2.82767 -2.82767 -0.00999935
      vertex 2.43448 -3.1725 -0.00999935
    endloop
  endfacet
  facet normal -0 0 -1
    outer loop
      vertex 3.46317 1.99945 -0.00999935
      vertex 1.62268 1.6395 -0.00999935
      vertex 3.1725 2.43448 -0.00999935
    endloop
  endfacet
  facet normal 0 0 -1
    outer loop
      vertex 1.52498 -1.71805 -0.00999935
      vertex 2.43448 -3.1725 -0.00999935
      vertex 1.99945 -3.46317 -0.00999935
    endloop
  endfacet
  facet normal -0 0 -1
    outer loop
      vertex 3.1725 2.43448 -0.00999935
      vertex 1.62268 1.6395 -0.00999935
      vertex 2.82767 2.82767 -0.00999935
    endloop
  endfacet
  facet normal -0 0 -1
    outer loop
      vertex 2.43448 3.1725 -0.00999935
      vertex 1.62268 1.6395 -0.00999935
      vertex 1.99945 3.46317 -0.00999935
    endloop
  endfacet
  facet normal 0 0 -1
    outer loop
      vertex 1.52498 -1.71805 -0.00999935
      vertex 1.99945 -3.46317 -0.00999935
      vertex 1.53027 -3.69453 -0.00999935
    endloop
  endfacet
  facet normal -0 0 -1
    outer loop
      vertex 2.82767 2.82767 -0.00999935
      vertex 1.62268 1.6395 -0.00999935
      vertex 2.43448 3.1725 -0.00999935
    endloop
  endfacet
  facet normal 0 0 -1
    outer loop
      vertex 3.99892 0 -0.00999935
      vertex 1.62268 1.6395 -0.00999935
      vertex 3.96471 0.521927 -0.00999935
    endloop
  endfacet
  facet normal 0 0 -1
    outer loop
      vertex 1.62268 1.6395 -0.00999935
      vertex 1.53027 3.69453 -0.00999935
      vertex 1.99945 3.46317 -0.00999935
    endloop
  endfacet
  facet normal 0 0 -1
    outer loop
      vertex 0.883957 1.6395 -0.00999935
      vertex 1.53027 3.69453 -0.00999935
      vertex 1.62268 1.6395 -0.00999935
    endloop
  endfacet
  facet normal -0 0 -1
    outer loop
      vertex 1.53027 3.69453 -0.00999935
      vertex 0.883957 1.6395 -0.00999935
      vertex 1.03503 3.86264 -0.00999935
    endloop
  endfacet
  facet normal 0 0 -1
    outer loop
      vertex 0.883957 1.6395 -0.00999935
      vertex 0.521927 3.96471 -0.00999935
      vertex 1.03503 3.86264 -0.00999935
    endloop
  endfacet
  facet normal 0 0 -1
    outer loop
      vertex -0.803131 1.6395 -0.00999935
      vertex 0.883957 1.6395 -0.00999935
      vertex 0.0404205 0.302658 -0.00999935
    endloop
  endfacet
  facet normal 0 -0 -1
    outer loop
      vertex 0 3.99892 -0.00999935
      vertex 0.883957 1.6395 -0.00999935
      vertex -0.803131 1.6395 -0.00999935
    endloop
  endfacet
  facet normal 0 0 -1
    outer loop
      vertex 0.883957 1.6395 -0.00999935
      vertex 0 3.99892 -0.00999935
      vertex 0.521927 3.96471 -0.00999935
    endloop
  endfacet
  facet normal 0 0 -1
    outer loop
      vertex 0 3.99892 -0.00999935
      vertex -0.803131 1.6395 -0.00999935
      vertex -0.521927 3.96471 -0.00999935
    endloop
  endfacet
  facet normal 0 0 -1
    outer loop
      vertex -0.803131 1.6395 -0.00999935
      vertex -1.03503 3.86264 -0.00999935
      vertex -0.521927 3.96471 -0.00999935
    endloop
  endfacet
  facet normal 0 0 -1
    outer loop
      vertex -0.803131 1.6395 -0.00999935
      vertex -1.53027 3.69453 -0.00999935
      vertex -1.03503 3.86264 -0.00999935
    endloop
  endfacet
  facet normal 0 0 -1
    outer loop
      vertex -1.54659 1.6395 -0.00999935
      vertex -1.53027 3.69453 -0.00999935
      vertex -0.803131 1.6395 -0.00999935
    endloop
  endfacet
  facet normal 0 0 -1
    outer loop
      vertex -2.82767 -2.82767 -0.00999935
      vertex -1.4489 -1.71805 -0.00999935
      vertex -2.43448 -3.1725 -0.00999935
    endloop
  endfacet
  facet normal 0 0 -1
    outer loop
      vertex -1.54659 1.6395 -0.00999935
      vertex -1.99945 3.46317 -0.00999935
      vertex -1.53027 3.69453 -0.00999935
    endloop
  endfacet
  facet normal 0 0 -1
    outer loop
      vertex -3.1725 -2.43448 -0.00999935
      vertex -1.4489 -1.71805 -0.00999935
      vertex -2.82767 -2.82767 -0.00999935
    endloop
  endfacet
  facet normal 0 0 -1
    outer loop
      vertex -1.54659 1.6395 -0.00999935
      vertex -2.43448 3.1725 -0.00999935
      vertex -1.99945 3.46317 -0.00999935
    endloop
  endfacet
  facet normal 0 0 -1
    outer loop
      vertex -3.46317 -1.99945 -0.00999935
      vertex -1.4489 -1.71805 -0.00999935
      vertex -3.1725 -2.43448 -0.00999935
    endloop
  endfacet
  facet normal 0 0 -1
    outer loop
      vertex -1.54659 1.6395 -0.00999935
      vertex -2.82767 2.82767 -0.00999935
      vertex -2.43448 3.1725 -0.00999935
    endloop
  endfacet
  facet normal 0 0 -1
    outer loop
      vertex -3.69453 -1.53027 -0.00999935
      vertex -1.4489 -1.71805 -0.00999935
      vertex -3.46317 -1.99945 -0.00999935
    endloop
  endfacet
  facet normal 0 0 -1
    outer loop
      vertex -1.54659 1.6395 -0.00999935
      vertex -3.1725 2.43448 -0.00999935
      vertex -2.82767 2.82767 -0.00999935
    endloop
  endfacet
  facet normal 0 0 -1
    outer loop
      vertex -3.86264 -1.03503 -0.00999935
      vertex -1.4489 -1.71805 -0.00999935
      vertex -3.69453 -1.53027 -0.00999935
    endloop
  endfacet
  facet normal 0 0 -1
    outer loop
      vertex -1.54659 1.6395 -0.00999935
      vertex -3.46317 1.99945 -0.00999935
      vertex -3.1725 2.43448 -0.00999935
    endloop
  endfacet
  facet normal 0 0 -1
    outer loop
      vertex -3.96471 -0.521927 -0.00999935
      vertex -1.4489 -1.71805 -0.00999935
      vertex -3.86264 -1.03503 -0.00999935
    endloop
  endfacet
  facet normal -0 0 -1
    outer loop
      vertex -1.54659 1.6395 -0.00999935
      vertex -3.69453 1.53027 -0.00999935
      vertex -3.46317 1.99945 -0.00999935
    endloop
  endfacet
  facet normal 0 0 -1
    outer loop
      vertex -3.99892 0 -0.00999935
      vertex -1.4489 -1.71805 -0.00999935
      vertex -3.96471 -0.521927 -0.00999935
    endloop
  endfacet
  facet normal 0 0 -1
    outer loop
      vertex -1.54659 1.6395 -0.00999935
      vertex -3.86264 1.03503 -0.00999935
      vertex -3.69453 1.53027 -0.00999935
    endloop
  endfacet
  facet normal 0 0 -1
    outer loop
      vertex -1.4489 -1.71805 -0.00999935
      vertex -3.99892 0 -0.00999935
      vertex -1.54659 1.6395 -0.00999935
    endloop
  endfacet
  facet normal 0 0 -1
    outer loop
      vertex -1.54659 1.6395 -0.00999935
      vertex -3.96471 0.521927 -0.00999935
      vertex -3.86264 1.03503 -0.00999935
    endloop
  endfacet
  facet normal 0 0 -1
    outer loop
      vertex -1.54659 1.6395 -0.00999935
      vertex -3.99892 0 -0.00999935
      vertex -3.96471 0.521927 -0.00999935
    endloop
  endfacet
  facet normal 0 0 -1
    outer loop
      vertex -1.4489 -1.71805 -0.00999935
      vertex -1.54659 1.6395 -0.00999935
      vertex -0.383728 -0.126236 -0.00999935
    endloop
  endfacet
  facet normal 0 0 -1
    outer loop
      vertex -1.99945 -3.46317 -0.00999935
      vertex -1.4489 -1.71805 -0.00999935
      vertex -1.53027 -3.69453 -0.00999935
    endloop
  endfacet
  facet normal 0 0 -1
    outer loop
      vertex -2.43448 -3.1725 -0.00999935
      vertex -1.4489 -1.71805 -0.00999935
      vertex -1.99945 -3.46317 -0.00999935
    endloop
  endfacet
  facet normal 0.980783 -0.195104 0
    outer loop
      vertex 3.86264 -1.03503 0.0900001
      vertex 3.96471 -0.521927 -0.00999935
      vertex 3.96471 -0.521927 0.0900001
    endloop
  endfacet
  facet normal 0.980783 -0.195104 0
    outer loop
      vertex 3.96471 -0.521927 -0.00999935
      vertex 3.86264 -1.03503 0.0900001
      vertex 3.86264 -1.03503 -0.00999935
    endloop
  endfacet
  facet normal 0.946931 0.321437 0
    outer loop
      vertex 3.86264 1.03503 0.0900001
      vertex 3.69453 1.53027 -0.00999935
      vertex 3.69453 1.53027 0.0900001
    endloop
  endfacet
  facet normal 0.946931 0.321437 0
    outer loop
      vertex 3.69453 1.53027 -0.00999935
      vertex 3.86264 1.03503 0.0900001
      vertex 3.86264 1.03503 -0.00999935
    endloop
  endfacet
  facet normal -0.321437 -0.946931 0
    outer loop
      vertex -1.53027 -3.69453 -0.00999935
      vertex -1.03503 -3.86264 0.0900001
      vertex -1.53027 -3.69453 0.0900001
    endloop
  endfacet
  facet normal -0.321437 -0.946931 -0
    outer loop
      vertex -1.03503 -3.86264 0.0900001
      vertex -1.53027 -3.69453 -0.00999935
      vertex -1.03503 -3.86264 -0.00999935
    endloop
  endfacet
  facet normal 0.442267 -0.896883 0
    outer loop
      vertex 1.53027 -3.69453 -0.00999935
      vertex 1.99945 -3.46317 0.0900001
      vertex 1.53027 -3.69453 0.0900001
    endloop
  endfacet
  facet normal 0.442267 -0.896883 0
    outer loop
      vertex 1.99945 -3.46317 0.0900001
      vertex 1.53027 -3.69453 -0.00999935
      vertex 1.99945 -3.46317 -0.00999935
    endloop
  endfacet
  facet normal -0.195104 -0.980783 0
    outer loop
      vertex -1.03503 -3.86264 -0.00999935
      vertex -0.521927 -3.96471 0.0900001
      vertex -1.03503 -3.86264 0.0900001
    endloop
  endfacet
  facet normal -0.195104 -0.980783 -0
    outer loop
      vertex -0.521927 -3.96471 0.0900001
      vertex -1.03503 -3.86264 -0.00999935
      vertex -0.521927 -3.96471 -0.00999935
    endloop
  endfacet
  facet normal 0.321426 0.946935 -0
    outer loop
      vertex 2.15926 5.21294 5.73
      vertex 1.46034 5.45018 5.79
      vertex 2.15926 5.21294 5.79
    endloop
  endfacet
  facet normal 0.321426 0.946935 0
    outer loop
      vertex 1.46034 5.45018 5.79
      vertex 2.15926 5.21294 5.73
      vertex 1.46034 5.45018 5.73
    endloop
  endfacet
  facet normal 0.44227 0.896882 -0
    outer loop
      vertex 2.82123 4.88651 5.73
      vertex 2.15926 5.21294 5.79
      vertex 2.82123 4.88651 5.79
    endloop
  endfacet
  facet normal 0.44227 0.896882 0
    outer loop
      vertex 2.15926 5.21294 5.79
      vertex 2.82123 4.88651 5.73
      vertex 2.15926 5.21294 5.73
    endloop
  endfacet
  facet normal -0.195084 -0.980786 0
    outer loop
      vertex -1.46034 -5.45018 5.73
      vertex -0.736481 -5.59416 5.79
      vertex -1.46034 -5.45018 5.79
    endloop
  endfacet
  facet normal -0.195084 -0.980786 -0
    outer loop
      vertex -0.736481 -5.59416 5.79
      vertex -1.46034 -5.45018 5.73
      vertex -0.736481 -5.59416 5.73
    endloop
  endfacet
  facet normal 0.195084 0.980786 -0
    outer loop
      vertex 1.46034 5.45018 5.73
      vertex 0.736481 5.59416 5.79
      vertex 1.46034 5.45018 5.79
    endloop
  endfacet
  facet normal 0.195084 0.980786 0
    outer loop
      vertex 0.736481 5.59416 5.79
      vertex 1.46034 5.45018 5.73
      vertex 0.736481 5.59416 5.73
    endloop
  endfacet
  facet normal -0.321426 -0.946935 0
    outer loop
      vertex -2.15926 -5.21294 5.73
      vertex -1.46034 -5.45018 5.79
      vertex -2.15926 -5.21294 5.79
    endloop
  endfacet
  facet normal -0.321426 -0.946935 -0
    outer loop
      vertex -1.46034 -5.45018 5.79
      vertex -2.15926 -5.21294 5.73
      vertex -1.46034 -5.45018 5.73
    endloop
  endfacet
  facet normal 0.659343 -0.751843 0
    outer loop
      vertex 3.43491 -4.47644 5.73
      vertex 3.98981 -3.98981 5.79
      vertex 3.43491 -4.47644 5.79
    endloop
  endfacet
  facet normal 0.659343 -0.751843 0
    outer loop
      vertex 3.98981 -3.98981 5.79
      vertex 3.43491 -4.47644 5.73
      vertex 3.98981 -3.98981 5.73
    endloop
  endfacet
  facet normal 0.980786 -0.195084 0
    outer loop
      vertex 5.45018 -1.46034 5.79
      vertex 5.59416 -0.736481 5.73
      vertex 5.59416 -0.736481 5.79
    endloop
  endfacet
  facet normal 0.980786 -0.195084 0
    outer loop
      vertex 5.59416 -0.736481 5.73
      vertex 5.45018 -1.46034 5.79
      vertex 5.45018 -1.46034 5.73
    endloop
  endfacet
  facet normal 0.896882 0.44227 0
    outer loop
      vertex 5.21294 2.15926 5.79
      vertex 4.88651 2.82123 5.73
      vertex 4.88651 2.82123 5.79
    endloop
  endfacet
  facet normal 0.896882 0.44227 0
    outer loop
      vertex 4.88651 2.82123 5.73
      vertex 5.21294 2.15926 5.79
      vertex 5.21294 2.15926 5.73
    endloop
  endfacet
  facet normal 0.0654146 0.997858 -0
    outer loop
      vertex 0.736481 5.59416 5.73
      vertex 0 5.64244 5.79
      vertex 0.736481 5.59416 5.79
    endloop
  endfacet
  facet normal 0.0654146 0.997858 0
    outer loop
      vertex 0 5.64244 5.79
      vertex 0.736481 5.59416 5.73
      vertex 0 5.64244 5.73
    endloop
  endfacet
  facet normal -0.44227 -0.896882 0
    outer loop
      vertex -2.82123 -4.88651 5.73
      vertex -2.15926 -5.21294 5.79
      vertex -2.82123 -4.88651 5.79
    endloop
  endfacet
  facet normal -0.44227 -0.896882 -0
    outer loop
      vertex -2.15926 -5.21294 5.79
      vertex -2.82123 -4.88651 5.73
      vertex -2.15926 -5.21294 5.73
    endloop
  endfacet
  facet normal 0.195084 -0.980786 0
    outer loop
      vertex 0.736481 -5.59416 5.73
      vertex 1.46034 -5.45018 5.79
      vertex 0.736481 -5.59416 5.79
    endloop
  endfacet
  facet normal 0.195084 -0.980786 0
    outer loop
      vertex 1.46034 -5.45018 5.79
      vertex 0.736481 -5.59416 5.73
      vertex 1.46034 -5.45018 5.73
    endloop
  endfacet
  facet normal -0.751843 0.659343 0
    outer loop
      vertex -4.47644 3.43491 5.73
      vertex -3.98981 3.98981 5.79
      vertex -3.98981 3.98981 5.73
    endloop
  endfacet
  facet normal -0.751843 0.659343 0
    outer loop
      vertex -3.98981 3.98981 5.79
      vertex -4.47644 3.43491 5.73
      vertex -4.47644 3.43491 5.79
    endloop
  endfacet
  facet normal -0.0654146 -0.997858 0
    outer loop
      vertex -0.736481 -5.59416 5.73
      vertex 0 -5.64244 5.79
      vertex -0.736481 -5.59416 5.79
    endloop
  endfacet
  facet normal -0.0654146 -0.997858 -0
    outer loop
      vertex 0 -5.64244 5.79
      vertex -0.736481 -5.59416 5.73
      vertex 0 -5.64244 5.73
    endloop
  endfacet
  facet normal -0.751843 -0.659343 0
    outer loop
      vertex -3.98981 -3.98981 5.73
      vertex -4.47644 -3.43491 5.79
      vertex -4.47644 -3.43491 5.73
    endloop
  endfacet
  facet normal -0.751843 -0.659343 0
    outer loop
      vertex -4.47644 -3.43491 5.79
      vertex -3.98981 -3.98981 5.73
      vertex -3.98981 -3.98981 5.79
    endloop
  endfacet
  facet normal -0.946935 -0.321426 0
    outer loop
      vertex -5.21294 -2.15926 5.73
      vertex -5.45018 -1.46034 5.79
      vertex -5.45018 -1.46034 5.73
    endloop
  endfacet
  facet normal -0.946935 -0.321426 0
    outer loop
      vertex -5.45018 -1.46034 5.79
      vertex -5.21294 -2.15926 5.73
      vertex -5.21294 -2.15926 5.79
    endloop
  endfacet
  facet normal -0.321426 0.946935 0
    outer loop
      vertex -1.46034 5.45018 5.73
      vertex -2.15926 5.21294 5.79
      vertex -1.46034 5.45018 5.79
    endloop
  endfacet
  facet normal -0.321426 0.946935 0
    outer loop
      vertex -2.15926 5.21294 5.79
      vertex -1.46034 5.45018 5.73
      vertex -2.15926 5.21294 5.73
    endloop
  endfacet
  facet normal 0.831456 0.555591 0
    outer loop
      vertex 4.88651 2.82123 5.79
      vertex 4.47644 3.43491 5.73
      vertex 4.47644 3.43491 5.79
    endloop
  endfacet
  facet normal 0.831456 0.555591 0
    outer loop
      vertex 4.47644 3.43491 5.73
      vertex 4.88651 2.82123 5.79
      vertex 4.88651 2.82123 5.73
    endloop
  endfacet
  facet normal 0.44227 -0.896882 0
    outer loop
      vertex 2.15926 -5.21294 5.73
      vertex 2.82123 -4.88651 5.79
      vertex 2.15926 -5.21294 5.79
    endloop
  endfacet
  facet normal 0.44227 -0.896882 0
    outer loop
      vertex 2.82123 -4.88651 5.79
      vertex 2.15926 -5.21294 5.73
      vertex 2.82123 -4.88651 5.73
    endloop
  endfacet
  facet normal -0.946935 0.321426 0
    outer loop
      vertex -5.45018 1.46034 5.73
      vertex -5.21294 2.15926 5.79
      vertex -5.21294 2.15926 5.73
    endloop
  endfacet
  facet normal -0.946935 0.321426 0
    outer loop
      vertex -5.21294 2.15926 5.79
      vertex -5.45018 1.46034 5.73
      vertex -5.45018 1.46034 5.79
    endloop
  endfacet
  facet normal 0.0654146 -0.997858 0
    outer loop
      vertex 0 -5.64244 5.73
      vertex 0.736481 -5.59416 5.79
      vertex 0 -5.64244 5.79
    endloop
  endfacet
  facet normal 0.0654146 -0.997858 0
    outer loop
      vertex 0.736481 -5.59416 5.79
      vertex 0 -5.64244 5.73
      vertex 0.736481 -5.59416 5.73
    endloop
  endfacet
  facet normal 0.659343 0.751843 -0
    outer loop
      vertex 3.98981 3.98981 5.73
      vertex 3.43491 4.47644 5.79
      vertex 3.98981 3.98981 5.79
    endloop
  endfacet
  facet normal 0.659343 0.751843 0
    outer loop
      vertex 3.43491 4.47644 5.79
      vertex 3.98981 3.98981 5.73
      vertex 3.43491 4.47644 5.73
    endloop
  endfacet
  facet normal 0.831456 -0.555591 0
    outer loop
      vertex 4.47644 -3.43491 5.79
      vertex 4.88651 -2.82123 5.73
      vertex 4.88651 -2.82123 5.79
    endloop
  endfacet
  facet normal 0.831456 -0.555591 0
    outer loop
      vertex 4.88651 -2.82123 5.73
      vertex 4.47644 -3.43491 5.79
      vertex 4.47644 -3.43491 5.73
    endloop
  endfacet
  facet normal -0.44227 0.896882 0
    outer loop
      vertex -2.15926 5.21294 5.73
      vertex -2.82123 4.88651 5.79
      vertex -2.15926 5.21294 5.79
    endloop
  endfacet
  facet normal -0.44227 0.896882 0
    outer loop
      vertex -2.82123 4.88651 5.79
      vertex -2.15926 5.21294 5.73
      vertex -2.82123 4.88651 5.73
    endloop
  endfacet
  facet normal 0.896882 -0.44227 0
    outer loop
      vertex 4.88651 -2.82123 5.79
      vertex 5.21294 -2.15926 5.73
      vertex 5.21294 -2.15926 5.79
    endloop
  endfacet
  facet normal 0.896882 -0.44227 0
    outer loop
      vertex 5.21294 -2.15926 5.73
      vertex 4.88651 -2.82123 5.79
      vertex 4.88651 -2.82123 5.73
    endloop
  endfacet
  facet normal -0.0654146 0.997858 0
    outer loop
      vertex 0 5.64244 5.73
      vertex -0.736481 5.59416 5.79
      vertex 0 5.64244 5.79
    endloop
  endfacet
  facet normal -0.0654146 0.997858 0
    outer loop
      vertex -0.736481 5.59416 5.79
      vertex 0 5.64244 5.73
      vertex -0.736481 5.59416 5.73
    endloop
  endfacet
  facet normal 0.946935 0.321426 0
    outer loop
      vertex 5.45018 1.46034 5.79
      vertex 5.21294 2.15926 5.73
      vertex 5.21294 2.15926 5.79
    endloop
  endfacet
  facet normal 0.946935 0.321426 0
    outer loop
      vertex 5.21294 2.15926 5.73
      vertex 5.45018 1.46034 5.79
      vertex 5.45018 1.46034 5.73
    endloop
  endfacet
  facet normal -0.659343 0.751843 0
    outer loop
      vertex -3.43491 4.47644 5.73
      vertex -3.98981 3.98981 5.79
      vertex -3.43491 4.47644 5.79
    endloop
  endfacet
  facet normal -0.659343 0.751843 0
    outer loop
      vertex -3.98981 3.98981 5.79
      vertex -3.43491 4.47644 5.73
      vertex -3.98981 3.98981 5.73
    endloop
  endfacet
  facet normal -0.896882 0.44227 0
    outer loop
      vertex -5.21294 2.15926 5.73
      vertex -4.88651 2.82123 5.79
      vertex -4.88651 2.82123 5.73
    endloop
  endfacet
  facet normal -0.896882 0.44227 0
    outer loop
      vertex -4.88651 2.82123 5.79
      vertex -5.21294 2.15926 5.73
      vertex -5.21294 2.15926 5.79
    endloop
  endfacet
  facet normal -0.555591 0.831456 0
    outer loop
      vertex -2.82123 4.88651 5.73
      vertex -3.43491 4.47644 5.79
      vertex -2.82123 4.88651 5.79
    endloop
  endfacet
  facet normal -0.555591 0.831456 0
    outer loop
      vertex -3.43491 4.47644 5.79
      vertex -2.82123 4.88651 5.73
      vertex -3.43491 4.47644 5.73
    endloop
  endfacet
  facet normal -0.195084 0.980786 0
    outer loop
      vertex -0.736481 5.59416 5.73
      vertex -1.46034 5.45018 5.79
      vertex -0.736481 5.59416 5.79
    endloop
  endfacet
  facet normal -0.195084 0.980786 0
    outer loop
      vertex -1.46034 5.45018 5.79
      vertex -0.736481 5.59416 5.73
      vertex -1.46034 5.45018 5.73
    endloop
  endfacet
  facet normal 0.555591 0.831456 -0
    outer loop
      vertex 3.43491 4.47644 5.73
      vertex 2.82123 4.88651 5.79
      vertex 3.43491 4.47644 5.79
    endloop
  endfacet
  facet normal 0.555591 0.831456 0
    outer loop
      vertex 2.82123 4.88651 5.79
      vertex 3.43491 4.47644 5.73
      vertex 2.82123 4.88651 5.73
    endloop
  endfacet
  facet normal -0.896882 -0.44227 0
    outer loop
      vertex -4.88651 -2.82123 5.73
      vertex -5.21294 -2.15926 5.79
      vertex -5.21294 -2.15926 5.73
    endloop
  endfacet
  facet normal -0.896882 -0.44227 0
    outer loop
      vertex -5.21294 -2.15926 5.79
      vertex -4.88651 -2.82123 5.73
      vertex -4.88651 -2.82123 5.79
    endloop
  endfacet
  facet normal -0.831456 0.555591 0
    outer loop
      vertex -4.88651 2.82123 5.73
      vertex -4.47644 3.43491 5.79
      vertex -4.47644 3.43491 5.73
    endloop
  endfacet
  facet normal -0.831456 0.555591 0
    outer loop
      vertex -4.47644 3.43491 5.79
      vertex -4.88651 2.82123 5.73
      vertex -4.88651 2.82123 5.79
    endloop
  endfacet
  facet normal 0.946935 -0.321426 0
    outer loop
      vertex 5.21294 -2.15926 5.79
      vertex 5.45018 -1.46034 5.73
      vertex 5.45018 -1.46034 5.79
    endloop
  endfacet
  facet normal 0.946935 -0.321426 0
    outer loop
      vertex 5.45018 -1.46034 5.73
      vertex 5.21294 -2.15926 5.79
      vertex 5.21294 -2.15926 5.73
    endloop
  endfacet
  facet normal 0 0 -1
    outer loop
      vertex 5.58232 0 5.73
      vertex 5.64244 0 5.73
      vertex 5.59416 -0.736481 5.73
    endloop
  endfacet
  facet normal 0 0 -1
    outer loop
      vertex 5.64244 0 5.73
      vertex 5.58232 0 5.73
      vertex 5.59416 0.736481 5.73
    endloop
  endfacet
  facet normal 0 0 -1
    outer loop
      vertex 5.59416 -0.736481 5.73
      vertex 5.53455 -0.728622 5.73
      vertex 5.58232 0 5.73
    endloop
  endfacet
  facet normal 0 0 -1
    outer loop
      vertex 5.45018 -1.46034 5.73
      vertex 5.53455 -0.728622 5.73
      vertex 5.59416 -0.736481 5.73
    endloop
  endfacet
  facet normal 0 0 -1
    outer loop
      vertex 5.45018 -1.46034 5.73
      vertex 5.39211 -1.44479 5.73
      vertex 5.53455 -0.728622 5.73
    endloop
  endfacet
  facet normal 0 0 -1
    outer loop
      vertex 5.21294 -2.15926 5.73
      vertex 5.39211 -1.44479 5.73
      vertex 5.45018 -1.46034 5.73
    endloop
  endfacet
  facet normal 0 0 -1
    outer loop
      vertex 5.21294 -2.15926 5.73
      vertex 5.15739 -2.13625 5.73
      vertex 5.39211 -1.44479 5.73
    endloop
  endfacet
  facet normal 0 0 -1
    outer loop
      vertex 4.88651 -2.82123 5.73
      vertex 5.15739 -2.13625 5.73
      vertex 5.21294 -2.15926 5.73
    endloop
  endfacet
  facet normal 0 0 -1
    outer loop
      vertex 4.88651 -2.82123 5.73
      vertex 4.83443 -2.79115 5.73
      vertex 5.15739 -2.13625 5.73
    endloop
  endfacet
  facet normal 0 0 -1
    outer loop
      vertex 4.47644 -3.43491 5.73
      vertex 4.83443 -2.79115 5.73
      vertex 4.88651 -2.82123 5.73
    endloop
  endfacet
  facet normal 0 0 -1
    outer loop
      vertex 4.47644 -3.43491 5.73
      vertex 4.42874 -3.3983 5.73
      vertex 4.83443 -2.79115 5.73
    endloop
  endfacet
  facet normal 0 0 -1
    outer loop
      vertex 3.98981 -3.98981 5.73
      vertex 4.42874 -3.3983 5.73
      vertex 4.47644 -3.43491 5.73
    endloop
  endfacet
  facet normal 0 0 -1
    outer loop
      vertex 3.98981 -3.98981 5.73
      vertex 3.9473 -3.9473 5.73
      vertex 4.42874 -3.3983 5.73
    endloop
  endfacet
  facet normal 0 0 -1
    outer loop
      vertex 3.43491 -4.47644 5.73
      vertex 3.9473 -3.9473 5.73
      vertex 3.98981 -3.98981 5.73
    endloop
  endfacet
  facet normal 0 0 -1
    outer loop
      vertex 3.43491 -4.47644 5.73
      vertex 3.3983 -4.42874 5.73
      vertex 3.9473 -3.9473 5.73
    endloop
  endfacet
  facet normal 0 0 -1
    outer loop
      vertex 2.82123 -4.88651 5.73
      vertex 3.3983 -4.42874 5.73
      vertex 3.43491 -4.47644 5.73
    endloop
  endfacet
  facet normal 0 0 -1
    outer loop
      vertex 2.82123 -4.88651 5.73
      vertex 2.79115 -4.83443 5.73
      vertex 3.3983 -4.42874 5.73
    endloop
  endfacet
  facet normal 0 0 -1
    outer loop
      vertex 2.15926 -5.21294 5.73
      vertex 2.79115 -4.83443 5.73
      vertex 2.82123 -4.88651 5.73
    endloop
  endfacet
  facet normal 0 0 -1
    outer loop
      vertex 2.15926 -5.21294 5.73
      vertex 2.13625 -5.15739 5.73
      vertex 2.79115 -4.83443 5.73
    endloop
  endfacet
  facet normal 0 0 -1
    outer loop
      vertex 1.46034 -5.45018 5.73
      vertex 2.13625 -5.15739 5.73
      vertex 2.15926 -5.21294 5.73
    endloop
  endfacet
  facet normal 0 0 -1
    outer loop
      vertex 1.46034 -5.45018 5.73
      vertex 1.44479 -5.39211 5.73
      vertex 2.13625 -5.15739 5.73
    endloop
  endfacet
  facet normal 0 0 -1
    outer loop
      vertex 0.736481 -5.59416 5.73
      vertex 1.44479 -5.39211 5.73
      vertex 1.46034 -5.45018 5.73
    endloop
  endfacet
  facet normal 0 0 -1
    outer loop
      vertex 0.736481 -5.59416 5.73
      vertex 0.728622 -5.53455 5.73
      vertex 1.44479 -5.39211 5.73
    endloop
  endfacet
  facet normal 0 0 -1
    outer loop
      vertex 0 -5.64244 5.73
      vertex 0.728622 -5.53455 5.73
      vertex 0.736481 -5.59416 5.73
    endloop
  endfacet
  facet normal 0 0 -1
    outer loop
      vertex 0 -5.64244 5.73
      vertex 0 -5.58232 5.73
      vertex 0.728622 -5.53455 5.73
    endloop
  endfacet
  facet normal 0 0 -1
    outer loop
      vertex 0 -5.64244 5.73
      vertex -0.728622 -5.53455 5.73
      vertex 0 -5.58232 5.73
    endloop
  endfacet
  facet normal 0 0 -1
    outer loop
      vertex -0.736481 -5.59416 5.73
      vertex -0.728622 -5.53455 5.73
      vertex 0 -5.64244 5.73
    endloop
  endfacet
  facet normal 0 0 -1
    outer loop
      vertex -0.736481 -5.59416 5.73
      vertex -1.44479 -5.39211 5.73
      vertex -0.728622 -5.53455 5.73
    endloop
  endfacet
  facet normal 0 0 -1
    outer loop
      vertex -1.46034 -5.45018 5.73
      vertex -1.44479 -5.39211 5.73
      vertex -0.736481 -5.59416 5.73
    endloop
  endfacet
  facet normal 0 0 -1
    outer loop
      vertex -1.46034 -5.45018 5.73
      vertex -2.13625 -5.15739 5.73
      vertex -1.44479 -5.39211 5.73
    endloop
  endfacet
  facet normal 0 0 -1
    outer loop
      vertex -2.15926 -5.21294 5.73
      vertex -2.13625 -5.15739 5.73
      vertex -1.46034 -5.45018 5.73
    endloop
  endfacet
  facet normal 0 0 -1
    outer loop
      vertex -2.15926 -5.21294 5.73
      vertex -2.79115 -4.83443 5.73
      vertex -2.13625 -5.15739 5.73
    endloop
  endfacet
  facet normal 0 0 -1
    outer loop
      vertex -2.82123 -4.88651 5.73
      vertex -2.79115 -4.83443 5.73
      vertex -2.15926 -5.21294 5.73
    endloop
  endfacet
  facet normal 0 0 -1
    outer loop
      vertex -2.82123 -4.88651 5.73
      vertex -3.3983 -4.42874 5.73
      vertex -2.79115 -4.83443 5.73
    endloop
  endfacet
  facet normal 0 0 -1
    outer loop
      vertex -3.43491 -4.47644 5.73
      vertex -3.3983 -4.42874 5.73
      vertex -2.82123 -4.88651 5.73
    endloop
  endfacet
  facet normal 0 0 -1
    outer loop
      vertex -3.43491 -4.47644 5.73
      vertex -3.9473 -3.9473 5.73
      vertex -3.3983 -4.42874 5.73
    endloop
  endfacet
  facet normal 0 0 -1
    outer loop
      vertex -3.98981 -3.98981 5.73
      vertex -3.9473 -3.9473 5.73
      vertex -3.43491 -4.47644 5.73
    endloop
  endfacet
  facet normal 0 0 -1
    outer loop
      vertex -3.98981 -3.98981 5.73
      vertex -4.42874 -3.3983 5.73
      vertex -3.9473 -3.9473 5.73
    endloop
  endfacet
  facet normal 0 0 -1
    outer loop
      vertex -4.47644 -3.43491 5.73
      vertex -4.42874 -3.3983 5.73
      vertex -3.98981 -3.98981 5.73
    endloop
  endfacet
  facet normal 0 0 -1
    outer loop
      vertex -4.47644 -3.43491 5.73
      vertex -4.83443 -2.79115 5.73
      vertex -4.42874 -3.3983 5.73
    endloop
  endfacet
  facet normal 0 0 -1
    outer loop
      vertex -4.88651 -2.82123 5.73
      vertex -4.83443 -2.79115 5.73
      vertex -4.47644 -3.43491 5.73
    endloop
  endfacet
  facet normal 0 0 -1
    outer loop
      vertex -4.88651 -2.82123 5.73
      vertex -5.15739 -2.13625 5.73
      vertex -4.83443 -2.79115 5.73
    endloop
  endfacet
  facet normal 0 0 -1
    outer loop
      vertex -5.21294 -2.15926 5.73
      vertex -5.15739 -2.13625 5.73
      vertex -4.88651 -2.82123 5.73
    endloop
  endfacet
  facet normal 0 0 -1
    outer loop
      vertex -5.21294 -2.15926 5.73
      vertex -5.39211 -1.44479 5.73
      vertex -5.15739 -2.13625 5.73
    endloop
  endfacet
  facet normal 0 0 -1
    outer loop
      vertex -5.45018 -1.46034 5.73
      vertex -5.39211 -1.44479 5.73
      vertex -5.21294 -2.15926 5.73
    endloop
  endfacet
  facet normal 0 0 -1
    outer loop
      vertex -5.45018 -1.46034 5.73
      vertex -5.52035 -0.799999 5.73
      vertex -5.39211 -1.44479 5.73
    endloop
  endfacet
  facet normal -0 -0 -1
    outer loop
      vertex -5.52035 -0.799999 5.73
      vertex -5.45018 -1.46034 5.73
      vertex -5.58153 -0.799999 5.73
    endloop
  endfacet
  facet normal 0 0 -1
    outer loop
      vertex 5.53455 0.728622 5.73
      vertex 5.59416 0.736481 5.73
      vertex 5.58232 0 5.73
    endloop
  endfacet
  facet normal 0 0 -1
    outer loop
      vertex 5.53455 0.728622 5.73
      vertex 5.45018 1.46034 5.73
      vertex 5.59416 0.736481 5.73
    endloop
  endfacet
  facet normal 0 0 -1
    outer loop
      vertex 5.39211 1.44479 5.73
      vertex 5.45018 1.46034 5.73
      vertex 5.53455 0.728622 5.73
    endloop
  endfacet
  facet normal 0 0 -1
    outer loop
      vertex 5.39211 1.44479 5.73
      vertex 5.21294 2.15926 5.73
      vertex 5.45018 1.46034 5.73
    endloop
  endfacet
  facet normal 0 0 -1
    outer loop
      vertex 5.15739 2.13625 5.73
      vertex 5.21294 2.15926 5.73
      vertex 5.39211 1.44479 5.73
    endloop
  endfacet
  facet normal 0 0 -1
    outer loop
      vertex 5.15739 2.13625 5.73
      vertex 4.88651 2.82123 5.73
      vertex 5.21294 2.15926 5.73
    endloop
  endfacet
  facet normal 0 0 -1
    outer loop
      vertex 4.83443 2.79115 5.73
      vertex 4.88651 2.82123 5.73
      vertex 5.15739 2.13625 5.73
    endloop
  endfacet
  facet normal 0 0 -1
    outer loop
      vertex 4.83443 2.79115 5.73
      vertex 4.47644 3.43491 5.73
      vertex 4.88651 2.82123 5.73
    endloop
  endfacet
  facet normal 0 0 -1
    outer loop
      vertex 4.42874 3.3983 5.73
      vertex 4.47644 3.43491 5.73
      vertex 4.83443 2.79115 5.73
    endloop
  endfacet
  facet normal 0 0 -1
    outer loop
      vertex 4.42874 3.3983 5.73
      vertex 3.98981 3.98981 5.73
      vertex 4.47644 3.43491 5.73
    endloop
  endfacet
  facet normal 0 0 -1
    outer loop
      vertex 3.9473 3.9473 5.73
      vertex 3.98981 3.98981 5.73
      vertex 4.42874 3.3983 5.73
    endloop
  endfacet
  facet normal 0 0 -1
    outer loop
      vertex 3.9473 3.9473 5.73
      vertex 3.43491 4.47644 5.73
      vertex 3.98981 3.98981 5.73
    endloop
  endfacet
  facet normal 0 0 -1
    outer loop
      vertex 3.3983 4.42874 5.73
      vertex 3.43491 4.47644 5.73
      vertex 3.9473 3.9473 5.73
    endloop
  endfacet
  facet normal 0 0 -1
    outer loop
      vertex 3.3983 4.42874 5.73
      vertex 2.82123 4.88651 5.73
      vertex 3.43491 4.47644 5.73
    endloop
  endfacet
  facet normal 0 0 -1
    outer loop
      vertex 2.79115 4.83443 5.73
      vertex 2.82123 4.88651 5.73
      vertex 3.3983 4.42874 5.73
    endloop
  endfacet
  facet normal 0 0 -1
    outer loop
      vertex 2.79115 4.83443 5.73
      vertex 2.15926 5.21294 5.73
      vertex 2.82123 4.88651 5.73
    endloop
  endfacet
  facet normal 0 0 -1
    outer loop
      vertex 2.13625 5.15739 5.73
      vertex 2.15926 5.21294 5.73
      vertex 2.79115 4.83443 5.73
    endloop
  endfacet
  facet normal 0 0 -1
    outer loop
      vertex 2.13625 5.15739 5.73
      vertex 1.46034 5.45018 5.73
      vertex 2.15926 5.21294 5.73
    endloop
  endfacet
  facet normal 0 0 -1
    outer loop
      vertex 1.44479 5.39211 5.73
      vertex 1.46034 5.45018 5.73
      vertex 2.13625 5.15739 5.73
    endloop
  endfacet
  facet normal 0 0 -1
    outer loop
      vertex 1.44479 5.39211 5.73
      vertex 0.736481 5.59416 5.73
      vertex 1.46034 5.45018 5.73
    endloop
  endfacet
  facet normal 0 0 -1
    outer loop
      vertex 0.728622 5.53455 5.73
      vertex 0.736481 5.59416 5.73
      vertex 1.44479 5.39211 5.73
    endloop
  endfacet
  facet normal 0 0 -1
    outer loop
      vertex 0 5.58232 5.73
      vertex 0.736481 5.59416 5.73
      vertex 0.728622 5.53455 5.73
    endloop
  endfacet
  facet normal 0 0 -1
    outer loop
      vertex 0 5.58232 5.73
      vertex 0 5.64244 5.73
      vertex 0.736481 5.59416 5.73
    endloop
  endfacet
  facet normal 0 0 -1
    outer loop
      vertex -0.728622 5.53455 5.73
      vertex 0 5.64244 5.73
      vertex 0 5.58232 5.73
    endloop
  endfacet
  facet normal 0 0 -1
    outer loop
      vertex -0.728622 5.53455 5.73
      vertex -0.736481 5.59416 5.73
      vertex 0 5.64244 5.73
    endloop
  endfacet
  facet normal 0 0 -1
    outer loop
      vertex -1.44479 5.39211 5.73
      vertex -0.736481 5.59416 5.73
      vertex -0.728622 5.53455 5.73
    endloop
  endfacet
  facet normal 0 0 -1
    outer loop
      vertex -1.44479 5.39211 5.73
      vertex -1.46034 5.45018 5.73
      vertex -0.736481 5.59416 5.73
    endloop
  endfacet
  facet normal 0 0 -1
    outer loop
      vertex -2.13625 5.15739 5.73
      vertex -1.46034 5.45018 5.73
      vertex -1.44479 5.39211 5.73
    endloop
  endfacet
  facet normal 0 0 -1
    outer loop
      vertex -2.13625 5.15739 5.73
      vertex -2.15926 5.21294 5.73
      vertex -1.46034 5.45018 5.73
    endloop
  endfacet
  facet normal 0 0 -1
    outer loop
      vertex -2.79115 4.83443 5.73
      vertex -2.15926 5.21294 5.73
      vertex -2.13625 5.15739 5.73
    endloop
  endfacet
  facet normal 0 0 -1
    outer loop
      vertex -2.79115 4.83443 5.73
      vertex -2.82123 4.88651 5.73
      vertex -2.15926 5.21294 5.73
    endloop
  endfacet
  facet normal 0 0 -1
    outer loop
      vertex -3.3983 4.42874 5.73
      vertex -2.82123 4.88651 5.73
      vertex -2.79115 4.83443 5.73
    endloop
  endfacet
  facet normal 0 0 -1
    outer loop
      vertex -3.3983 4.42874 5.73
      vertex -3.43491 4.47644 5.73
      vertex -2.82123 4.88651 5.73
    endloop
  endfacet
  facet normal 0 0 -1
    outer loop
      vertex -3.9473 3.9473 5.73
      vertex -3.43491 4.47644 5.73
      vertex -3.3983 4.42874 5.73
    endloop
  endfacet
  facet normal 0 0 -1
    outer loop
      vertex -3.9473 3.9473 5.73
      vertex -3.98981 3.98981 5.73
      vertex -3.43491 4.47644 5.73
    endloop
  endfacet
  facet normal 0 0 -1
    outer loop
      vertex -4.42874 3.3983 5.73
      vertex -3.98981 3.98981 5.73
      vertex -3.9473 3.9473 5.73
    endloop
  endfacet
  facet normal 0 0 -1
    outer loop
      vertex -4.42874 3.3983 5.73
      vertex -4.47644 3.43491 5.73
      vertex -3.98981 3.98981 5.73
    endloop
  endfacet
  facet normal 0 0 -1
    outer loop
      vertex -4.83443 2.79115 5.73
      vertex -4.47644 3.43491 5.73
      vertex -4.42874 3.3983 5.73
    endloop
  endfacet
  facet normal 0 0 -1
    outer loop
      vertex -4.83443 2.79115 5.73
      vertex -4.88651 2.82123 5.73
      vertex -4.47644 3.43491 5.73
    endloop
  endfacet
  facet normal 0 0 -1
    outer loop
      vertex -5.15739 2.13625 5.73
      vertex -4.88651 2.82123 5.73
      vertex -4.83443 2.79115 5.73
    endloop
  endfacet
  facet normal 0 0 -1
    outer loop
      vertex -5.15739 2.13625 5.73
      vertex -5.21294 2.15926 5.73
      vertex -4.88651 2.82123 5.73
    endloop
  endfacet
  facet normal 0 0 -1
    outer loop
      vertex -5.39211 1.44479 5.73
      vertex -5.21294 2.15926 5.73
      vertex -5.15739 2.13625 5.73
    endloop
  endfacet
  facet normal 0 0 -1
    outer loop
      vertex -5.39211 1.44479 5.73
      vertex -5.45018 1.46034 5.73
      vertex -5.21294 2.15926 5.73
    endloop
  endfacet
  facet normal 0 0 -1
    outer loop
      vertex -5.52035 0.799999 5.73
      vertex -5.45018 1.46034 5.73
      vertex -5.39211 1.44479 5.73
    endloop
  endfacet
  facet normal 0 0 -1
    outer loop
      vertex -5.45018 1.46034 5.73
      vertex -5.52035 0.799999 5.73
      vertex -5.58153 0.799999 5.73
    endloop
  endfacet
  facet normal 0.751843 0.659343 0
    outer loop
      vertex 4.47644 3.43491 5.79
      vertex 3.98981 3.98981 5.73
      vertex 3.98981 3.98981 5.79
    endloop
  endfacet
  facet normal 0.751843 0.659343 0
    outer loop
      vertex 3.98981 3.98981 5.73
      vertex 4.47644 3.43491 5.79
      vertex 4.47644 3.43491 5.73
    endloop
  endfacet
  facet normal 0.997858 -0.0654146 0
    outer loop
      vertex 5.59416 -0.736481 5.79
      vertex 5.64244 0 5.73
      vertex 5.64244 0 5.79
    endloop
  endfacet
  facet normal 0.997858 -0.0654146 0
    outer loop
      vertex 5.64244 0 5.73
      vertex 5.59416 -0.736481 5.79
      vertex 5.59416 -0.736481 5.73
    endloop
  endfacet
  facet normal 0.980786 0.195084 0
    outer loop
      vertex 5.59416 0.736481 5.79
      vertex 5.45018 1.46034 5.73
      vertex 5.45018 1.46034 5.79
    endloop
  endfacet
  facet normal 0.980786 0.195084 0
    outer loop
      vertex 5.45018 1.46034 5.73
      vertex 5.59416 0.736481 5.79
      vertex 5.59416 0.736481 5.73
    endloop
  endfacet
  facet normal 0.997858 0.0654146 0
    outer loop
      vertex 5.64244 0 5.79
      vertex 5.59416 0.736481 5.73
      vertex 5.59416 0.736481 5.79
    endloop
  endfacet
  facet normal 0.997858 0.0654146 0
    outer loop
      vertex 5.59416 0.736481 5.73
      vertex 5.64244 0 5.79
      vertex 5.64244 0 5.73
    endloop
  endfacet
  facet normal 0.751843 -0.659343 0
    outer loop
      vertex 3.98981 -3.98981 5.79
      vertex 4.47644 -3.43491 5.73
      vertex 4.47644 -3.43491 5.79
    endloop
  endfacet
  facet normal 0.751843 -0.659343 0
    outer loop
      vertex 4.47644 -3.43491 5.73
      vertex 3.98981 -3.98981 5.79
      vertex 3.98981 -3.98981 5.73
    endloop
  endfacet
  facet normal 0.321426 -0.946935 0
    outer loop
      vertex 1.46034 -5.45018 5.73
      vertex 2.15926 -5.21294 5.79
      vertex 1.46034 -5.45018 5.79
    endloop
  endfacet
  facet normal 0.321426 -0.946935 0
    outer loop
      vertex 2.15926 -5.21294 5.79
      vertex 1.46034 -5.45018 5.73
      vertex 2.15926 -5.21294 5.73
    endloop
  endfacet
  facet normal -0.980785 0.19509 0
    outer loop
      vertex -5.58153 0.799999 5.73
      vertex -5.45018 1.46034 5.79
      vertex -5.45018 1.46034 5.73
    endloop
  endfacet
  facet normal -0.980785 0.19509 0
    outer loop
      vertex -5.45018 1.46034 5.79
      vertex -5.58153 0.799999 5.73
      vertex -5.58153 0.799999 5.79
    endloop
  endfacet
  facet normal -0.555591 -0.831456 0
    outer loop
      vertex -3.43491 -4.47644 5.73
      vertex -2.82123 -4.88651 5.79
      vertex -3.43491 -4.47644 5.79
    endloop
  endfacet
  facet normal -0.555591 -0.831456 -0
    outer loop
      vertex -2.82123 -4.88651 5.79
      vertex -3.43491 -4.47644 5.73
      vertex -2.82123 -4.88651 5.73
    endloop
  endfacet
  facet normal -0.980785 -0.19509 0
    outer loop
      vertex -5.45018 -1.46034 5.73
      vertex -5.58153 -0.799999 5.79
      vertex -5.58153 -0.799999 5.73
    endloop
  endfacet
  facet normal -0.980785 -0.19509 0
    outer loop
      vertex -5.58153 -0.799999 5.79
      vertex -5.45018 -1.46034 5.73
      vertex -5.45018 -1.46034 5.79
    endloop
  endfacet
  facet normal 0.555591 -0.831456 0
    outer loop
      vertex 2.82123 -4.88651 5.73
      vertex 3.43491 -4.47644 5.79
      vertex 2.82123 -4.88651 5.79
    endloop
  endfacet
  facet normal 0.555591 -0.831456 0
    outer loop
      vertex 3.43491 -4.47644 5.79
      vertex 2.82123 -4.88651 5.73
      vertex 3.43491 -4.47644 5.73
    endloop
  endfacet
  facet normal -0.831456 -0.555591 0
    outer loop
      vertex -4.47644 -3.43491 5.73
      vertex -4.88651 -2.82123 5.79
      vertex -4.88651 -2.82123 5.73
    endloop
  endfacet
  facet normal -0.831456 -0.555591 0
    outer loop
      vertex -4.88651 -2.82123 5.79
      vertex -4.47644 -3.43491 5.73
      vertex -4.47644 -3.43491 5.79
    endloop
  endfacet
  facet normal -0.659343 -0.751843 0
    outer loop
      vertex -3.98981 -3.98981 5.73
      vertex -3.43491 -4.47644 5.79
      vertex -3.98981 -3.98981 5.79
    endloop
  endfacet
  facet normal -0.659343 -0.751843 -0
    outer loop
      vertex -3.43491 -4.47644 5.79
      vertex -3.98981 -3.98981 5.73
      vertex -3.43491 -4.47644 5.73
    endloop
  endfacet
  facet normal -0.65933 -0.751853 0
    outer loop
      vertex -3.9473 -3.9473 5.67
      vertex -3.3983 -4.42874 5.73
      vertex -3.9473 -3.9473 5.73
    endloop
  endfacet
  facet normal -0.65933 -0.751853 -0
    outer loop
      vertex -3.3983 -4.42874 5.73
      vertex -3.9473 -3.9473 5.67
      vertex -3.3983 -4.42874 5.67
    endloop
  endfacet
  facet normal 0.321441 0.94693 -0
    outer loop
      vertex 2.13625 5.15739 5.67
      vertex 1.44479 5.39211 5.73
      vertex 2.13625 5.15739 5.73
    endloop
  endfacet
  facet normal 0.321441 0.94693 0
    outer loop
      vertex 1.44479 5.39211 5.73
      vertex 2.13625 5.15739 5.67
      vertex 1.44479 5.39211 5.67
    endloop
  endfacet
  facet normal 0.195071 0.980789 -0
    outer loop
      vertex 1.44479 5.39211 5.67
      vertex 0.728622 5.53455 5.73
      vertex 1.44479 5.39211 5.73
    endloop
  endfacet
  facet normal 0.195071 0.980789 0
    outer loop
      vertex 0.728622 5.53455 5.73
      vertex 1.44479 5.39211 5.67
      vertex 0.728622 5.53455 5.67
    endloop
  endfacet
  facet normal -0.0654217 0.997858 0
    outer loop
      vertex 0 5.58232 5.67
      vertex -0.728622 5.53455 5.73
      vertex 0 5.58232 5.73
    endloop
  endfacet
  facet normal -0.0654217 0.997858 0
    outer loop
      vertex -0.728622 5.53455 5.73
      vertex 0 5.58232 5.67
      vertex -0.728622 5.53455 5.67
    endloop
  endfacet
  facet normal 0.0654217 0.997858 -0
    outer loop
      vertex 0.728622 5.53455 5.67
      vertex 0 5.58232 5.73
      vertex 0.728622 5.53455 5.73
    endloop
  endfacet
  facet normal 0.0654217 0.997858 0
    outer loop
      vertex 0 5.58232 5.73
      vertex 0.728622 5.53455 5.67
      vertex 0 5.58232 5.67
    endloop
  endfacet
  facet normal -0.98079 -0.195066 0
    outer loop
      vertex -5.39211 -1.44479 5.67
      vertex -5.52035 -0.799999 5.73
      vertex -5.52035 -0.799999 5.67
    endloop
  endfacet
  facet normal -0.98079 -0.195066 0
    outer loop
      vertex -5.52035 -0.799999 5.73
      vertex -5.39211 -1.44479 5.67
      vertex -5.39211 -1.44479 5.73
    endloop
  endfacet
  facet normal 0.997858 0.0654217 0
    outer loop
      vertex 5.58232 0 5.73
      vertex 5.53455 0.728622 5.67
      vertex 5.53455 0.728622 5.73
    endloop
  endfacet
  facet normal 0.997858 0.0654217 0
    outer loop
      vertex 5.53455 0.728622 5.67
      vertex 5.58232 0 5.73
      vertex 5.58232 0 5.67
    endloop
  endfacet
  facet normal -0.0654217 -0.997858 0
    outer loop
      vertex -0.728622 -5.53455 5.67
      vertex 0 -5.58232 5.73
      vertex -0.728622 -5.53455 5.73
    endloop
  endfacet
  facet normal -0.0654217 -0.997858 -0
    outer loop
      vertex 0 -5.58232 5.73
      vertex -0.728622 -5.53455 5.67
      vertex 0 -5.58232 5.67
    endloop
  endfacet
  facet normal -0.831466 0.555575 0
    outer loop
      vertex -4.83443 2.79115 5.67
      vertex -4.42874 3.3983 5.73
      vertex -4.42874 3.3983 5.67
    endloop
  endfacet
  facet normal -0.831466 0.555575 0
    outer loop
      vertex -4.42874 3.3983 5.73
      vertex -4.83443 2.79115 5.67
      vertex -4.83443 2.79115 5.73
    endloop
  endfacet
  facet normal -0.94693 0.321441 0
    outer loop
      vertex -5.39211 1.44479 5.67
      vertex -5.15739 2.13625 5.73
      vertex -5.15739 2.13625 5.67
    endloop
  endfacet
  facet normal -0.94693 0.321441 0
    outer loop
      vertex -5.15739 2.13625 5.73
      vertex -5.39211 1.44479 5.67
      vertex -5.39211 1.44479 5.73
    endloop
  endfacet
  facet normal 0.751853 0.65933 0
    outer loop
      vertex 4.42874 3.3983 5.73
      vertex 3.9473 3.9473 5.67
      vertex 3.9473 3.9473 5.73
    endloop
  endfacet
  facet normal 0.751853 0.65933 0
    outer loop
      vertex 3.9473 3.9473 5.67
      vertex 4.42874 3.3983 5.73
      vertex 4.42874 3.3983 5.67
    endloop
  endfacet
  facet normal -0.896873 -0.442288 0
    outer loop
      vertex -4.83443 -2.79115 5.67
      vertex -5.15739 -2.13625 5.73
      vertex -5.15739 -2.13625 5.67
    endloop
  endfacet
  facet normal -0.896873 -0.442288 0
    outer loop
      vertex -5.15739 -2.13625 5.73
      vertex -4.83443 -2.79115 5.67
      vertex -4.83443 -2.79115 5.73
    endloop
  endfacet
  facet normal 0.997858 -0.0654217 0
    outer loop
      vertex 5.53455 -0.728622 5.73
      vertex 5.58232 0 5.67
      vertex 5.58232 0 5.73
    endloop
  endfacet
  facet normal 0.997858 -0.0654217 0
    outer loop
      vertex 5.58232 0 5.67
      vertex 5.53455 -0.728622 5.73
      vertex 5.53455 -0.728622 5.67
    endloop
  endfacet
  facet normal 0.896873 -0.442288 0
    outer loop
      vertex 4.83443 -2.79115 5.73
      vertex 5.15739 -2.13625 5.67
      vertex 5.15739 -2.13625 5.73
    endloop
  endfacet
  facet normal 0.896873 -0.442288 0
    outer loop
      vertex 5.15739 -2.13625 5.67
      vertex 4.83443 -2.79115 5.73
      vertex 4.83443 -2.79115 5.67
    endloop
  endfacet
  facet normal -0.195071 0.980789 0
    outer loop
      vertex -0.728622 5.53455 5.67
      vertex -1.44479 5.39211 5.73
      vertex -0.728622 5.53455 5.73
    endloop
  endfacet
  facet normal -0.195071 0.980789 0
    outer loop
      vertex -1.44479 5.39211 5.73
      vertex -0.728622 5.53455 5.67
      vertex -1.44479 5.39211 5.67
    endloop
  endfacet
  facet normal -0.321441 0.94693 0
    outer loop
      vertex -1.44479 5.39211 5.67
      vertex -2.13625 5.15739 5.73
      vertex -1.44479 5.39211 5.73
    endloop
  endfacet
  facet normal -0.321441 0.94693 0
    outer loop
      vertex -2.13625 5.15739 5.73
      vertex -1.44479 5.39211 5.67
      vertex -2.13625 5.15739 5.67
    endloop
  endfacet
  facet normal -0.751853 -0.65933 0
    outer loop
      vertex -3.9473 -3.9473 5.67
      vertex -4.42874 -3.3983 5.73
      vertex -4.42874 -3.3983 5.67
    endloop
  endfacet
  facet normal -0.751853 -0.65933 0
    outer loop
      vertex -4.42874 -3.3983 5.73
      vertex -3.9473 -3.9473 5.67
      vertex -3.9473 -3.9473 5.73
    endloop
  endfacet
  facet normal 0.751853 -0.65933 0
    outer loop
      vertex 3.9473 -3.9473 5.73
      vertex 4.42874 -3.3983 5.67
      vertex 4.42874 -3.3983 5.73
    endloop
  endfacet
  facet normal 0.751853 -0.65933 0
    outer loop
      vertex 4.42874 -3.3983 5.67
      vertex 3.9473 -3.9473 5.73
      vertex 3.9473 -3.9473 5.67
    endloop
  endfacet
  facet normal -0.555575 0.831466 0
    outer loop
      vertex -2.79115 4.83443 5.67
      vertex -3.3983 4.42874 5.73
      vertex -2.79115 4.83443 5.73
    endloop
  endfacet
  facet normal -0.555575 0.831466 0
    outer loop
      vertex -3.3983 4.42874 5.73
      vertex -2.79115 4.83443 5.67
      vertex -3.3983 4.42874 5.67
    endloop
  endfacet
  facet normal -0.321441 -0.94693 0
    outer loop
      vertex -2.13625 -5.15739 5.67
      vertex -1.44479 -5.39211 5.73
      vertex -2.13625 -5.15739 5.73
    endloop
  endfacet
  facet normal -0.321441 -0.94693 -0
    outer loop
      vertex -1.44479 -5.39211 5.73
      vertex -2.13625 -5.15739 5.67
      vertex -1.44479 -5.39211 5.67
    endloop
  endfacet
  facet normal 0.896873 0.442288 0
    outer loop
      vertex 5.15739 2.13625 5.73
      vertex 4.83443 2.79115 5.67
      vertex 4.83443 2.79115 5.73
    endloop
  endfacet
  facet normal 0.896873 0.442288 0
    outer loop
      vertex 4.83443 2.79115 5.67
      vertex 5.15739 2.13625 5.73
      vertex 5.15739 2.13625 5.67
    endloop
  endfacet
  facet normal -0.751853 0.65933 0
    outer loop
      vertex -4.42874 3.3983 5.67
      vertex -3.9473 3.9473 5.73
      vertex -3.9473 3.9473 5.67
    endloop
  endfacet
  facet normal -0.751853 0.65933 0
    outer loop
      vertex -3.9473 3.9473 5.73
      vertex -4.42874 3.3983 5.67
      vertex -4.42874 3.3983 5.73
    endloop
  endfacet
  facet normal -0.94693 -0.321441 0
    outer loop
      vertex -5.15739 -2.13625 5.67
      vertex -5.39211 -1.44479 5.73
      vertex -5.39211 -1.44479 5.67
    endloop
  endfacet
  facet normal -0.94693 -0.321441 0
    outer loop
      vertex -5.39211 -1.44479 5.73
      vertex -5.15739 -2.13625 5.67
      vertex -5.15739 -2.13625 5.73
    endloop
  endfacet
  facet normal -0.896873 0.442288 0
    outer loop
      vertex -5.15739 2.13625 5.67
      vertex -4.83443 2.79115 5.73
      vertex -4.83443 2.79115 5.67
    endloop
  endfacet
  facet normal -0.896873 0.442288 0
    outer loop
      vertex -4.83443 2.79115 5.73
      vertex -5.15739 2.13625 5.67
      vertex -5.15739 2.13625 5.73
    endloop
  endfacet
  facet normal -0.195071 -0.980789 0
    outer loop
      vertex -1.44479 -5.39211 5.67
      vertex -0.728622 -5.53455 5.73
      vertex -1.44479 -5.39211 5.73
    endloop
  endfacet
  facet normal -0.195071 -0.980789 -0
    outer loop
      vertex -0.728622 -5.53455 5.73
      vertex -1.44479 -5.39211 5.67
      vertex -0.728622 -5.53455 5.67
    endloop
  endfacet
  facet normal -0.442288 0.896873 0
    outer loop
      vertex -2.13625 5.15739 5.67
      vertex -2.79115 4.83443 5.73
      vertex -2.13625 5.15739 5.73
    endloop
  endfacet
  facet normal -0.442288 0.896873 0
    outer loop
      vertex -2.79115 4.83443 5.73
      vertex -2.13625 5.15739 5.67
      vertex -2.79115 4.83443 5.67
    endloop
  endfacet
  facet normal 0.94693 0.321441 0
    outer loop
      vertex 5.39211 1.44479 5.73
      vertex 5.15739 2.13625 5.67
      vertex 5.15739 2.13625 5.73
    endloop
  endfacet
  facet normal 0.94693 0.321441 0
    outer loop
      vertex 5.15739 2.13625 5.67
      vertex 5.39211 1.44479 5.73
      vertex 5.39211 1.44479 5.67
    endloop
  endfacet
  facet normal -0.555575 -0.831466 0
    outer loop
      vertex -3.3983 -4.42874 5.67
      vertex -2.79115 -4.83443 5.73
      vertex -3.3983 -4.42874 5.73
    endloop
  endfacet
  facet normal -0.555575 -0.831466 -0
    outer loop
      vertex -2.79115 -4.83443 5.73
      vertex -3.3983 -4.42874 5.67
      vertex -2.79115 -4.83443 5.67
    endloop
  endfacet
  facet normal 0.555575 0.831466 -0
    outer loop
      vertex 3.3983 4.42874 5.67
      vertex 2.79115 4.83443 5.73
      vertex 3.3983 4.42874 5.73
    endloop
  endfacet
  facet normal 0.555575 0.831466 0
    outer loop
      vertex 2.79115 4.83443 5.73
      vertex 3.3983 4.42874 5.67
      vertex 2.79115 4.83443 5.67
    endloop
  endfacet
  facet normal 0.0654217 -0.997858 0
    outer loop
      vertex 0 -5.58232 5.67
      vertex 0.728622 -5.53455 5.73
      vertex 0 -5.58232 5.73
    endloop
  endfacet
  facet normal 0.0654217 -0.997858 0
    outer loop
      vertex 0.728622 -5.53455 5.73
      vertex 0 -5.58232 5.67
      vertex 0.728622 -5.53455 5.67
    endloop
  endfacet
  facet normal 0.65933 -0.751853 0
    outer loop
      vertex 3.3983 -4.42874 5.67
      vertex 3.9473 -3.9473 5.73
      vertex 3.3983 -4.42874 5.73
    endloop
  endfacet
  facet normal 0.65933 -0.751853 0
    outer loop
      vertex 3.9473 -3.9473 5.73
      vertex 3.3983 -4.42874 5.67
      vertex 3.9473 -3.9473 5.67
    endloop
  endfacet
  facet normal 0.442288 -0.896873 0
    outer loop
      vertex 2.13625 -5.15739 5.67
      vertex 2.79115 -4.83443 5.73
      vertex 2.13625 -5.15739 5.73
    endloop
  endfacet
  facet normal 0.442288 -0.896873 0
    outer loop
      vertex 2.79115 -4.83443 5.73
      vertex 2.13625 -5.15739 5.67
      vertex 2.79115 -4.83443 5.67
    endloop
  endfacet
  facet normal 0.321441 -0.94693 0
    outer loop
      vertex 1.44479 -5.39211 5.67
      vertex 2.13625 -5.15739 5.73
      vertex 1.44479 -5.39211 5.73
    endloop
  endfacet
  facet normal 0.321441 -0.94693 0
    outer loop
      vertex 2.13625 -5.15739 5.73
      vertex 1.44479 -5.39211 5.67
      vertex 2.13625 -5.15739 5.67
    endloop
  endfacet
  facet normal -0.442288 -0.896873 0
    outer loop
      vertex -2.79115 -4.83443 5.67
      vertex -2.13625 -5.15739 5.73
      vertex -2.79115 -4.83443 5.73
    endloop
  endfacet
  facet normal -0.442288 -0.896873 -0
    outer loop
      vertex -2.13625 -5.15739 5.73
      vertex -2.79115 -4.83443 5.67
      vertex -2.13625 -5.15739 5.67
    endloop
  endfacet
  facet normal 0.195071 -0.980789 0
    outer loop
      vertex 0.728622 -5.53455 5.67
      vertex 1.44479 -5.39211 5.73
      vertex 0.728622 -5.53455 5.73
    endloop
  endfacet
  facet normal 0.195071 -0.980789 0
    outer loop
      vertex 1.44479 -5.39211 5.73
      vertex 0.728622 -5.53455 5.67
      vertex 1.44479 -5.39211 5.67
    endloop
  endfacet
  facet normal 0.94693 -0.321441 0
    outer loop
      vertex 5.15739 -2.13625 5.73
      vertex 5.39211 -1.44479 5.67
      vertex 5.39211 -1.44479 5.73
    endloop
  endfacet
  facet normal 0.94693 -0.321441 0
    outer loop
      vertex 5.39211 -1.44479 5.67
      vertex 5.15739 -2.13625 5.73
      vertex 5.15739 -2.13625 5.67
    endloop
  endfacet
  facet normal 0.831466 -0.555575 0
    outer loop
      vertex 4.42874 -3.3983 5.73
      vertex 4.83443 -2.79115 5.67
      vertex 4.83443 -2.79115 5.73
    endloop
  endfacet
  facet normal 0.831466 -0.555575 0
    outer loop
      vertex 4.83443 -2.79115 5.67
      vertex 4.42874 -3.3983 5.73
      vertex 4.42874 -3.3983 5.67
    endloop
  endfacet
  facet normal 0.980789 0.195071 0
    outer loop
      vertex 5.53455 0.728622 5.73
      vertex 5.39211 1.44479 5.67
      vertex 5.39211 1.44479 5.73
    endloop
  endfacet
  facet normal 0.980789 0.195071 0
    outer loop
      vertex 5.39211 1.44479 5.67
      vertex 5.53455 0.728622 5.73
      vertex 5.53455 0.728622 5.67
    endloop
  endfacet
  facet normal 0.65933 0.751853 -0
    outer loop
      vertex 3.9473 3.9473 5.67
      vertex 3.3983 4.42874 5.73
      vertex 3.9473 3.9473 5.73
    endloop
  endfacet
  facet normal 0.65933 0.751853 0
    outer loop
      vertex 3.3983 4.42874 5.73
      vertex 3.9473 3.9473 5.67
      vertex 3.3983 4.42874 5.67
    endloop
  endfacet
  facet normal 0.831466 0.555575 0
    outer loop
      vertex 4.83443 2.79115 5.73
      vertex 4.42874 3.3983 5.67
      vertex 4.42874 3.3983 5.73
    endloop
  endfacet
  facet normal 0.831466 0.555575 0
    outer loop
      vertex 4.42874 3.3983 5.67
      vertex 4.83443 2.79115 5.73
      vertex 4.83443 2.79115 5.67
    endloop
  endfacet
  facet normal 0.555575 -0.831466 0
    outer loop
      vertex 2.79115 -4.83443 5.67
      vertex 3.3983 -4.42874 5.73
      vertex 2.79115 -4.83443 5.73
    endloop
  endfacet
  facet normal 0.555575 -0.831466 0
    outer loop
      vertex 3.3983 -4.42874 5.73
      vertex 2.79115 -4.83443 5.67
      vertex 3.3983 -4.42874 5.67
    endloop
  endfacet
  facet normal -0.98079 0.195066 0
    outer loop
      vertex -5.52035 0.799999 5.67
      vertex -5.39211 1.44479 5.73
      vertex -5.39211 1.44479 5.67
    endloop
  endfacet
  facet normal -0.98079 0.195066 0
    outer loop
      vertex -5.39211 1.44479 5.73
      vertex -5.52035 0.799999 5.67
      vertex -5.52035 0.799999 5.73
    endloop
  endfacet
  facet normal 0.980789 -0.195071 0
    outer loop
      vertex 5.39211 -1.44479 5.73
      vertex 5.53455 -0.728622 5.67
      vertex 5.53455 -0.728622 5.73
    endloop
  endfacet
  facet normal 0.980789 -0.195071 0
    outer loop
      vertex 5.53455 -0.728622 5.67
      vertex 5.39211 -1.44479 5.73
      vertex 5.39211 -1.44479 5.67
    endloop
  endfacet
  facet normal -0.831466 -0.555575 0
    outer loop
      vertex -4.42874 -3.3983 5.67
      vertex -4.83443 -2.79115 5.73
      vertex -4.83443 -2.79115 5.67
    endloop
  endfacet
  facet normal -0.831466 -0.555575 0
    outer loop
      vertex -4.83443 -2.79115 5.73
      vertex -4.42874 -3.3983 5.67
      vertex -4.42874 -3.3983 5.73
    endloop
  endfacet
  facet normal -0.65933 0.751853 0
    outer loop
      vertex -3.3983 4.42874 5.67
      vertex -3.9473 3.9473 5.73
      vertex -3.3983 4.42874 5.73
    endloop
  endfacet
  facet normal -0.65933 0.751853 0
    outer loop
      vertex -3.9473 3.9473 5.73
      vertex -3.3983 4.42874 5.67
      vertex -3.9473 3.9473 5.67
    endloop
  endfacet
  facet normal 0 0 -1
    outer loop
      vertex 5.52219 0 5.67
      vertex 5.58232 0 5.67
      vertex 5.53455 -0.728622 5.67
    endloop
  endfacet
  facet normal 0 0 -1
    outer loop
      vertex 5.58232 0 5.67
      vertex 5.52219 0 5.67
      vertex 5.53455 0.728622 5.67
    endloop
  endfacet
  facet normal 0 0 -1
    outer loop
      vertex 5.53455 -0.728622 5.67
      vertex 5.47493 -0.720779 5.67
      vertex 5.52219 0 5.67
    endloop
  endfacet
  facet normal 0 0 -1
    outer loop
      vertex 5.39211 -1.44479 5.67
      vertex 5.47493 -0.720779 5.67
      vertex 5.53455 -0.728622 5.67
    endloop
  endfacet
  facet normal 0 0 -1
    outer loop
      vertex 5.39211 -1.44479 5.67
      vertex 5.33403 -1.42923 5.67
      vertex 5.47493 -0.720779 5.67
    endloop
  endfacet
  facet normal 0 0 -1
    outer loop
      vertex 5.15739 -2.13625 5.67
      vertex 5.33403 -1.42923 5.67
      vertex 5.39211 -1.44479 5.67
    endloop
  endfacet
  facet normal 0 0 -1
    outer loop
      vertex 5.15739 -2.13625 5.67
      vertex 5.10184 -2.11324 5.67
      vertex 5.33403 -1.42923 5.67
    endloop
  endfacet
  facet normal 0 0 -1
    outer loop
      vertex 4.83443 -2.79115 5.67
      vertex 5.10184 -2.11324 5.67
      vertex 5.15739 -2.13625 5.67
    endloop
  endfacet
  facet normal 0 0 -1
    outer loop
      vertex 4.83443 -2.79115 5.67
      vertex 4.78235 -2.76109 5.67
      vertex 5.10184 -2.11324 5.67
    endloop
  endfacet
  facet normal 0 0 -1
    outer loop
      vertex 4.42874 -3.3983 5.67
      vertex 4.78235 -2.76109 5.67
      vertex 4.83443 -2.79115 5.67
    endloop
  endfacet
  facet normal 0 0 -1
    outer loop
      vertex 4.42874 -3.3983 5.67
      vertex 4.38104 -3.36169 5.67
      vertex 4.78235 -2.76109 5.67
    endloop
  endfacet
  facet normal 0 0 -1
    outer loop
      vertex 3.9473 -3.9473 5.67
      vertex 4.38104 -3.36169 5.67
      vertex 4.42874 -3.3983 5.67
    endloop
  endfacet
  facet normal 0 0 -1
    outer loop
      vertex 3.9473 -3.9473 5.67
      vertex 3.90477 -3.90477 5.67
      vertex 4.38104 -3.36169 5.67
    endloop
  endfacet
  facet normal 0 0 -1
    outer loop
      vertex 3.3983 -4.42874 5.67
      vertex 3.90477 -3.90477 5.67
      vertex 3.9473 -3.9473 5.67
    endloop
  endfacet
  facet normal 0 0 -1
    outer loop
      vertex 3.3983 -4.42874 5.67
      vertex 3.36169 -4.38104 5.67
      vertex 3.90477 -3.90477 5.67
    endloop
  endfacet
  facet normal 0 0 -1
    outer loop
      vertex 2.79115 -4.83443 5.67
      vertex 3.36169 -4.38104 5.67
      vertex 3.3983 -4.42874 5.67
    endloop
  endfacet
  facet normal 0 0 -1
    outer loop
      vertex 2.79115 -4.83443 5.67
      vertex 2.76109 -4.78235 5.67
      vertex 3.36169 -4.38104 5.67
    endloop
  endfacet
  facet normal 0 0 -1
    outer loop
      vertex 2.13625 -5.15739 5.67
      vertex 2.76109 -4.78235 5.67
      vertex 2.79115 -4.83443 5.67
    endloop
  endfacet
  facet normal 0 0 -1
    outer loop
      vertex 2.13625 -5.15739 5.67
      vertex 2.11324 -5.10184 5.67
      vertex 2.76109 -4.78235 5.67
    endloop
  endfacet
  facet normal 0 0 -1
    outer loop
      vertex 1.44479 -5.39211 5.67
      vertex 2.11324 -5.10184 5.67
      vertex 2.13625 -5.15739 5.67
    endloop
  endfacet
  facet normal 0 0 -1
    outer loop
      vertex 1.44479 -5.39211 5.67
      vertex 1.42923 -5.33403 5.67
      vertex 2.11324 -5.10184 5.67
    endloop
  endfacet
  facet normal 0 0 -1
    outer loop
      vertex 0.728622 -5.53455 5.67
      vertex 1.42923 -5.33403 5.67
      vertex 1.44479 -5.39211 5.67
    endloop
  endfacet
  facet normal 0 0 -1
    outer loop
      vertex 0.728622 -5.53455 5.67
      vertex 0.720779 -5.47493 5.67
      vertex 1.42923 -5.33403 5.67
    endloop
  endfacet
  facet normal 0 0 -1
    outer loop
      vertex 0 -5.58232 5.67
      vertex 0.720779 -5.47493 5.67
      vertex 0.728622 -5.53455 5.67
    endloop
  endfacet
  facet normal 0 0 -1
    outer loop
      vertex 0 -5.58232 5.67
      vertex 0 -5.52219 5.67
      vertex 0.720779 -5.47493 5.67
    endloop
  endfacet
  facet normal 0 0 -1
    outer loop
      vertex 0 -5.58232 5.67
      vertex -0.720779 -5.47493 5.67
      vertex 0 -5.52219 5.67
    endloop
  endfacet
  facet normal 0 0 -1
    outer loop
      vertex -0.728622 -5.53455 5.67
      vertex -0.720779 -5.47493 5.67
      vertex 0 -5.58232 5.67
    endloop
  endfacet
  facet normal 0 0 -1
    outer loop
      vertex -0.728622 -5.53455 5.67
      vertex -1.42923 -5.33403 5.67
      vertex -0.720779 -5.47493 5.67
    endloop
  endfacet
  facet normal 0 0 -1
    outer loop
      vertex -1.44479 -5.39211 5.67
      vertex -1.42923 -5.33403 5.67
      vertex -0.728622 -5.53455 5.67
    endloop
  endfacet
  facet normal 0 0 -1
    outer loop
      vertex -1.44479 -5.39211 5.67
      vertex -2.11324 -5.10184 5.67
      vertex -1.42923 -5.33403 5.67
    endloop
  endfacet
  facet normal 0 0 -1
    outer loop
      vertex -2.13625 -5.15739 5.67
      vertex -2.11324 -5.10184 5.67
      vertex -1.44479 -5.39211 5.67
    endloop
  endfacet
  facet normal 0 0 -1
    outer loop
      vertex -2.13625 -5.15739 5.67
      vertex -2.76109 -4.78235 5.67
      vertex -2.11324 -5.10184 5.67
    endloop
  endfacet
  facet normal 0 0 -1
    outer loop
      vertex -2.79115 -4.83443 5.67
      vertex -2.76109 -4.78235 5.67
      vertex -2.13625 -5.15739 5.67
    endloop
  endfacet
  facet normal 0 0 -1
    outer loop
      vertex -2.79115 -4.83443 5.67
      vertex -3.36169 -4.38104 5.67
      vertex -2.76109 -4.78235 5.67
    endloop
  endfacet
  facet normal 0 0 -1
    outer loop
      vertex -3.3983 -4.42874 5.67
      vertex -3.36169 -4.38104 5.67
      vertex -2.79115 -4.83443 5.67
    endloop
  endfacet
  facet normal 0 0 -1
    outer loop
      vertex -3.3983 -4.42874 5.67
      vertex -3.90477 -3.90477 5.67
      vertex -3.36169 -4.38104 5.67
    endloop
  endfacet
  facet normal 0 0 -1
    outer loop
      vertex -3.9473 -3.9473 5.67
      vertex -3.90477 -3.90477 5.67
      vertex -3.3983 -4.42874 5.67
    endloop
  endfacet
  facet normal 0 0 -1
    outer loop
      vertex -3.9473 -3.9473 5.67
      vertex -4.38104 -3.36169 5.67
      vertex -3.90477 -3.90477 5.67
    endloop
  endfacet
  facet normal 0 0 -1
    outer loop
      vertex -4.42874 -3.3983 5.67
      vertex -4.38104 -3.36169 5.67
      vertex -3.9473 -3.9473 5.67
    endloop
  endfacet
  facet normal 0 0 -1
    outer loop
      vertex -4.42874 -3.3983 5.67
      vertex -4.78235 -2.76109 5.67
      vertex -4.38104 -3.36169 5.67
    endloop
  endfacet
  facet normal 0 0 -1
    outer loop
      vertex -4.83443 -2.79115 5.67
      vertex -4.78235 -2.76109 5.67
      vertex -4.42874 -3.3983 5.67
    endloop
  endfacet
  facet normal 0 0 -1
    outer loop
      vertex -4.83443 -2.79115 5.67
      vertex -5.10184 -2.11324 5.67
      vertex -4.78235 -2.76109 5.67
    endloop
  endfacet
  facet normal 0 0 -1
    outer loop
      vertex -5.15739 -2.13625 5.67
      vertex -5.10184 -2.11324 5.67
      vertex -4.83443 -2.79115 5.67
    endloop
  endfacet
  facet normal 0 0 -1
    outer loop
      vertex -5.15739 -2.13625 5.67
      vertex -5.33403 -1.42923 5.67
      vertex -5.10184 -2.11324 5.67
    endloop
  endfacet
  facet normal 0 0 -1
    outer loop
      vertex -5.39211 -1.44479 5.67
      vertex -5.33403 -1.42923 5.67
      vertex -5.15739 -2.13625 5.67
    endloop
  endfacet
  facet normal 0 0 -1
    outer loop
      vertex -5.39211 -1.44479 5.67
      vertex -5.45917 -0.799999 5.67
      vertex -5.33403 -1.42923 5.67
    endloop
  endfacet
  facet normal -0 -0 -1
    outer loop
      vertex -5.45917 -0.799999 5.67
      vertex -5.39211 -1.44479 5.67
      vertex -5.52035 -0.799999 5.67
    endloop
  endfacet
  facet normal 0 0 -1
    outer loop
      vertex 5.47493 0.720779 5.67
      vertex 5.53455 0.728622 5.67
      vertex 5.52219 0 5.67
    endloop
  endfacet
  facet normal 0 0 -1
    outer loop
      vertex 5.47493 0.720779 5.67
      vertex 5.39211 1.44479 5.67
      vertex 5.53455 0.728622 5.67
    endloop
  endfacet
  facet normal 0 0 -1
    outer loop
      vertex 5.33403 1.42923 5.67
      vertex 5.39211 1.44479 5.67
      vertex 5.47493 0.720779 5.67
    endloop
  endfacet
  facet normal 0 0 -1
    outer loop
      vertex 5.33403 1.42923 5.67
      vertex 5.15739 2.13625 5.67
      vertex 5.39211 1.44479 5.67
    endloop
  endfacet
  facet normal 0 0 -1
    outer loop
      vertex 5.10184 2.11324 5.67
      vertex 5.15739 2.13625 5.67
      vertex 5.33403 1.42923 5.67
    endloop
  endfacet
  facet normal 0 0 -1
    outer loop
      vertex 5.10184 2.11324 5.67
      vertex 4.83443 2.79115 5.67
      vertex 5.15739 2.13625 5.67
    endloop
  endfacet
  facet normal 0 0 -1
    outer loop
      vertex 4.78235 2.76109 5.67
      vertex 4.83443 2.79115 5.67
      vertex 5.10184 2.11324 5.67
    endloop
  endfacet
  facet normal 0 0 -1
    outer loop
      vertex 4.78235 2.76109 5.67
      vertex 4.42874 3.3983 5.67
      vertex 4.83443 2.79115 5.67
    endloop
  endfacet
  facet normal 0 0 -1
    outer loop
      vertex 4.38104 3.36169 5.67
      vertex 4.42874 3.3983 5.67
      vertex 4.78235 2.76109 5.67
    endloop
  endfacet
  facet normal 0 0 -1
    outer loop
      vertex 4.38104 3.36169 5.67
      vertex 3.9473 3.9473 5.67
      vertex 4.42874 3.3983 5.67
    endloop
  endfacet
  facet normal 0 0 -1
    outer loop
      vertex 3.90477 3.90477 5.67
      vertex 3.9473 3.9473 5.67
      vertex 4.38104 3.36169 5.67
    endloop
  endfacet
  facet normal 0 0 -1
    outer loop
      vertex 3.90477 3.90477 5.67
      vertex 3.3983 4.42874 5.67
      vertex 3.9473 3.9473 5.67
    endloop
  endfacet
  facet normal 0 0 -1
    outer loop
      vertex 3.36169 4.38104 5.67
      vertex 3.3983 4.42874 5.67
      vertex 3.90477 3.90477 5.67
    endloop
  endfacet
  facet normal 0 0 -1
    outer loop
      vertex 3.36169 4.38104 5.67
      vertex 2.79115 4.83443 5.67
      vertex 3.3983 4.42874 5.67
    endloop
  endfacet
  facet normal 0 0 -1
    outer loop
      vertex 2.76109 4.78235 5.67
      vertex 2.79115 4.83443 5.67
      vertex 3.36169 4.38104 5.67
    endloop
  endfacet
  facet normal 0 0 -1
    outer loop
      vertex 2.76109 4.78235 5.67
      vertex 2.13625 5.15739 5.67
      vertex 2.79115 4.83443 5.67
    endloop
  endfacet
  facet normal 0 0 -1
    outer loop
      vertex 2.11324 5.10184 5.67
      vertex 2.13625 5.15739 5.67
      vertex 2.76109 4.78235 5.67
    endloop
  endfacet
  facet normal 0 0 -1
    outer loop
      vertex 2.11324 5.10184 5.67
      vertex 1.44479 5.39211 5.67
      vertex 2.13625 5.15739 5.67
    endloop
  endfacet
  facet normal 0 0 -1
    outer loop
      vertex 1.42923 5.33403 5.67
      vertex 1.44479 5.39211 5.67
      vertex 2.11324 5.10184 5.67
    endloop
  endfacet
  facet normal 0 0 -1
    outer loop
      vertex 1.42923 5.33403 5.67
      vertex 0.728622 5.53455 5.67
      vertex 1.44479 5.39211 5.67
    endloop
  endfacet
  facet normal 0 0 -1
    outer loop
      vertex 0.720779 5.47493 5.67
      vertex 0.728622 5.53455 5.67
      vertex 1.42923 5.33403 5.67
    endloop
  endfacet
  facet normal 0 0 -1
    outer loop
      vertex 0 5.52219 5.67
      vertex 0.728622 5.53455 5.67
      vertex 0.720779 5.47493 5.67
    endloop
  endfacet
  facet normal 0 0 -1
    outer loop
      vertex 0 5.52219 5.67
      vertex 0 5.58232 5.67
      vertex 0.728622 5.53455 5.67
    endloop
  endfacet
  facet normal 0 0 -1
    outer loop
      vertex -0.720779 5.47493 5.67
      vertex 0 5.58232 5.67
      vertex 0 5.52219 5.67
    endloop
  endfacet
  facet normal 0 0 -1
    outer loop
      vertex -0.720779 5.47493 5.67
      vertex -0.728622 5.53455 5.67
      vertex 0 5.58232 5.67
    endloop
  endfacet
  facet normal 0 0 -1
    outer loop
      vertex -1.42923 5.33403 5.67
      vertex -0.728622 5.53455 5.67
      vertex -0.720779 5.47493 5.67
    endloop
  endfacet
  facet normal 0 0 -1
    outer loop
      vertex -1.42923 5.33403 5.67
      vertex -1.44479 5.39211 5.67
      vertex -0.728622 5.53455 5.67
    endloop
  endfacet
  facet normal 0 0 -1
    outer loop
      vertex -2.11324 5.10184 5.67
      vertex -1.44479 5.39211 5.67
      vertex -1.42923 5.33403 5.67
    endloop
  endfacet
  facet normal 0 0 -1
    outer loop
      vertex -2.11324 5.10184 5.67
      vertex -2.13625 5.15739 5.67
      vertex -1.44479 5.39211 5.67
    endloop
  endfacet
  facet normal 0 0 -1
    outer loop
      vertex -2.76109 4.78235 5.67
      vertex -2.13625 5.15739 5.67
      vertex -2.11324 5.10184 5.67
    endloop
  endfacet
  facet normal 0 0 -1
    outer loop
      vertex -2.76109 4.78235 5.67
      vertex -2.79115 4.83443 5.67
      vertex -2.13625 5.15739 5.67
    endloop
  endfacet
  facet normal 0 0 -1
    outer loop
      vertex -3.36169 4.38104 5.67
      vertex -2.79115 4.83443 5.67
      vertex -2.76109 4.78235 5.67
    endloop
  endfacet
  facet normal 0 0 -1
    outer loop
      vertex -3.36169 4.38104 5.67
      vertex -3.3983 4.42874 5.67
      vertex -2.79115 4.83443 5.67
    endloop
  endfacet
  facet normal 0 0 -1
    outer loop
      vertex -3.90477 3.90477 5.67
      vertex -3.3983 4.42874 5.67
      vertex -3.36169 4.38104 5.67
    endloop
  endfacet
  facet normal 0 0 -1
    outer loop
      vertex -3.90477 3.90477 5.67
      vertex -3.9473 3.9473 5.67
      vertex -3.3983 4.42874 5.67
    endloop
  endfacet
  facet normal 0 0 -1
    outer loop
      vertex -4.38104 3.36169 5.67
      vertex -3.9473 3.9473 5.67
      vertex -3.90477 3.90477 5.67
    endloop
  endfacet
  facet normal 0 0 -1
    outer loop
      vertex -4.38104 3.36169 5.67
      vertex -4.42874 3.3983 5.67
      vertex -3.9473 3.9473 5.67
    endloop
  endfacet
  facet normal 0 0 -1
    outer loop
      vertex -4.78235 2.76109 5.67
      vertex -4.42874 3.3983 5.67
      vertex -4.38104 3.36169 5.67
    endloop
  endfacet
  facet normal 0 0 -1
    outer loop
      vertex -4.78235 2.76109 5.67
      vertex -4.83443 2.79115 5.67
      vertex -4.42874 3.3983 5.67
    endloop
  endfacet
  facet normal 0 0 -1
    outer loop
      vertex -5.10184 2.11324 5.67
      vertex -4.83443 2.79115 5.67
      vertex -4.78235 2.76109 5.67
    endloop
  endfacet
  facet normal 0 0 -1
    outer loop
      vertex -5.10184 2.11324 5.67
      vertex -5.15739 2.13625 5.67
      vertex -4.83443 2.79115 5.67
    endloop
  endfacet
  facet normal 0 0 -1
    outer loop
      vertex -5.33403 1.42923 5.67
      vertex -5.15739 2.13625 5.67
      vertex -5.10184 2.11324 5.67
    endloop
  endfacet
  facet normal 0 0 -1
    outer loop
      vertex -5.33403 1.42923 5.67
      vertex -5.39211 1.44479 5.67
      vertex -5.15739 2.13625 5.67
    endloop
  endfacet
  facet normal 0 0 -1
    outer loop
      vertex -5.45917 0.799999 5.67
      vertex -5.39211 1.44479 5.67
      vertex -5.33403 1.42923 5.67
    endloop
  endfacet
  facet normal 0 0 -1
    outer loop
      vertex -5.39211 1.44479 5.67
      vertex -5.45917 0.799999 5.67
      vertex -5.52035 0.799999 5.67
    endloop
  endfacet
  facet normal 0.442288 0.896873 -0
    outer loop
      vertex 2.79115 4.83443 5.67
      vertex 2.13625 5.15739 5.73
      vertex 2.79115 4.83443 5.73
    endloop
  endfacet
  facet normal 0.442288 0.896873 0
    outer loop
      vertex 2.13625 5.15739 5.73
      vertex 2.79115 4.83443 5.67
      vertex 2.13625 5.15739 5.67
    endloop
  endfacet
  facet normal -0.831468 -0.555572 0
    outer loop
      vertex -4.38104 -3.36169 5.61
      vertex -4.78235 -2.76109 5.67
      vertex -4.78235 -2.76109 5.61
    endloop
  endfacet
  facet normal -0.831468 -0.555572 0
    outer loop
      vertex -4.78235 -2.76109 5.67
      vertex -4.38104 -3.36169 5.61
      vertex -4.38104 -3.36169 5.67
    endloop
  endfacet
  facet normal 0.321439 0.94693 -0
    outer loop
      vertex 2.11324 5.10184 5.61
      vertex 1.42923 5.33403 5.67
      vertex 2.11324 5.10184 5.67
    endloop
  endfacet
  facet normal 0.321439 0.94693 0
    outer loop
      vertex 1.42923 5.33403 5.67
      vertex 2.11324 5.10184 5.61
      vertex 1.42923 5.33403 5.61
    endloop
  endfacet
  facet normal 0.442295 0.89687 -0
    outer loop
      vertex 2.76109 4.78235 5.61
      vertex 2.11324 5.10184 5.67
      vertex 2.76109 4.78235 5.67
    endloop
  endfacet
  facet normal 0.442295 0.89687 0
    outer loop
      vertex 2.11324 5.10184 5.67
      vertex 2.76109 4.78235 5.61
      vertex 2.11324 5.10184 5.61
    endloop
  endfacet
  facet normal 0.195064 0.98079 -0
    outer loop
      vertex 1.42923 5.33403 5.61
      vertex 0.720779 5.47493 5.67
      vertex 1.42923 5.33403 5.67
    endloop
  endfacet
  facet normal 0.195064 0.98079 0
    outer loop
      vertex 0.720779 5.47493 5.67
      vertex 1.42923 5.33403 5.61
      vertex 0.720779 5.47493 5.61
    endloop
  endfacet
  facet normal -0.195064 0.98079 0
    outer loop
      vertex -0.720779 5.47493 5.61
      vertex -1.42923 5.33403 5.67
      vertex -0.720779 5.47493 5.67
    endloop
  endfacet
  facet normal -0.195064 0.98079 0
    outer loop
      vertex -1.42923 5.33403 5.67
      vertex -0.720779 5.47493 5.61
      vertex -1.42923 5.33403 5.61
    endloop
  endfacet
  facet normal 0.442295 -0.89687 0
    outer loop
      vertex 2.11324 -5.10184 5.61
      vertex 2.76109 -4.78235 5.67
      vertex 2.11324 -5.10184 5.67
    endloop
  endfacet
  facet normal 0.442295 -0.89687 0
    outer loop
      vertex 2.76109 -4.78235 5.67
      vertex 2.11324 -5.10184 5.61
      vertex 2.76109 -4.78235 5.61
    endloop
  endfacet
  facet normal 0.0654275 0.997857 -0
    outer loop
      vertex 0.720779 5.47493 5.61
      vertex 0 5.52219 5.67
      vertex 0.720779 5.47493 5.67
    endloop
  endfacet
  facet normal 0.0654275 0.997857 0
    outer loop
      vertex 0 5.52219 5.67
      vertex 0.720779 5.47493 5.61
      vertex 0 5.52219 5.61
    endloop
  endfacet
  facet normal 0.0654275 -0.997857 0
    outer loop
      vertex 0 -5.52219 5.61
      vertex 0.720779 -5.47493 5.67
      vertex 0 -5.52219 5.67
    endloop
  endfacet
  facet normal 0.0654275 -0.997857 0
    outer loop
      vertex 0.720779 -5.47493 5.67
      vertex 0 -5.52219 5.61
      vertex 0.720779 -5.47493 5.61
    endloop
  endfacet
  facet normal 0.751839 0.659347 0
    outer loop
      vertex 4.38104 3.36169 5.67
      vertex 3.90477 3.90477 5.61
      vertex 3.90477 3.90477 5.67
    endloop
  endfacet
  facet normal 0.751839 0.659347 0
    outer loop
      vertex 3.90477 3.90477 5.61
      vertex 4.38104 3.36169 5.67
      vertex 4.38104 3.36169 5.61
    endloop
  endfacet
  facet normal -0.555572 -0.831468 0
    outer loop
      vertex -3.36169 -4.38104 5.61
      vertex -2.76109 -4.78235 5.67
      vertex -3.36169 -4.38104 5.67
    endloop
  endfacet
  facet normal -0.555572 -0.831468 -0
    outer loop
      vertex -2.76109 -4.78235 5.67
      vertex -3.36169 -4.38104 5.61
      vertex -2.76109 -4.78235 5.61
    endloop
  endfacet
  facet normal -0.89687 0.442295 0
    outer loop
      vertex -5.10184 2.11324 5.61
      vertex -4.78235 2.76109 5.67
      vertex -4.78235 2.76109 5.61
    endloop
  endfacet
  facet normal -0.89687 0.442295 0
    outer loop
      vertex -4.78235 2.76109 5.67
      vertex -5.10184 2.11324 5.61
      vertex -5.10184 2.11324 5.67
    endloop
  endfacet
  facet normal 0.89687 0.442295 0
    outer loop
      vertex 5.10184 2.11324 5.67
      vertex 4.78235 2.76109 5.61
      vertex 4.78235 2.76109 5.67
    endloop
  endfacet
  facet normal 0.89687 0.442295 0
    outer loop
      vertex 4.78235 2.76109 5.61
      vertex 5.10184 2.11324 5.67
      vertex 5.10184 2.11324 5.61
    endloop
  endfacet
  facet normal -0.442295 0.89687 0
    outer loop
      vertex -2.11324 5.10184 5.61
      vertex -2.76109 4.78235 5.67
      vertex -2.11324 5.10184 5.67
    endloop
  endfacet
  facet normal -0.442295 0.89687 0
    outer loop
      vertex -2.76109 4.78235 5.67
      vertex -2.11324 5.10184 5.61
      vertex -2.76109 4.78235 5.61
    endloop
  endfacet
  facet normal 0.555572 -0.831468 0
    outer loop
      vertex 2.76109 -4.78235 5.61
      vertex 3.36169 -4.38104 5.67
      vertex 2.76109 -4.78235 5.67
    endloop
  endfacet
  facet normal 0.555572 -0.831468 0
    outer loop
      vertex 3.36169 -4.38104 5.67
      vertex 2.76109 -4.78235 5.61
      vertex 3.36169 -4.38104 5.61
    endloop
  endfacet
  facet normal -0.94693 0.321439 0
    outer loop
      vertex -5.33403 1.42923 5.61
      vertex -5.10184 2.11324 5.67
      vertex -5.10184 2.11324 5.61
    endloop
  endfacet
  facet normal -0.94693 0.321439 0
    outer loop
      vertex -5.10184 2.11324 5.67
      vertex -5.33403 1.42923 5.61
      vertex -5.33403 1.42923 5.67
    endloop
  endfacet
  facet normal 0.997857 -0.0654275 0
    outer loop
      vertex 5.47493 -0.720779 5.67
      vertex 5.52219 0 5.61
      vertex 5.52219 0 5.67
    endloop
  endfacet
  facet normal 0.997857 -0.0654275 0
    outer loop
      vertex 5.52219 0 5.61
      vertex 5.47493 -0.720779 5.67
      vertex 5.47493 -0.720779 5.61
    endloop
  endfacet
  facet normal 0.659347 -0.751839 0
    outer loop
      vertex 3.36169 -4.38104 5.61
      vertex 3.90477 -3.90477 5.67
      vertex 3.36169 -4.38104 5.67
    endloop
  endfacet
  facet normal 0.659347 -0.751839 0
    outer loop
      vertex 3.90477 -3.90477 5.67
      vertex 3.36169 -4.38104 5.61
      vertex 3.90477 -3.90477 5.61
    endloop
  endfacet
  facet normal -0.195064 -0.98079 0
    outer loop
      vertex -1.42923 -5.33403 5.61
      vertex -0.720779 -5.47493 5.67
      vertex -1.42923 -5.33403 5.67
    endloop
  endfacet
  facet normal -0.195064 -0.98079 -0
    outer loop
      vertex -0.720779 -5.47493 5.67
      vertex -1.42923 -5.33403 5.61
      vertex -0.720779 -5.47493 5.61
    endloop
  endfacet
  facet normal -0.751839 0.659347 0
    outer loop
      vertex -4.38104 3.36169 5.61
      vertex -3.90477 3.90477 5.67
      vertex -3.90477 3.90477 5.61
    endloop
  endfacet
  facet normal -0.751839 0.659347 0
    outer loop
      vertex -3.90477 3.90477 5.67
      vertex -4.38104 3.36169 5.61
      vertex -4.38104 3.36169 5.67
    endloop
  endfacet
  facet normal -0.442295 -0.89687 0
    outer loop
      vertex -2.76109 -4.78235 5.61
      vertex -2.11324 -5.10184 5.67
      vertex -2.76109 -4.78235 5.67
    endloop
  endfacet
  facet normal -0.442295 -0.89687 -0
    outer loop
      vertex -2.11324 -5.10184 5.67
      vertex -2.76109 -4.78235 5.61
      vertex -2.11324 -5.10184 5.61
    endloop
  endfacet
  facet normal 0.98079 0.195064 0
    outer loop
      vertex 5.47493 0.720779 5.67
      vertex 5.33403 1.42923 5.61
      vertex 5.33403 1.42923 5.67
    endloop
  endfacet
  facet normal 0.98079 0.195064 0
    outer loop
      vertex 5.33403 1.42923 5.61
      vertex 5.47493 0.720779 5.67
      vertex 5.47493 0.720779 5.61
    endloop
  endfacet
  facet normal -0.831468 0.555572 0
    outer loop
      vertex -4.78235 2.76109 5.61
      vertex -4.38104 3.36169 5.67
      vertex -4.38104 3.36169 5.61
    endloop
  endfacet
  facet normal -0.831468 0.555572 0
    outer loop
      vertex -4.38104 3.36169 5.67
      vertex -4.78235 2.76109 5.61
      vertex -4.78235 2.76109 5.67
    endloop
  endfacet
  facet normal 0.195064 -0.98079 0
    outer loop
      vertex 0.720779 -5.47493 5.61
      vertex 1.42923 -5.33403 5.67
      vertex 0.720779 -5.47493 5.67
    endloop
  endfacet
  facet normal 0.195064 -0.98079 0
    outer loop
      vertex 1.42923 -5.33403 5.67
      vertex 0.720779 -5.47493 5.61
      vertex 1.42923 -5.33403 5.61
    endloop
  endfacet
  facet normal -0.555572 0.831468 0
    outer loop
      vertex -2.76109 4.78235 5.61
      vertex -3.36169 4.38104 5.67
      vertex -2.76109 4.78235 5.67
    endloop
  endfacet
  facet normal -0.555572 0.831468 0
    outer loop
      vertex -3.36169 4.38104 5.67
      vertex -2.76109 4.78235 5.61
      vertex -3.36169 4.38104 5.61
    endloop
  endfacet
  facet normal 0.997857 0.0654275 0
    outer loop
      vertex 5.52219 0 5.67
      vertex 5.47493 0.720779 5.61
      vertex 5.47493 0.720779 5.67
    endloop
  endfacet
  facet normal 0.997857 0.0654275 0
    outer loop
      vertex 5.47493 0.720779 5.61
      vertex 5.52219 0 5.67
      vertex 5.52219 0 5.61
    endloop
  endfacet
  facet normal -0.0654275 0.997857 0
    outer loop
      vertex 0 5.52219 5.61
      vertex -0.720779 5.47493 5.67
      vertex 0 5.52219 5.67
    endloop
  endfacet
  facet normal -0.0654275 0.997857 0
    outer loop
      vertex -0.720779 5.47493 5.67
      vertex 0 5.52219 5.61
      vertex -0.720779 5.47493 5.61
    endloop
  endfacet
  facet normal -0.659347 -0.751839 0
    outer loop
      vertex -3.90477 -3.90477 5.61
      vertex -3.36169 -4.38104 5.67
      vertex -3.90477 -3.90477 5.67
    endloop
  endfacet
  facet normal -0.659347 -0.751839 -0
    outer loop
      vertex -3.36169 -4.38104 5.67
      vertex -3.90477 -3.90477 5.61
      vertex -3.36169 -4.38104 5.61
    endloop
  endfacet
  facet normal -0.980792 0.195058 0
    outer loop
      vertex -5.45917 0.799999 5.61
      vertex -5.33403 1.42923 5.67
      vertex -5.33403 1.42923 5.61
    endloop
  endfacet
  facet normal -0.980792 0.195058 0
    outer loop
      vertex -5.33403 1.42923 5.67
      vertex -5.45917 0.799999 5.61
      vertex -5.45917 0.799999 5.67
    endloop
  endfacet
  facet normal -0.321439 -0.94693 0
    outer loop
      vertex -2.11324 -5.10184 5.61
      vertex -1.42923 -5.33403 5.67
      vertex -2.11324 -5.10184 5.67
    endloop
  endfacet
  facet normal -0.321439 -0.94693 -0
    outer loop
      vertex -1.42923 -5.33403 5.67
      vertex -2.11324 -5.10184 5.61
      vertex -1.42923 -5.33403 5.61
    endloop
  endfacet
  facet normal -0.0654275 -0.997857 0
    outer loop
      vertex -0.720779 -5.47493 5.61
      vertex 0 -5.52219 5.67
      vertex -0.720779 -5.47493 5.67
    endloop
  endfacet
  facet normal -0.0654275 -0.997857 -0
    outer loop
      vertex 0 -5.52219 5.67
      vertex -0.720779 -5.47493 5.61
      vertex 0 -5.52219 5.61
    endloop
  endfacet
  facet normal 0.659347 0.751839 -0
    outer loop
      vertex 3.90477 3.90477 5.61
      vertex 3.36169 4.38104 5.67
      vertex 3.90477 3.90477 5.67
    endloop
  endfacet
  facet normal 0.659347 0.751839 0
    outer loop
      vertex 3.36169 4.38104 5.67
      vertex 3.90477 3.90477 5.61
      vertex 3.36169 4.38104 5.61
    endloop
  endfacet
  facet normal -0.980792 -0.195058 0
    outer loop
      vertex -5.33403 -1.42923 5.61
      vertex -5.45917 -0.799999 5.67
      vertex -5.45917 -0.799999 5.61
    endloop
  endfacet
  facet normal -0.980792 -0.195058 0
    outer loop
      vertex -5.45917 -0.799999 5.67
      vertex -5.33403 -1.42923 5.61
      vertex -5.33403 -1.42923 5.67
    endloop
  endfacet
  facet normal -0.321439 0.94693 0
    outer loop
      vertex -1.42923 5.33403 5.61
      vertex -2.11324 5.10184 5.67
      vertex -1.42923 5.33403 5.67
    endloop
  endfacet
  facet normal -0.321439 0.94693 0
    outer loop
      vertex -2.11324 5.10184 5.67
      vertex -1.42923 5.33403 5.61
      vertex -2.11324 5.10184 5.61
    endloop
  endfacet
  facet normal -0.659347 0.751839 0
    outer loop
      vertex -3.36169 4.38104 5.61
      vertex -3.90477 3.90477 5.67
      vertex -3.36169 4.38104 5.67
    endloop
  endfacet
  facet normal -0.659347 0.751839 0
    outer loop
      vertex -3.90477 3.90477 5.67
      vertex -3.36169 4.38104 5.61
      vertex -3.90477 3.90477 5.61
    endloop
  endfacet
  facet normal 0.89687 -0.442295 0
    outer loop
      vertex 4.78235 -2.76109 5.67
      vertex 5.10184 -2.11324 5.61
      vertex 5.10184 -2.11324 5.67
    endloop
  endfacet
  facet normal 0.89687 -0.442295 0
    outer loop
      vertex 5.10184 -2.11324 5.61
      vertex 4.78235 -2.76109 5.67
      vertex 4.78235 -2.76109 5.61
    endloop
  endfacet
  facet normal -0.751839 -0.659347 0
    outer loop
      vertex -3.90477 -3.90477 5.61
      vertex -4.38104 -3.36169 5.67
      vertex -4.38104 -3.36169 5.61
    endloop
  endfacet
  facet normal -0.751839 -0.659347 0
    outer loop
      vertex -4.38104 -3.36169 5.67
      vertex -3.90477 -3.90477 5.61
      vertex -3.90477 -3.90477 5.67
    endloop
  endfacet
  facet normal 0.94693 0.321439 0
    outer loop
      vertex 5.33403 1.42923 5.67
      vertex 5.10184 2.11324 5.61
      vertex 5.10184 2.11324 5.67
    endloop
  endfacet
  facet normal 0.94693 0.321439 0
    outer loop
      vertex 5.10184 2.11324 5.61
      vertex 5.33403 1.42923 5.67
      vertex 5.33403 1.42923 5.61
    endloop
  endfacet
  facet normal 0 0 -1
    outer loop
      vertex 5.46207 0 5.61
      vertex 5.52219 0 5.61
      vertex 5.47493 -0.720779 5.61
    endloop
  endfacet
  facet normal 0 0 -1
    outer loop
      vertex 5.52219 0 5.61
      vertex 5.46207 0 5.61
      vertex 5.47493 0.720779 5.61
    endloop
  endfacet
  facet normal 0 0 -1
    outer loop
      vertex 5.47493 -0.720779 5.61
      vertex 5.41531 -0.712936 5.61
      vertex 5.46207 0 5.61
    endloop
  endfacet
  facet normal 0 0 -1
    outer loop
      vertex 5.33403 -1.42923 5.61
      vertex 5.41531 -0.712936 5.61
      vertex 5.47493 -0.720779 5.61
    endloop
  endfacet
  facet normal 0 0 -1
    outer loop
      vertex 5.33403 -1.42923 5.61
      vertex 5.27594 -1.41367 5.61
      vertex 5.41531 -0.712936 5.61
    endloop
  endfacet
  facet normal 0 0 -1
    outer loop
      vertex 5.10184 -2.11324 5.61
      vertex 5.27594 -1.41367 5.61
      vertex 5.33403 -1.42923 5.61
    endloop
  endfacet
  facet normal 0 0 -1
    outer loop
      vertex 5.10184 -2.11324 5.61
      vertex 5.04628 -2.09023 5.61
      vertex 5.27594 -1.41367 5.61
    endloop
  endfacet
  facet normal 0 0 -1
    outer loop
      vertex 4.78235 -2.76109 5.61
      vertex 5.04628 -2.09023 5.61
      vertex 5.10184 -2.11324 5.61
    endloop
  endfacet
  facet normal 0 0 -1
    outer loop
      vertex 4.78235 -2.76109 5.61
      vertex 4.73029 -2.73103 5.61
      vertex 5.04628 -2.09023 5.61
    endloop
  endfacet
  facet normal 0 0 -1
    outer loop
      vertex 4.38104 -3.36169 5.61
      vertex 4.73029 -2.73103 5.61
      vertex 4.78235 -2.76109 5.61
    endloop
  endfacet
  facet normal 0 0 -1
    outer loop
      vertex 4.38104 -3.36169 5.61
      vertex 4.33333 -3.32509 5.61
      vertex 4.73029 -2.73103 5.61
    endloop
  endfacet
  facet normal 0 0 -1
    outer loop
      vertex 3.90477 -3.90477 5.61
      vertex 4.33333 -3.32509 5.61
      vertex 4.38104 -3.36169 5.61
    endloop
  endfacet
  facet normal 0 0 -1
    outer loop
      vertex 3.90477 -3.90477 5.61
      vertex 3.86226 -3.86226 5.61
      vertex 4.33333 -3.32509 5.61
    endloop
  endfacet
  facet normal 0 0 -1
    outer loop
      vertex 3.36169 -4.38104 5.61
      vertex 3.86226 -3.86226 5.61
      vertex 3.90477 -3.90477 5.61
    endloop
  endfacet
  facet normal 0 0 -1
    outer loop
      vertex 3.36169 -4.38104 5.61
      vertex 3.32509 -4.33333 5.61
      vertex 3.86226 -3.86226 5.61
    endloop
  endfacet
  facet normal 0 0 -1
    outer loop
      vertex 2.76109 -4.78235 5.61
      vertex 3.32509 -4.33333 5.61
      vertex 3.36169 -4.38104 5.61
    endloop
  endfacet
  facet normal 0 0 -1
    outer loop
      vertex 2.76109 -4.78235 5.61
      vertex 2.73103 -4.73029 5.61
      vertex 3.32509 -4.33333 5.61
    endloop
  endfacet
  facet normal 0 0 -1
    outer loop
      vertex 2.11324 -5.10184 5.61
      vertex 2.73103 -4.73029 5.61
      vertex 2.76109 -4.78235 5.61
    endloop
  endfacet
  facet normal 0 0 -1
    outer loop
      vertex 2.11324 -5.10184 5.61
      vertex 2.09023 -5.04628 5.61
      vertex 2.73103 -4.73029 5.61
    endloop
  endfacet
  facet normal 0 0 -1
    outer loop
      vertex 1.42923 -5.33403 5.61
      vertex 2.09023 -5.04628 5.61
      vertex 2.11324 -5.10184 5.61
    endloop
  endfacet
  facet normal 0 0 -1
    outer loop
      vertex 1.42923 -5.33403 5.61
      vertex 1.41367 -5.27594 5.61
      vertex 2.09023 -5.04628 5.61
    endloop
  endfacet
  facet normal 0 0 -1
    outer loop
      vertex 0.720779 -5.47493 5.61
      vertex 1.41367 -5.27594 5.61
      vertex 1.42923 -5.33403 5.61
    endloop
  endfacet
  facet normal 0 0 -1
    outer loop
      vertex 0.720779 -5.47493 5.61
      vertex 0.712936 -5.41531 5.61
      vertex 1.41367 -5.27594 5.61
    endloop
  endfacet
  facet normal 0 0 -1
    outer loop
      vertex 0 -5.52219 5.61
      vertex 0.712936 -5.41531 5.61
      vertex 0.720779 -5.47493 5.61
    endloop
  endfacet
  facet normal 0 0 -1
    outer loop
      vertex 0 -5.52219 5.61
      vertex 0 -5.46207 5.61
      vertex 0.712936 -5.41531 5.61
    endloop
  endfacet
  facet normal 0 0 -1
    outer loop
      vertex 0 -5.52219 5.61
      vertex -0.712936 -5.41531 5.61
      vertex 0 -5.46207 5.61
    endloop
  endfacet
  facet normal 0 0 -1
    outer loop
      vertex -0.720779 -5.47493 5.61
      vertex -0.712936 -5.41531 5.61
      vertex 0 -5.52219 5.61
    endloop
  endfacet
  facet normal 0 0 -1
    outer loop
      vertex -0.720779 -5.47493 5.61
      vertex -1.41367 -5.27594 5.61
      vertex -0.712936 -5.41531 5.61
    endloop
  endfacet
  facet normal 0 0 -1
    outer loop
      vertex -1.42923 -5.33403 5.61
      vertex -1.41367 -5.27594 5.61
      vertex -0.720779 -5.47493 5.61
    endloop
  endfacet
  facet normal 0 0 -1
    outer loop
      vertex -1.42923 -5.33403 5.61
      vertex -2.09023 -5.04628 5.61
      vertex -1.41367 -5.27594 5.61
    endloop
  endfacet
  facet normal 0 0 -1
    outer loop
      vertex -2.11324 -5.10184 5.61
      vertex -2.09023 -5.04628 5.61
      vertex -1.42923 -5.33403 5.61
    endloop
  endfacet
  facet normal 0 0 -1
    outer loop
      vertex -2.11324 -5.10184 5.61
      vertex -2.73103 -4.73029 5.61
      vertex -2.09023 -5.04628 5.61
    endloop
  endfacet
  facet normal 0 0 -1
    outer loop
      vertex -2.76109 -4.78235 5.61
      vertex -2.73103 -4.73029 5.61
      vertex -2.11324 -5.10184 5.61
    endloop
  endfacet
  facet normal 0 0 -1
    outer loop
      vertex -2.76109 -4.78235 5.61
      vertex -3.32509 -4.33333 5.61
      vertex -2.73103 -4.73029 5.61
    endloop
  endfacet
  facet normal 0 0 -1
    outer loop
      vertex -3.36169 -4.38104 5.61
      vertex -3.32509 -4.33333 5.61
      vertex -2.76109 -4.78235 5.61
    endloop
  endfacet
  facet normal 0 0 -1
    outer loop
      vertex -3.36169 -4.38104 5.61
      vertex -3.86226 -3.86226 5.61
      vertex -3.32509 -4.33333 5.61
    endloop
  endfacet
  facet normal 0 0 -1
    outer loop
      vertex -3.90477 -3.90477 5.61
      vertex -3.86226 -3.86226 5.61
      vertex -3.36169 -4.38104 5.61
    endloop
  endfacet
  facet normal 0 0 -1
    outer loop
      vertex -3.90477 -3.90477 5.61
      vertex -4.33333 -3.32509 5.61
      vertex -3.86226 -3.86226 5.61
    endloop
  endfacet
  facet normal 0 0 -1
    outer loop
      vertex -4.38104 -3.36169 5.61
      vertex -4.33333 -3.32509 5.61
      vertex -3.90477 -3.90477 5.61
    endloop
  endfacet
  facet normal 0 0 -1
    outer loop
      vertex -4.38104 -3.36169 5.61
      vertex -4.73029 -2.73103 5.61
      vertex -4.33333 -3.32509 5.61
    endloop
  endfacet
  facet normal 0 0 -1
    outer loop
      vertex -4.78235 -2.76109 5.61
      vertex -4.73029 -2.73103 5.61
      vertex -4.38104 -3.36169 5.61
    endloop
  endfacet
  facet normal 0 0 -1
    outer loop
      vertex -4.78235 -2.76109 5.61
      vertex -5.04628 -2.09023 5.61
      vertex -4.73029 -2.73103 5.61
    endloop
  endfacet
  facet normal 0 0 -1
    outer loop
      vertex -5.10184 -2.11324 5.61
      vertex -5.04628 -2.09023 5.61
      vertex -4.78235 -2.76109 5.61
    endloop
  endfacet
  facet normal 0 0 -1
    outer loop
      vertex -5.10184 -2.11324 5.61
      vertex -5.27594 -1.41367 5.61
      vertex -5.04628 -2.09023 5.61
    endloop
  endfacet
  facet normal 0 0 -1
    outer loop
      vertex -5.33403 -1.42923 5.61
      vertex -5.27594 -1.41367 5.61
      vertex -5.10184 -2.11324 5.61
    endloop
  endfacet
  facet normal 0 0 -1
    outer loop
      vertex -5.33403 -1.42923 5.61
      vertex -5.398 -0.799999 5.61
      vertex -5.27594 -1.41367 5.61
    endloop
  endfacet
  facet normal -0 -0 -1
    outer loop
      vertex -5.398 -0.799999 5.61
      vertex -5.33403 -1.42923 5.61
      vertex -5.45917 -0.799999 5.61
    endloop
  endfacet
  facet normal 0 0 -1
    outer loop
      vertex 5.41531 0.712936 5.61
      vertex 5.47493 0.720779 5.61
      vertex 5.46207 0 5.61
    endloop
  endfacet
  facet normal 0 0 -1
    outer loop
      vertex 5.41531 0.712936 5.61
      vertex 5.33403 1.42923 5.61
      vertex 5.47493 0.720779 5.61
    endloop
  endfacet
  facet normal 0 0 -1
    outer loop
      vertex 5.27594 1.41367 5.61
      vertex 5.33403 1.42923 5.61
      vertex 5.41531 0.712936 5.61
    endloop
  endfacet
  facet normal 0 0 -1
    outer loop
      vertex 5.27594 1.41367 5.61
      vertex 5.10184 2.11324 5.61
      vertex 5.33403 1.42923 5.61
    endloop
  endfacet
  facet normal 0 0 -1
    outer loop
      vertex 5.04628 2.09023 5.61
      vertex 5.10184 2.11324 5.61
      vertex 5.27594 1.41367 5.61
    endloop
  endfacet
  facet normal 0 0 -1
    outer loop
      vertex 5.04628 2.09023 5.61
      vertex 4.78235 2.76109 5.61
      vertex 5.10184 2.11324 5.61
    endloop
  endfacet
  facet normal 0 0 -1
    outer loop
      vertex 4.73029 2.73103 5.61
      vertex 4.78235 2.76109 5.61
      vertex 5.04628 2.09023 5.61
    endloop
  endfacet
  facet normal 0 0 -1
    outer loop
      vertex 4.73029 2.73103 5.61
      vertex 4.38104 3.36169 5.61
      vertex 4.78235 2.76109 5.61
    endloop
  endfacet
  facet normal 0 0 -1
    outer loop
      vertex 4.33333 3.32509 5.61
      vertex 4.38104 3.36169 5.61
      vertex 4.73029 2.73103 5.61
    endloop
  endfacet
  facet normal 0 0 -1
    outer loop
      vertex 4.33333 3.32509 5.61
      vertex 3.90477 3.90477 5.61
      vertex 4.38104 3.36169 5.61
    endloop
  endfacet
  facet normal 0 0 -1
    outer loop
      vertex 3.86226 3.86226 5.61
      vertex 3.90477 3.90477 5.61
      vertex 4.33333 3.32509 5.61
    endloop
  endfacet
  facet normal 0 0 -1
    outer loop
      vertex 3.86226 3.86226 5.61
      vertex 3.36169 4.38104 5.61
      vertex 3.90477 3.90477 5.61
    endloop
  endfacet
  facet normal 0 0 -1
    outer loop
      vertex 3.32509 4.33333 5.61
      vertex 3.36169 4.38104 5.61
      vertex 3.86226 3.86226 5.61
    endloop
  endfacet
  facet normal 0 0 -1
    outer loop
      vertex 3.32509 4.33333 5.61
      vertex 2.76109 4.78235 5.61
      vertex 3.36169 4.38104 5.61
    endloop
  endfacet
  facet normal 0 0 -1
    outer loop
      vertex 2.73103 4.73029 5.61
      vertex 2.76109 4.78235 5.61
      vertex 3.32509 4.33333 5.61
    endloop
  endfacet
  facet normal 0 0 -1
    outer loop
      vertex 2.73103 4.73029 5.61
      vertex 2.11324 5.10184 5.61
      vertex 2.76109 4.78235 5.61
    endloop
  endfacet
  facet normal 0 0 -1
    outer loop
      vertex 2.09023 5.04628 5.61
      vertex 2.11324 5.10184 5.61
      vertex 2.73103 4.73029 5.61
    endloop
  endfacet
  facet normal 0 0 -1
    outer loop
      vertex 2.09023 5.04628 5.61
      vertex 1.42923 5.33403 5.61
      vertex 2.11324 5.10184 5.61
    endloop
  endfacet
  facet normal 0 0 -1
    outer loop
      vertex 1.41367 5.27594 5.61
      vertex 1.42923 5.33403 5.61
      vertex 2.09023 5.04628 5.61
    endloop
  endfacet
  facet normal 0 0 -1
    outer loop
      vertex 1.41367 5.27594 5.61
      vertex 0.720779 5.47493 5.61
      vertex 1.42923 5.33403 5.61
    endloop
  endfacet
  facet normal 0 0 -1
    outer loop
      vertex 0.712936 5.41531 5.61
      vertex 0.720779 5.47493 5.61
      vertex 1.41367 5.27594 5.61
    endloop
  endfacet
  facet normal 0 0 -1
    outer loop
      vertex 0 5.46207 5.61
      vertex 0.720779 5.47493 5.61
      vertex 0.712936 5.41531 5.61
    endloop
  endfacet
  facet normal 0 0 -1
    outer loop
      vertex 0 5.46207 5.61
      vertex 0 5.52219 5.61
      vertex 0.720779 5.47493 5.61
    endloop
  endfacet
  facet normal 0 0 -1
    outer loop
      vertex -0.712936 5.41531 5.61
      vertex 0 5.52219 5.61
      vertex 0 5.46207 5.61
    endloop
  endfacet
  facet normal 0 0 -1
    outer loop
      vertex -0.712936 5.41531 5.61
      vertex -0.720779 5.47493 5.61
      vertex 0 5.52219 5.61
    endloop
  endfacet
  facet normal 0 0 -1
    outer loop
      vertex -1.41367 5.27594 5.61
      vertex -0.720779 5.47493 5.61
      vertex -0.712936 5.41531 5.61
    endloop
  endfacet
  facet normal 0 0 -1
    outer loop
      vertex -1.41367 5.27594 5.61
      vertex -1.42923 5.33403 5.61
      vertex -0.720779 5.47493 5.61
    endloop
  endfacet
  facet normal 0 0 -1
    outer loop
      vertex -2.09023 5.04628 5.61
      vertex -1.42923 5.33403 5.61
      vertex -1.41367 5.27594 5.61
    endloop
  endfacet
  facet normal 0 0 -1
    outer loop
      vertex -2.09023 5.04628 5.61
      vertex -2.11324 5.10184 5.61
      vertex -1.42923 5.33403 5.61
    endloop
  endfacet
  facet normal 0 0 -1
    outer loop
      vertex -2.73103 4.73029 5.61
      vertex -2.11324 5.10184 5.61
      vertex -2.09023 5.04628 5.61
    endloop
  endfacet
  facet normal 0 0 -1
    outer loop
      vertex -2.73103 4.73029 5.61
      vertex -2.76109 4.78235 5.61
      vertex -2.11324 5.10184 5.61
    endloop
  endfacet
  facet normal 0 0 -1
    outer loop
      vertex -3.32509 4.33333 5.61
      vertex -2.76109 4.78235 5.61
      vertex -2.73103 4.73029 5.61
    endloop
  endfacet
  facet normal 0 0 -1
    outer loop
      vertex -3.32509 4.33333 5.61
      vertex -3.36169 4.38104 5.61
      vertex -2.76109 4.78235 5.61
    endloop
  endfacet
  facet normal 0 0 -1
    outer loop
      vertex -3.86226 3.86226 5.61
      vertex -3.36169 4.38104 5.61
      vertex -3.32509 4.33333 5.61
    endloop
  endfacet
  facet normal 0 0 -1
    outer loop
      vertex -3.86226 3.86226 5.61
      vertex -3.90477 3.90477 5.61
      vertex -3.36169 4.38104 5.61
    endloop
  endfacet
  facet normal 0 0 -1
    outer loop
      vertex -4.33333 3.32509 5.61
      vertex -3.90477 3.90477 5.61
      vertex -3.86226 3.86226 5.61
    endloop
  endfacet
  facet normal 0 0 -1
    outer loop
      vertex -4.33333 3.32509 5.61
      vertex -4.38104 3.36169 5.61
      vertex -3.90477 3.90477 5.61
    endloop
  endfacet
  facet normal 0 0 -1
    outer loop
      vertex -4.73029 2.73103 5.61
      vertex -4.38104 3.36169 5.61
      vertex -4.33333 3.32509 5.61
    endloop
  endfacet
  facet normal 0 0 -1
    outer loop
      vertex -4.73029 2.73103 5.61
      vertex -4.78235 2.76109 5.61
      vertex -4.38104 3.36169 5.61
    endloop
  endfacet
  facet normal 0 0 -1
    outer loop
      vertex -5.04628 2.09023 5.61
      vertex -4.78235 2.76109 5.61
      vertex -4.73029 2.73103 5.61
    endloop
  endfacet
  facet normal 0 0 -1
    outer loop
      vertex -5.04628 2.09023 5.61
      vertex -5.10184 2.11324 5.61
      vertex -4.78235 2.76109 5.61
    endloop
  endfacet
  facet normal 0 0 -1
    outer loop
      vertex -5.27594 1.41367 5.61
      vertex -5.10184 2.11324 5.61
      vertex -5.04628 2.09023 5.61
    endloop
  endfacet
  facet normal 0 0 -1
    outer loop
      vertex -5.27594 1.41367 5.61
      vertex -5.33403 1.42923 5.61
      vertex -5.10184 2.11324 5.61
    endloop
  endfacet
  facet normal 0 0 -1
    outer loop
      vertex -5.398 0.799999 5.61
      vertex -5.33403 1.42923 5.61
      vertex -5.27594 1.41367 5.61
    endloop
  endfacet
  facet normal 0 0 -1
    outer loop
      vertex -5.33403 1.42923 5.61
      vertex -5.398 0.799999 5.61
      vertex -5.45917 0.799999 5.61
    endloop
  endfacet
  facet normal -0.94693 -0.321439 0
    outer loop
      vertex -5.10184 -2.11324 5.61
      vertex -5.33403 -1.42923 5.67
      vertex -5.33403 -1.42923 5.61
    endloop
  endfacet
  facet normal -0.94693 -0.321439 0
    outer loop
      vertex -5.33403 -1.42923 5.67
      vertex -5.10184 -2.11324 5.61
      vertex -5.10184 -2.11324 5.67
    endloop
  endfacet
  facet normal -0.89687 -0.442295 0
    outer loop
      vertex -4.78235 -2.76109 5.61
      vertex -5.10184 -2.11324 5.67
      vertex -5.10184 -2.11324 5.61
    endloop
  endfacet
  facet normal -0.89687 -0.442295 0
    outer loop
      vertex -5.10184 -2.11324 5.67
      vertex -4.78235 -2.76109 5.61
      vertex -4.78235 -2.76109 5.67
    endloop
  endfacet
  facet normal 0.831468 0.555572 0
    outer loop
      vertex 4.78235 2.76109 5.67
      vertex 4.38104 3.36169 5.61
      vertex 4.38104 3.36169 5.67
    endloop
  endfacet
  facet normal 0.831468 0.555572 0
    outer loop
      vertex 4.38104 3.36169 5.61
      vertex 4.78235 2.76109 5.67
      vertex 4.78235 2.76109 5.61
    endloop
  endfacet
  facet normal 0.321439 -0.94693 0
    outer loop
      vertex 1.42923 -5.33403 5.61
      vertex 2.11324 -5.10184 5.67
      vertex 1.42923 -5.33403 5.67
    endloop
  endfacet
  facet normal 0.321439 -0.94693 0
    outer loop
      vertex 2.11324 -5.10184 5.67
      vertex 1.42923 -5.33403 5.61
      vertex 2.11324 -5.10184 5.61
    endloop
  endfacet
  facet normal 0.831468 -0.555572 0
    outer loop
      vertex 4.38104 -3.36169 5.67
      vertex 4.78235 -2.76109 5.61
      vertex 4.78235 -2.76109 5.67
    endloop
  endfacet
  facet normal 0.831468 -0.555572 0
    outer loop
      vertex 4.78235 -2.76109 5.61
      vertex 4.38104 -3.36169 5.67
      vertex 4.38104 -3.36169 5.61
    endloop
  endfacet
  facet normal 0.751839 -0.659347 0
    outer loop
      vertex 3.90477 -3.90477 5.67
      vertex 4.38104 -3.36169 5.61
      vertex 4.38104 -3.36169 5.67
    endloop
  endfacet
  facet normal 0.751839 -0.659347 0
    outer loop
      vertex 4.38104 -3.36169 5.61
      vertex 3.90477 -3.90477 5.67
      vertex 3.90477 -3.90477 5.61
    endloop
  endfacet
  facet normal 0.94693 -0.321439 0
    outer loop
      vertex 5.10184 -2.11324 5.67
      vertex 5.33403 -1.42923 5.61
      vertex 5.33403 -1.42923 5.67
    endloop
  endfacet
  facet normal 0.94693 -0.321439 0
    outer loop
      vertex 5.33403 -1.42923 5.61
      vertex 5.10184 -2.11324 5.67
      vertex 5.10184 -2.11324 5.61
    endloop
  endfacet
  facet normal 0.98079 -0.195064 0
    outer loop
      vertex 5.33403 -1.42923 5.67
      vertex 5.47493 -0.720779 5.61
      vertex 5.47493 -0.720779 5.67
    endloop
  endfacet
  facet normal 0.98079 -0.195064 0
    outer loop
      vertex 5.47493 -0.720779 5.61
      vertex 5.33403 -1.42923 5.67
      vertex 5.33403 -1.42923 5.61
    endloop
  endfacet
  facet normal 0.555572 0.831468 -0
    outer loop
      vertex 3.36169 4.38104 5.61
      vertex 2.76109 4.78235 5.67
      vertex 3.36169 4.38104 5.67
    endloop
  endfacet
  facet normal 0.555572 0.831468 0
    outer loop
      vertex 2.76109 4.78235 5.67
      vertex 3.36169 4.38104 5.61
      vertex 2.76109 4.78235 5.61
    endloop
  endfacet
  facet normal 0.896883 -0.442269 0
    outer loop
      vertex 4.73029 -2.73103 5.61
      vertex 5.04628 -2.09023 5.55
      vertex 5.04628 -2.09023 5.61
    endloop
  endfacet
  facet normal 0.896883 -0.442269 0
    outer loop
      vertex 5.04628 -2.09023 5.55
      vertex 4.73029 -2.73103 5.61
      vertex 4.73029 -2.73103 5.55
    endloop
  endfacet
  facet normal 0.321438 0.946931 -0
    outer loop
      vertex 2.09023 5.04628 5.55
      vertex 1.41367 5.27594 5.61
      vertex 2.09023 5.04628 5.61
    endloop
  endfacet
  facet normal 0.321438 0.946931 0
    outer loop
      vertex 1.41367 5.27594 5.61
      vertex 2.09023 5.04628 5.55
      vertex 1.41367 5.27594 5.55
    endloop
  endfacet
  facet normal 0.195071 0.980789 -0
    outer loop
      vertex 1.41367 5.27594 5.55
      vertex 0.712936 5.41531 5.61
      vertex 1.41367 5.27594 5.61
    endloop
  endfacet
  facet normal 0.195071 0.980789 0
    outer loop
      vertex 0.712936 5.41531 5.61
      vertex 1.41367 5.27594 5.55
      vertex 0.712936 5.41531 5.55
    endloop
  endfacet
  facet normal -0.896883 0.442269 0
    outer loop
      vertex -5.04628 2.09023 5.55
      vertex -4.73029 2.73103 5.61
      vertex -4.73029 2.73103 5.55
    endloop
  endfacet
  facet normal -0.896883 0.442269 0
    outer loop
      vertex -4.73029 2.73103 5.61
      vertex -5.04628 2.09023 5.55
      vertex -5.04628 2.09023 5.61
    endloop
  endfacet
  facet normal -0.0654473 -0.997856 0
    outer loop
      vertex -0.712936 -5.41531 5.55
      vertex 0 -5.46207 5.61
      vertex -0.712936 -5.41531 5.61
    endloop
  endfacet
  facet normal -0.0654473 -0.997856 -0
    outer loop
      vertex 0 -5.46207 5.61
      vertex -0.712936 -5.41531 5.55
      vertex 0 -5.46207 5.55
    endloop
  endfacet
  facet normal 0.0654473 0.997856 -0
    outer loop
      vertex 0.712936 5.41531 5.55
      vertex 0 5.46207 5.61
      vertex 0.712936 5.41531 5.61
    endloop
  endfacet
  facet normal 0.0654473 0.997856 0
    outer loop
      vertex 0 5.46207 5.61
      vertex 0.712936 5.41531 5.55
      vertex 0 5.46207 5.55
    endloop
  endfacet
  facet normal 0.751851 0.659334 0
    outer loop
      vertex 4.33333 3.32509 5.61
      vertex 3.86226 3.86226 5.55
      vertex 3.86226 3.86226 5.61
    endloop
  endfacet
  facet normal 0.751851 0.659334 0
    outer loop
      vertex 3.86226 3.86226 5.55
      vertex 4.33333 3.32509 5.61
      vertex 4.33333 3.32509 5.55
    endloop
  endfacet
  facet normal 0.442269 0.896883 -0
    outer loop
      vertex 2.73103 4.73029 5.55
      vertex 2.09023 5.04628 5.61
      vertex 2.73103 4.73029 5.61
    endloop
  endfacet
  facet normal 0.442269 0.896883 0
    outer loop
      vertex 2.09023 5.04628 5.61
      vertex 2.73103 4.73029 5.55
      vertex 2.09023 5.04628 5.55
    endloop
  endfacet
  facet normal 0.896883 0.442269 0
    outer loop
      vertex 5.04628 2.09023 5.61
      vertex 4.73029 2.73103 5.55
      vertex 4.73029 2.73103 5.61
    endloop
  endfacet
  facet normal 0.896883 0.442269 0
    outer loop
      vertex 4.73029 2.73103 5.55
      vertex 5.04628 2.09023 5.61
      vertex 5.04628 2.09023 5.55
    endloop
  endfacet
  facet normal -0.751851 0.659334 0
    outer loop
      vertex -4.33333 3.32509 5.55
      vertex -3.86226 3.86226 5.61
      vertex -3.86226 3.86226 5.55
    endloop
  endfacet
  facet normal -0.751851 0.659334 0
    outer loop
      vertex -3.86226 3.86226 5.61
      vertex -4.33333 3.32509 5.55
      vertex -4.33333 3.32509 5.61
    endloop
  endfacet
  facet normal -0.555591 -0.831456 0
    outer loop
      vertex -3.32509 -4.33333 5.55
      vertex -2.73103 -4.73029 5.61
      vertex -3.32509 -4.33333 5.61
    endloop
  endfacet
  facet normal -0.555591 -0.831456 -0
    outer loop
      vertex -2.73103 -4.73029 5.61
      vertex -3.32509 -4.33333 5.55
      vertex -2.73103 -4.73029 5.55
    endloop
  endfacet
  facet normal -0.751851 -0.659334 0
    outer loop
      vertex -3.86226 -3.86226 5.55
      vertex -4.33333 -3.32509 5.61
      vertex -4.33333 -3.32509 5.55
    endloop
  endfacet
  facet normal -0.751851 -0.659334 0
    outer loop
      vertex -4.33333 -3.32509 5.61
      vertex -3.86226 -3.86226 5.55
      vertex -3.86226 -3.86226 5.61
    endloop
  endfacet
  facet normal 0.555591 -0.831456 0
    outer loop
      vertex 2.73103 -4.73029 5.55
      vertex 3.32509 -4.33333 5.61
      vertex 2.73103 -4.73029 5.61
    endloop
  endfacet
  facet normal 0.555591 -0.831456 0
    outer loop
      vertex 3.32509 -4.33333 5.61
      vertex 2.73103 -4.73029 5.55
      vertex 3.32509 -4.33333 5.55
    endloop
  endfacet
  facet normal 0.195071 -0.980789 0
    outer loop
      vertex 0.712936 -5.41531 5.55
      vertex 1.41367 -5.27594 5.61
      vertex 0.712936 -5.41531 5.61
    endloop
  endfacet
  facet normal 0.195071 -0.980789 0
    outer loop
      vertex 1.41367 -5.27594 5.61
      vertex 0.712936 -5.41531 5.55
      vertex 1.41367 -5.27594 5.55
    endloop
  endfacet
  facet normal -0.946931 0.321438 0
    outer loop
      vertex -5.27594 1.41367 5.55
      vertex -5.04628 2.09023 5.61
      vertex -5.04628 2.09023 5.55
    endloop
  endfacet
  facet normal -0.946931 0.321438 0
    outer loop
      vertex -5.04628 2.09023 5.61
      vertex -5.27594 1.41367 5.55
      vertex -5.27594 1.41367 5.61
    endloop
  endfacet
  facet normal -0.321438 0.946931 0
    outer loop
      vertex -1.41367 5.27594 5.55
      vertex -2.09023 5.04628 5.61
      vertex -1.41367 5.27594 5.61
    endloop
  endfacet
  facet normal -0.321438 0.946931 0
    outer loop
      vertex -2.09023 5.04628 5.61
      vertex -1.41367 5.27594 5.55
      vertex -2.09023 5.04628 5.55
    endloop
  endfacet
  facet normal 0.946931 -0.321438 0
    outer loop
      vertex 5.04628 -2.09023 5.61
      vertex 5.27594 -1.41367 5.55
      vertex 5.27594 -1.41367 5.61
    endloop
  endfacet
  facet normal 0.946931 -0.321438 0
    outer loop
      vertex 5.27594 -1.41367 5.55
      vertex 5.04628 -2.09023 5.61
      vertex 5.04628 -2.09023 5.55
    endloop
  endfacet
  facet normal 0.442269 -0.896883 0
    outer loop
      vertex 2.09023 -5.04628 5.55
      vertex 2.73103 -4.73029 5.61
      vertex 2.09023 -5.04628 5.61
    endloop
  endfacet
  facet normal 0.442269 -0.896883 0
    outer loop
      vertex 2.73103 -4.73029 5.61
      vertex 2.09023 -5.04628 5.55
      vertex 2.73103 -4.73029 5.55
    endloop
  endfacet
  facet normal -0.442269 -0.896883 0
    outer loop
      vertex -2.73103 -4.73029 5.55
      vertex -2.09023 -5.04628 5.61
      vertex -2.73103 -4.73029 5.61
    endloop
  endfacet
  facet normal -0.442269 -0.896883 -0
    outer loop
      vertex -2.09023 -5.04628 5.61
      vertex -2.73103 -4.73029 5.55
      vertex -2.09023 -5.04628 5.55
    endloop
  endfacet
  facet normal 0.980789 0.195071 0
    outer loop
      vertex 5.41531 0.712936 5.61
      vertex 5.27594 1.41367 5.55
      vertex 5.27594 1.41367 5.61
    endloop
  endfacet
  facet normal 0.980789 0.195071 0
    outer loop
      vertex 5.27594 1.41367 5.55
      vertex 5.41531 0.712936 5.61
      vertex 5.41531 0.712936 5.55
    endloop
  endfacet
  facet normal -0.831456 0.555591 0
    outer loop
      vertex -4.73029 2.73103 5.55
      vertex -4.33333 3.32509 5.61
      vertex -4.33333 3.32509 5.55
    endloop
  endfacet
  facet normal -0.831456 0.555591 0
    outer loop
      vertex -4.33333 3.32509 5.61
      vertex -4.73029 2.73103 5.55
      vertex -4.73029 2.73103 5.61
    endloop
  endfacet
  facet normal -0.195071 0.980789 0
    outer loop
      vertex -0.712936 5.41531 5.55
      vertex -1.41367 5.27594 5.61
      vertex -0.712936 5.41531 5.61
    endloop
  endfacet
  facet normal -0.195071 0.980789 0
    outer loop
      vertex -1.41367 5.27594 5.61
      vertex -0.712936 5.41531 5.55
      vertex -1.41367 5.27594 5.55
    endloop
  endfacet
  facet normal 0.997856 -0.0654473 0
    outer loop
      vertex 5.41531 -0.712936 5.61
      vertex 5.46207 0 5.55
      vertex 5.46207 0 5.61
    endloop
  endfacet
  facet normal 0.997856 -0.0654473 0
    outer loop
      vertex 5.46207 0 5.55
      vertex 5.41531 -0.712936 5.61
      vertex 5.41531 -0.712936 5.55
    endloop
  endfacet
  facet normal -0.659334 -0.751851 0
    outer loop
      vertex -3.86226 -3.86226 5.55
      vertex -3.32509 -4.33333 5.61
      vertex -3.86226 -3.86226 5.61
    endloop
  endfacet
  facet normal -0.659334 -0.751851 -0
    outer loop
      vertex -3.32509 -4.33333 5.61
      vertex -3.86226 -3.86226 5.55
      vertex -3.32509 -4.33333 5.55
    endloop
  endfacet
  facet normal -0.442269 0.896883 0
    outer loop
      vertex -2.09023 5.04628 5.55
      vertex -2.73103 4.73029 5.61
      vertex -2.09023 5.04628 5.61
    endloop
  endfacet
  facet normal -0.442269 0.896883 0
    outer loop
      vertex -2.73103 4.73029 5.61
      vertex -2.09023 5.04628 5.55
      vertex -2.73103 4.73029 5.55
    endloop
  endfacet
  facet normal 0.997856 0.0654473 0
    outer loop
      vertex 5.46207 0 5.61
      vertex 5.41531 0.712936 5.55
      vertex 5.41531 0.712936 5.61
    endloop
  endfacet
  facet normal 0.997856 0.0654473 0
    outer loop
      vertex 5.41531 0.712936 5.55
      vertex 5.46207 0 5.61
      vertex 5.46207 0 5.55
    endloop
  endfacet
  facet normal 0.751851 -0.659334 0
    outer loop
      vertex 3.86226 -3.86226 5.61
      vertex 4.33333 -3.32509 5.55
      vertex 4.33333 -3.32509 5.61
    endloop
  endfacet
  facet normal 0.751851 -0.659334 0
    outer loop
      vertex 4.33333 -3.32509 5.55
      vertex 3.86226 -3.86226 5.61
      vertex 3.86226 -3.86226 5.55
    endloop
  endfacet
  facet normal -0.321438 -0.946931 0
    outer loop
      vertex -2.09023 -5.04628 5.55
      vertex -1.41367 -5.27594 5.61
      vertex -2.09023 -5.04628 5.61
    endloop
  endfacet
  facet normal -0.321438 -0.946931 -0
    outer loop
      vertex -1.41367 -5.27594 5.61
      vertex -2.09023 -5.04628 5.55
      vertex -1.41367 -5.27594 5.55
    endloop
  endfacet
  facet normal -0.980787 -0.19508 0
    outer loop
      vertex -5.27594 -1.41367 5.55
      vertex -5.398 -0.799999 5.61
      vertex -5.398 -0.799999 5.55
    endloop
  endfacet
  facet normal -0.980787 -0.19508 0
    outer loop
      vertex -5.398 -0.799999 5.61
      vertex -5.27594 -1.41367 5.55
      vertex -5.27594 -1.41367 5.61
    endloop
  endfacet
  facet normal 0.659334 0.751851 -0
    outer loop
      vertex 3.86226 3.86226 5.55
      vertex 3.32509 4.33333 5.61
      vertex 3.86226 3.86226 5.61
    endloop
  endfacet
  facet normal 0.659334 0.751851 0
    outer loop
      vertex 3.32509 4.33333 5.61
      vertex 3.86226 3.86226 5.55
      vertex 3.32509 4.33333 5.55
    endloop
  endfacet
  facet normal 0.0654473 -0.997856 0
    outer loop
      vertex 0 -5.46207 5.55
      vertex 0.712936 -5.41531 5.61
      vertex 0 -5.46207 5.61
    endloop
  endfacet
  facet normal 0.0654473 -0.997856 0
    outer loop
      vertex 0.712936 -5.41531 5.61
      vertex 0 -5.46207 5.55
      vertex 0.712936 -5.41531 5.55
    endloop
  endfacet
  facet normal -0.0654473 0.997856 0
    outer loop
      vertex 0 5.46207 5.55
      vertex -0.712936 5.41531 5.61
      vertex 0 5.46207 5.61
    endloop
  endfacet
  facet normal -0.0654473 0.997856 0
    outer loop
      vertex -0.712936 5.41531 5.61
      vertex 0 5.46207 5.55
      vertex -0.712936 5.41531 5.55
    endloop
  endfacet
  facet normal -0.555591 0.831456 0
    outer loop
      vertex -2.73103 4.73029 5.55
      vertex -3.32509 4.33333 5.61
      vertex -2.73103 4.73029 5.61
    endloop
  endfacet
  facet normal -0.555591 0.831456 0
    outer loop
      vertex -3.32509 4.33333 5.61
      vertex -2.73103 4.73029 5.55
      vertex -3.32509 4.33333 5.55
    endloop
  endfacet
  facet normal 0.946931 0.321438 0
    outer loop
      vertex 5.27594 1.41367 5.61
      vertex 5.04628 2.09023 5.55
      vertex 5.04628 2.09023 5.61
    endloop
  endfacet
  facet normal 0.946931 0.321438 0
    outer loop
      vertex 5.04628 2.09023 5.55
      vertex 5.27594 1.41367 5.61
      vertex 5.27594 1.41367 5.55
    endloop
  endfacet
  facet normal 0 0 -1
    outer loop
      vertex 5.40193 0 5.55
      vertex 5.46207 0 5.55
      vertex 5.41531 -0.712936 5.55
    endloop
  endfacet
  facet normal 0 0 -1
    outer loop
      vertex 5.46207 0 5.55
      vertex 5.40193 0 5.55
      vertex 5.41531 0.712936 5.55
    endloop
  endfacet
  facet normal 0 0 -1
    outer loop
      vertex 5.41531 -0.712936 5.55
      vertex 5.3557 -0.705078 5.55
      vertex 5.40193 0 5.55
    endloop
  endfacet
  facet normal 0 0 -1
    outer loop
      vertex 5.27594 -1.41367 5.55
      vertex 5.3557 -0.705078 5.55
      vertex 5.41531 -0.712936 5.55
    endloop
  endfacet
  facet normal 0 0 -1
    outer loop
      vertex 5.27594 -1.41367 5.55
      vertex 5.21786 -1.3981 5.55
      vertex 5.3557 -0.705078 5.55
    endloop
  endfacet
  facet normal 0 0 -1
    outer loop
      vertex 5.04628 -2.09023 5.55
      vertex 5.21786 -1.3981 5.55
      vertex 5.27594 -1.41367 5.55
    endloop
  endfacet
  facet normal 0 0 -1
    outer loop
      vertex 5.04628 -2.09023 5.55
      vertex 4.99074 -2.06721 5.55
      vertex 5.21786 -1.3981 5.55
    endloop
  endfacet
  facet normal 0 0 -1
    outer loop
      vertex 4.73029 -2.73103 5.55
      vertex 4.99074 -2.06721 5.55
      vertex 5.04628 -2.09023 5.55
    endloop
  endfacet
  facet normal 0 0 -1
    outer loop
      vertex 4.73029 -2.73103 5.55
      vertex 4.67821 -2.70096 5.55
      vertex 4.99074 -2.06721 5.55
    endloop
  endfacet
  facet normal 0 0 -1
    outer loop
      vertex 4.33333 -3.32509 5.55
      vertex 4.67821 -2.70096 5.55
      vertex 4.73029 -2.73103 5.55
    endloop
  endfacet
  facet normal 0 0 -1
    outer loop
      vertex 4.33333 -3.32509 5.55
      vertex 4.28563 -3.28848 5.55
      vertex 4.67821 -2.70096 5.55
    endloop
  endfacet
  facet normal 0 0 -1
    outer loop
      vertex 3.86226 -3.86226 5.55
      vertex 4.28563 -3.28848 5.55
      vertex 4.33333 -3.32509 5.55
    endloop
  endfacet
  facet normal 0 0 -1
    outer loop
      vertex 3.86226 -3.86226 5.55
      vertex 3.81973 -3.81973 5.55
      vertex 4.28563 -3.28848 5.55
    endloop
  endfacet
  facet normal 0 0 -1
    outer loop
      vertex 3.32509 -4.33333 5.55
      vertex 3.81973 -3.81973 5.55
      vertex 3.86226 -3.86226 5.55
    endloop
  endfacet
  facet normal 0 0 -1
    outer loop
      vertex 3.32509 -4.33333 5.55
      vertex 3.28848 -4.28563 5.55
      vertex 3.81973 -3.81973 5.55
    endloop
  endfacet
  facet normal 0 0 -1
    outer loop
      vertex 2.73103 -4.73029 5.55
      vertex 3.28848 -4.28563 5.55
      vertex 3.32509 -4.33333 5.55
    endloop
  endfacet
  facet normal 0 0 -1
    outer loop
      vertex 2.73103 -4.73029 5.55
      vertex 2.70096 -4.67821 5.55
      vertex 3.28848 -4.28563 5.55
    endloop
  endfacet
  facet normal 0 0 -1
    outer loop
      vertex 2.09023 -5.04628 5.55
      vertex 2.70096 -4.67821 5.55
      vertex 2.73103 -4.73029 5.55
    endloop
  endfacet
  facet normal 0 0 -1
    outer loop
      vertex 2.09023 -5.04628 5.55
      vertex 2.06721 -4.99074 5.55
      vertex 2.70096 -4.67821 5.55
    endloop
  endfacet
  facet normal 0 0 -1
    outer loop
      vertex 1.41367 -5.27594 5.55
      vertex 2.06721 -4.99074 5.55
      vertex 2.09023 -5.04628 5.55
    endloop
  endfacet
  facet normal 0 0 -1
    outer loop
      vertex 1.41367 -5.27594 5.55
      vertex 1.3981 -5.21786 5.55
      vertex 2.06721 -4.99074 5.55
    endloop
  endfacet
  facet normal 0 0 -1
    outer loop
      vertex 0.712936 -5.41531 5.55
      vertex 1.3981 -5.21786 5.55
      vertex 1.41367 -5.27594 5.55
    endloop
  endfacet
  facet normal 0 0 -1
    outer loop
      vertex 0.712936 -5.41531 5.55
      vertex 0.705078 -5.3557 5.55
      vertex 1.3981 -5.21786 5.55
    endloop
  endfacet
  facet normal 0 0 -1
    outer loop
      vertex 0 -5.46207 5.55
      vertex 0.705078 -5.3557 5.55
      vertex 0.712936 -5.41531 5.55
    endloop
  endfacet
  facet normal 0 0 -1
    outer loop
      vertex 0 -5.46207 5.55
      vertex 0 -5.40193 5.55
      vertex 0.705078 -5.3557 5.55
    endloop
  endfacet
  facet normal 0 0 -1
    outer loop
      vertex 0 -5.46207 5.55
      vertex -0.705078 -5.3557 5.55
      vertex 0 -5.40193 5.55
    endloop
  endfacet
  facet normal 0 0 -1
    outer loop
      vertex -0.712936 -5.41531 5.55
      vertex -0.705078 -5.3557 5.55
      vertex 0 -5.46207 5.55
    endloop
  endfacet
  facet normal 0 0 -1
    outer loop
      vertex -0.712936 -5.41531 5.55
      vertex -1.3981 -5.21786 5.55
      vertex -0.705078 -5.3557 5.55
    endloop
  endfacet
  facet normal 0 0 -1
    outer loop
      vertex -1.41367 -5.27594 5.55
      vertex -1.3981 -5.21786 5.55
      vertex -0.712936 -5.41531 5.55
    endloop
  endfacet
  facet normal 0 0 -1
    outer loop
      vertex -1.41367 -5.27594 5.55
      vertex -2.06721 -4.99074 5.55
      vertex -1.3981 -5.21786 5.55
    endloop
  endfacet
  facet normal 0 0 -1
    outer loop
      vertex -2.09023 -5.04628 5.55
      vertex -2.06721 -4.99074 5.55
      vertex -1.41367 -5.27594 5.55
    endloop
  endfacet
  facet normal 0 0 -1
    outer loop
      vertex -2.09023 -5.04628 5.55
      vertex -2.70096 -4.67821 5.55
      vertex -2.06721 -4.99074 5.55
    endloop
  endfacet
  facet normal 0 0 -1
    outer loop
      vertex -2.73103 -4.73029 5.55
      vertex -2.70096 -4.67821 5.55
      vertex -2.09023 -5.04628 5.55
    endloop
  endfacet
  facet normal 0 0 -1
    outer loop
      vertex -2.73103 -4.73029 5.55
      vertex -3.28848 -4.28563 5.55
      vertex -2.70096 -4.67821 5.55
    endloop
  endfacet
  facet normal 0 0 -1
    outer loop
      vertex -3.32509 -4.33333 5.55
      vertex -3.28848 -4.28563 5.55
      vertex -2.73103 -4.73029 5.55
    endloop
  endfacet
  facet normal 0 0 -1
    outer loop
      vertex -3.32509 -4.33333 5.55
      vertex -3.81973 -3.81973 5.55
      vertex -3.28848 -4.28563 5.55
    endloop
  endfacet
  facet normal 0 0 -1
    outer loop
      vertex -3.86226 -3.86226 5.55
      vertex -3.81973 -3.81973 5.55
      vertex -3.32509 -4.33333 5.55
    endloop
  endfacet
  facet normal 0 0 -1
    outer loop
      vertex -3.86226 -3.86226 5.55
      vertex -4.28563 -3.28848 5.55
      vertex -3.81973 -3.81973 5.55
    endloop
  endfacet
  facet normal 0 0 -1
    outer loop
      vertex -4.33333 -3.32509 5.55
      vertex -4.28563 -3.28848 5.55
      vertex -3.86226 -3.86226 5.55
    endloop
  endfacet
  facet normal 0 0 -1
    outer loop
      vertex -4.33333 -3.32509 5.55
      vertex -4.67821 -2.70096 5.55
      vertex -4.28563 -3.28848 5.55
    endloop
  endfacet
  facet normal 0 0 -1
    outer loop
      vertex -4.73029 -2.73103 5.55
      vertex -4.67821 -2.70096 5.55
      vertex -4.33333 -3.32509 5.55
    endloop
  endfacet
  facet normal 0 0 -1
    outer loop
      vertex -4.73029 -2.73103 5.55
      vertex -4.99074 -2.06721 5.55
      vertex -4.67821 -2.70096 5.55
    endloop
  endfacet
  facet normal 0 0 -1
    outer loop
      vertex -5.04628 -2.09023 5.55
      vertex -4.99074 -2.06721 5.55
      vertex -4.73029 -2.73103 5.55
    endloop
  endfacet
  facet normal 0 0 -1
    outer loop
      vertex -5.04628 -2.09023 5.55
      vertex -5.21786 -1.3981 5.55
      vertex -4.99074 -2.06721 5.55
    endloop
  endfacet
  facet normal 0 0 -1
    outer loop
      vertex -5.27594 -1.41367 5.55
      vertex -5.21786 -1.3981 5.55
      vertex -5.04628 -2.09023 5.55
    endloop
  endfacet
  facet normal 0 0 -1
    outer loop
      vertex -5.27594 -1.41367 5.55
      vertex -5.33682 -0.799999 5.55
      vertex -5.21786 -1.3981 5.55
    endloop
  endfacet
  facet normal -0 -0 -1
    outer loop
      vertex -5.33682 -0.799999 5.55
      vertex -5.27594 -1.41367 5.55
      vertex -5.398 -0.799999 5.55
    endloop
  endfacet
  facet normal 0 0 -1
    outer loop
      vertex 5.3557 0.705078 5.55
      vertex 5.41531 0.712936 5.55
      vertex 5.40193 0 5.55
    endloop
  endfacet
  facet normal 0 0 -1
    outer loop
      vertex 5.3557 0.705078 5.55
      vertex 5.27594 1.41367 5.55
      vertex 5.41531 0.712936 5.55
    endloop
  endfacet
  facet normal 0 0 -1
    outer loop
      vertex 5.21786 1.3981 5.55
      vertex 5.27594 1.41367 5.55
      vertex 5.3557 0.705078 5.55
    endloop
  endfacet
  facet normal 0 0 -1
    outer loop
      vertex 5.21786 1.3981 5.55
      vertex 5.04628 2.09023 5.55
      vertex 5.27594 1.41367 5.55
    endloop
  endfacet
  facet normal 0 0 -1
    outer loop
      vertex 4.99074 2.06721 5.55
      vertex 5.04628 2.09023 5.55
      vertex 5.21786 1.3981 5.55
    endloop
  endfacet
  facet normal 0 0 -1
    outer loop
      vertex 4.99074 2.06721 5.55
      vertex 4.73029 2.73103 5.55
      vertex 5.04628 2.09023 5.55
    endloop
  endfacet
  facet normal 0 0 -1
    outer loop
      vertex 4.67821 2.70096 5.55
      vertex 4.73029 2.73103 5.55
      vertex 4.99074 2.06721 5.55
    endloop
  endfacet
  facet normal 0 0 -1
    outer loop
      vertex 4.67821 2.70096 5.55
      vertex 4.33333 3.32509 5.55
      vertex 4.73029 2.73103 5.55
    endloop
  endfacet
  facet normal 0 0 -1
    outer loop
      vertex 4.28563 3.28848 5.55
      vertex 4.33333 3.32509 5.55
      vertex 4.67821 2.70096 5.55
    endloop
  endfacet
  facet normal 0 0 -1
    outer loop
      vertex 4.28563 3.28848 5.55
      vertex 3.86226 3.86226 5.55
      vertex 4.33333 3.32509 5.55
    endloop
  endfacet
  facet normal 0 0 -1
    outer loop
      vertex 3.81973 3.81973 5.55
      vertex 3.86226 3.86226 5.55
      vertex 4.28563 3.28848 5.55
    endloop
  endfacet
  facet normal 0 0 -1
    outer loop
      vertex 3.81973 3.81973 5.55
      vertex 3.32509 4.33333 5.55
      vertex 3.86226 3.86226 5.55
    endloop
  endfacet
  facet normal 0 0 -1
    outer loop
      vertex 3.28848 4.28563 5.55
      vertex 3.32509 4.33333 5.55
      vertex 3.81973 3.81973 5.55
    endloop
  endfacet
  facet normal 0 0 -1
    outer loop
      vertex 3.28848 4.28563 5.55
      vertex 2.73103 4.73029 5.55
      vertex 3.32509 4.33333 5.55
    endloop
  endfacet
  facet normal 0 0 -1
    outer loop
      vertex 2.70096 4.67821 5.55
      vertex 2.73103 4.73029 5.55
      vertex 3.28848 4.28563 5.55
    endloop
  endfacet
  facet normal 0 0 -1
    outer loop
      vertex 2.70096 4.67821 5.55
      vertex 2.09023 5.04628 5.55
      vertex 2.73103 4.73029 5.55
    endloop
  endfacet
  facet normal 0 0 -1
    outer loop
      vertex 2.06721 4.99074 5.55
      vertex 2.09023 5.04628 5.55
      vertex 2.70096 4.67821 5.55
    endloop
  endfacet
  facet normal 0 0 -1
    outer loop
      vertex 2.06721 4.99074 5.55
      vertex 1.41367 5.27594 5.55
      vertex 2.09023 5.04628 5.55
    endloop
  endfacet
  facet normal 0 0 -1
    outer loop
      vertex 1.3981 5.21786 5.55
      vertex 1.41367 5.27594 5.55
      vertex 2.06721 4.99074 5.55
    endloop
  endfacet
  facet normal 0 0 -1
    outer loop
      vertex 1.3981 5.21786 5.55
      vertex 0.712936 5.41531 5.55
      vertex 1.41367 5.27594 5.55
    endloop
  endfacet
  facet normal 0 0 -1
    outer loop
      vertex 0.705078 5.3557 5.55
      vertex 0.712936 5.41531 5.55
      vertex 1.3981 5.21786 5.55
    endloop
  endfacet
  facet normal 0 0 -1
    outer loop
      vertex 0 5.40193 5.55
      vertex 0.712936 5.41531 5.55
      vertex 0.705078 5.3557 5.55
    endloop
  endfacet
  facet normal 0 0 -1
    outer loop
      vertex 0 5.40193 5.55
      vertex 0 5.46207 5.55
      vertex 0.712936 5.41531 5.55
    endloop
  endfacet
  facet normal 0 0 -1
    outer loop
      vertex -0.705078 5.3557 5.55
      vertex 0 5.46207 5.55
      vertex 0 5.40193 5.55
    endloop
  endfacet
  facet normal 0 0 -1
    outer loop
      vertex -0.705078 5.3557 5.55
      vertex -0.712936 5.41531 5.55
      vertex 0 5.46207 5.55
    endloop
  endfacet
  facet normal 0 0 -1
    outer loop
      vertex -1.3981 5.21786 5.55
      vertex -0.712936 5.41531 5.55
      vertex -0.705078 5.3557 5.55
    endloop
  endfacet
  facet normal 0 0 -1
    outer loop
      vertex -1.3981 5.21786 5.55
      vertex -1.41367 5.27594 5.55
      vertex -0.712936 5.41531 5.55
    endloop
  endfacet
  facet normal 0 0 -1
    outer loop
      vertex -2.06721 4.99074 5.55
      vertex -1.41367 5.27594 5.55
      vertex -1.3981 5.21786 5.55
    endloop
  endfacet
  facet normal 0 0 -1
    outer loop
      vertex -2.06721 4.99074 5.55
      vertex -2.09023 5.04628 5.55
      vertex -1.41367 5.27594 5.55
    endloop
  endfacet
  facet normal 0 0 -1
    outer loop
      vertex -2.70096 4.67821 5.55
      vertex -2.09023 5.04628 5.55
      vertex -2.06721 4.99074 5.55
    endloop
  endfacet
  facet normal 0 0 -1
    outer loop
      vertex -2.70096 4.67821 5.55
      vertex -2.73103 4.73029 5.55
      vertex -2.09023 5.04628 5.55
    endloop
  endfacet
  facet normal 0 0 -1
    outer loop
      vertex -3.28848 4.28563 5.55
      vertex -2.73103 4.73029 5.55
      vertex -2.70096 4.67821 5.55
    endloop
  endfacet
  facet normal 0 0 -1
    outer loop
      vertex -3.28848 4.28563 5.55
      vertex -3.32509 4.33333 5.55
      vertex -2.73103 4.73029 5.55
    endloop
  endfacet
  facet normal 0 0 -1
    outer loop
      vertex -3.81973 3.81973 5.55
      vertex -3.32509 4.33333 5.55
      vertex -3.28848 4.28563 5.55
    endloop
  endfacet
  facet normal 0 0 -1
    outer loop
      vertex -3.81973 3.81973 5.55
      vertex -3.86226 3.86226 5.55
      vertex -3.32509 4.33333 5.55
    endloop
  endfacet
  facet normal 0 0 -1
    outer loop
      vertex -4.28563 3.28848 5.55
      vertex -3.86226 3.86226 5.55
      vertex -3.81973 3.81973 5.55
    endloop
  endfacet
  facet normal 0 0 -1
    outer loop
      vertex -4.28563 3.28848 5.55
      vertex -4.33333 3.32509 5.55
      vertex -3.86226 3.86226 5.55
    endloop
  endfacet
  facet normal 0 0 -1
    outer loop
      vertex -4.67821 2.70096 5.55
      vertex -4.33333 3.32509 5.55
      vertex -4.28563 3.28848 5.55
    endloop
  endfacet
  facet normal 0 0 -1
    outer loop
      vertex -4.67821 2.70096 5.55
      vertex -4.73029 2.73103 5.55
      vertex -4.33333 3.32509 5.55
    endloop
  endfacet
  facet normal 0 0 -1
    outer loop
      vertex -4.99074 2.06721 5.55
      vertex -4.73029 2.73103 5.55
      vertex -4.67821 2.70096 5.55
    endloop
  endfacet
  facet normal 0 0 -1
    outer loop
      vertex -4.99074 2.06721 5.55
      vertex -5.04628 2.09023 5.55
      vertex -4.73029 2.73103 5.55
    endloop
  endfacet
  facet normal 0 0 -1
    outer loop
      vertex -5.21786 1.3981 5.55
      vertex -5.04628 2.09023 5.55
      vertex -4.99074 2.06721 5.55
    endloop
  endfacet
  facet normal 0 0 -1
    outer loop
      vertex -5.21786 1.3981 5.55
      vertex -5.27594 1.41367 5.55
      vertex -5.04628 2.09023 5.55
    endloop
  endfacet
  facet normal 0 0 -1
    outer loop
      vertex -5.33682 0.799999 5.55
      vertex -5.27594 1.41367 5.55
      vertex -5.21786 1.3981 5.55
    endloop
  endfacet
  facet normal 0 0 -1
    outer loop
      vertex -5.27594 1.41367 5.55
      vertex -5.33682 0.799999 5.55
      vertex -5.398 0.799999 5.55
    endloop
  endfacet
  facet normal -0.896883 -0.442269 0
    outer loop
      vertex -4.73029 -2.73103 5.55
      vertex -5.04628 -2.09023 5.61
      vertex -5.04628 -2.09023 5.55
    endloop
  endfacet
  facet normal -0.896883 -0.442269 0
    outer loop
      vertex -5.04628 -2.09023 5.61
      vertex -4.73029 -2.73103 5.55
      vertex -4.73029 -2.73103 5.61
    endloop
  endfacet
  facet normal -0.980787 0.19508 0
    outer loop
      vertex -5.398 0.799999 5.55
      vertex -5.27594 1.41367 5.61
      vertex -5.27594 1.41367 5.55
    endloop
  endfacet
  facet normal -0.980787 0.19508 0
    outer loop
      vertex -5.27594 1.41367 5.61
      vertex -5.398 0.799999 5.55
      vertex -5.398 0.799999 5.61
    endloop
  endfacet
  facet normal 0.659334 -0.751851 0
    outer loop
      vertex 3.32509 -4.33333 5.55
      vertex 3.86226 -3.86226 5.61
      vertex 3.32509 -4.33333 5.61
    endloop
  endfacet
  facet normal 0.659334 -0.751851 0
    outer loop
      vertex 3.86226 -3.86226 5.61
      vertex 3.32509 -4.33333 5.55
      vertex 3.86226 -3.86226 5.55
    endloop
  endfacet
  facet normal -0.946931 -0.321438 0
    outer loop
      vertex -5.04628 -2.09023 5.55
      vertex -5.27594 -1.41367 5.61
      vertex -5.27594 -1.41367 5.55
    endloop
  endfacet
  facet normal -0.946931 -0.321438 0
    outer loop
      vertex -5.27594 -1.41367 5.61
      vertex -5.04628 -2.09023 5.55
      vertex -5.04628 -2.09023 5.61
    endloop
  endfacet
  facet normal -0.195071 -0.980789 0
    outer loop
      vertex -1.41367 -5.27594 5.55
      vertex -0.712936 -5.41531 5.61
      vertex -1.41367 -5.27594 5.61
    endloop
  endfacet
  facet normal -0.195071 -0.980789 -0
    outer loop
      vertex -0.712936 -5.41531 5.61
      vertex -1.41367 -5.27594 5.55
      vertex -0.712936 -5.41531 5.55
    endloop
  endfacet
  facet normal 0.321438 -0.946931 0
    outer loop
      vertex 1.41367 -5.27594 5.55
      vertex 2.09023 -5.04628 5.61
      vertex 1.41367 -5.27594 5.61
    endloop
  endfacet
  facet normal 0.321438 -0.946931 0
    outer loop
      vertex 2.09023 -5.04628 5.61
      vertex 1.41367 -5.27594 5.55
      vertex 2.09023 -5.04628 5.55
    endloop
  endfacet
  facet normal 0.831456 0.555591 0
    outer loop
      vertex 4.73029 2.73103 5.61
      vertex 4.33333 3.32509 5.55
      vertex 4.33333 3.32509 5.61
    endloop
  endfacet
  facet normal 0.831456 0.555591 0
    outer loop
      vertex 4.33333 3.32509 5.55
      vertex 4.73029 2.73103 5.61
      vertex 4.73029 2.73103 5.55
    endloop
  endfacet
  facet normal 0.831456 -0.555591 0
    outer loop
      vertex 4.33333 -3.32509 5.61
      vertex 4.73029 -2.73103 5.55
      vertex 4.73029 -2.73103 5.61
    endloop
  endfacet
  facet normal 0.831456 -0.555591 0
    outer loop
      vertex 4.73029 -2.73103 5.55
      vertex 4.33333 -3.32509 5.61
      vertex 4.33333 -3.32509 5.55
    endloop
  endfacet
  facet normal -0.831456 -0.555591 0
    outer loop
      vertex -4.33333 -3.32509 5.55
      vertex -4.73029 -2.73103 5.61
      vertex -4.73029 -2.73103 5.55
    endloop
  endfacet
  facet normal -0.831456 -0.555591 0
    outer loop
      vertex -4.73029 -2.73103 5.61
      vertex -4.33333 -3.32509 5.55
      vertex -4.33333 -3.32509 5.61
    endloop
  endfacet
  facet normal 0.980789 -0.195071 0
    outer loop
      vertex 5.27594 -1.41367 5.61
      vertex 5.41531 -0.712936 5.55
      vertex 5.41531 -0.712936 5.61
    endloop
  endfacet
  facet normal 0.980789 -0.195071 0
    outer loop
      vertex 5.41531 -0.712936 5.55
      vertex 5.27594 -1.41367 5.61
      vertex 5.27594 -1.41367 5.55
    endloop
  endfacet
  facet normal 0.555591 0.831456 -0
    outer loop
      vertex 3.32509 4.33333 5.55
      vertex 2.73103 4.73029 5.61
      vertex 3.32509 4.33333 5.61
    endloop
  endfacet
  facet normal 0.555591 0.831456 0
    outer loop
      vertex 2.73103 4.73029 5.61
      vertex 3.32509 4.33333 5.55
      vertex 2.73103 4.73029 5.55
    endloop
  endfacet
  facet normal -0.659334 0.751851 0
    outer loop
      vertex -3.32509 4.33333 5.55
      vertex -3.86226 3.86226 5.61
      vertex -3.32509 4.33333 5.61
    endloop
  endfacet
  facet normal -0.659334 0.751851 0
    outer loop
      vertex -3.86226 3.86226 5.61
      vertex -3.32509 4.33333 5.55
      vertex -3.86226 3.86226 5.55
    endloop
  endfacet
  facet normal -0.896873 0.442288 0
    outer loop
      vertex -4.99074 2.06721 5.49
      vertex -4.67821 2.70096 5.55
      vertex -4.67821 2.70096 5.49
    endloop
  endfacet
  facet normal -0.896873 0.442288 0
    outer loop
      vertex -4.67821 2.70096 5.55
      vertex -4.99074 2.06721 5.49
      vertex -4.99074 2.06721 5.55
    endloop
  endfacet
  facet normal 0.321424 0.946935 -0
    outer loop
      vertex 2.06721 4.99074 5.49
      vertex 1.3981 5.21786 5.55
      vertex 2.06721 4.99074 5.55
    endloop
  endfacet
  facet normal 0.321424 0.946935 0
    outer loop
      vertex 1.3981 5.21786 5.55
      vertex 2.06721 4.99074 5.49
      vertex 1.3981 5.21786 5.49
    endloop
  endfacet
  facet normal 0.195076 0.980788 -0
    outer loop
      vertex 1.3981 5.21786 5.49
      vertex 0.705078 5.3557 5.55
      vertex 1.3981 5.21786 5.55
    endloop
  endfacet
  facet normal 0.195076 0.980788 0
    outer loop
      vertex 0.705078 5.3557 5.55
      vertex 1.3981 5.21786 5.49
      vertex 0.705078 5.3557 5.49
    endloop
  endfacet
  facet normal -0.831462 0.555582 0
    outer loop
      vertex -4.67821 2.70096 5.49
      vertex -4.28563 3.28848 5.55
      vertex -4.28563 3.28848 5.49
    endloop
  endfacet
  facet normal -0.831462 0.555582 0
    outer loop
      vertex -4.28563 3.28848 5.55
      vertex -4.67821 2.70096 5.49
      vertex -4.67821 2.70096 5.55
    endloop
  endfacet
  facet normal 0.555582 0.831462 -0
    outer loop
      vertex 3.28848 4.28563 5.49
      vertex 2.70096 4.67821 5.55
      vertex 3.28848 4.28563 5.55
    endloop
  endfacet
  facet normal 0.555582 0.831462 0
    outer loop
      vertex 2.70096 4.67821 5.55
      vertex 3.28848 4.28563 5.49
      vertex 2.70096 4.67821 5.49
    endloop
  endfacet
  facet normal 0.0654267 0.997857 -0
    outer loop
      vertex 0.705078 5.3557 5.49
      vertex 0 5.40193 5.55
      vertex 0.705078 5.3557 5.55
    endloop
  endfacet
  facet normal 0.0654267 0.997857 0
    outer loop
      vertex 0 5.40193 5.55
      vertex 0.705078 5.3557 5.49
      vertex 0 5.40193 5.49
    endloop
  endfacet
  facet normal -0.980788 0.195075 0
    outer loop
      vertex -5.33682 0.799999 5.49
      vertex -5.21786 1.3981 5.55
      vertex -5.21786 1.3981 5.49
    endloop
  endfacet
  facet normal -0.980788 0.195075 0
    outer loop
      vertex -5.21786 1.3981 5.55
      vertex -5.33682 0.799999 5.49
      vertex -5.33682 0.799999 5.55
    endloop
  endfacet
  facet normal -0.946935 -0.321424 0
    outer loop
      vertex -4.99074 -2.06721 5.49
      vertex -5.21786 -1.3981 5.55
      vertex -5.21786 -1.3981 5.49
    endloop
  endfacet
  facet normal -0.946935 -0.321424 0
    outer loop
      vertex -5.21786 -1.3981 5.55
      vertex -4.99074 -2.06721 5.49
      vertex -4.99074 -2.06721 5.55
    endloop
  endfacet
  facet normal -0.442288 -0.896873 0
    outer loop
      vertex -2.70096 -4.67821 5.49
      vertex -2.06721 -4.99074 5.55
      vertex -2.70096 -4.67821 5.55
    endloop
  endfacet
  facet normal -0.442288 -0.896873 -0
    outer loop
      vertex -2.06721 -4.99074 5.55
      vertex -2.70096 -4.67821 5.49
      vertex -2.06721 -4.99074 5.49
    endloop
  endfacet
  facet normal -0.659351 0.751835 0
    outer loop
      vertex -3.28848 4.28563 5.49
      vertex -3.81973 3.81973 5.55
      vertex -3.28848 4.28563 5.55
    endloop
  endfacet
  facet normal -0.659351 0.751835 0
    outer loop
      vertex -3.81973 3.81973 5.55
      vertex -3.28848 4.28563 5.49
      vertex -3.81973 3.81973 5.49
    endloop
  endfacet
  facet normal 0.195076 -0.980788 0
    outer loop
      vertex 0.705078 -5.3557 5.49
      vertex 1.3981 -5.21786 5.55
      vertex 0.705078 -5.3557 5.55
    endloop
  endfacet
  facet normal 0.195076 -0.980788 0
    outer loop
      vertex 1.3981 -5.21786 5.55
      vertex 0.705078 -5.3557 5.49
      vertex 1.3981 -5.21786 5.49
    endloop
  endfacet
  facet normal 0.997857 -0.0654267 0
    outer loop
      vertex 5.3557 -0.705078 5.55
      vertex 5.40193 0 5.49
      vertex 5.40193 0 5.55
    endloop
  endfacet
  facet normal 0.997857 -0.0654267 0
    outer loop
      vertex 5.40193 0 5.49
      vertex 5.3557 -0.705078 5.55
      vertex 5.3557 -0.705078 5.49
    endloop
  endfacet
  facet normal -0.980788 -0.195075 0
    outer loop
      vertex -5.21786 -1.3981 5.49
      vertex -5.33682 -0.799999 5.55
      vertex -5.33682 -0.799999 5.49
    endloop
  endfacet
  facet normal -0.980788 -0.195075 0
    outer loop
      vertex -5.33682 -0.799999 5.55
      vertex -5.21786 -1.3981 5.49
      vertex -5.21786 -1.3981 5.55
    endloop
  endfacet
  facet normal -0.946935 0.321424 0
    outer loop
      vertex -5.21786 1.3981 5.49
      vertex -4.99074 2.06721 5.55
      vertex -4.99074 2.06721 5.49
    endloop
  endfacet
  facet normal -0.946935 0.321424 0
    outer loop
      vertex -4.99074 2.06721 5.55
      vertex -5.21786 1.3981 5.49
      vertex -5.21786 1.3981 5.55
    endloop
  endfacet
  facet normal 0.659351 0.751835 -0
    outer loop
      vertex 3.81973 3.81973 5.49
      vertex 3.28848 4.28563 5.55
      vertex 3.81973 3.81973 5.55
    endloop
  endfacet
  facet normal 0.659351 0.751835 0
    outer loop
      vertex 3.28848 4.28563 5.55
      vertex 3.81973 3.81973 5.49
      vertex 3.28848 4.28563 5.49
    endloop
  endfacet
  facet normal -0.321424 0.946935 0
    outer loop
      vertex -1.3981 5.21786 5.49
      vertex -2.06721 4.99074 5.55
      vertex -1.3981 5.21786 5.55
    endloop
  endfacet
  facet normal -0.321424 0.946935 0
    outer loop
      vertex -2.06721 4.99074 5.55
      vertex -1.3981 5.21786 5.49
      vertex -2.06721 4.99074 5.49
    endloop
  endfacet
  facet normal 0.896873 -0.442288 0
    outer loop
      vertex 4.67821 -2.70096 5.55
      vertex 4.99074 -2.06721 5.49
      vertex 4.99074 -2.06721 5.55
    endloop
  endfacet
  facet normal 0.896873 -0.442288 0
    outer loop
      vertex 4.99074 -2.06721 5.49
      vertex 4.67821 -2.70096 5.55
      vertex 4.67821 -2.70096 5.49
    endloop
  endfacet
  facet normal -0.751835 -0.659351 0
    outer loop
      vertex -3.81973 -3.81973 5.49
      vertex -4.28563 -3.28848 5.55
      vertex -4.28563 -3.28848 5.49
    endloop
  endfacet
  facet normal -0.751835 -0.659351 0
    outer loop
      vertex -4.28563 -3.28848 5.55
      vertex -3.81973 -3.81973 5.49
      vertex -3.81973 -3.81973 5.55
    endloop
  endfacet
  facet normal 0.751835 -0.659351 0
    outer loop
      vertex 3.81973 -3.81973 5.55
      vertex 4.28563 -3.28848 5.49
      vertex 4.28563 -3.28848 5.55
    endloop
  endfacet
  facet normal 0.751835 -0.659351 0
    outer loop
      vertex 4.28563 -3.28848 5.49
      vertex 3.81973 -3.81973 5.55
      vertex 3.81973 -3.81973 5.49
    endloop
  endfacet
  facet normal -0.321424 -0.946935 0
    outer loop
      vertex -2.06721 -4.99074 5.49
      vertex -1.3981 -5.21786 5.55
      vertex -2.06721 -4.99074 5.55
    endloop
  endfacet
  facet normal -0.321424 -0.946935 -0
    outer loop
      vertex -1.3981 -5.21786 5.55
      vertex -2.06721 -4.99074 5.49
      vertex -1.3981 -5.21786 5.49
    endloop
  endfacet
  facet normal 0.896873 0.442288 0
    outer loop
      vertex 4.99074 2.06721 5.55
      vertex 4.67821 2.70096 5.49
      vertex 4.67821 2.70096 5.55
    endloop
  endfacet
  facet normal 0.896873 0.442288 0
    outer loop
      vertex 4.67821 2.70096 5.49
      vertex 4.99074 2.06721 5.55
      vertex 4.99074 2.06721 5.49
    endloop
  endfacet
  facet normal 0.751835 0.659351 0
    outer loop
      vertex 4.28563 3.28848 5.55
      vertex 3.81973 3.81973 5.49
      vertex 3.81973 3.81973 5.55
    endloop
  endfacet
  facet normal 0.751835 0.659351 0
    outer loop
      vertex 3.81973 3.81973 5.49
      vertex 4.28563 3.28848 5.55
      vertex 4.28563 3.28848 5.49
    endloop
  endfacet
  facet normal -0.831462 -0.555582 0
    outer loop
      vertex -4.28563 -3.28848 5.49
      vertex -4.67821 -2.70096 5.55
      vertex -4.67821 -2.70096 5.49
    endloop
  endfacet
  facet normal -0.831462 -0.555582 0
    outer loop
      vertex -4.67821 -2.70096 5.55
      vertex -4.28563 -3.28848 5.49
      vertex -4.28563 -3.28848 5.55
    endloop
  endfacet
  facet normal -0.442288 0.896873 0
    outer loop
      vertex -2.06721 4.99074 5.49
      vertex -2.70096 4.67821 5.55
      vertex -2.06721 4.99074 5.55
    endloop
  endfacet
  facet normal -0.442288 0.896873 0
    outer loop
      vertex -2.70096 4.67821 5.55
      vertex -2.06721 4.99074 5.49
      vertex -2.70096 4.67821 5.49
    endloop
  endfacet
  facet normal -0.195076 0.980788 0
    outer loop
      vertex -0.705078 5.3557 5.49
      vertex -1.3981 5.21786 5.55
      vertex -0.705078 5.3557 5.55
    endloop
  endfacet
  facet normal -0.195076 0.980788 0
    outer loop
      vertex -1.3981 5.21786 5.55
      vertex -0.705078 5.3557 5.49
      vertex -1.3981 5.21786 5.49
    endloop
  endfacet
  facet normal -0.0654267 0.997857 0
    outer loop
      vertex 0 5.40193 5.49
      vertex -0.705078 5.3557 5.55
      vertex 0 5.40193 5.55
    endloop
  endfacet
  facet normal -0.0654267 0.997857 0
    outer loop
      vertex -0.705078 5.3557 5.55
      vertex 0 5.40193 5.49
      vertex -0.705078 5.3557 5.49
    endloop
  endfacet
  facet normal 0.946935 0.321424 0
    outer loop
      vertex 5.21786 1.3981 5.55
      vertex 4.99074 2.06721 5.49
      vertex 4.99074 2.06721 5.55
    endloop
  endfacet
  facet normal 0.946935 0.321424 0
    outer loop
      vertex 4.99074 2.06721 5.49
      vertex 5.21786 1.3981 5.55
      vertex 5.21786 1.3981 5.49
    endloop
  endfacet
  facet normal -0.751835 0.659351 0
    outer loop
      vertex -4.28563 3.28848 5.49
      vertex -3.81973 3.81973 5.55
      vertex -3.81973 3.81973 5.49
    endloop
  endfacet
  facet normal -0.751835 0.659351 0
    outer loop
      vertex -3.81973 3.81973 5.55
      vertex -4.28563 3.28848 5.49
      vertex -4.28563 3.28848 5.55
    endloop
  endfacet
  facet normal 0.0654267 -0.997857 0
    outer loop
      vertex 0 -5.40193 5.49
      vertex 0.705078 -5.3557 5.55
      vertex 0 -5.40193 5.55
    endloop
  endfacet
  facet normal 0.0654267 -0.997857 0
    outer loop
      vertex 0.705078 -5.3557 5.55
      vertex 0 -5.40193 5.49
      vertex 0.705078 -5.3557 5.49
    endloop
  endfacet
  facet normal -0.659351 -0.751835 0
    outer loop
      vertex -3.81973 -3.81973 5.49
      vertex -3.28848 -4.28563 5.55
      vertex -3.81973 -3.81973 5.55
    endloop
  endfacet
  facet normal -0.659351 -0.751835 -0
    outer loop
      vertex -3.28848 -4.28563 5.55
      vertex -3.81973 -3.81973 5.49
      vertex -3.28848 -4.28563 5.49
    endloop
  endfacet
  facet normal -0.555582 -0.831462 0
    outer loop
      vertex -3.28848 -4.28563 5.49
      vertex -2.70096 -4.67821 5.55
      vertex -3.28848 -4.28563 5.55
    endloop
  endfacet
  facet normal -0.555582 -0.831462 -0
    outer loop
      vertex -2.70096 -4.67821 5.55
      vertex -3.28848 -4.28563 5.49
      vertex -2.70096 -4.67821 5.49
    endloop
  endfacet
  facet normal -0.555582 0.831462 0
    outer loop
      vertex -2.70096 4.67821 5.49
      vertex -3.28848 4.28563 5.55
      vertex -2.70096 4.67821 5.55
    endloop
  endfacet
  facet normal -0.555582 0.831462 0
    outer loop
      vertex -3.28848 4.28563 5.55
      vertex -2.70096 4.67821 5.49
      vertex -3.28848 4.28563 5.49
    endloop
  endfacet
  facet normal 0.980788 0.195076 0
    outer loop
      vertex 5.3557 0.705078 5.55
      vertex 5.21786 1.3981 5.49
      vertex 5.21786 1.3981 5.55
    endloop
  endfacet
  facet normal 0.980788 0.195076 0
    outer loop
      vertex 5.21786 1.3981 5.49
      vertex 5.3557 0.705078 5.55
      vertex 5.3557 0.705078 5.49
    endloop
  endfacet
  facet normal 0.997857 0.0654267 0
    outer loop
      vertex 5.40193 0 5.55
      vertex 5.3557 0.705078 5.49
      vertex 5.3557 0.705078 5.55
    endloop
  endfacet
  facet normal 0.997857 0.0654267 0
    outer loop
      vertex 5.3557 0.705078 5.49
      vertex 5.40193 0 5.55
      vertex 5.40193 0 5.49
    endloop
  endfacet
  facet normal 0.442288 0.896873 -0
    outer loop
      vertex 2.70096 4.67821 5.49
      vertex 2.06721 4.99074 5.55
      vertex 2.70096 4.67821 5.55
    endloop
  endfacet
  facet normal 0.442288 0.896873 0
    outer loop
      vertex 2.06721 4.99074 5.55
      vertex 2.70096 4.67821 5.49
      vertex 2.06721 4.99074 5.49
    endloop
  endfacet
  facet normal 0.659351 -0.751835 0
    outer loop
      vertex 3.28848 -4.28563 5.49
      vertex 3.81973 -3.81973 5.55
      vertex 3.28848 -4.28563 5.55
    endloop
  endfacet
  facet normal 0.659351 -0.751835 0
    outer loop
      vertex 3.81973 -3.81973 5.55
      vertex 3.28848 -4.28563 5.49
      vertex 3.81973 -3.81973 5.49
    endloop
  endfacet
  facet normal -0.0654267 -0.997857 0
    outer loop
      vertex -0.705078 -5.3557 5.49
      vertex 0 -5.40193 5.55
      vertex -0.705078 -5.3557 5.55
    endloop
  endfacet
  facet normal -0.0654267 -0.997857 -0
    outer loop
      vertex 0 -5.40193 5.55
      vertex -0.705078 -5.3557 5.49
      vertex 0 -5.40193 5.49
    endloop
  endfacet
  facet normal -0.195076 -0.980788 0
    outer loop
      vertex -1.3981 -5.21786 5.49
      vertex -0.705078 -5.3557 5.55
      vertex -1.3981 -5.21786 5.55
    endloop
  endfacet
  facet normal -0.195076 -0.980788 -0
    outer loop
      vertex -0.705078 -5.3557 5.55
      vertex -1.3981 -5.21786 5.49
      vertex -0.705078 -5.3557 5.49
    endloop
  endfacet
  facet normal 0.321424 -0.946935 0
    outer loop
      vertex 1.3981 -5.21786 5.49
      vertex 2.06721 -4.99074 5.55
      vertex 1.3981 -5.21786 5.55
    endloop
  endfacet
  facet normal 0.321424 -0.946935 0
    outer loop
      vertex 2.06721 -4.99074 5.55
      vertex 1.3981 -5.21786 5.49
      vertex 2.06721 -4.99074 5.49
    endloop
  endfacet
  facet normal 0.442288 -0.896873 0
    outer loop
      vertex 2.06721 -4.99074 5.49
      vertex 2.70096 -4.67821 5.55
      vertex 2.06721 -4.99074 5.55
    endloop
  endfacet
  facet normal 0.442288 -0.896873 0
    outer loop
      vertex 2.70096 -4.67821 5.55
      vertex 2.06721 -4.99074 5.49
      vertex 2.70096 -4.67821 5.49
    endloop
  endfacet
  facet normal 0.946935 -0.321424 0
    outer loop
      vertex 4.99074 -2.06721 5.55
      vertex 5.21786 -1.3981 5.49
      vertex 5.21786 -1.3981 5.55
    endloop
  endfacet
  facet normal 0.946935 -0.321424 0
    outer loop
      vertex 5.21786 -1.3981 5.49
      vertex 4.99074 -2.06721 5.55
      vertex 4.99074 -2.06721 5.49
    endloop
  endfacet
  facet normal 0.831462 0.555582 0
    outer loop
      vertex 4.67821 2.70096 5.55
      vertex 4.28563 3.28848 5.49
      vertex 4.28563 3.28848 5.55
    endloop
  endfacet
  facet normal 0.831462 0.555582 0
    outer loop
      vertex 4.28563 3.28848 5.49
      vertex 4.67821 2.70096 5.55
      vertex 4.67821 2.70096 5.49
    endloop
  endfacet
  facet normal -0.896873 -0.442288 0
    outer loop
      vertex -4.67821 -2.70096 5.49
      vertex -4.99074 -2.06721 5.55
      vertex -4.99074 -2.06721 5.49
    endloop
  endfacet
  facet normal -0.896873 -0.442288 0
    outer loop
      vertex -4.99074 -2.06721 5.55
      vertex -4.67821 -2.70096 5.49
      vertex -4.67821 -2.70096 5.55
    endloop
  endfacet
  facet normal 0.831462 -0.555582 0
    outer loop
      vertex 4.28563 -3.28848 5.55
      vertex 4.67821 -2.70096 5.49
      vertex 4.67821 -2.70096 5.55
    endloop
  endfacet
  facet normal 0.831462 -0.555582 0
    outer loop
      vertex 4.67821 -2.70096 5.49
      vertex 4.28563 -3.28848 5.55
      vertex 4.28563 -3.28848 5.49
    endloop
  endfacet
  facet normal 0.555582 -0.831462 0
    outer loop
      vertex 2.70096 -4.67821 5.49
      vertex 3.28848 -4.28563 5.55
      vertex 2.70096 -4.67821 5.55
    endloop
  endfacet
  facet normal 0.555582 -0.831462 0
    outer loop
      vertex 3.28848 -4.28563 5.55
      vertex 2.70096 -4.67821 5.49
      vertex 3.28848 -4.28563 5.49
    endloop
  endfacet
  facet normal 0.980788 -0.195076 0
    outer loop
      vertex 5.21786 -1.3981 5.55
      vertex 5.3557 -0.705078 5.49
      vertex 5.3557 -0.705078 5.55
    endloop
  endfacet
  facet normal 0.980788 -0.195076 0
    outer loop
      vertex 5.3557 -0.705078 5.49
      vertex 5.21786 -1.3981 5.55
      vertex 5.21786 -1.3981 5.49
    endloop
  endfacet
  facet normal 0 0 -1
    outer loop
      vertex 5.3418 0 5.49
      vertex 5.40193 0 5.49
      vertex 5.3557 -0.705078 5.49
    endloop
  endfacet
  facet normal 0 0 -1
    outer loop
      vertex 5.40193 0 5.49
      vertex 5.3418 0 5.49
      vertex 5.3557 0.705078 5.49
    endloop
  endfacet
  facet normal 0 0 -1
    outer loop
      vertex 5.3557 -0.705078 5.49
      vertex 5.29608 -0.697235 5.49
      vertex 5.3418 0 5.49
    endloop
  endfacet
  facet normal 0 0 -1
    outer loop
      vertex 5.21786 -1.3981 5.49
      vertex 5.29608 -0.697235 5.49
      vertex 5.3557 -0.705078 5.49
    endloop
  endfacet
  facet normal 0 0 -1
    outer loop
      vertex 5.21786 -1.3981 5.49
      vertex 5.15979 -1.38254 5.49
      vertex 5.29608 -0.697235 5.49
    endloop
  endfacet
  facet normal 0 0 -1
    outer loop
      vertex 4.99074 -2.06721 5.49
      vertex 5.15979 -1.38254 5.49
      vertex 5.21786 -1.3981 5.49
    endloop
  endfacet
  facet normal 0 0 -1
    outer loop
      vertex 4.99074 -2.06721 5.49
      vertex 4.93518 -2.0442 5.49
      vertex 5.15979 -1.38254 5.49
    endloop
  endfacet
  facet normal 0 0 -1
    outer loop
      vertex 4.67821 -2.70096 5.49
      vertex 4.93518 -2.0442 5.49
      vertex 4.99074 -2.06721 5.49
    endloop
  endfacet
  facet normal 0 0 -1
    outer loop
      vertex 4.67821 -2.70096 5.49
      vertex 4.62613 -2.6709 5.49
      vertex 4.93518 -2.0442 5.49
    endloop
  endfacet
  facet normal 0 0 -1
    outer loop
      vertex 4.28563 -3.28848 5.49
      vertex 4.62613 -2.6709 5.49
      vertex 4.67821 -2.70096 5.49
    endloop
  endfacet
  facet normal 0 0 -1
    outer loop
      vertex 4.28563 -3.28848 5.49
      vertex 4.23793 -3.25188 5.49
      vertex 4.62613 -2.6709 5.49
    endloop
  endfacet
  facet normal 0 0 -1
    outer loop
      vertex 3.81973 -3.81973 5.49
      vertex 4.23793 -3.25188 5.49
      vertex 4.28563 -3.28848 5.49
    endloop
  endfacet
  facet normal 0 0 -1
    outer loop
      vertex 3.81973 -3.81973 5.49
      vertex 3.77722 -3.77722 5.49
      vertex 4.23793 -3.25188 5.49
    endloop
  endfacet
  facet normal 0 0 -1
    outer loop
      vertex 3.28848 -4.28563 5.49
      vertex 3.77722 -3.77722 5.49
      vertex 3.81973 -3.81973 5.49
    endloop
  endfacet
  facet normal 0 0 -1
    outer loop
      vertex 3.28848 -4.28563 5.49
      vertex 3.25188 -4.23793 5.49
      vertex 3.77722 -3.77722 5.49
    endloop
  endfacet
  facet normal 0 0 -1
    outer loop
      vertex 2.70096 -4.67821 5.49
      vertex 3.25188 -4.23793 5.49
      vertex 3.28848 -4.28563 5.49
    endloop
  endfacet
  facet normal 0 0 -1
    outer loop
      vertex 2.70096 -4.67821 5.49
      vertex 2.6709 -4.62613 5.49
      vertex 3.25188 -4.23793 5.49
    endloop
  endfacet
  facet normal 0 0 -1
    outer loop
      vertex 2.06721 -4.99074 5.49
      vertex 2.6709 -4.62613 5.49
      vertex 2.70096 -4.67821 5.49
    endloop
  endfacet
  facet normal 0 0 -1
    outer loop
      vertex 2.06721 -4.99074 5.49
      vertex 2.0442 -4.93518 5.49
      vertex 2.6709 -4.62613 5.49
    endloop
  endfacet
  facet normal 0 0 -1
    outer loop
      vertex 1.3981 -5.21786 5.49
      vertex 2.0442 -4.93518 5.49
      vertex 2.06721 -4.99074 5.49
    endloop
  endfacet
  facet normal 0 0 -1
    outer loop
      vertex 1.3981 -5.21786 5.49
      vertex 1.38254 -5.15979 5.49
      vertex 2.0442 -4.93518 5.49
    endloop
  endfacet
  facet normal 0 0 -1
    outer loop
      vertex 0.705078 -5.3557 5.49
      vertex 1.38254 -5.15979 5.49
      vertex 1.3981 -5.21786 5.49
    endloop
  endfacet
  facet normal 0 0 -1
    outer loop
      vertex 0.705078 -5.3557 5.49
      vertex 0.697235 -5.29608 5.49
      vertex 1.38254 -5.15979 5.49
    endloop
  endfacet
  facet normal 0 0 -1
    outer loop
      vertex 0 -5.40193 5.49
      vertex 0.697235 -5.29608 5.49
      vertex 0.705078 -5.3557 5.49
    endloop
  endfacet
  facet normal 0 0 -1
    outer loop
      vertex 0 -5.40193 5.49
      vertex 0 -5.3418 5.49
      vertex 0.697235 -5.29608 5.49
    endloop
  endfacet
  facet normal 0 0 -1
    outer loop
      vertex 0 -5.40193 5.49
      vertex -0.697235 -5.29608 5.49
      vertex 0 -5.3418 5.49
    endloop
  endfacet
  facet normal 0 0 -1
    outer loop
      vertex -0.705078 -5.3557 5.49
      vertex -0.697235 -5.29608 5.49
      vertex 0 -5.40193 5.49
    endloop
  endfacet
  facet normal 0 0 -1
    outer loop
      vertex -0.705078 -5.3557 5.49
      vertex -1.38254 -5.15979 5.49
      vertex -0.697235 -5.29608 5.49
    endloop
  endfacet
  facet normal 0 0 -1
    outer loop
      vertex -1.3981 -5.21786 5.49
      vertex -1.38254 -5.15979 5.49
      vertex -0.705078 -5.3557 5.49
    endloop
  endfacet
  facet normal 0 0 -1
    outer loop
      vertex -1.3981 -5.21786 5.49
      vertex -2.0442 -4.93518 5.49
      vertex -1.38254 -5.15979 5.49
    endloop
  endfacet
  facet normal 0 0 -1
    outer loop
      vertex -2.06721 -4.99074 5.49
      vertex -2.0442 -4.93518 5.49
      vertex -1.3981 -5.21786 5.49
    endloop
  endfacet
  facet normal 0 0 -1
    outer loop
      vertex -2.06721 -4.99074 5.49
      vertex -2.6709 -4.62613 5.49
      vertex -2.0442 -4.93518 5.49
    endloop
  endfacet
  facet normal 0 0 -1
    outer loop
      vertex -2.70096 -4.67821 5.49
      vertex -2.6709 -4.62613 5.49
      vertex -2.06721 -4.99074 5.49
    endloop
  endfacet
  facet normal 0 0 -1
    outer loop
      vertex -2.70096 -4.67821 5.49
      vertex -3.25188 -4.23793 5.49
      vertex -2.6709 -4.62613 5.49
    endloop
  endfacet
  facet normal 0 0 -1
    outer loop
      vertex -3.28848 -4.28563 5.49
      vertex -3.25188 -4.23793 5.49
      vertex -2.70096 -4.67821 5.49
    endloop
  endfacet
  facet normal 0 0 -1
    outer loop
      vertex -3.28848 -4.28563 5.49
      vertex -3.77722 -3.77722 5.49
      vertex -3.25188 -4.23793 5.49
    endloop
  endfacet
  facet normal 0 0 -1
    outer loop
      vertex -3.81973 -3.81973 5.49
      vertex -3.77722 -3.77722 5.49
      vertex -3.28848 -4.28563 5.49
    endloop
  endfacet
  facet normal 0 0 -1
    outer loop
      vertex -3.81973 -3.81973 5.49
      vertex -4.23793 -3.25188 5.49
      vertex -3.77722 -3.77722 5.49
    endloop
  endfacet
  facet normal 0 0 -1
    outer loop
      vertex -4.28563 -3.28848 5.49
      vertex -4.23793 -3.25188 5.49
      vertex -3.81973 -3.81973 5.49
    endloop
  endfacet
  facet normal 0 0 -1
    outer loop
      vertex -4.28563 -3.28848 5.49
      vertex -4.62613 -2.6709 5.49
      vertex -4.23793 -3.25188 5.49
    endloop
  endfacet
  facet normal 0 0 -1
    outer loop
      vertex -4.67821 -2.70096 5.49
      vertex -4.62613 -2.6709 5.49
      vertex -4.28563 -3.28848 5.49
    endloop
  endfacet
  facet normal 0 0 -1
    outer loop
      vertex -4.67821 -2.70096 5.49
      vertex -4.93518 -2.0442 5.49
      vertex -4.62613 -2.6709 5.49
    endloop
  endfacet
  facet normal 0 0 -1
    outer loop
      vertex -4.99074 -2.06721 5.49
      vertex -4.93518 -2.0442 5.49
      vertex -4.67821 -2.70096 5.49
    endloop
  endfacet
  facet normal 0 0 -1
    outer loop
      vertex -4.99074 -2.06721 5.49
      vertex -5.15979 -1.38254 5.49
      vertex -4.93518 -2.0442 5.49
    endloop
  endfacet
  facet normal 0 0 -1
    outer loop
      vertex -5.21786 -1.3981 5.49
      vertex -5.15979 -1.38254 5.49
      vertex -4.99074 -2.06721 5.49
    endloop
  endfacet
  facet normal 0 0 -1
    outer loop
      vertex -5.21786 -1.3981 5.49
      vertex -5.27564 -0.799999 5.49
      vertex -5.15979 -1.38254 5.49
    endloop
  endfacet
  facet normal -0 -0 -1
    outer loop
      vertex -5.27564 -0.799999 5.49
      vertex -5.21786 -1.3981 5.49
      vertex -5.33682 -0.799999 5.49
    endloop
  endfacet
  facet normal 0 0 -1
    outer loop
      vertex 5.29608 0.697235 5.49
      vertex 5.3557 0.705078 5.49
      vertex 5.3418 0 5.49
    endloop
  endfacet
  facet normal 0 0 -1
    outer loop
      vertex 5.29608 0.697235 5.49
      vertex 5.21786 1.3981 5.49
      vertex 5.3557 0.705078 5.49
    endloop
  endfacet
  facet normal 0 0 -1
    outer loop
      vertex 5.15979 1.38254 5.49
      vertex 5.21786 1.3981 5.49
      vertex 5.29608 0.697235 5.49
    endloop
  endfacet
  facet normal 0 0 -1
    outer loop
      vertex 5.15979 1.38254 5.49
      vertex 4.99074 2.06721 5.49
      vertex 5.21786 1.3981 5.49
    endloop
  endfacet
  facet normal 0 0 -1
    outer loop
      vertex 4.93518 2.0442 5.49
      vertex 4.99074 2.06721 5.49
      vertex 5.15979 1.38254 5.49
    endloop
  endfacet
  facet normal 0 0 -1
    outer loop
      vertex 4.93518 2.0442 5.49
      vertex 4.67821 2.70096 5.49
      vertex 4.99074 2.06721 5.49
    endloop
  endfacet
  facet normal 0 0 -1
    outer loop
      vertex 4.62613 2.6709 5.49
      vertex 4.67821 2.70096 5.49
      vertex 4.93518 2.0442 5.49
    endloop
  endfacet
  facet normal 0 0 -1
    outer loop
      vertex 4.62613 2.6709 5.49
      vertex 4.28563 3.28848 5.49
      vertex 4.67821 2.70096 5.49
    endloop
  endfacet
  facet normal 0 0 -1
    outer loop
      vertex 4.23793 3.25188 5.49
      vertex 4.28563 3.28848 5.49
      vertex 4.62613 2.6709 5.49
    endloop
  endfacet
  facet normal 0 0 -1
    outer loop
      vertex 4.23793 3.25188 5.49
      vertex 3.81973 3.81973 5.49
      vertex 4.28563 3.28848 5.49
    endloop
  endfacet
  facet normal 0 0 -1
    outer loop
      vertex 3.77722 3.77722 5.49
      vertex 3.81973 3.81973 5.49
      vertex 4.23793 3.25188 5.49
    endloop
  endfacet
  facet normal 0 0 -1
    outer loop
      vertex 3.77722 3.77722 5.49
      vertex 3.28848 4.28563 5.49
      vertex 3.81973 3.81973 5.49
    endloop
  endfacet
  facet normal 0 0 -1
    outer loop
      vertex 3.25188 4.23793 5.49
      vertex 3.28848 4.28563 5.49
      vertex 3.77722 3.77722 5.49
    endloop
  endfacet
  facet normal 0 0 -1
    outer loop
      vertex 3.25188 4.23793 5.49
      vertex 2.70096 4.67821 5.49
      vertex 3.28848 4.28563 5.49
    endloop
  endfacet
  facet normal 0 0 -1
    outer loop
      vertex 2.6709 4.62613 5.49
      vertex 2.70096 4.67821 5.49
      vertex 3.25188 4.23793 5.49
    endloop
  endfacet
  facet normal 0 0 -1
    outer loop
      vertex 2.6709 4.62613 5.49
      vertex 2.06721 4.99074 5.49
      vertex 2.70096 4.67821 5.49
    endloop
  endfacet
  facet normal 0 0 -1
    outer loop
      vertex 2.0442 4.93518 5.49
      vertex 2.06721 4.99074 5.49
      vertex 2.6709 4.62613 5.49
    endloop
  endfacet
  facet normal 0 0 -1
    outer loop
      vertex 2.0442 4.93518 5.49
      vertex 1.3981 5.21786 5.49
      vertex 2.06721 4.99074 5.49
    endloop
  endfacet
  facet normal 0 0 -1
    outer loop
      vertex 1.38254 5.15979 5.49
      vertex 1.3981 5.21786 5.49
      vertex 2.0442 4.93518 5.49
    endloop
  endfacet
  facet normal 0 0 -1
    outer loop
      vertex 1.38254 5.15979 5.49
      vertex 0.705078 5.3557 5.49
      vertex 1.3981 5.21786 5.49
    endloop
  endfacet
  facet normal 0 0 -1
    outer loop
      vertex 0.697235 5.29608 5.49
      vertex 0.705078 5.3557 5.49
      vertex 1.38254 5.15979 5.49
    endloop
  endfacet
  facet normal 0 0 -1
    outer loop
      vertex 0 5.3418 5.49
      vertex 0.705078 5.3557 5.49
      vertex 0.697235 5.29608 5.49
    endloop
  endfacet
  facet normal 0 0 -1
    outer loop
      vertex 0 5.3418 5.49
      vertex 0 5.40193 5.49
      vertex 0.705078 5.3557 5.49
    endloop
  endfacet
  facet normal 0 0 -1
    outer loop
      vertex -0.697235 5.29608 5.49
      vertex 0 5.40193 5.49
      vertex 0 5.3418 5.49
    endloop
  endfacet
  facet normal 0 0 -1
    outer loop
      vertex -0.697235 5.29608 5.49
      vertex -0.705078 5.3557 5.49
      vertex 0 5.40193 5.49
    endloop
  endfacet
  facet normal 0 0 -1
    outer loop
      vertex -1.38254 5.15979 5.49
      vertex -0.705078 5.3557 5.49
      vertex -0.697235 5.29608 5.49
    endloop
  endfacet
  facet normal 0 0 -1
    outer loop
      vertex -1.38254 5.15979 5.49
      vertex -1.3981 5.21786 5.49
      vertex -0.705078 5.3557 5.49
    endloop
  endfacet
  facet normal 0 0 -1
    outer loop
      vertex -2.0442 4.93518 5.49
      vertex -1.3981 5.21786 5.49
      vertex -1.38254 5.15979 5.49
    endloop
  endfacet
  facet normal 0 0 -1
    outer loop
      vertex -2.0442 4.93518 5.49
      vertex -2.06721 4.99074 5.49
      vertex -1.3981 5.21786 5.49
    endloop
  endfacet
  facet normal 0 0 -1
    outer loop
      vertex -2.6709 4.62613 5.49
      vertex -2.06721 4.99074 5.49
      vertex -2.0442 4.93518 5.49
    endloop
  endfacet
  facet normal 0 0 -1
    outer loop
      vertex -2.6709 4.62613 5.49
      vertex -2.70096 4.67821 5.49
      vertex -2.06721 4.99074 5.49
    endloop
  endfacet
  facet normal 0 0 -1
    outer loop
      vertex -3.25188 4.23793 5.49
      vertex -2.70096 4.67821 5.49
      vertex -2.6709 4.62613 5.49
    endloop
  endfacet
  facet normal 0 0 -1
    outer loop
      vertex -3.25188 4.23793 5.49
      vertex -3.28848 4.28563 5.49
      vertex -2.70096 4.67821 5.49
    endloop
  endfacet
  facet normal 0 0 -1
    outer loop
      vertex -3.77722 3.77722 5.49
      vertex -3.28848 4.28563 5.49
      vertex -3.25188 4.23793 5.49
    endloop
  endfacet
  facet normal 0 0 -1
    outer loop
      vertex -3.77722 3.77722 5.49
      vertex -3.81973 3.81973 5.49
      vertex -3.28848 4.28563 5.49
    endloop
  endfacet
  facet normal 0 0 -1
    outer loop
      vertex -4.23793 3.25188 5.49
      vertex -3.81973 3.81973 5.49
      vertex -3.77722 3.77722 5.49
    endloop
  endfacet
  facet normal 0 0 -1
    outer loop
      vertex -4.23793 3.25188 5.49
      vertex -4.28563 3.28848 5.49
      vertex -3.81973 3.81973 5.49
    endloop
  endfacet
  facet normal 0 0 -1
    outer loop
      vertex -4.62613 2.6709 5.49
      vertex -4.28563 3.28848 5.49
      vertex -4.23793 3.25188 5.49
    endloop
  endfacet
  facet normal 0 0 -1
    outer loop
      vertex -4.62613 2.6709 5.49
      vertex -4.67821 2.70096 5.49
      vertex -4.28563 3.28848 5.49
    endloop
  endfacet
  facet normal 0 0 -1
    outer loop
      vertex -4.93518 2.0442 5.49
      vertex -4.67821 2.70096 5.49
      vertex -4.62613 2.6709 5.49
    endloop
  endfacet
  facet normal 0 0 -1
    outer loop
      vertex -4.93518 2.0442 5.49
      vertex -4.99074 2.06721 5.49
      vertex -4.67821 2.70096 5.49
    endloop
  endfacet
  facet normal 0 0 -1
    outer loop
      vertex -5.15979 1.38254 5.49
      vertex -4.99074 2.06721 5.49
      vertex -4.93518 2.0442 5.49
    endloop
  endfacet
  facet normal 0 0 -1
    outer loop
      vertex -5.15979 1.38254 5.49
      vertex -5.21786 1.3981 5.49
      vertex -4.99074 2.06721 5.49
    endloop
  endfacet
  facet normal 0 0 -1
    outer loop
      vertex -5.27564 0.799999 5.49
      vertex -5.21786 1.3981 5.49
      vertex -5.15979 1.38254 5.49
    endloop
  endfacet
  facet normal 0 0 -1
    outer loop
      vertex -5.21786 1.3981 5.49
      vertex -5.27564 0.799999 5.49
      vertex -5.33682 0.799999 5.49
    endloop
  endfacet
  facet normal 0.896875 -0.442284 0
    outer loop
      vertex 4.62613 -2.6709 5.49
      vertex 4.93518 -2.0442 5.43
      vertex 4.93518 -2.0442 5.49
    endloop
  endfacet
  facet normal 0.896875 -0.442284 0
    outer loop
      vertex 4.93518 -2.0442 5.43
      vertex 4.62613 -2.6709 5.49
      vertex 4.62613 -2.6709 5.43
    endloop
  endfacet
  facet normal 0.321448 0.946927 -0
    outer loop
      vertex 2.0442 4.93518 5.43
      vertex 1.38254 5.15979 5.49
      vertex 2.0442 4.93518 5.49
    endloop
  endfacet
  facet normal 0.321448 0.946927 0
    outer loop
      vertex 1.38254 5.15979 5.49
      vertex 2.0442 4.93518 5.43
      vertex 1.38254 5.15979 5.43
    endloop
  endfacet
  facet normal 0.195055 0.980792 -0
    outer loop
      vertex 1.38254 5.15979 5.43
      vertex 0.697235 5.29608 5.49
      vertex 1.38254 5.15979 5.49
    endloop
  endfacet
  facet normal 0.195055 0.980792 0
    outer loop
      vertex 0.697235 5.29608 5.49
      vertex 1.38254 5.15979 5.43
      vertex 0.697235 5.29608 5.43
    endloop
  endfacet
  facet normal -0.896875 0.442284 0
    outer loop
      vertex -4.93518 2.0442 5.43
      vertex -4.62613 2.6709 5.49
      vertex -4.62613 2.6709 5.43
    endloop
  endfacet
  facet normal -0.896875 0.442284 0
    outer loop
      vertex -4.62613 2.6709 5.49
      vertex -4.93518 2.0442 5.43
      vertex -4.93518 2.0442 5.49
    endloop
  endfacet
  facet normal -0.0654328 -0.997857 0
    outer loop
      vertex -0.697235 -5.29608 5.43
      vertex 0 -5.3418 5.49
      vertex -0.697235 -5.29608 5.49
    endloop
  endfacet
  facet normal -0.0654328 -0.997857 -0
    outer loop
      vertex 0 -5.3418 5.49
      vertex -0.697235 -5.29608 5.43
      vertex 0 -5.3418 5.43
    endloop
  endfacet
  facet normal 0.0654328 0.997857 -0
    outer loop
      vertex 0.697235 5.29608 5.43
      vertex 0 5.3418 5.49
      vertex 0.697235 5.29608 5.49
    endloop
  endfacet
  facet normal 0.0654328 0.997857 0
    outer loop
      vertex 0 5.3418 5.49
      vertex 0.697235 5.29608 5.43
      vertex 0 5.3418 5.43
    endloop
  endfacet
  facet normal 0.75184 0.659345 0
    outer loop
      vertex 4.23793 3.25188 5.49
      vertex 3.77722 3.77722 5.43
      vertex 3.77722 3.77722 5.49
    endloop
  endfacet
  facet normal 0.75184 0.659345 0
    outer loop
      vertex 3.77722 3.77722 5.43
      vertex 4.23793 3.25188 5.49
      vertex 4.23793 3.25188 5.43
    endloop
  endfacet
  facet normal 0.896875 0.442284 0
    outer loop
      vertex 4.93518 2.0442 5.49
      vertex 4.62613 2.6709 5.43
      vertex 4.62613 2.6709 5.49
    endloop
  endfacet
  facet normal 0.896875 0.442284 0
    outer loop
      vertex 4.62613 2.6709 5.43
      vertex 4.93518 2.0442 5.49
      vertex 4.93518 2.0442 5.43
    endloop
  endfacet
  facet normal -0.75184 0.659345 0
    outer loop
      vertex -4.23793 3.25188 5.43
      vertex -3.77722 3.77722 5.49
      vertex -3.77722 3.77722 5.43
    endloop
  endfacet
  facet normal -0.75184 0.659345 0
    outer loop
      vertex -3.77722 3.77722 5.49
      vertex -4.23793 3.25188 5.43
      vertex -4.23793 3.25188 5.49
    endloop
  endfacet
  facet normal -0.555572 -0.831469 0
    outer loop
      vertex -3.25188 -4.23793 5.43
      vertex -2.6709 -4.62613 5.49
      vertex -3.25188 -4.23793 5.49
    endloop
  endfacet
  facet normal -0.555572 -0.831469 -0
    outer loop
      vertex -2.6709 -4.62613 5.49
      vertex -3.25188 -4.23793 5.43
      vertex -2.6709 -4.62613 5.43
    endloop
  endfacet
  facet normal -0.75184 -0.659345 0
    outer loop
      vertex -3.77722 -3.77722 5.43
      vertex -4.23793 -3.25188 5.49
      vertex -4.23793 -3.25188 5.43
    endloop
  endfacet
  facet normal -0.75184 -0.659345 0
    outer loop
      vertex -4.23793 -3.25188 5.49
      vertex -3.77722 -3.77722 5.43
      vertex -3.77722 -3.77722 5.49
    endloop
  endfacet
  facet normal 0.555572 -0.831469 0
    outer loop
      vertex 2.6709 -4.62613 5.43
      vertex 3.25188 -4.23793 5.49
      vertex 2.6709 -4.62613 5.49
    endloop
  endfacet
  facet normal 0.555572 -0.831469 0
    outer loop
      vertex 3.25188 -4.23793 5.49
      vertex 2.6709 -4.62613 5.43
      vertex 3.25188 -4.23793 5.43
    endloop
  endfacet
  facet normal 0.195055 -0.980792 0
    outer loop
      vertex 0.697235 -5.29608 5.43
      vertex 1.38254 -5.15979 5.49
      vertex 0.697235 -5.29608 5.49
    endloop
  endfacet
  facet normal 0.195055 -0.980792 0
    outer loop
      vertex 1.38254 -5.15979 5.49
      vertex 0.697235 -5.29608 5.43
      vertex 1.38254 -5.15979 5.43
    endloop
  endfacet
  facet normal -0.946927 0.321448 0
    outer loop
      vertex -5.15979 1.38254 5.43
      vertex -4.93518 2.0442 5.49
      vertex -4.93518 2.0442 5.43
    endloop
  endfacet
  facet normal -0.946927 0.321448 0
    outer loop
      vertex -4.93518 2.0442 5.49
      vertex -5.15979 1.38254 5.43
      vertex -5.15979 1.38254 5.49
    endloop
  endfacet
  facet normal -0.321448 0.946927 0
    outer loop
      vertex -1.38254 5.15979 5.43
      vertex -2.0442 4.93518 5.49
      vertex -1.38254 5.15979 5.49
    endloop
  endfacet
  facet normal -0.321448 0.946927 0
    outer loop
      vertex -2.0442 4.93518 5.49
      vertex -1.38254 5.15979 5.43
      vertex -2.0442 4.93518 5.43
    endloop
  endfacet
  facet normal 0.946927 -0.321448 0
    outer loop
      vertex 4.93518 -2.0442 5.49
      vertex 5.15979 -1.38254 5.43
      vertex 5.15979 -1.38254 5.49
    endloop
  endfacet
  facet normal 0.946927 -0.321448 0
    outer loop
      vertex 5.15979 -1.38254 5.43
      vertex 4.93518 -2.0442 5.49
      vertex 4.93518 -2.0442 5.43
    endloop
  endfacet
  facet normal 0.442284 -0.896875 0
    outer loop
      vertex 2.0442 -4.93518 5.43
      vertex 2.6709 -4.62613 5.49
      vertex 2.0442 -4.93518 5.49
    endloop
  endfacet
  facet normal 0.442284 -0.896875 0
    outer loop
      vertex 2.6709 -4.62613 5.49
      vertex 2.0442 -4.93518 5.43
      vertex 2.6709 -4.62613 5.43
    endloop
  endfacet
  facet normal -0.442284 -0.896875 0
    outer loop
      vertex -2.6709 -4.62613 5.43
      vertex -2.0442 -4.93518 5.49
      vertex -2.6709 -4.62613 5.49
    endloop
  endfacet
  facet normal -0.442284 -0.896875 -0
    outer loop
      vertex -2.0442 -4.93518 5.49
      vertex -2.6709 -4.62613 5.43
      vertex -2.0442 -4.93518 5.43
    endloop
  endfacet
  facet normal 0.980792 0.195055 0
    outer loop
      vertex 5.29608 0.697235 5.49
      vertex 5.15979 1.38254 5.43
      vertex 5.15979 1.38254 5.49
    endloop
  endfacet
  facet normal 0.980792 0.195055 0
    outer loop
      vertex 5.15979 1.38254 5.43
      vertex 5.29608 0.697235 5.49
      vertex 5.29608 0.697235 5.43
    endloop
  endfacet
  facet normal -0.831469 0.555572 0
    outer loop
      vertex -4.62613 2.6709 5.43
      vertex -4.23793 3.25188 5.49
      vertex -4.23793 3.25188 5.43
    endloop
  endfacet
  facet normal -0.831469 0.555572 0
    outer loop
      vertex -4.23793 3.25188 5.49
      vertex -4.62613 2.6709 5.43
      vertex -4.62613 2.6709 5.49
    endloop
  endfacet
  facet normal -0.195055 0.980792 0
    outer loop
      vertex -0.697235 5.29608 5.43
      vertex -1.38254 5.15979 5.49
      vertex -0.697235 5.29608 5.49
    endloop
  endfacet
  facet normal -0.195055 0.980792 0
    outer loop
      vertex -1.38254 5.15979 5.49
      vertex -0.697235 5.29608 5.43
      vertex -1.38254 5.15979 5.43
    endloop
  endfacet
  facet normal 0.997857 -0.0654328 0
    outer loop
      vertex 5.29608 -0.697235 5.49
      vertex 5.3418 0 5.43
      vertex 5.3418 0 5.49
    endloop
  endfacet
  facet normal 0.997857 -0.0654328 0
    outer loop
      vertex 5.3418 0 5.43
      vertex 5.29608 -0.697235 5.49
      vertex 5.29608 -0.697235 5.43
    endloop
  endfacet
  facet normal -0.659345 -0.75184 0
    outer loop
      vertex -3.77722 -3.77722 5.43
      vertex -3.25188 -4.23793 5.49
      vertex -3.77722 -3.77722 5.49
    endloop
  endfacet
  facet normal -0.659345 -0.75184 -0
    outer loop
      vertex -3.25188 -4.23793 5.49
      vertex -3.77722 -3.77722 5.43
      vertex -3.25188 -4.23793 5.43
    endloop
  endfacet
  facet normal -0.442284 0.896875 0
    outer loop
      vertex -2.0442 4.93518 5.43
      vertex -2.6709 4.62613 5.49
      vertex -2.0442 4.93518 5.49
    endloop
  endfacet
  facet normal -0.442284 0.896875 0
    outer loop
      vertex -2.6709 4.62613 5.49
      vertex -2.0442 4.93518 5.43
      vertex -2.6709 4.62613 5.43
    endloop
  endfacet
  facet normal 0.997857 0.0654328 0
    outer loop
      vertex 5.3418 0 5.49
      vertex 5.29608 0.697235 5.43
      vertex 5.29608 0.697235 5.49
    endloop
  endfacet
  facet normal 0.997857 0.0654328 0
    outer loop
      vertex 5.29608 0.697235 5.43
      vertex 5.3418 0 5.49
      vertex 5.3418 0 5.43
    endloop
  endfacet
  facet normal 0.75184 -0.659345 0
    outer loop
      vertex 3.77722 -3.77722 5.49
      vertex 4.23793 -3.25188 5.43
      vertex 4.23793 -3.25188 5.49
    endloop
  endfacet
  facet normal 0.75184 -0.659345 0
    outer loop
      vertex 4.23793 -3.25188 5.43
      vertex 3.77722 -3.77722 5.49
      vertex 3.77722 -3.77722 5.43
    endloop
  endfacet
  facet normal -0.321448 -0.946927 0
    outer loop
      vertex -2.0442 -4.93518 5.43
      vertex -1.38254 -5.15979 5.49
      vertex -2.0442 -4.93518 5.49
    endloop
  endfacet
  facet normal -0.321448 -0.946927 -0
    outer loop
      vertex -1.38254 -5.15979 5.49
      vertex -2.0442 -4.93518 5.43
      vertex -1.38254 -5.15979 5.43
    endloop
  endfacet
  facet normal -0.980793 -0.19505 0
    outer loop
      vertex -5.15979 -1.38254 5.43
      vertex -5.27564 -0.799999 5.49
      vertex -5.27564 -0.799999 5.43
    endloop
  endfacet
  facet normal -0.980793 -0.19505 0
    outer loop
      vertex -5.27564 -0.799999 5.49
      vertex -5.15979 -1.38254 5.43
      vertex -5.15979 -1.38254 5.49
    endloop
  endfacet
  facet normal 0.659345 0.75184 -0
    outer loop
      vertex 3.77722 3.77722 5.43
      vertex 3.25188 4.23793 5.49
      vertex 3.77722 3.77722 5.49
    endloop
  endfacet
  facet normal 0.659345 0.75184 0
    outer loop
      vertex 3.25188 4.23793 5.49
      vertex 3.77722 3.77722 5.43
      vertex 3.25188 4.23793 5.43
    endloop
  endfacet
  facet normal 0.0654328 -0.997857 0
    outer loop
      vertex 0 -5.3418 5.43
      vertex 0.697235 -5.29608 5.49
      vertex 0 -5.3418 5.49
    endloop
  endfacet
  facet normal 0.0654328 -0.997857 0
    outer loop
      vertex 0.697235 -5.29608 5.49
      vertex 0 -5.3418 5.43
      vertex 0.697235 -5.29608 5.43
    endloop
  endfacet
  facet normal -0.0654328 0.997857 0
    outer loop
      vertex 0 5.3418 5.43
      vertex -0.697235 5.29608 5.49
      vertex 0 5.3418 5.49
    endloop
  endfacet
  facet normal -0.0654328 0.997857 0
    outer loop
      vertex -0.697235 5.29608 5.49
      vertex 0 5.3418 5.43
      vertex -0.697235 5.29608 5.43
    endloop
  endfacet
  facet normal -0.555572 0.831469 0
    outer loop
      vertex -2.6709 4.62613 5.43
      vertex -3.25188 4.23793 5.49
      vertex -2.6709 4.62613 5.49
    endloop
  endfacet
  facet normal -0.555572 0.831469 0
    outer loop
      vertex -3.25188 4.23793 5.49
      vertex -2.6709 4.62613 5.43
      vertex -3.25188 4.23793 5.43
    endloop
  endfacet
  facet normal 0.946927 0.321448 0
    outer loop
      vertex 5.15979 1.38254 5.49
      vertex 4.93518 2.0442 5.43
      vertex 4.93518 2.0442 5.49
    endloop
  endfacet
  facet normal 0.946927 0.321448 0
    outer loop
      vertex 4.93518 2.0442 5.43
      vertex 5.15979 1.38254 5.49
      vertex 5.15979 1.38254 5.43
    endloop
  endfacet
  facet normal 0 0 -1
    outer loop
      vertex 5.28168 0 5.43
      vertex 5.3418 0 5.43
      vertex 5.29608 -0.697235 5.43
    endloop
  endfacet
  facet normal 0 0 -1
    outer loop
      vertex 5.3418 0 5.43
      vertex 5.28168 0 5.43
      vertex 5.29608 0.697235 5.43
    endloop
  endfacet
  facet normal 0 0 -1
    outer loop
      vertex 5.29608 -0.697235 5.43
      vertex 5.23647 -0.689392 5.43
      vertex 5.28168 0 5.43
    endloop
  endfacet
  facet normal 0 0 -1
    outer loop
      vertex 5.15979 -1.38254 5.43
      vertex 5.23647 -0.689392 5.43
      vertex 5.29608 -0.697235 5.43
    endloop
  endfacet
  facet normal 0 0 -1
    outer loop
      vertex 5.15979 -1.38254 5.43
      vertex 5.1017 -1.36697 5.43
      vertex 5.23647 -0.689392 5.43
    endloop
  endfacet
  facet normal 0 0 -1
    outer loop
      vertex 4.93518 -2.0442 5.43
      vertex 5.1017 -1.36697 5.43
      vertex 5.15979 -1.38254 5.43
    endloop
  endfacet
  facet normal 0 0 -1
    outer loop
      vertex 4.93518 -2.0442 5.43
      vertex 4.87962 -2.02119 5.43
      vertex 5.1017 -1.36697 5.43
    endloop
  endfacet
  facet normal 0 0 -1
    outer loop
      vertex 4.62613 -2.6709 5.43
      vertex 4.87962 -2.02119 5.43
      vertex 4.93518 -2.0442 5.43
    endloop
  endfacet
  facet normal 0 0 -1
    outer loop
      vertex 4.62613 -2.6709 5.43
      vertex 4.57407 -2.64084 5.43
      vertex 4.87962 -2.02119 5.43
    endloop
  endfacet
  facet normal 0 0 -1
    outer loop
      vertex 4.23793 -3.25188 5.43
      vertex 4.57407 -2.64084 5.43
      vertex 4.62613 -2.6709 5.43
    endloop
  endfacet
  facet normal 0 0 -1
    outer loop
      vertex 4.23793 -3.25188 5.43
      vertex 4.19023 -3.21529 5.43
      vertex 4.57407 -2.64084 5.43
    endloop
  endfacet
  facet normal 0 0 -1
    outer loop
      vertex 3.77722 -3.77722 5.43
      vertex 4.19023 -3.21529 5.43
      vertex 4.23793 -3.25188 5.43
    endloop
  endfacet
  facet normal 0 0 -1
    outer loop
      vertex 3.77722 -3.77722 5.43
      vertex 3.7347 -3.7347 5.43
      vertex 4.19023 -3.21529 5.43
    endloop
  endfacet
  facet normal 0 0 -1
    outer loop
      vertex 3.25188 -4.23793 5.43
      vertex 3.7347 -3.7347 5.43
      vertex 3.77722 -3.77722 5.43
    endloop
  endfacet
  facet normal 0 0 -1
    outer loop
      vertex 3.25188 -4.23793 5.43
      vertex 3.21529 -4.19023 5.43
      vertex 3.7347 -3.7347 5.43
    endloop
  endfacet
  facet normal 0 0 -1
    outer loop
      vertex 2.6709 -4.62613 5.43
      vertex 3.21529 -4.19023 5.43
      vertex 3.25188 -4.23793 5.43
    endloop
  endfacet
  facet normal 0 0 -1
    outer loop
      vertex 2.6709 -4.62613 5.43
      vertex 2.64084 -4.57407 5.43
      vertex 3.21529 -4.19023 5.43
    endloop
  endfacet
  facet normal 0 0 -1
    outer loop
      vertex 2.0442 -4.93518 5.43
      vertex 2.64084 -4.57407 5.43
      vertex 2.6709 -4.62613 5.43
    endloop
  endfacet
  facet normal 0 0 -1
    outer loop
      vertex 2.0442 -4.93518 5.43
      vertex 2.02119 -4.87962 5.43
      vertex 2.64084 -4.57407 5.43
    endloop
  endfacet
  facet normal 0 0 -1
    outer loop
      vertex 1.38254 -5.15979 5.43
      vertex 2.02119 -4.87962 5.43
      vertex 2.0442 -4.93518 5.43
    endloop
  endfacet
  facet normal 0 0 -1
    outer loop
      vertex 1.38254 -5.15979 5.43
      vertex 1.36697 -5.1017 5.43
      vertex 2.02119 -4.87962 5.43
    endloop
  endfacet
  facet normal 0 0 -1
    outer loop
      vertex 0.697235 -5.29608 5.43
      vertex 1.36697 -5.1017 5.43
      vertex 1.38254 -5.15979 5.43
    endloop
  endfacet
  facet normal 0 0 -1
    outer loop
      vertex 0.697235 -5.29608 5.43
      vertex 0.689392 -5.23647 5.43
      vertex 1.36697 -5.1017 5.43
    endloop
  endfacet
  facet normal 0 0 -1
    outer loop
      vertex 0 -5.3418 5.43
      vertex 0.689392 -5.23647 5.43
      vertex 0.697235 -5.29608 5.43
    endloop
  endfacet
  facet normal 0 0 -1
    outer loop
      vertex 0 -5.3418 5.43
      vertex 0 -5.28168 5.43
      vertex 0.689392 -5.23647 5.43
    endloop
  endfacet
  facet normal 0 0 -1
    outer loop
      vertex 0 -5.3418 5.43
      vertex -0.689392 -5.23647 5.43
      vertex 0 -5.28168 5.43
    endloop
  endfacet
  facet normal 0 0 -1
    outer loop
      vertex -0.697235 -5.29608 5.43
      vertex -0.689392 -5.23647 5.43
      vertex 0 -5.3418 5.43
    endloop
  endfacet
  facet normal 0 0 -1
    outer loop
      vertex -0.697235 -5.29608 5.43
      vertex -1.36697 -5.1017 5.43
      vertex -0.689392 -5.23647 5.43
    endloop
  endfacet
  facet normal 0 0 -1
    outer loop
      vertex -1.38254 -5.15979 5.43
      vertex -1.36697 -5.1017 5.43
      vertex -0.697235 -5.29608 5.43
    endloop
  endfacet
  facet normal 0 0 -1
    outer loop
      vertex -1.38254 -5.15979 5.43
      vertex -2.02119 -4.87962 5.43
      vertex -1.36697 -5.1017 5.43
    endloop
  endfacet
  facet normal 0 0 -1
    outer loop
      vertex -2.0442 -4.93518 5.43
      vertex -2.02119 -4.87962 5.43
      vertex -1.38254 -5.15979 5.43
    endloop
  endfacet
  facet normal 0 0 -1
    outer loop
      vertex -2.0442 -4.93518 5.43
      vertex -2.64084 -4.57407 5.43
      vertex -2.02119 -4.87962 5.43
    endloop
  endfacet
  facet normal 0 0 -1
    outer loop
      vertex -2.6709 -4.62613 5.43
      vertex -2.64084 -4.57407 5.43
      vertex -2.0442 -4.93518 5.43
    endloop
  endfacet
  facet normal 0 0 -1
    outer loop
      vertex -2.6709 -4.62613 5.43
      vertex -3.21529 -4.19023 5.43
      vertex -2.64084 -4.57407 5.43
    endloop
  endfacet
  facet normal 0 0 -1
    outer loop
      vertex -3.25188 -4.23793 5.43
      vertex -3.21529 -4.19023 5.43
      vertex -2.6709 -4.62613 5.43
    endloop
  endfacet
  facet normal 0 0 -1
    outer loop
      vertex -3.25188 -4.23793 5.43
      vertex -3.7347 -3.7347 5.43
      vertex -3.21529 -4.19023 5.43
    endloop
  endfacet
  facet normal 0 0 -1
    outer loop
      vertex -3.77722 -3.77722 5.43
      vertex -3.7347 -3.7347 5.43
      vertex -3.25188 -4.23793 5.43
    endloop
  endfacet
  facet normal 0 0 -1
    outer loop
      vertex -3.77722 -3.77722 5.43
      vertex -4.19023 -3.21529 5.43
      vertex -3.7347 -3.7347 5.43
    endloop
  endfacet
  facet normal 0 0 -1
    outer loop
      vertex -4.23793 -3.25188 5.43
      vertex -4.19023 -3.21529 5.43
      vertex -3.77722 -3.77722 5.43
    endloop
  endfacet
  facet normal 0 0 -1
    outer loop
      vertex -4.23793 -3.25188 5.43
      vertex -4.57407 -2.64084 5.43
      vertex -4.19023 -3.21529 5.43
    endloop
  endfacet
  facet normal 0 0 -1
    outer loop
      vertex -4.62613 -2.6709 5.43
      vertex -4.57407 -2.64084 5.43
      vertex -4.23793 -3.25188 5.43
    endloop
  endfacet
  facet normal 0 0 -1
    outer loop
      vertex -4.62613 -2.6709 5.43
      vertex -4.87962 -2.02119 5.43
      vertex -4.57407 -2.64084 5.43
    endloop
  endfacet
  facet normal 0 0 -1
    outer loop
      vertex -4.93518 -2.0442 5.43
      vertex -4.87962 -2.02119 5.43
      vertex -4.62613 -2.6709 5.43
    endloop
  endfacet
  facet normal 0 0 -1
    outer loop
      vertex -4.93518 -2.0442 5.43
      vertex -5.1017 -1.36697 5.43
      vertex -4.87962 -2.02119 5.43
    endloop
  endfacet
  facet normal 0 0 -1
    outer loop
      vertex -5.15979 -1.38254 5.43
      vertex -5.1017 -1.36697 5.43
      vertex -4.93518 -2.0442 5.43
    endloop
  endfacet
  facet normal 0 0 -1
    outer loop
      vertex -5.15979 -1.38254 5.43
      vertex -5.21447 -0.799999 5.43
      vertex -5.1017 -1.36697 5.43
    endloop
  endfacet
  facet normal -0 -0 -1
    outer loop
      vertex -5.21447 -0.799999 5.43
      vertex -5.15979 -1.38254 5.43
      vertex -5.27564 -0.799999 5.43
    endloop
  endfacet
  facet normal 0 0 -1
    outer loop
      vertex 5.23647 0.689392 5.43
      vertex 5.29608 0.697235 5.43
      vertex 5.28168 0 5.43
    endloop
  endfacet
  facet normal 0 0 -1
    outer loop
      vertex 5.23647 0.689392 5.43
      vertex 5.15979 1.38254 5.43
      vertex 5.29608 0.697235 5.43
    endloop
  endfacet
  facet normal 0 0 -1
    outer loop
      vertex 5.1017 1.36697 5.43
      vertex 5.15979 1.38254 5.43
      vertex 5.23647 0.689392 5.43
    endloop
  endfacet
  facet normal 0 0 -1
    outer loop
      vertex 5.1017 1.36697 5.43
      vertex 4.93518 2.0442 5.43
      vertex 5.15979 1.38254 5.43
    endloop
  endfacet
  facet normal 0 0 -1
    outer loop
      vertex 4.87962 2.02119 5.43
      vertex 4.93518 2.0442 5.43
      vertex 5.1017 1.36697 5.43
    endloop
  endfacet
  facet normal 0 0 -1
    outer loop
      vertex 4.87962 2.02119 5.43
      vertex 4.62613 2.6709 5.43
      vertex 4.93518 2.0442 5.43
    endloop
  endfacet
  facet normal 0 0 -1
    outer loop
      vertex 4.57407 2.64084 5.43
      vertex 4.62613 2.6709 5.43
      vertex 4.87962 2.02119 5.43
    endloop
  endfacet
  facet normal 0 0 -1
    outer loop
      vertex 4.57407 2.64084 5.43
      vertex 4.23793 3.25188 5.43
      vertex 4.62613 2.6709 5.43
    endloop
  endfacet
  facet normal 0 0 -1
    outer loop
      vertex 4.19023 3.21529 5.43
      vertex 4.23793 3.25188 5.43
      vertex 4.57407 2.64084 5.43
    endloop
  endfacet
  facet normal 0 0 -1
    outer loop
      vertex 4.19023 3.21529 5.43
      vertex 3.77722 3.77722 5.43
      vertex 4.23793 3.25188 5.43
    endloop
  endfacet
  facet normal 0 0 -1
    outer loop
      vertex 3.7347 3.7347 5.43
      vertex 3.77722 3.77722 5.43
      vertex 4.19023 3.21529 5.43
    endloop
  endfacet
  facet normal 0 0 -1
    outer loop
      vertex 3.7347 3.7347 5.43
      vertex 3.25188 4.23793 5.43
      vertex 3.77722 3.77722 5.43
    endloop
  endfacet
  facet normal 0 0 -1
    outer loop
      vertex 3.21529 4.19023 5.43
      vertex 3.25188 4.23793 5.43
      vertex 3.7347 3.7347 5.43
    endloop
  endfacet
  facet normal 0 0 -1
    outer loop
      vertex 3.21529 4.19023 5.43
      vertex 2.6709 4.62613 5.43
      vertex 3.25188 4.23793 5.43
    endloop
  endfacet
  facet normal 0 0 -1
    outer loop
      vertex 2.64084 4.57407 5.43
      vertex 2.6709 4.62613 5.43
      vertex 3.21529 4.19023 5.43
    endloop
  endfacet
  facet normal 0 0 -1
    outer loop
      vertex 2.64084 4.57407 5.43
      vertex 2.0442 4.93518 5.43
      vertex 2.6709 4.62613 5.43
    endloop
  endfacet
  facet normal 0 0 -1
    outer loop
      vertex 2.02119 4.87962 5.43
      vertex 2.0442 4.93518 5.43
      vertex 2.64084 4.57407 5.43
    endloop
  endfacet
  facet normal 0 0 -1
    outer loop
      vertex 2.02119 4.87962 5.43
      vertex 1.38254 5.15979 5.43
      vertex 2.0442 4.93518 5.43
    endloop
  endfacet
  facet normal 0 0 -1
    outer loop
      vertex 1.36697 5.1017 5.43
      vertex 1.38254 5.15979 5.43
      vertex 2.02119 4.87962 5.43
    endloop
  endfacet
  facet normal 0 0 -1
    outer loop
      vertex 1.36697 5.1017 5.43
      vertex 0.697235 5.29608 5.43
      vertex 1.38254 5.15979 5.43
    endloop
  endfacet
  facet normal 0 0 -1
    outer loop
      vertex 0.689392 5.23647 5.43
      vertex 0.697235 5.29608 5.43
      vertex 1.36697 5.1017 5.43
    endloop
  endfacet
  facet normal 0 0 -1
    outer loop
      vertex 0 5.28168 5.43
      vertex 0.697235 5.29608 5.43
      vertex 0.689392 5.23647 5.43
    endloop
  endfacet
  facet normal 0 0 -1
    outer loop
      vertex 0 5.28168 5.43
      vertex 0 5.3418 5.43
      vertex 0.697235 5.29608 5.43
    endloop
  endfacet
  facet normal 0 0 -1
    outer loop
      vertex -0.689392 5.23647 5.43
      vertex 0 5.3418 5.43
      vertex 0 5.28168 5.43
    endloop
  endfacet
  facet normal 0 0 -1
    outer loop
      vertex -0.689392 5.23647 5.43
      vertex -0.697235 5.29608 5.43
      vertex 0 5.3418 5.43
    endloop
  endfacet
  facet normal 0 0 -1
    outer loop
      vertex -1.36697 5.1017 5.43
      vertex -0.697235 5.29608 5.43
      vertex -0.689392 5.23647 5.43
    endloop
  endfacet
  facet normal 0 0 -1
    outer loop
      vertex -1.36697 5.1017 5.43
      vertex -1.38254 5.15979 5.43
      vertex -0.697235 5.29608 5.43
    endloop
  endfacet
  facet normal 0 0 -1
    outer loop
      vertex -2.02119 4.87962 5.43
      vertex -1.38254 5.15979 5.43
      vertex -1.36697 5.1017 5.43
    endloop
  endfacet
  facet normal 0 0 -1
    outer loop
      vertex -2.02119 4.87962 5.43
      vertex -2.0442 4.93518 5.43
      vertex -1.38254 5.15979 5.43
    endloop
  endfacet
  facet normal 0 0 -1
    outer loop
      vertex -2.64084 4.57407 5.43
      vertex -2.0442 4.93518 5.43
      vertex -2.02119 4.87962 5.43
    endloop
  endfacet
  facet normal 0 0 -1
    outer loop
      vertex -2.64084 4.57407 5.43
      vertex -2.6709 4.62613 5.43
      vertex -2.0442 4.93518 5.43
    endloop
  endfacet
  facet normal 0 0 -1
    outer loop
      vertex -3.21529 4.19023 5.43
      vertex -2.6709 4.62613 5.43
      vertex -2.64084 4.57407 5.43
    endloop
  endfacet
  facet normal 0 0 -1
    outer loop
      vertex -3.21529 4.19023 5.43
      vertex -3.25188 4.23793 5.43
      vertex -2.6709 4.62613 5.43
    endloop
  endfacet
  facet normal 0 0 -1
    outer loop
      vertex -3.7347 3.7347 5.43
      vertex -3.25188 4.23793 5.43
      vertex -3.21529 4.19023 5.43
    endloop
  endfacet
  facet normal 0 0 -1
    outer loop
      vertex -3.7347 3.7347 5.43
      vertex -3.77722 3.77722 5.43
      vertex -3.25188 4.23793 5.43
    endloop
  endfacet
  facet normal 0 0 -1
    outer loop
      vertex -4.19023 3.21529 5.43
      vertex -3.77722 3.77722 5.43
      vertex -3.7347 3.7347 5.43
    endloop
  endfacet
  facet normal 0 0 -1
    outer loop
      vertex -4.19023 3.21529 5.43
      vertex -4.23793 3.25188 5.43
      vertex -3.77722 3.77722 5.43
    endloop
  endfacet
  facet normal 0 0 -1
    outer loop
      vertex -4.57407 2.64084 5.43
      vertex -4.23793 3.25188 5.43
      vertex -4.19023 3.21529 5.43
    endloop
  endfacet
  facet normal 0 0 -1
    outer loop
      vertex -4.57407 2.64084 5.43
      vertex -4.62613 2.6709 5.43
      vertex -4.23793 3.25188 5.43
    endloop
  endfacet
  facet normal 0 0 -1
    outer loop
      vertex -4.87962 2.02119 5.43
      vertex -4.62613 2.6709 5.43
      vertex -4.57407 2.64084 5.43
    endloop
  endfacet
  facet normal 0 0 -1
    outer loop
      vertex -4.87962 2.02119 5.43
      vertex -4.93518 2.0442 5.43
      vertex -4.62613 2.6709 5.43
    endloop
  endfacet
  facet normal 0 0 -1
    outer loop
      vertex -5.1017 1.36697 5.43
      vertex -4.93518 2.0442 5.43
      vertex -4.87962 2.02119 5.43
    endloop
  endfacet
  facet normal 0 0 -1
    outer loop
      vertex -5.1017 1.36697 5.43
      vertex -5.15979 1.38254 5.43
      vertex -4.93518 2.0442 5.43
    endloop
  endfacet
  facet normal 0 0 -1
    outer loop
      vertex -5.21447 0.799999 5.43
      vertex -5.15979 1.38254 5.43
      vertex -5.1017 1.36697 5.43
    endloop
  endfacet
  facet normal 0 0 -1
    outer loop
      vertex -5.15979 1.38254 5.43
      vertex -5.21447 0.799999 5.43
      vertex -5.27564 0.799999 5.43
    endloop
  endfacet
  facet normal -0.896875 -0.442284 0
    outer loop
      vertex -4.62613 -2.6709 5.43
      vertex -4.93518 -2.0442 5.49
      vertex -4.93518 -2.0442 5.43
    endloop
  endfacet
  facet normal -0.896875 -0.442284 0
    outer loop
      vertex -4.93518 -2.0442 5.49
      vertex -4.62613 -2.6709 5.43
      vertex -4.62613 -2.6709 5.49
    endloop
  endfacet
  facet normal -0.980793 0.19505 0
    outer loop
      vertex -5.27564 0.799999 5.43
      vertex -5.15979 1.38254 5.49
      vertex -5.15979 1.38254 5.43
    endloop
  endfacet
  facet normal -0.980793 0.19505 0
    outer loop
      vertex -5.15979 1.38254 5.49
      vertex -5.27564 0.799999 5.43
      vertex -5.27564 0.799999 5.49
    endloop
  endfacet
  facet normal 0.659345 -0.75184 0
    outer loop
      vertex 3.25188 -4.23793 5.43
      vertex 3.77722 -3.77722 5.49
      vertex 3.25188 -4.23793 5.49
    endloop
  endfacet
  facet normal 0.659345 -0.75184 0
    outer loop
      vertex 3.77722 -3.77722 5.49
      vertex 3.25188 -4.23793 5.43
      vertex 3.77722 -3.77722 5.43
    endloop
  endfacet
  facet normal -0.946927 -0.321448 0
    outer loop
      vertex -4.93518 -2.0442 5.43
      vertex -5.15979 -1.38254 5.49
      vertex -5.15979 -1.38254 5.43
    endloop
  endfacet
  facet normal -0.946927 -0.321448 0
    outer loop
      vertex -5.15979 -1.38254 5.49
      vertex -4.93518 -2.0442 5.43
      vertex -4.93518 -2.0442 5.49
    endloop
  endfacet
  facet normal -0.195055 -0.980792 0
    outer loop
      vertex -1.38254 -5.15979 5.43
      vertex -0.697235 -5.29608 5.49
      vertex -1.38254 -5.15979 5.49
    endloop
  endfacet
  facet normal -0.195055 -0.980792 -0
    outer loop
      vertex -0.697235 -5.29608 5.49
      vertex -1.38254 -5.15979 5.43
      vertex -0.697235 -5.29608 5.43
    endloop
  endfacet
  facet normal 0.321448 -0.946927 0
    outer loop
      vertex 1.38254 -5.15979 5.43
      vertex 2.0442 -4.93518 5.49
      vertex 1.38254 -5.15979 5.49
    endloop
  endfacet
  facet normal 0.321448 -0.946927 0
    outer loop
      vertex 2.0442 -4.93518 5.49
      vertex 1.38254 -5.15979 5.43
      vertex 2.0442 -4.93518 5.43
    endloop
  endfacet
  facet normal 0.831469 0.555572 0
    outer loop
      vertex 4.62613 2.6709 5.49
      vertex 4.23793 3.25188 5.43
      vertex 4.23793 3.25188 5.49
    endloop
  endfacet
  facet normal 0.831469 0.555572 0
    outer loop
      vertex 4.23793 3.25188 5.43
      vertex 4.62613 2.6709 5.49
      vertex 4.62613 2.6709 5.43
    endloop
  endfacet
  facet normal 0.831469 -0.555572 0
    outer loop
      vertex 4.23793 -3.25188 5.49
      vertex 4.62613 -2.6709 5.43
      vertex 4.62613 -2.6709 5.49
    endloop
  endfacet
  facet normal 0.831469 -0.555572 0
    outer loop
      vertex 4.62613 -2.6709 5.43
      vertex 4.23793 -3.25188 5.49
      vertex 4.23793 -3.25188 5.43
    endloop
  endfacet
  facet normal -0.831469 -0.555572 0
    outer loop
      vertex -4.23793 -3.25188 5.43
      vertex -4.62613 -2.6709 5.49
      vertex -4.62613 -2.6709 5.43
    endloop
  endfacet
  facet normal -0.831469 -0.555572 0
    outer loop
      vertex -4.62613 -2.6709 5.49
      vertex -4.23793 -3.25188 5.43
      vertex -4.23793 -3.25188 5.49
    endloop
  endfacet
  facet normal 0.980792 -0.195055 0
    outer loop
      vertex 5.15979 -1.38254 5.49
      vertex 5.29608 -0.697235 5.43
      vertex 5.29608 -0.697235 5.49
    endloop
  endfacet
  facet normal 0.980792 -0.195055 0
    outer loop
      vertex 5.29608 -0.697235 5.43
      vertex 5.15979 -1.38254 5.49
      vertex 5.15979 -1.38254 5.43
    endloop
  endfacet
  facet normal 0.555572 0.831469 -0
    outer loop
      vertex 3.25188 4.23793 5.43
      vertex 2.6709 4.62613 5.49
      vertex 3.25188 4.23793 5.49
    endloop
  endfacet
  facet normal 0.555572 0.831469 0
    outer loop
      vertex 2.6709 4.62613 5.49
      vertex 3.25188 4.23793 5.43
      vertex 2.6709 4.62613 5.43
    endloop
  endfacet
  facet normal -0.659345 0.75184 0
    outer loop
      vertex -3.25188 4.23793 5.43
      vertex -3.77722 3.77722 5.49
      vertex -3.25188 4.23793 5.49
    endloop
  endfacet
  facet normal -0.659345 0.75184 0
    outer loop
      vertex -3.77722 3.77722 5.49
      vertex -3.25188 4.23793 5.43
      vertex -3.77722 3.77722 5.43
    endloop
  endfacet
  facet normal 0.442284 0.896875 -0
    outer loop
      vertex 2.6709 4.62613 5.43
      vertex 2.0442 4.93518 5.49
      vertex 2.6709 4.62613 5.49
    endloop
  endfacet
  facet normal 0.442284 0.896875 0
    outer loop
      vertex 2.0442 4.93518 5.49
      vertex 2.6709 4.62613 5.43
      vertex 2.0442 4.93518 5.43
    endloop
  endfacet
  facet normal -0.831466 -0.555575 0
    outer loop
      vertex -4.19023 -3.21529 5.37
      vertex -4.57407 -2.64084 5.43
      vertex -4.57407 -2.64084 5.37
    endloop
  endfacet
  facet normal -0.831466 -0.555575 0
    outer loop
      vertex -4.57407 -2.64084 5.43
      vertex -4.19023 -3.21529 5.37
      vertex -4.19023 -3.21529 5.43
    endloop
  endfacet
  facet normal 0.321442 0.946929 -0
    outer loop
      vertex 2.02119 4.87962 5.37
      vertex 1.36697 5.1017 5.43
      vertex 2.02119 4.87962 5.43
    endloop
  endfacet
  facet normal 0.321442 0.946929 0
    outer loop
      vertex 1.36697 5.1017 5.43
      vertex 2.02119 4.87962 5.37
      vertex 1.36697 5.1017 5.37
    endloop
  endfacet
  facet normal 0.442257 0.896889 -0
    outer loop
      vertex 2.64084 4.57407 5.37
      vertex 2.02119 4.87962 5.43
      vertex 2.64084 4.57407 5.43
    endloop
  endfacet
  facet normal 0.442257 0.896889 0
    outer loop
      vertex 2.02119 4.87962 5.43
      vertex 2.64084 4.57407 5.37
      vertex 2.02119 4.87962 5.37
    endloop
  endfacet
  facet normal 0.195078 0.980788 -0
    outer loop
      vertex 1.36697 5.1017 5.37
      vertex 0.689392 5.23647 5.43
      vertex 1.36697 5.1017 5.43
    endloop
  endfacet
  facet normal 0.195078 0.980788 0
    outer loop
      vertex 0.689392 5.23647 5.43
      vertex 1.36697 5.1017 5.37
      vertex 0.689392 5.23647 5.37
    endloop
  endfacet
  facet normal -0.065439 0.997857 0
    outer loop
      vertex 0 5.28168 5.37
      vertex -0.689392 5.23647 5.43
      vertex 0 5.28168 5.43
    endloop
  endfacet
  facet normal -0.065439 0.997857 0
    outer loop
      vertex -0.689392 5.23647 5.43
      vertex 0 5.28168 5.37
      vertex -0.689392 5.23647 5.37
    endloop
  endfacet
  facet normal 0.065439 0.997857 -0
    outer loop
      vertex 0.689392 5.23647 5.37
      vertex 0 5.28168 5.43
      vertex 0.689392 5.23647 5.43
    endloop
  endfacet
  facet normal 0.065439 0.997857 0
    outer loop
      vertex 0 5.28168 5.43
      vertex 0.689392 5.23647 5.37
      vertex 0 5.28168 5.37
    endloop
  endfacet
  facet normal -0.980788 0.195078 0
    outer loop
      vertex -5.21447 0.799999 5.37
      vertex -5.1017 1.36697 5.43
      vertex -5.1017 1.36697 5.37
    endloop
  endfacet
  facet normal -0.980788 0.195078 0
    outer loop
      vertex -5.1017 1.36697 5.43
      vertex -5.21447 0.799999 5.37
      vertex -5.21447 0.799999 5.43
    endloop
  endfacet
  facet normal 0.751826 0.659362 0
    outer loop
      vertex 4.19023 3.21529 5.43
      vertex 3.7347 3.7347 5.37
      vertex 3.7347 3.7347 5.43
    endloop
  endfacet
  facet normal 0.751826 0.659362 0
    outer loop
      vertex 3.7347 3.7347 5.37
      vertex 4.19023 3.21529 5.43
      vertex 4.19023 3.21529 5.37
    endloop
  endfacet
  facet normal 0.555575 -0.831466 0
    outer loop
      vertex 2.64084 -4.57407 5.37
      vertex 3.21529 -4.19023 5.43
      vertex 2.64084 -4.57407 5.43
    endloop
  endfacet
  facet normal 0.555575 -0.831466 0
    outer loop
      vertex 3.21529 -4.19023 5.43
      vertex 2.64084 -4.57407 5.37
      vertex 3.21529 -4.19023 5.37
    endloop
  endfacet
  facet normal -0.555575 -0.831466 0
    outer loop
      vertex -3.21529 -4.19023 5.37
      vertex -2.64084 -4.57407 5.43
      vertex -3.21529 -4.19023 5.43
    endloop
  endfacet
  facet normal -0.555575 -0.831466 -0
    outer loop
      vertex -2.64084 -4.57407 5.43
      vertex -3.21529 -4.19023 5.37
      vertex -2.64084 -4.57407 5.37
    endloop
  endfacet
  facet normal -0.896889 0.442257 0
    outer loop
      vertex -4.87962 2.02119 5.37
      vertex -4.57407 2.64084 5.43
      vertex -4.57407 2.64084 5.37
    endloop
  endfacet
  facet normal -0.896889 0.442257 0
    outer loop
      vertex -4.57407 2.64084 5.43
      vertex -4.87962 2.02119 5.37
      vertex -4.87962 2.02119 5.43
    endloop
  endfacet
  facet normal -0.946929 0.321442 0
    outer loop
      vertex -5.1017 1.36697 5.37
      vertex -4.87962 2.02119 5.43
      vertex -4.87962 2.02119 5.37
    endloop
  endfacet
  facet normal -0.946929 0.321442 0
    outer loop
      vertex -4.87962 2.02119 5.43
      vertex -5.1017 1.36697 5.37
      vertex -5.1017 1.36697 5.43
    endloop
  endfacet
  facet normal -0.195078 0.980788 0
    outer loop
      vertex -0.689392 5.23647 5.37
      vertex -1.36697 5.1017 5.43
      vertex -0.689392 5.23647 5.43
    endloop
  endfacet
  facet normal -0.195078 0.980788 0
    outer loop
      vertex -1.36697 5.1017 5.43
      vertex -0.689392 5.23647 5.37
      vertex -1.36697 5.1017 5.37
    endloop
  endfacet
  facet normal 0.997857 -0.065439 0
    outer loop
      vertex 5.23647 -0.689392 5.43
      vertex 5.28168 0 5.37
      vertex 5.28168 0 5.43
    endloop
  endfacet
  facet normal 0.997857 -0.065439 0
    outer loop
      vertex 5.28168 0 5.37
      vertex 5.23647 -0.689392 5.43
      vertex 5.23647 -0.689392 5.37
    endloop
  endfacet
  facet normal -0.321442 0.946929 0
    outer loop
      vertex -1.36697 5.1017 5.37
      vertex -2.02119 4.87962 5.43
      vertex -1.36697 5.1017 5.43
    endloop
  endfacet
  facet normal -0.321442 0.946929 0
    outer loop
      vertex -2.02119 4.87962 5.43
      vertex -1.36697 5.1017 5.37
      vertex -2.02119 4.87962 5.37
    endloop
  endfacet
  facet normal 0.659362 -0.751826 0
    outer loop
      vertex 3.21529 -4.19023 5.37
      vertex 3.7347 -3.7347 5.43
      vertex 3.21529 -4.19023 5.43
    endloop
  endfacet
  facet normal 0.659362 -0.751826 0
    outer loop
      vertex 3.7347 -3.7347 5.43
      vertex 3.21529 -4.19023 5.37
      vertex 3.7347 -3.7347 5.37
    endloop
  endfacet
  facet normal -0.442257 -0.896889 0
    outer loop
      vertex -2.64084 -4.57407 5.37
      vertex -2.02119 -4.87962 5.43
      vertex -2.64084 -4.57407 5.43
    endloop
  endfacet
  facet normal -0.442257 -0.896889 -0
    outer loop
      vertex -2.02119 -4.87962 5.43
      vertex -2.64084 -4.57407 5.37
      vertex -2.02119 -4.87962 5.37
    endloop
  endfacet
  facet normal 0.980788 0.195078 0
    outer loop
      vertex 5.23647 0.689392 5.43
      vertex 5.1017 1.36697 5.37
      vertex 5.1017 1.36697 5.43
    endloop
  endfacet
  facet normal 0.980788 0.195078 0
    outer loop
      vertex 5.1017 1.36697 5.37
      vertex 5.23647 0.689392 5.43
      vertex 5.23647 0.689392 5.37
    endloop
  endfacet
  facet normal 0.831466 0.555575 0
    outer loop
      vertex 4.57407 2.64084 5.43
      vertex 4.19023 3.21529 5.37
      vertex 4.19023 3.21529 5.43
    endloop
  endfacet
  facet normal 0.831466 0.555575 0
    outer loop
      vertex 4.19023 3.21529 5.37
      vertex 4.57407 2.64084 5.43
      vertex 4.57407 2.64084 5.37
    endloop
  endfacet
  facet normal 0.442257 -0.896889 0
    outer loop
      vertex 2.02119 -4.87962 5.37
      vertex 2.64084 -4.57407 5.43
      vertex 2.02119 -4.87962 5.43
    endloop
  endfacet
  facet normal 0.442257 -0.896889 0
    outer loop
      vertex 2.64084 -4.57407 5.43
      vertex 2.02119 -4.87962 5.37
      vertex 2.64084 -4.57407 5.37
    endloop
  endfacet
  facet normal -0.831466 0.555575 0
    outer loop
      vertex -4.57407 2.64084 5.37
      vertex -4.19023 3.21529 5.43
      vertex -4.19023 3.21529 5.37
    endloop
  endfacet
  facet normal -0.831466 0.555575 0
    outer loop
      vertex -4.19023 3.21529 5.43
      vertex -4.57407 2.64084 5.37
      vertex -4.57407 2.64084 5.43
    endloop
  endfacet
  facet normal -0.442257 0.896889 0
    outer loop
      vertex -2.02119 4.87962 5.37
      vertex -2.64084 4.57407 5.43
      vertex -2.02119 4.87962 5.43
    endloop
  endfacet
  facet normal -0.442257 0.896889 0
    outer loop
      vertex -2.64084 4.57407 5.43
      vertex -2.02119 4.87962 5.37
      vertex -2.64084 4.57407 5.37
    endloop
  endfacet
  facet normal 0.997857 0.065439 0
    outer loop
      vertex 5.28168 0 5.43
      vertex 5.23647 0.689392 5.37
      vertex 5.23647 0.689392 5.43
    endloop
  endfacet
  facet normal 0.997857 0.065439 0
    outer loop
      vertex 5.23647 0.689392 5.37
      vertex 5.28168 0 5.43
      vertex 5.28168 0 5.37
    endloop
  endfacet
  facet normal 0.751826 -0.659362 0
    outer loop
      vertex 3.7347 -3.7347 5.43
      vertex 4.19023 -3.21529 5.37
      vertex 4.19023 -3.21529 5.43
    endloop
  endfacet
  facet normal 0.751826 -0.659362 0
    outer loop
      vertex 4.19023 -3.21529 5.37
      vertex 3.7347 -3.7347 5.43
      vertex 3.7347 -3.7347 5.37
    endloop
  endfacet
  facet normal -0.659362 -0.751826 0
    outer loop
      vertex -3.7347 -3.7347 5.37
      vertex -3.21529 -4.19023 5.43
      vertex -3.7347 -3.7347 5.43
    endloop
  endfacet
  facet normal -0.659362 -0.751826 -0
    outer loop
      vertex -3.21529 -4.19023 5.43
      vertex -3.7347 -3.7347 5.37
      vertex -3.21529 -4.19023 5.37
    endloop
  endfacet
  facet normal -0.195078 -0.980788 0
    outer loop
      vertex -1.36697 -5.1017 5.37
      vertex -0.689392 -5.23647 5.43
      vertex -1.36697 -5.1017 5.43
    endloop
  endfacet
  facet normal -0.195078 -0.980788 -0
    outer loop
      vertex -0.689392 -5.23647 5.43
      vertex -1.36697 -5.1017 5.37
      vertex -0.689392 -5.23647 5.37
    endloop
  endfacet
  facet normal -0.321442 -0.946929 0
    outer loop
      vertex -2.02119 -4.87962 5.37
      vertex -1.36697 -5.1017 5.43
      vertex -2.02119 -4.87962 5.43
    endloop
  endfacet
  facet normal -0.321442 -0.946929 -0
    outer loop
      vertex -1.36697 -5.1017 5.43
      vertex -2.02119 -4.87962 5.37
      vertex -1.36697 -5.1017 5.37
    endloop
  endfacet
  facet normal -0.065439 -0.997857 0
    outer loop
      vertex -0.689392 -5.23647 5.37
      vertex 0 -5.28168 5.43
      vertex -0.689392 -5.23647 5.43
    endloop
  endfacet
  facet normal -0.065439 -0.997857 -0
    outer loop
      vertex 0 -5.28168 5.43
      vertex -0.689392 -5.23647 5.37
      vertex 0 -5.28168 5.37
    endloop
  endfacet
  facet normal 0.659362 0.751826 -0
    outer loop
      vertex 3.7347 3.7347 5.37
      vertex 3.21529 4.19023 5.43
      vertex 3.7347 3.7347 5.43
    endloop
  endfacet
  facet normal 0.659362 0.751826 0
    outer loop
      vertex 3.21529 4.19023 5.43
      vertex 3.7347 3.7347 5.37
      vertex 3.21529 4.19023 5.37
    endloop
  endfacet
  facet normal -0.980788 -0.195078 0
    outer loop
      vertex -5.1017 -1.36697 5.37
      vertex -5.21447 -0.799999 5.43
      vertex -5.21447 -0.799999 5.37
    endloop
  endfacet
  facet normal -0.980788 -0.195078 0
    outer loop
      vertex -5.21447 -0.799999 5.43
      vertex -5.1017 -1.36697 5.37
      vertex -5.1017 -1.36697 5.43
    endloop
  endfacet
  facet normal 0.065439 -0.997857 0
    outer loop
      vertex 0 -5.28168 5.37
      vertex 0.689392 -5.23647 5.43
      vertex 0 -5.28168 5.43
    endloop
  endfacet
  facet normal 0.065439 -0.997857 0
    outer loop
      vertex 0.689392 -5.23647 5.43
      vertex 0 -5.28168 5.37
      vertex 0.689392 -5.23647 5.37
    endloop
  endfacet
  facet normal -0.555575 0.831466 0
    outer loop
      vertex -2.64084 4.57407 5.37
      vertex -3.21529 4.19023 5.43
      vertex -2.64084 4.57407 5.43
    endloop
  endfacet
  facet normal -0.555575 0.831466 0
    outer loop
      vertex -3.21529 4.19023 5.43
      vertex -2.64084 4.57407 5.37
      vertex -3.21529 4.19023 5.37
    endloop
  endfacet
  facet normal 0.896889 -0.442257 0
    outer loop
      vertex 4.57407 -2.64084 5.43
      vertex 4.87962 -2.02119 5.37
      vertex 4.87962 -2.02119 5.43
    endloop
  endfacet
  facet normal 0.896889 -0.442257 0
    outer loop
      vertex 4.87962 -2.02119 5.37
      vertex 4.57407 -2.64084 5.43
      vertex 4.57407 -2.64084 5.37
    endloop
  endfacet
  facet normal 0.896889 0.442257 0
    outer loop
      vertex 4.87962 2.02119 5.43
      vertex 4.57407 2.64084 5.37
      vertex 4.57407 2.64084 5.43
    endloop
  endfacet
  facet normal 0.896889 0.442257 0
    outer loop
      vertex 4.57407 2.64084 5.37
      vertex 4.87962 2.02119 5.43
      vertex 4.87962 2.02119 5.37
    endloop
  endfacet
  facet normal -0.751826 -0.659362 0
    outer loop
      vertex -3.7347 -3.7347 5.37
      vertex -4.19023 -3.21529 5.43
      vertex -4.19023 -3.21529 5.37
    endloop
  endfacet
  facet normal -0.751826 -0.659362 0
    outer loop
      vertex -4.19023 -3.21529 5.43
      vertex -3.7347 -3.7347 5.37
      vertex -3.7347 -3.7347 5.43
    endloop
  endfacet
  facet normal 0.946929 0.321442 0
    outer loop
      vertex 5.1017 1.36697 5.43
      vertex 4.87962 2.02119 5.37
      vertex 4.87962 2.02119 5.43
    endloop
  endfacet
  facet normal 0.946929 0.321442 0
    outer loop
      vertex 4.87962 2.02119 5.37
      vertex 5.1017 1.36697 5.43
      vertex 5.1017 1.36697 5.37
    endloop
  endfacet
  facet normal 0.195078 -0.980788 0
    outer loop
      vertex 0.689392 -5.23647 5.37
      vertex 1.36697 -5.1017 5.43
      vertex 0.689392 -5.23647 5.43
    endloop
  endfacet
  facet normal 0.195078 -0.980788 0
    outer loop
      vertex 1.36697 -5.1017 5.43
      vertex 0.689392 -5.23647 5.37
      vertex 1.36697 -5.1017 5.37
    endloop
  endfacet
  facet normal 0 0 -1
    outer loop
      vertex 5.22154 0 5.37
      vertex 5.28168 0 5.37
      vertex 5.23647 -0.689392 5.37
    endloop
  endfacet
  facet normal 0 0 -1
    outer loop
      vertex 5.28168 0 5.37
      vertex 5.22154 0 5.37
      vertex 5.23647 0.689392 5.37
    endloop
  endfacet
  facet normal 0 0 -1
    outer loop
      vertex 5.23647 -0.689392 5.37
      vertex 5.17686 -0.681534 5.37
      vertex 5.22154 0 5.37
    endloop
  endfacet
  facet normal 0 0 -1
    outer loop
      vertex 5.1017 -1.36697 5.37
      vertex 5.17686 -0.681534 5.37
      vertex 5.23647 -0.689392 5.37
    endloop
  endfacet
  facet normal 0 0 -1
    outer loop
      vertex 5.1017 -1.36697 5.37
      vertex 5.04362 -1.35141 5.37
      vertex 5.17686 -0.681534 5.37
    endloop
  endfacet
  facet normal 0 0 -1
    outer loop
      vertex 4.87962 -2.02119 5.37
      vertex 5.04362 -1.35141 5.37
      vertex 5.1017 -1.36697 5.37
    endloop
  endfacet
  facet normal 0 0 -1
    outer loop
      vertex 4.87962 -2.02119 5.37
      vertex 4.82408 -1.99818 5.37
      vertex 5.04362 -1.35141 5.37
    endloop
  endfacet
  facet normal 0 0 -1
    outer loop
      vertex 4.57407 -2.64084 5.37
      vertex 4.82408 -1.99818 5.37
      vertex 4.87962 -2.02119 5.37
    endloop
  endfacet
  facet normal 0 0 -1
    outer loop
      vertex 4.57407 -2.64084 5.37
      vertex 4.52199 -2.61078 5.37
      vertex 4.82408 -1.99818 5.37
    endloop
  endfacet
  facet normal 0 0 -1
    outer loop
      vertex 4.19023 -3.21529 5.37
      vertex 4.52199 -2.61078 5.37
      vertex 4.57407 -2.64084 5.37
    endloop
  endfacet
  facet normal 0 0 -1
    outer loop
      vertex 4.19023 -3.21529 5.37
      vertex 4.14252 -3.17868 5.37
      vertex 4.52199 -2.61078 5.37
    endloop
  endfacet
  facet normal 0 0 -1
    outer loop
      vertex 3.7347 -3.7347 5.37
      vertex 4.14252 -3.17868 5.37
      vertex 4.19023 -3.21529 5.37
    endloop
  endfacet
  facet normal 0 0 -1
    outer loop
      vertex 3.7347 -3.7347 5.37
      vertex 3.69218 -3.69218 5.37
      vertex 4.14252 -3.17868 5.37
    endloop
  endfacet
  facet normal 0 0 -1
    outer loop
      vertex 3.21529 -4.19023 5.37
      vertex 3.69218 -3.69218 5.37
      vertex 3.7347 -3.7347 5.37
    endloop
  endfacet
  facet normal 0 0 -1
    outer loop
      vertex 3.21529 -4.19023 5.37
      vertex 3.17868 -4.14252 5.37
      vertex 3.69218 -3.69218 5.37
    endloop
  endfacet
  facet normal 0 0 -1
    outer loop
      vertex 2.64084 -4.57407 5.37
      vertex 3.17868 -4.14252 5.37
      vertex 3.21529 -4.19023 5.37
    endloop
  endfacet
  facet normal 0 0 -1
    outer loop
      vertex 2.64084 -4.57407 5.37
      vertex 2.61078 -4.52199 5.37
      vertex 3.17868 -4.14252 5.37
    endloop
  endfacet
  facet normal 0 0 -1
    outer loop
      vertex 2.02119 -4.87962 5.37
      vertex 2.61078 -4.52199 5.37
      vertex 2.64084 -4.57407 5.37
    endloop
  endfacet
  facet normal 0 0 -1
    outer loop
      vertex 2.02119 -4.87962 5.37
      vertex 1.99818 -4.82408 5.37
      vertex 2.61078 -4.52199 5.37
    endloop
  endfacet
  facet normal 0 0 -1
    outer loop
      vertex 1.36697 -5.1017 5.37
      vertex 1.99818 -4.82408 5.37
      vertex 2.02119 -4.87962 5.37
    endloop
  endfacet
  facet normal 0 0 -1
    outer loop
      vertex 1.36697 -5.1017 5.37
      vertex 1.35141 -5.04362 5.37
      vertex 1.99818 -4.82408 5.37
    endloop
  endfacet
  facet normal 0 0 -1
    outer loop
      vertex 0.689392 -5.23647 5.37
      vertex 1.35141 -5.04362 5.37
      vertex 1.36697 -5.1017 5.37
    endloop
  endfacet
  facet normal 0 0 -1
    outer loop
      vertex 0.689392 -5.23647 5.37
      vertex 0.681534 -5.17686 5.37
      vertex 1.35141 -5.04362 5.37
    endloop
  endfacet
  facet normal 0 0 -1
    outer loop
      vertex 0 -5.28168 5.37
      vertex 0.681534 -5.17686 5.37
      vertex 0.689392 -5.23647 5.37
    endloop
  endfacet
  facet normal 0 0 -1
    outer loop
      vertex 0 -5.28168 5.37
      vertex 0 -5.22154 5.37
      vertex 0.681534 -5.17686 5.37
    endloop
  endfacet
  facet normal 0 0 -1
    outer loop
      vertex 0 -5.28168 5.37
      vertex -0.681534 -5.17686 5.37
      vertex 0 -5.22154 5.37
    endloop
  endfacet
  facet normal 0 0 -1
    outer loop
      vertex -0.689392 -5.23647 5.37
      vertex -0.681534 -5.17686 5.37
      vertex 0 -5.28168 5.37
    endloop
  endfacet
  facet normal 0 0 -1
    outer loop
      vertex -0.689392 -5.23647 5.37
      vertex -1.35141 -5.04362 5.37
      vertex -0.681534 -5.17686 5.37
    endloop
  endfacet
  facet normal 0 0 -1
    outer loop
      vertex -1.36697 -5.1017 5.37
      vertex -1.35141 -5.04362 5.37
      vertex -0.689392 -5.23647 5.37
    endloop
  endfacet
  facet normal 0 0 -1
    outer loop
      vertex -1.36697 -5.1017 5.37
      vertex -1.99818 -4.82408 5.37
      vertex -1.35141 -5.04362 5.37
    endloop
  endfacet
  facet normal 0 0 -1
    outer loop
      vertex -2.02119 -4.87962 5.37
      vertex -1.99818 -4.82408 5.37
      vertex -1.36697 -5.1017 5.37
    endloop
  endfacet
  facet normal 0 0 -1
    outer loop
      vertex -2.02119 -4.87962 5.37
      vertex -2.61078 -4.52199 5.37
      vertex -1.99818 -4.82408 5.37
    endloop
  endfacet
  facet normal 0 0 -1
    outer loop
      vertex -2.64084 -4.57407 5.37
      vertex -2.61078 -4.52199 5.37
      vertex -2.02119 -4.87962 5.37
    endloop
  endfacet
  facet normal 0 0 -1
    outer loop
      vertex -2.64084 -4.57407 5.37
      vertex -3.17868 -4.14252 5.37
      vertex -2.61078 -4.52199 5.37
    endloop
  endfacet
  facet normal 0 0 -1
    outer loop
      vertex -3.21529 -4.19023 5.37
      vertex -3.17868 -4.14252 5.37
      vertex -2.64084 -4.57407 5.37
    endloop
  endfacet
  facet normal 0 0 -1
    outer loop
      vertex -3.21529 -4.19023 5.37
      vertex -3.69218 -3.69218 5.37
      vertex -3.17868 -4.14252 5.37
    endloop
  endfacet
  facet normal 0 0 -1
    outer loop
      vertex -3.7347 -3.7347 5.37
      vertex -3.69218 -3.69218 5.37
      vertex -3.21529 -4.19023 5.37
    endloop
  endfacet
  facet normal 0 0 -1
    outer loop
      vertex -3.7347 -3.7347 5.37
      vertex -4.14252 -3.17868 5.37
      vertex -3.69218 -3.69218 5.37
    endloop
  endfacet
  facet normal 0 0 -1
    outer loop
      vertex -4.19023 -3.21529 5.37
      vertex -4.14252 -3.17868 5.37
      vertex -3.7347 -3.7347 5.37
    endloop
  endfacet
  facet normal 0 0 -1
    outer loop
      vertex -4.19023 -3.21529 5.37
      vertex -4.52199 -2.61078 5.37
      vertex -4.14252 -3.17868 5.37
    endloop
  endfacet
  facet normal 0 0 -1
    outer loop
      vertex -4.57407 -2.64084 5.37
      vertex -4.52199 -2.61078 5.37
      vertex -4.19023 -3.21529 5.37
    endloop
  endfacet
  facet normal 0 0 -1
    outer loop
      vertex -4.57407 -2.64084 5.37
      vertex -4.82408 -1.99818 5.37
      vertex -4.52199 -2.61078 5.37
    endloop
  endfacet
  facet normal 0 0 -1
    outer loop
      vertex -4.87962 -2.02119 5.37
      vertex -4.82408 -1.99818 5.37
      vertex -4.57407 -2.64084 5.37
    endloop
  endfacet
  facet normal 0 0 -1
    outer loop
      vertex -4.87962 -2.02119 5.37
      vertex -5.04362 -1.35141 5.37
      vertex -4.82408 -1.99818 5.37
    endloop
  endfacet
  facet normal 0 0 -1
    outer loop
      vertex -5.1017 -1.36697 5.37
      vertex -5.04362 -1.35141 5.37
      vertex -4.87962 -2.02119 5.37
    endloop
  endfacet
  facet normal 0 0 -1
    outer loop
      vertex -5.2 -0.799999 5.37
      vertex -5.04362 -1.35141 5.37
      vertex -5.1017 -1.36697 5.37
    endloop
  endfacet
  facet normal 0 0 -1
    outer loop
      vertex -5.04362 -1.35141 5.37
      vertex -5.2 -0.799999 5.37
      vertex -5.17686 -0.681534 5.37
    endloop
  endfacet
  facet normal -0 -0 -1
    outer loop
      vertex -5.2 -0.799999 5.37
      vertex -5.1017 -1.36697 5.37
      vertex -5.21447 -0.799999 5.37
    endloop
  endfacet
  facet normal 0 0 -1
    outer loop
      vertex 5.17686 0.681534 5.37
      vertex 5.23647 0.689392 5.37
      vertex 5.22154 0 5.37
    endloop
  endfacet
  facet normal 0 0 -1
    outer loop
      vertex 5.17686 0.681534 5.37
      vertex 5.1017 1.36697 5.37
      vertex 5.23647 0.689392 5.37
    endloop
  endfacet
  facet normal 0 0 -1
    outer loop
      vertex 5.04362 1.35141 5.37
      vertex 5.1017 1.36697 5.37
      vertex 5.17686 0.681534 5.37
    endloop
  endfacet
  facet normal 0 0 -1
    outer loop
      vertex 5.04362 1.35141 5.37
      vertex 4.87962 2.02119 5.37
      vertex 5.1017 1.36697 5.37
    endloop
  endfacet
  facet normal 0 0 -1
    outer loop
      vertex 4.82408 1.99818 5.37
      vertex 4.87962 2.02119 5.37
      vertex 5.04362 1.35141 5.37
    endloop
  endfacet
  facet normal 0 0 -1
    outer loop
      vertex 4.82408 1.99818 5.37
      vertex 4.57407 2.64084 5.37
      vertex 4.87962 2.02119 5.37
    endloop
  endfacet
  facet normal 0 0 -1
    outer loop
      vertex 4.52199 2.61078 5.37
      vertex 4.57407 2.64084 5.37
      vertex 4.82408 1.99818 5.37
    endloop
  endfacet
  facet normal 0 0 -1
    outer loop
      vertex 4.52199 2.61078 5.37
      vertex 4.19023 3.21529 5.37
      vertex 4.57407 2.64084 5.37
    endloop
  endfacet
  facet normal 0 0 -1
    outer loop
      vertex 4.14252 3.17868 5.37
      vertex 4.19023 3.21529 5.37
      vertex 4.52199 2.61078 5.37
    endloop
  endfacet
  facet normal 0 0 -1
    outer loop
      vertex 4.14252 3.17868 5.37
      vertex 3.7347 3.7347 5.37
      vertex 4.19023 3.21529 5.37
    endloop
  endfacet
  facet normal 0 0 -1
    outer loop
      vertex 3.69218 3.69218 5.37
      vertex 3.7347 3.7347 5.37
      vertex 4.14252 3.17868 5.37
    endloop
  endfacet
  facet normal 0 0 -1
    outer loop
      vertex 3.69218 3.69218 5.37
      vertex 3.21529 4.19023 5.37
      vertex 3.7347 3.7347 5.37
    endloop
  endfacet
  facet normal 0 0 -1
    outer loop
      vertex 3.17868 4.14252 5.37
      vertex 3.21529 4.19023 5.37
      vertex 3.69218 3.69218 5.37
    endloop
  endfacet
  facet normal 0 0 -1
    outer loop
      vertex 3.17868 4.14252 5.37
      vertex 2.64084 4.57407 5.37
      vertex 3.21529 4.19023 5.37
    endloop
  endfacet
  facet normal 0 0 -1
    outer loop
      vertex 2.61078 4.52199 5.37
      vertex 2.64084 4.57407 5.37
      vertex 3.17868 4.14252 5.37
    endloop
  endfacet
  facet normal 0 0 -1
    outer loop
      vertex 2.61078 4.52199 5.37
      vertex 2.02119 4.87962 5.37
      vertex 2.64084 4.57407 5.37
    endloop
  endfacet
  facet normal 0 0 -1
    outer loop
      vertex 1.99818 4.82408 5.37
      vertex 2.02119 4.87962 5.37
      vertex 2.61078 4.52199 5.37
    endloop
  endfacet
  facet normal 0 0 -1
    outer loop
      vertex 1.99818 4.82408 5.37
      vertex 1.36697 5.1017 5.37
      vertex 2.02119 4.87962 5.37
    endloop
  endfacet
  facet normal 0 0 -1
    outer loop
      vertex 1.35141 5.04362 5.37
      vertex 1.36697 5.1017 5.37
      vertex 1.99818 4.82408 5.37
    endloop
  endfacet
  facet normal 0 0 -1
    outer loop
      vertex 1.35141 5.04362 5.37
      vertex 0.689392 5.23647 5.37
      vertex 1.36697 5.1017 5.37
    endloop
  endfacet
  facet normal 0 0 -1
    outer loop
      vertex 0.681534 5.17686 5.37
      vertex 0.689392 5.23647 5.37
      vertex 1.35141 5.04362 5.37
    endloop
  endfacet
  facet normal 0 0 -1
    outer loop
      vertex 0 5.22154 5.37
      vertex 0.689392 5.23647 5.37
      vertex 0.681534 5.17686 5.37
    endloop
  endfacet
  facet normal 0 0 -1
    outer loop
      vertex 0 5.22154 5.37
      vertex 0 5.28168 5.37
      vertex 0.689392 5.23647 5.37
    endloop
  endfacet
  facet normal 0 0 -1
    outer loop
      vertex -0.681534 5.17686 5.37
      vertex 0 5.28168 5.37
      vertex 0 5.22154 5.37
    endloop
  endfacet
  facet normal 0 0 -1
    outer loop
      vertex -0.681534 5.17686 5.37
      vertex -0.689392 5.23647 5.37
      vertex 0 5.28168 5.37
    endloop
  endfacet
  facet normal 0 0 -1
    outer loop
      vertex -1.35141 5.04362 5.37
      vertex -0.689392 5.23647 5.37
      vertex -0.681534 5.17686 5.37
    endloop
  endfacet
  facet normal 0 0 -1
    outer loop
      vertex -1.35141 5.04362 5.37
      vertex -1.36697 5.1017 5.37
      vertex -0.689392 5.23647 5.37
    endloop
  endfacet
  facet normal 0 0 -1
    outer loop
      vertex -1.99818 4.82408 5.37
      vertex -1.36697 5.1017 5.37
      vertex -1.35141 5.04362 5.37
    endloop
  endfacet
  facet normal 0 0 -1
    outer loop
      vertex -1.99818 4.82408 5.37
      vertex -2.02119 4.87962 5.37
      vertex -1.36697 5.1017 5.37
    endloop
  endfacet
  facet normal 0 0 -1
    outer loop
      vertex -2.61078 4.52199 5.37
      vertex -2.02119 4.87962 5.37
      vertex -1.99818 4.82408 5.37
    endloop
  endfacet
  facet normal 0 0 -1
    outer loop
      vertex -2.61078 4.52199 5.37
      vertex -2.64084 4.57407 5.37
      vertex -2.02119 4.87962 5.37
    endloop
  endfacet
  facet normal 0 0 -1
    outer loop
      vertex -3.17868 4.14252 5.37
      vertex -2.64084 4.57407 5.37
      vertex -2.61078 4.52199 5.37
    endloop
  endfacet
  facet normal 0 0 -1
    outer loop
      vertex -3.17868 4.14252 5.37
      vertex -3.21529 4.19023 5.37
      vertex -2.64084 4.57407 5.37
    endloop
  endfacet
  facet normal 0 0 -1
    outer loop
      vertex -3.69218 3.69218 5.37
      vertex -3.21529 4.19023 5.37
      vertex -3.17868 4.14252 5.37
    endloop
  endfacet
  facet normal 0 0 -1
    outer loop
      vertex -3.69218 3.69218 5.37
      vertex -3.7347 3.7347 5.37
      vertex -3.21529 4.19023 5.37
    endloop
  endfacet
  facet normal 0 0 -1
    outer loop
      vertex -4.14252 3.17868 5.37
      vertex -3.7347 3.7347 5.37
      vertex -3.69218 3.69218 5.37
    endloop
  endfacet
  facet normal 0 0 -1
    outer loop
      vertex -4.14252 3.17868 5.37
      vertex -4.19023 3.21529 5.37
      vertex -3.7347 3.7347 5.37
    endloop
  endfacet
  facet normal 0 0 -1
    outer loop
      vertex -4.52199 2.61078 5.37
      vertex -4.19023 3.21529 5.37
      vertex -4.14252 3.17868 5.37
    endloop
  endfacet
  facet normal 0 0 -1
    outer loop
      vertex -4.52199 2.61078 5.37
      vertex -4.57407 2.64084 5.37
      vertex -4.19023 3.21529 5.37
    endloop
  endfacet
  facet normal 0 0 -1
    outer loop
      vertex -4.82408 1.99818 5.37
      vertex -4.57407 2.64084 5.37
      vertex -4.52199 2.61078 5.37
    endloop
  endfacet
  facet normal 0 0 -1
    outer loop
      vertex -4.82408 1.99818 5.37
      vertex -4.87962 2.02119 5.37
      vertex -4.57407 2.64084 5.37
    endloop
  endfacet
  facet normal 0 0 -1
    outer loop
      vertex -5.04362 1.35141 5.37
      vertex -4.87962 2.02119 5.37
      vertex -4.82408 1.99818 5.37
    endloop
  endfacet
  facet normal 0 0 -1
    outer loop
      vertex -5.04362 1.35141 5.37
      vertex -5.1017 1.36697 5.37
      vertex -4.87962 2.02119 5.37
    endloop
  endfacet
  facet normal 0 0 -1
    outer loop
      vertex -5.2 0.799999 5.37
      vertex -5.04362 1.35141 5.37
      vertex -5.17686 0.681534 5.37
    endloop
  endfacet
  facet normal 0 0 -1
    outer loop
      vertex -5.2 0.799999 5.37
      vertex -5.17686 0.681534 5.37
      vertex -5.2 0.32862 5.37
    endloop
  endfacet
  facet normal -0 0 -1
    outer loop
      vertex -5.04362 1.35141 5.37
      vertex -5.2 0.799999 5.37
      vertex -5.1017 1.36697 5.37
    endloop
  endfacet
  facet normal 0 0 -1
    outer loop
      vertex -5.1017 1.36697 5.37
      vertex -5.2 0.799999 5.37
      vertex -5.21447 0.799999 5.37
    endloop
  endfacet
  facet normal -0 0 -1
    outer loop
      vertex -5.17686 -0.681534 5.37
      vertex -5.2 -0.799999 5.37
      vertex -5.2 -0.32862 5.37
    endloop
  endfacet
  facet normal -0.946929 -0.321442 0
    outer loop
      vertex -4.87962 -2.02119 5.37
      vertex -5.1017 -1.36697 5.43
      vertex -5.1017 -1.36697 5.37
    endloop
  endfacet
  facet normal -0.946929 -0.321442 0
    outer loop
      vertex -5.1017 -1.36697 5.43
      vertex -4.87962 -2.02119 5.37
      vertex -4.87962 -2.02119 5.43
    endloop
  endfacet
  facet normal -0.896889 -0.442257 0
    outer loop
      vertex -4.57407 -2.64084 5.37
      vertex -4.87962 -2.02119 5.43
      vertex -4.87962 -2.02119 5.37
    endloop
  endfacet
  facet normal -0.896889 -0.442257 0
    outer loop
      vertex -4.87962 -2.02119 5.43
      vertex -4.57407 -2.64084 5.37
      vertex -4.57407 -2.64084 5.43
    endloop
  endfacet
  facet normal -0.659362 0.751826 0
    outer loop
      vertex -3.21529 4.19023 5.37
      vertex -3.7347 3.7347 5.43
      vertex -3.21529 4.19023 5.43
    endloop
  endfacet
  facet normal -0.659362 0.751826 0
    outer loop
      vertex -3.7347 3.7347 5.43
      vertex -3.21529 4.19023 5.37
      vertex -3.7347 3.7347 5.37
    endloop
  endfacet
  facet normal -0.751826 0.659362 0
    outer loop
      vertex -4.19023 3.21529 5.37
      vertex -3.7347 3.7347 5.43
      vertex -3.7347 3.7347 5.37
    endloop
  endfacet
  facet normal -0.751826 0.659362 0
    outer loop
      vertex -3.7347 3.7347 5.43
      vertex -4.19023 3.21529 5.37
      vertex -4.19023 3.21529 5.43
    endloop
  endfacet
  facet normal 0.321442 -0.946929 0
    outer loop
      vertex 1.36697 -5.1017 5.37
      vertex 2.02119 -4.87962 5.43
      vertex 1.36697 -5.1017 5.43
    endloop
  endfacet
  facet normal 0.321442 -0.946929 0
    outer loop
      vertex 2.02119 -4.87962 5.43
      vertex 1.36697 -5.1017 5.37
      vertex 2.02119 -4.87962 5.37
    endloop
  endfacet
  facet normal 0.831466 -0.555575 0
    outer loop
      vertex 4.19023 -3.21529 5.43
      vertex 4.57407 -2.64084 5.37
      vertex 4.57407 -2.64084 5.43
    endloop
  endfacet
  facet normal 0.831466 -0.555575 0
    outer loop
      vertex 4.57407 -2.64084 5.37
      vertex 4.19023 -3.21529 5.43
      vertex 4.19023 -3.21529 5.37
    endloop
  endfacet
  facet normal 0.946929 -0.321442 0
    outer loop
      vertex 4.87962 -2.02119 5.43
      vertex 5.1017 -1.36697 5.37
      vertex 5.1017 -1.36697 5.43
    endloop
  endfacet
  facet normal 0.946929 -0.321442 0
    outer loop
      vertex 5.1017 -1.36697 5.37
      vertex 4.87962 -2.02119 5.43
      vertex 4.87962 -2.02119 5.37
    endloop
  endfacet
  facet normal 0.980788 -0.195078 0
    outer loop
      vertex 5.1017 -1.36697 5.43
      vertex 5.23647 -0.689392 5.37
      vertex 5.23647 -0.689392 5.43
    endloop
  endfacet
  facet normal 0.980788 -0.195078 0
    outer loop
      vertex 5.23647 -0.689392 5.37
      vertex 5.1017 -1.36697 5.43
      vertex 5.1017 -1.36697 5.37
    endloop
  endfacet
  facet normal 0.555575 0.831466 -0
    outer loop
      vertex 3.21529 4.19023 5.37
      vertex 2.64084 4.57407 5.43
      vertex 3.21529 4.19023 5.43
    endloop
  endfacet
  facet normal 0.555575 0.831466 0
    outer loop
      vertex 2.64084 4.57407 5.43
      vertex 3.21529 4.19023 5.37
      vertex 2.64084 4.57407 5.37
    endloop
  endfacet
  facet normal -0.997857 0.0654279 0
    outer loop
      vertex -5.2 0.32862 5.31
      vertex -5.17686 0.681534 5.37
      vertex -5.17686 0.681534 5.31
    endloop
  endfacet
  facet normal -0.997857 0.0654279 0
    outer loop
      vertex -5.17686 0.681534 5.37
      vertex -5.2 0.32862 5.31
      vertex -5.2 0.32862 5.37
    endloop
  endfacet
  facet normal 0.321428 0.946934 -0
    outer loop
      vertex 1.99818 4.82408 5.31
      vertex 1.35141 5.04362 5.37
      vertex 1.99818 4.82408 5.37
    endloop
  endfacet
  facet normal 0.321428 0.946934 0
    outer loop
      vertex 1.35141 5.04362 5.37
      vertex 1.99818 4.82408 5.31
      vertex 1.35141 5.04362 5.31
    endloop
  endfacet
  facet normal 0.896879 -0.442276 0
    outer loop
      vertex 4.52199 -2.61078 5.37
      vertex 4.82408 -1.99818 5.31
      vertex 4.82408 -1.99818 5.37
    endloop
  endfacet
  facet normal 0.896879 -0.442276 0
    outer loop
      vertex 4.82408 -1.99818 5.31
      vertex 4.52199 -2.61078 5.37
      vertex 4.52199 -2.61078 5.31
    endloop
  endfacet
  facet normal -0.896879 -0.442276 0
    outer loop
      vertex -4.52199 -2.61078 5.31
      vertex -4.82408 -1.99818 5.37
      vertex -4.82408 -1.99818 5.31
    endloop
  endfacet
  facet normal -0.896879 -0.442276 0
    outer loop
      vertex -4.82408 -1.99818 5.37
      vertex -4.52199 -2.61078 5.31
      vertex -4.52199 -2.61078 5.37
    endloop
  endfacet
  facet normal 0.195081 -0.980787 0
    outer loop
      vertex 0.681534 -5.17686 5.31
      vertex 1.35141 -5.04362 5.37
      vertex 0.681534 -5.17686 5.37
    endloop
  endfacet
  facet normal 0.195081 -0.980787 0
    outer loop
      vertex 1.35141 -5.04362 5.37
      vertex 0.681534 -5.17686 5.31
      vertex 1.35141 -5.04362 5.31
    endloop
  endfacet
  facet normal 0.442276 0.896879 -0
    outer loop
      vertex 2.61078 4.52199 5.31
      vertex 1.99818 4.82408 5.37
      vertex 2.61078 4.52199 5.37
    endloop
  endfacet
  facet normal 0.442276 0.896879 0
    outer loop
      vertex 1.99818 4.82408 5.37
      vertex 2.61078 4.52199 5.31
      vertex 1.99818 4.82408 5.31
    endloop
  endfacet
  facet normal -0.751831 -0.659356 0
    outer loop
      vertex -3.69218 -3.69218 5.31
      vertex -4.14252 -3.17868 5.37
      vertex -4.14252 -3.17868 5.31
    endloop
  endfacet
  facet normal -0.751831 -0.659356 0
    outer loop
      vertex -4.14252 -3.17868 5.37
      vertex -3.69218 -3.69218 5.31
      vertex -3.69218 -3.69218 5.37
    endloop
  endfacet
  facet normal -0.0654176 -0.997858 0
    outer loop
      vertex -0.681534 -5.17686 5.31
      vertex 0 -5.22154 5.37
      vertex -0.681534 -5.17686 5.37
    endloop
  endfacet
  facet normal -0.0654176 -0.997858 -0
    outer loop
      vertex 0 -5.22154 5.37
      vertex -0.681534 -5.17686 5.31
      vertex 0 -5.22154 5.31
    endloop
  endfacet
  facet normal 0.659356 -0.751831 0
    outer loop
      vertex 3.17868 -4.14252 5.31
      vertex 3.69218 -3.69218 5.37
      vertex 3.17868 -4.14252 5.37
    endloop
  endfacet
  facet normal 0.659356 -0.751831 0
    outer loop
      vertex 3.69218 -3.69218 5.37
      vertex 3.17868 -4.14252 5.31
      vertex 3.69218 -3.69218 5.31
    endloop
  endfacet
  facet normal 0.195081 0.980787 -0
    outer loop
      vertex 1.35141 5.04362 5.31
      vertex 0.681534 5.17686 5.37
      vertex 1.35141 5.04362 5.37
    endloop
  endfacet
  facet normal 0.195081 0.980787 0
    outer loop
      vertex 0.681534 5.17686 5.37
      vertex 1.35141 5.04362 5.31
      vertex 0.681534 5.17686 5.31
    endloop
  endfacet
  facet normal 0.555582 -0.831462 0
    outer loop
      vertex 2.61078 -4.52199 5.31
      vertex 3.17868 -4.14252 5.37
      vertex 2.61078 -4.52199 5.37
    endloop
  endfacet
  facet normal 0.555582 -0.831462 0
    outer loop
      vertex 3.17868 -4.14252 5.37
      vertex 2.61078 -4.52199 5.31
      vertex 3.17868 -4.14252 5.31
    endloop
  endfacet
  facet normal 0.751831 -0.659356 0
    outer loop
      vertex 3.69218 -3.69218 5.37
      vertex 4.14252 -3.17868 5.31
      vertex 4.14252 -3.17868 5.37
    endloop
  endfacet
  facet normal 0.751831 -0.659356 0
    outer loop
      vertex 4.14252 -3.17868 5.31
      vertex 3.69218 -3.69218 5.37
      vertex 3.69218 -3.69218 5.31
    endloop
  endfacet
  facet normal 0.997858 -0.0654176 0
    outer loop
      vertex 5.17686 -0.681534 5.37
      vertex 5.22154 0 5.31
      vertex 5.22154 0 5.37
    endloop
  endfacet
  facet normal 0.997858 -0.0654176 0
    outer loop
      vertex 5.22154 0 5.31
      vertex 5.17686 -0.681534 5.37
      vertex 5.17686 -0.681534 5.31
    endloop
  endfacet
  facet normal 0.751831 0.659356 0
    outer loop
      vertex 4.14252 3.17868 5.37
      vertex 3.69218 3.69218 5.31
      vertex 3.69218 3.69218 5.37
    endloop
  endfacet
  facet normal 0.751831 0.659356 0
    outer loop
      vertex 3.69218 3.69218 5.31
      vertex 4.14252 3.17868 5.37
      vertex 4.14252 3.17868 5.31
    endloop
  endfacet
  facet normal 0.0654176 0.997858 -0
    outer loop
      vertex 0.681534 5.17686 5.31
      vertex 0 5.22154 5.37
      vertex 0.681534 5.17686 5.37
    endloop
  endfacet
  facet normal 0.0654176 0.997858 0
    outer loop
      vertex 0 5.22154 5.37
      vertex 0.681534 5.17686 5.31
      vertex 0 5.22154 5.31
    endloop
  endfacet
  facet normal -0.555582 0.831462 0
    outer loop
      vertex -2.61078 4.52199 5.31
      vertex -3.17868 4.14252 5.37
      vertex -2.61078 4.52199 5.37
    endloop
  endfacet
  facet normal -0.555582 0.831462 0
    outer loop
      vertex -3.17868 4.14252 5.37
      vertex -2.61078 4.52199 5.31
      vertex -3.17868 4.14252 5.31
    endloop
  endfacet
  facet normal -0.659356 0.751831 0
    outer loop
      vertex -3.17868 4.14252 5.31
      vertex -3.69218 3.69218 5.37
      vertex -3.17868 4.14252 5.37
    endloop
  endfacet
  facet normal -0.659356 0.751831 0
    outer loop
      vertex -3.69218 3.69218 5.37
      vertex -3.17868 4.14252 5.31
      vertex -3.69218 3.69218 5.31
    endloop
  endfacet
  facet normal -0.195081 -0.980787 0
    outer loop
      vertex -1.35141 -5.04362 5.31
      vertex -0.681534 -5.17686 5.37
      vertex -1.35141 -5.04362 5.37
    endloop
  endfacet
  facet normal -0.195081 -0.980787 -0
    outer loop
      vertex -0.681534 -5.17686 5.37
      vertex -1.35141 -5.04362 5.31
      vertex -0.681534 -5.17686 5.31
    endloop
  endfacet
  facet normal -0.896879 0.442276 0
    outer loop
      vertex -4.82408 1.99818 5.31
      vertex -4.52199 2.61078 5.37
      vertex -4.52199 2.61078 5.31
    endloop
  endfacet
  facet normal -0.896879 0.442276 0
    outer loop
      vertex -4.52199 2.61078 5.37
      vertex -4.82408 1.99818 5.31
      vertex -4.82408 1.99818 5.37
    endloop
  endfacet
  facet normal -0.555582 -0.831462 0
    outer loop
      vertex -3.17868 -4.14252 5.31
      vertex -2.61078 -4.52199 5.37
      vertex -3.17868 -4.14252 5.37
    endloop
  endfacet
  facet normal -0.555582 -0.831462 -0
    outer loop
      vertex -2.61078 -4.52199 5.37
      vertex -3.17868 -4.14252 5.31
      vertex -2.61078 -4.52199 5.31
    endloop
  endfacet
  facet normal -0.442276 0.896879 0
    outer loop
      vertex -1.99818 4.82408 5.31
      vertex -2.61078 4.52199 5.37
      vertex -1.99818 4.82408 5.37
    endloop
  endfacet
  facet normal -0.442276 0.896879 0
    outer loop
      vertex -2.61078 4.52199 5.37
      vertex -1.99818 4.82408 5.31
      vertex -2.61078 4.52199 5.31
    endloop
  endfacet
  facet normal -0.980787 -0.195081 0
    outer loop
      vertex -5.04362 -1.35141 5.31
      vertex -5.17686 -0.681534 5.37
      vertex -5.17686 -0.681534 5.31
    endloop
  endfacet
  facet normal -0.980787 -0.195081 0
    outer loop
      vertex -5.17686 -0.681534 5.37
      vertex -5.04362 -1.35141 5.31
      vertex -5.04362 -1.35141 5.37
    endloop
  endfacet
  facet normal -0.831462 0.555582 0
    outer loop
      vertex -4.52199 2.61078 5.31
      vertex -4.14252 3.17868 5.37
      vertex -4.14252 3.17868 5.31
    endloop
  endfacet
  facet normal -0.831462 0.555582 0
    outer loop
      vertex -4.14252 3.17868 5.37
      vertex -4.52199 2.61078 5.31
      vertex -4.52199 2.61078 5.37
    endloop
  endfacet
  facet normal -0.442276 -0.896879 0
    outer loop
      vertex -2.61078 -4.52199 5.31
      vertex -1.99818 -4.82408 5.37
      vertex -2.61078 -4.52199 5.37
    endloop
  endfacet
  facet normal -0.442276 -0.896879 -0
    outer loop
      vertex -1.99818 -4.82408 5.37
      vertex -2.61078 -4.52199 5.31
      vertex -1.99818 -4.82408 5.31
    endloop
  endfacet
  facet normal 0.831462 -0.555582 0
    outer loop
      vertex 4.14252 -3.17868 5.37
      vertex 4.52199 -2.61078 5.31
      vertex 4.52199 -2.61078 5.37
    endloop
  endfacet
  facet normal 0.831462 -0.555582 0
    outer loop
      vertex 4.52199 -2.61078 5.31
      vertex 4.14252 -3.17868 5.37
      vertex 4.14252 -3.17868 5.31
    endloop
  endfacet
  facet normal 0.321428 -0.946934 0
    outer loop
      vertex 1.35141 -5.04362 5.31
      vertex 1.99818 -4.82408 5.37
      vertex 1.35141 -5.04362 5.37
    endloop
  endfacet
  facet normal 0.321428 -0.946934 0
    outer loop
      vertex 1.99818 -4.82408 5.37
      vertex 1.35141 -5.04362 5.31
      vertex 1.99818 -4.82408 5.31
    endloop
  endfacet
  facet normal 0.896879 0.442276 0
    outer loop
      vertex 4.82408 1.99818 5.37
      vertex 4.52199 2.61078 5.31
      vertex 4.52199 2.61078 5.37
    endloop
  endfacet
  facet normal 0.896879 0.442276 0
    outer loop
      vertex 4.52199 2.61078 5.31
      vertex 4.82408 1.99818 5.37
      vertex 4.82408 1.99818 5.31
    endloop
  endfacet
  facet normal -0.751831 0.659356 0
    outer loop
      vertex -4.14252 3.17868 5.31
      vertex -3.69218 3.69218 5.37
      vertex -3.69218 3.69218 5.31
    endloop
  endfacet
  facet normal -0.751831 0.659356 0
    outer loop
      vertex -3.69218 3.69218 5.37
      vertex -4.14252 3.17868 5.31
      vertex -4.14252 3.17868 5.37
    endloop
  endfacet
  facet normal 0.659356 0.751831 -0
    outer loop
      vertex 3.69218 3.69218 5.31
      vertex 3.17868 4.14252 5.37
      vertex 3.69218 3.69218 5.37
    endloop
  endfacet
  facet normal 0.659356 0.751831 0
    outer loop
      vertex 3.17868 4.14252 5.37
      vertex 3.69218 3.69218 5.31
      vertex 3.17868 4.14252 5.31
    endloop
  endfacet
  facet normal -0.195081 0.980787 0
    outer loop
      vertex -0.681534 5.17686 5.31
      vertex -1.35141 5.04362 5.37
      vertex -0.681534 5.17686 5.37
    endloop
  endfacet
  facet normal -0.195081 0.980787 0
    outer loop
      vertex -1.35141 5.04362 5.37
      vertex -0.681534 5.17686 5.31
      vertex -1.35141 5.04362 5.31
    endloop
  endfacet
  facet normal -0.0654176 0.997858 0
    outer loop
      vertex 0 5.22154 5.31
      vertex -0.681534 5.17686 5.37
      vertex 0 5.22154 5.37
    endloop
  endfacet
  facet normal -0.0654176 0.997858 0
    outer loop
      vertex -0.681534 5.17686 5.37
      vertex 0 5.22154 5.31
      vertex -0.681534 5.17686 5.31
    endloop
  endfacet
  facet normal 0.831462 0.555582 0
    outer loop
      vertex 4.52199 2.61078 5.37
      vertex 4.14252 3.17868 5.31
      vertex 4.14252 3.17868 5.37
    endloop
  endfacet
  facet normal 0.831462 0.555582 0
    outer loop
      vertex 4.14252 3.17868 5.31
      vertex 4.52199 2.61078 5.37
      vertex 4.52199 2.61078 5.31
    endloop
  endfacet
  facet normal 0.0654176 -0.997858 0
    outer loop
      vertex 0 -5.22154 5.31
      vertex 0.681534 -5.17686 5.37
      vertex 0 -5.22154 5.37
    endloop
  endfacet
  facet normal 0.0654176 -0.997858 0
    outer loop
      vertex 0.681534 -5.17686 5.37
      vertex 0 -5.22154 5.31
      vertex 0.681534 -5.17686 5.31
    endloop
  endfacet
  facet normal -0.321428 0.946934 0
    outer loop
      vertex -1.35141 5.04362 5.31
      vertex -1.99818 4.82408 5.37
      vertex -1.35141 5.04362 5.37
    endloop
  endfacet
  facet normal -0.321428 0.946934 0
    outer loop
      vertex -1.99818 4.82408 5.37
      vertex -1.35141 5.04362 5.31
      vertex -1.99818 4.82408 5.31
    endloop
  endfacet
  facet normal 0.555582 0.831462 -0
    outer loop
      vertex 3.17868 4.14252 5.31
      vertex 2.61078 4.52199 5.37
      vertex 3.17868 4.14252 5.37
    endloop
  endfacet
  facet normal 0.555582 0.831462 0
    outer loop
      vertex 2.61078 4.52199 5.37
      vertex 3.17868 4.14252 5.31
      vertex 2.61078 4.52199 5.31
    endloop
  endfacet
  facet normal -0.946934 0.321428 0
    outer loop
      vertex -5.04362 1.35141 5.31
      vertex -4.82408 1.99818 5.37
      vertex -4.82408 1.99818 5.31
    endloop
  endfacet
  facet normal -0.946934 0.321428 0
    outer loop
      vertex -4.82408 1.99818 5.37
      vertex -5.04362 1.35141 5.31
      vertex -5.04362 1.35141 5.37
    endloop
  endfacet
  facet normal -0.321428 -0.946934 0
    outer loop
      vertex -1.99818 -4.82408 5.31
      vertex -1.35141 -5.04362 5.37
      vertex -1.99818 -4.82408 5.37
    endloop
  endfacet
  facet normal -0.321428 -0.946934 -0
    outer loop
      vertex -1.35141 -5.04362 5.37
      vertex -1.99818 -4.82408 5.31
      vertex -1.35141 -5.04362 5.31
    endloop
  endfacet
  facet normal 0.980787 -0.195081 0
    outer loop
      vertex 5.04362 -1.35141 5.37
      vertex 5.17686 -0.681534 5.31
      vertex 5.17686 -0.681534 5.37
    endloop
  endfacet
  facet normal 0.980787 -0.195081 0
    outer loop
      vertex 5.17686 -0.681534 5.31
      vertex 5.04362 -1.35141 5.37
      vertex 5.04362 -1.35141 5.31
    endloop
  endfacet
  facet normal -0.980787 0.195081 0
    outer loop
      vertex -5.17686 0.681534 5.31
      vertex -5.04362 1.35141 5.37
      vertex -5.04362 1.35141 5.31
    endloop
  endfacet
  facet normal -0.980787 0.195081 0
    outer loop
      vertex -5.04362 1.35141 5.37
      vertex -5.17686 0.681534 5.31
      vertex -5.17686 0.681534 5.37
    endloop
  endfacet
  facet normal -0.997857 -0.0654279 0
    outer loop
      vertex -5.17686 -0.681534 5.31
      vertex -5.2 -0.32862 5.37
      vertex -5.2 -0.32862 5.31
    endloop
  endfacet
  facet normal -0.997857 -0.0654279 0
    outer loop
      vertex -5.2 -0.32862 5.37
      vertex -5.17686 -0.681534 5.31
      vertex -5.17686 -0.681534 5.37
    endloop
  endfacet
  facet normal -0.946934 -0.321428 0
    outer loop
      vertex -4.82408 -1.99818 5.31
      vertex -5.04362 -1.35141 5.37
      vertex -5.04362 -1.35141 5.31
    endloop
  endfacet
  facet normal -0.946934 -0.321428 0
    outer loop
      vertex -5.04362 -1.35141 5.37
      vertex -4.82408 -1.99818 5.31
      vertex -4.82408 -1.99818 5.37
    endloop
  endfacet
  facet normal -0.831462 -0.555582 0
    outer loop
      vertex -4.14252 -3.17868 5.31
      vertex -4.52199 -2.61078 5.37
      vertex -4.52199 -2.61078 5.31
    endloop
  endfacet
  facet normal -0.831462 -0.555582 0
    outer loop
      vertex -4.52199 -2.61078 5.37
      vertex -4.14252 -3.17868 5.31
      vertex -4.14252 -3.17868 5.37
    endloop
  endfacet
  facet normal 0.997858 0.0654176 0
    outer loop
      vertex 5.22154 0 5.37
      vertex 5.17686 0.681534 5.31
      vertex 5.17686 0.681534 5.37
    endloop
  endfacet
  facet normal 0.997858 0.0654176 0
    outer loop
      vertex 5.17686 0.681534 5.31
      vertex 5.22154 0 5.37
      vertex 5.22154 0 5.31
    endloop
  endfacet
  facet normal 0.946934 -0.321428 0
    outer loop
      vertex 4.82408 -1.99818 5.37
      vertex 5.04362 -1.35141 5.31
      vertex 5.04362 -1.35141 5.37
    endloop
  endfacet
  facet normal 0.946934 -0.321428 0
    outer loop
      vertex 5.04362 -1.35141 5.31
      vertex 4.82408 -1.99818 5.37
      vertex 4.82408 -1.99818 5.31
    endloop
  endfacet
  facet normal 0.946934 0.321428 0
    outer loop
      vertex 5.04362 1.35141 5.37
      vertex 4.82408 1.99818 5.31
      vertex 4.82408 1.99818 5.37
    endloop
  endfacet
  facet normal 0.946934 0.321428 0
    outer loop
      vertex 4.82408 1.99818 5.31
      vertex 5.04362 1.35141 5.37
      vertex 5.04362 1.35141 5.31
    endloop
  endfacet
  facet normal 0.442276 -0.896879 0
    outer loop
      vertex 1.99818 -4.82408 5.31
      vertex 2.61078 -4.52199 5.37
      vertex 1.99818 -4.82408 5.37
    endloop
  endfacet
  facet normal 0.442276 -0.896879 0
    outer loop
      vertex 2.61078 -4.52199 5.37
      vertex 1.99818 -4.82408 5.31
      vertex 2.61078 -4.52199 5.31
    endloop
  endfacet
  facet normal -0.659356 -0.751831 0
    outer loop
      vertex -3.69218 -3.69218 5.31
      vertex -3.17868 -4.14252 5.37
      vertex -3.69218 -3.69218 5.37
    endloop
  endfacet
  facet normal -0.659356 -0.751831 -0
    outer loop
      vertex -3.17868 -4.14252 5.37
      vertex -3.69218 -3.69218 5.31
      vertex -3.17868 -4.14252 5.31
    endloop
  endfacet
  facet normal 0.980787 0.195081 0
    outer loop
      vertex 5.17686 0.681534 5.37
      vertex 5.04362 1.35141 5.31
      vertex 5.04362 1.35141 5.37
    endloop
  endfacet
  facet normal 0.980787 0.195081 0
    outer loop
      vertex 5.04362 1.35141 5.31
      vertex 5.17686 0.681534 5.37
      vertex 5.17686 0.681534 5.31
    endloop
  endfacet
  facet normal 0 0 -1
    outer loop
      vertex 5.16142 0 5.31
      vertex 5.22154 0 5.31
      vertex 5.17686 -0.681534 5.31
    endloop
  endfacet
  facet normal 0 0 -1
    outer loop
      vertex 5.22154 0 5.31
      vertex 5.16142 0 5.31
      vertex 5.17686 0.681534 5.31
    endloop
  endfacet
  facet normal 0 0 -1
    outer loop
      vertex 5.17686 -0.681534 5.31
      vertex 5.11725 -0.673691 5.31
      vertex 5.16142 0 5.31
    endloop
  endfacet
  facet normal 0 0 -1
    outer loop
      vertex 5.04362 -1.35141 5.31
      vertex 5.11725 -0.673691 5.31
      vertex 5.17686 -0.681534 5.31
    endloop
  endfacet
  facet normal 0 0 -1
    outer loop
      vertex 5.04362 -1.35141 5.31
      vertex 4.98555 -1.33586 5.31
      vertex 5.11725 -0.673691 5.31
    endloop
  endfacet
  facet normal 0 0 -1
    outer loop
      vertex 4.82408 -1.99818 5.31
      vertex 4.98555 -1.33586 5.31
      vertex 5.04362 -1.35141 5.31
    endloop
  endfacet
  facet normal 0 0 -1
    outer loop
      vertex 4.82408 -1.99818 5.31
      vertex 4.76852 -1.97517 5.31
      vertex 4.98555 -1.33586 5.31
    endloop
  endfacet
  facet normal 0 0 -1
    outer loop
      vertex 4.52199 -2.61078 5.31
      vertex 4.76852 -1.97517 5.31
      vertex 4.82408 -1.99818 5.31
    endloop
  endfacet
  facet normal 0 0 -1
    outer loop
      vertex 4.52199 -2.61078 5.31
      vertex 4.46991 -2.5807 5.31
      vertex 4.76852 -1.97517 5.31
    endloop
  endfacet
  facet normal 0 0 -1
    outer loop
      vertex 4.14252 -3.17868 5.31
      vertex 4.46991 -2.5807 5.31
      vertex 4.52199 -2.61078 5.31
    endloop
  endfacet
  facet normal 0 0 -1
    outer loop
      vertex 4.14252 -3.17868 5.31
      vertex 4.09482 -3.14207 5.31
      vertex 4.46991 -2.5807 5.31
    endloop
  endfacet
  facet normal 0 0 -1
    outer loop
      vertex 3.69218 -3.69218 5.31
      vertex 4.09482 -3.14207 5.31
      vertex 4.14252 -3.17868 5.31
    endloop
  endfacet
  facet normal 0 0 -1
    outer loop
      vertex 3.69218 -3.69218 5.31
      vertex 3.64967 -3.64967 5.31
      vertex 4.09482 -3.14207 5.31
    endloop
  endfacet
  facet normal 0 0 -1
    outer loop
      vertex 3.17868 -4.14252 5.31
      vertex 3.64967 -3.64967 5.31
      vertex 3.69218 -3.69218 5.31
    endloop
  endfacet
  facet normal 0 0 -1
    outer loop
      vertex 3.17868 -4.14252 5.31
      vertex 3.14207 -4.09482 5.31
      vertex 3.64967 -3.64967 5.31
    endloop
  endfacet
  facet normal 0 0 -1
    outer loop
      vertex 2.61078 -4.52199 5.31
      vertex 3.14207 -4.09482 5.31
      vertex 3.17868 -4.14252 5.31
    endloop
  endfacet
  facet normal 0 0 -1
    outer loop
      vertex 2.61078 -4.52199 5.31
      vertex 2.5807 -4.46991 5.31
      vertex 3.14207 -4.09482 5.31
    endloop
  endfacet
  facet normal 0 0 -1
    outer loop
      vertex 1.99818 -4.82408 5.31
      vertex 2.5807 -4.46991 5.31
      vertex 2.61078 -4.52199 5.31
    endloop
  endfacet
  facet normal 0 0 -1
    outer loop
      vertex 1.99818 -4.82408 5.31
      vertex 1.97517 -4.76852 5.31
      vertex 2.5807 -4.46991 5.31
    endloop
  endfacet
  facet normal 0 0 -1
    outer loop
      vertex 1.35141 -5.04362 5.31
      vertex 1.97517 -4.76852 5.31
      vertex 1.99818 -4.82408 5.31
    endloop
  endfacet
  facet normal 0 0 -1
    outer loop
      vertex 1.35141 -5.04362 5.31
      vertex 1.33586 -4.98555 5.31
      vertex 1.97517 -4.76852 5.31
    endloop
  endfacet
  facet normal 0 0 -1
    outer loop
      vertex 0.681534 -5.17686 5.31
      vertex 1.33586 -4.98555 5.31
      vertex 1.35141 -5.04362 5.31
    endloop
  endfacet
  facet normal 0 0 -1
    outer loop
      vertex 0.681534 -5.17686 5.31
      vertex 0.673691 -5.11725 5.31
      vertex 1.33586 -4.98555 5.31
    endloop
  endfacet
  facet normal 0 0 -1
    outer loop
      vertex 0 -5.22154 5.31
      vertex 0.673691 -5.11725 5.31
      vertex 0.681534 -5.17686 5.31
    endloop
  endfacet
  facet normal 0 0 -1
    outer loop
      vertex 0 -5.22154 5.31
      vertex 0 -5.16142 5.31
      vertex 0.673691 -5.11725 5.31
    endloop
  endfacet
  facet normal 0 0 -1
    outer loop
      vertex 0 -5.22154 5.31
      vertex -0.673691 -5.11725 5.31
      vertex 0 -5.16142 5.31
    endloop
  endfacet
  facet normal 0 0 -1
    outer loop
      vertex -0.681534 -5.17686 5.31
      vertex -0.673691 -5.11725 5.31
      vertex 0 -5.22154 5.31
    endloop
  endfacet
  facet normal 0 0 -1
    outer loop
      vertex -0.681534 -5.17686 5.31
      vertex -1.33586 -4.98555 5.31
      vertex -0.673691 -5.11725 5.31
    endloop
  endfacet
  facet normal 0 0 -1
    outer loop
      vertex -1.35141 -5.04362 5.31
      vertex -1.33586 -4.98555 5.31
      vertex -0.681534 -5.17686 5.31
    endloop
  endfacet
  facet normal 0 0 -1
    outer loop
      vertex -1.35141 -5.04362 5.31
      vertex -1.97517 -4.76852 5.31
      vertex -1.33586 -4.98555 5.31
    endloop
  endfacet
  facet normal 0 0 -1
    outer loop
      vertex -1.99818 -4.82408 5.31
      vertex -1.97517 -4.76852 5.31
      vertex -1.35141 -5.04362 5.31
    endloop
  endfacet
  facet normal 0 0 -1
    outer loop
      vertex -1.99818 -4.82408 5.31
      vertex -2.5807 -4.46991 5.31
      vertex -1.97517 -4.76852 5.31
    endloop
  endfacet
  facet normal 0 0 -1
    outer loop
      vertex -2.61078 -4.52199 5.31
      vertex -2.5807 -4.46991 5.31
      vertex -1.99818 -4.82408 5.31
    endloop
  endfacet
  facet normal 0 0 -1
    outer loop
      vertex -2.61078 -4.52199 5.31
      vertex -3.14207 -4.09482 5.31
      vertex -2.5807 -4.46991 5.31
    endloop
  endfacet
  facet normal 0 0 -1
    outer loop
      vertex -3.17868 -4.14252 5.31
      vertex -3.14207 -4.09482 5.31
      vertex -2.61078 -4.52199 5.31
    endloop
  endfacet
  facet normal 0 0 -1
    outer loop
      vertex -3.17868 -4.14252 5.31
      vertex -3.64967 -3.64967 5.31
      vertex -3.14207 -4.09482 5.31
    endloop
  endfacet
  facet normal 0 0 -1
    outer loop
      vertex -3.69218 -3.69218 5.31
      vertex -3.64967 -3.64967 5.31
      vertex -3.17868 -4.14252 5.31
    endloop
  endfacet
  facet normal 0 0 -1
    outer loop
      vertex -3.69218 -3.69218 5.31
      vertex -4.09482 -3.14207 5.31
      vertex -3.64967 -3.64967 5.31
    endloop
  endfacet
  facet normal 0 0 -1
    outer loop
      vertex -4.14252 -3.17868 5.31
      vertex -4.09482 -3.14207 5.31
      vertex -3.69218 -3.69218 5.31
    endloop
  endfacet
  facet normal 0 0 -1
    outer loop
      vertex -4.14252 -3.17868 5.31
      vertex -4.46991 -2.5807 5.31
      vertex -4.09482 -3.14207 5.31
    endloop
  endfacet
  facet normal 0 0 -1
    outer loop
      vertex -4.52199 -2.61078 5.31
      vertex -4.46991 -2.5807 5.31
      vertex -4.14252 -3.17868 5.31
    endloop
  endfacet
  facet normal 0 0 -1
    outer loop
      vertex -4.52199 -2.61078 5.31
      vertex -4.76852 -1.97517 5.31
      vertex -4.46991 -2.5807 5.31
    endloop
  endfacet
  facet normal 0 0 -1
    outer loop
      vertex -4.82408 -1.99818 5.31
      vertex -4.76852 -1.97517 5.31
      vertex -4.52199 -2.61078 5.31
    endloop
  endfacet
  facet normal 0 0 -1
    outer loop
      vertex -4.82408 -1.99818 5.31
      vertex -4.98555 -1.33586 5.31
      vertex -4.76852 -1.97517 5.31
    endloop
  endfacet
  facet normal 0 0 -1
    outer loop
      vertex -5.04362 -1.35141 5.31
      vertex -4.98555 -1.33586 5.31
      vertex -4.82408 -1.99818 5.31
    endloop
  endfacet
  facet normal 0 0 -1
    outer loop
      vertex -5.04362 -1.35141 5.31
      vertex -5.11725 -0.673691 5.31
      vertex -4.98555 -1.33586 5.31
    endloop
  endfacet
  facet normal 0 0 -1
    outer loop
      vertex -5.2 -0.32862 5.31
      vertex -5.11725 -0.673691 5.31
      vertex -5.17686 -0.681534 5.31
    endloop
  endfacet
  facet normal 0 0 -1
    outer loop
      vertex -5.17686 -0.681534 5.31
      vertex -5.11725 -0.673691 5.31
      vertex -5.04362 -1.35141 5.31
    endloop
  endfacet
  facet normal 0 0 -1
    outer loop
      vertex 5.11725 0.673691 5.31
      vertex 5.17686 0.681534 5.31
      vertex 5.16142 0 5.31
    endloop
  endfacet
  facet normal 0 0 -1
    outer loop
      vertex 5.11725 0.673691 5.31
      vertex 5.04362 1.35141 5.31
      vertex 5.17686 0.681534 5.31
    endloop
  endfacet
  facet normal 0 0 -1
    outer loop
      vertex 4.98555 1.33586 5.31
      vertex 5.04362 1.35141 5.31
      vertex 5.11725 0.673691 5.31
    endloop
  endfacet
  facet normal 0 0 -1
    outer loop
      vertex 4.98555 1.33586 5.31
      vertex 4.82408 1.99818 5.31
      vertex 5.04362 1.35141 5.31
    endloop
  endfacet
  facet normal 0 0 -1
    outer loop
      vertex 4.76852 1.97517 5.31
      vertex 4.82408 1.99818 5.31
      vertex 4.98555 1.33586 5.31
    endloop
  endfacet
  facet normal 0 0 -1
    outer loop
      vertex 4.76852 1.97517 5.31
      vertex 4.52199 2.61078 5.31
      vertex 4.82408 1.99818 5.31
    endloop
  endfacet
  facet normal 0 0 -1
    outer loop
      vertex 4.46991 2.5807 5.31
      vertex 4.52199 2.61078 5.31
      vertex 4.76852 1.97517 5.31
    endloop
  endfacet
  facet normal 0 0 -1
    outer loop
      vertex 4.46991 2.5807 5.31
      vertex 4.14252 3.17868 5.31
      vertex 4.52199 2.61078 5.31
    endloop
  endfacet
  facet normal 0 0 -1
    outer loop
      vertex 4.09482 3.14207 5.31
      vertex 4.14252 3.17868 5.31
      vertex 4.46991 2.5807 5.31
    endloop
  endfacet
  facet normal 0 0 -1
    outer loop
      vertex 4.09482 3.14207 5.31
      vertex 3.69218 3.69218 5.31
      vertex 4.14252 3.17868 5.31
    endloop
  endfacet
  facet normal 0 0 -1
    outer loop
      vertex 3.64967 3.64967 5.31
      vertex 3.69218 3.69218 5.31
      vertex 4.09482 3.14207 5.31
    endloop
  endfacet
  facet normal 0 0 -1
    outer loop
      vertex 3.64967 3.64967 5.31
      vertex 3.17868 4.14252 5.31
      vertex 3.69218 3.69218 5.31
    endloop
  endfacet
  facet normal 0 0 -1
    outer loop
      vertex 3.14207 4.09482 5.31
      vertex 3.17868 4.14252 5.31
      vertex 3.64967 3.64967 5.31
    endloop
  endfacet
  facet normal 0 0 -1
    outer loop
      vertex 3.14207 4.09482 5.31
      vertex 2.61078 4.52199 5.31
      vertex 3.17868 4.14252 5.31
    endloop
  endfacet
  facet normal 0 0 -1
    outer loop
      vertex 2.5807 4.46991 5.31
      vertex 2.61078 4.52199 5.31
      vertex 3.14207 4.09482 5.31
    endloop
  endfacet
  facet normal 0 0 -1
    outer loop
      vertex 2.5807 4.46991 5.31
      vertex 1.99818 4.82408 5.31
      vertex 2.61078 4.52199 5.31
    endloop
  endfacet
  facet normal 0 0 -1
    outer loop
      vertex 1.97517 4.76852 5.31
      vertex 1.99818 4.82408 5.31
      vertex 2.5807 4.46991 5.31
    endloop
  endfacet
  facet normal 0 0 -1
    outer loop
      vertex 1.97517 4.76852 5.31
      vertex 1.35141 5.04362 5.31
      vertex 1.99818 4.82408 5.31
    endloop
  endfacet
  facet normal 0 0 -1
    outer loop
      vertex 1.33586 4.98555 5.31
      vertex 1.35141 5.04362 5.31
      vertex 1.97517 4.76852 5.31
    endloop
  endfacet
  facet normal 0 0 -1
    outer loop
      vertex 1.33586 4.98555 5.31
      vertex 0.681534 5.17686 5.31
      vertex 1.35141 5.04362 5.31
    endloop
  endfacet
  facet normal 0 0 -1
    outer loop
      vertex 0.673691 5.11725 5.31
      vertex 0.681534 5.17686 5.31
      vertex 1.33586 4.98555 5.31
    endloop
  endfacet
  facet normal 0 0 -1
    outer loop
      vertex 0 5.16142 5.31
      vertex 0.681534 5.17686 5.31
      vertex 0.673691 5.11725 5.31
    endloop
  endfacet
  facet normal 0 0 -1
    outer loop
      vertex 0 5.16142 5.31
      vertex 0 5.22154 5.31
      vertex 0.681534 5.17686 5.31
    endloop
  endfacet
  facet normal 0 0 -1
    outer loop
      vertex -0.673691 5.11725 5.31
      vertex 0 5.22154 5.31
      vertex 0 5.16142 5.31
    endloop
  endfacet
  facet normal 0 0 -1
    outer loop
      vertex -0.673691 5.11725 5.31
      vertex -0.681534 5.17686 5.31
      vertex 0 5.22154 5.31
    endloop
  endfacet
  facet normal 0 0 -1
    outer loop
      vertex -1.33586 4.98555 5.31
      vertex -0.681534 5.17686 5.31
      vertex -0.673691 5.11725 5.31
    endloop
  endfacet
  facet normal 0 0 -1
    outer loop
      vertex -1.33586 4.98555 5.31
      vertex -1.35141 5.04362 5.31
      vertex -0.681534 5.17686 5.31
    endloop
  endfacet
  facet normal 0 0 -1
    outer loop
      vertex -1.97517 4.76852 5.31
      vertex -1.35141 5.04362 5.31
      vertex -1.33586 4.98555 5.31
    endloop
  endfacet
  facet normal 0 0 -1
    outer loop
      vertex -1.97517 4.76852 5.31
      vertex -1.99818 4.82408 5.31
      vertex -1.35141 5.04362 5.31
    endloop
  endfacet
  facet normal 0 0 -1
    outer loop
      vertex -2.5807 4.46991 5.31
      vertex -1.99818 4.82408 5.31
      vertex -1.97517 4.76852 5.31
    endloop
  endfacet
  facet normal 0 0 -1
    outer loop
      vertex -2.5807 4.46991 5.31
      vertex -2.61078 4.52199 5.31
      vertex -1.99818 4.82408 5.31
    endloop
  endfacet
  facet normal 0 0 -1
    outer loop
      vertex -3.14207 4.09482 5.31
      vertex -2.61078 4.52199 5.31
      vertex -2.5807 4.46991 5.31
    endloop
  endfacet
  facet normal 0 0 -1
    outer loop
      vertex -3.14207 4.09482 5.31
      vertex -3.17868 4.14252 5.31
      vertex -2.61078 4.52199 5.31
    endloop
  endfacet
  facet normal 0 0 -1
    outer loop
      vertex -3.64967 3.64967 5.31
      vertex -3.17868 4.14252 5.31
      vertex -3.14207 4.09482 5.31
    endloop
  endfacet
  facet normal 0 0 -1
    outer loop
      vertex -3.64967 3.64967 5.31
      vertex -3.69218 3.69218 5.31
      vertex -3.17868 4.14252 5.31
    endloop
  endfacet
  facet normal 0 0 -1
    outer loop
      vertex -4.09482 3.14207 5.31
      vertex -3.69218 3.69218 5.31
      vertex -3.64967 3.64967 5.31
    endloop
  endfacet
  facet normal 0 0 -1
    outer loop
      vertex -4.09482 3.14207 5.31
      vertex -4.14252 3.17868 5.31
      vertex -3.69218 3.69218 5.31
    endloop
  endfacet
  facet normal 0 0 -1
    outer loop
      vertex -4.46991 2.5807 5.31
      vertex -4.14252 3.17868 5.31
      vertex -4.09482 3.14207 5.31
    endloop
  endfacet
  facet normal 0 0 -1
    outer loop
      vertex -4.46991 2.5807 5.31
      vertex -4.52199 2.61078 5.31
      vertex -4.14252 3.17868 5.31
    endloop
  endfacet
  facet normal 0 0 -1
    outer loop
      vertex -4.76852 1.97517 5.31
      vertex -4.52199 2.61078 5.31
      vertex -4.46991 2.5807 5.31
    endloop
  endfacet
  facet normal 0 0 -1
    outer loop
      vertex -4.76852 1.97517 5.31
      vertex -4.82408 1.99818 5.31
      vertex -4.52199 2.61078 5.31
    endloop
  endfacet
  facet normal 0 0 -1
    outer loop
      vertex -4.98555 1.33586 5.31
      vertex -4.82408 1.99818 5.31
      vertex -4.76852 1.97517 5.31
    endloop
  endfacet
  facet normal 0 0 -1
    outer loop
      vertex -4.98555 1.33586 5.31
      vertex -5.04362 1.35141 5.31
      vertex -4.82408 1.99818 5.31
    endloop
  endfacet
  facet normal 0 0 -1
    outer loop
      vertex -5.11725 0.673691 5.31
      vertex -5.04362 1.35141 5.31
      vertex -4.98555 1.33586 5.31
    endloop
  endfacet
  facet normal 0 0 -1
    outer loop
      vertex -5.11725 0.673691 5.31
      vertex -5.17686 0.681534 5.31
      vertex -5.04362 1.35141 5.31
    endloop
  endfacet
  facet normal 0 0 -1
    outer loop
      vertex -5.2 0.32862 5.31
      vertex -5.11725 0.673691 5.31
      vertex -5.16142 0 5.31
    endloop
  endfacet
  facet normal 0 0 -1
    outer loop
      vertex -5.11725 -0.673691 5.31
      vertex -5.2 -0.32862 5.31
      vertex -5.16142 0 5.31
    endloop
  endfacet
  facet normal 0 0 -1
    outer loop
      vertex -5.2 0.32862 5.31
      vertex -5.16142 0 5.31
      vertex -5.2 -0.32862 5.31
    endloop
  endfacet
  facet normal -0 0 -1
    outer loop
      vertex -5.11725 0.673691 5.31
      vertex -5.2 0.32862 5.31
      vertex -5.17686 0.681534 5.31
    endloop
  endfacet
  facet normal 0.321457 0.946924 -0
    outer loop
      vertex 1.97517 4.76852 5.25
      vertex 1.33586 4.98555 5.31
      vertex 1.97517 4.76852 5.31
    endloop
  endfacet
  facet normal 0.321457 0.946924 0
    outer loop
      vertex 1.33586 4.98555 5.31
      vertex 1.97517 4.76852 5.25
      vertex 1.33586 4.98555 5.25
    endloop
  endfacet
  facet normal 0.195071 0.980789 -0
    outer loop
      vertex 1.33586 4.98555 5.25
      vertex 0.673691 5.11725 5.31
      vertex 1.33586 4.98555 5.31
    endloop
  endfacet
  facet normal 0.195071 0.980789 0
    outer loop
      vertex 0.673691 5.11725 5.31
      vertex 1.33586 4.98555 5.25
      vertex 0.673691 5.11725 5.25
    endloop
  endfacet
  facet normal -0.896875 0.442284 0
    outer loop
      vertex -4.76852 1.97517 5.25
      vertex -4.46991 2.5807 5.31
      vertex -4.46991 2.5807 5.25
    endloop
  endfacet
  facet normal -0.896875 0.442284 0
    outer loop
      vertex -4.46991 2.5807 5.31
      vertex -4.76852 1.97517 5.25
      vertex -4.76852 1.97517 5.31
    endloop
  endfacet
  facet normal 0.442284 -0.896875 0
    outer loop
      vertex 1.97517 -4.76852 5.25
      vertex 2.5807 -4.46991 5.31
      vertex 1.97517 -4.76852 5.31
    endloop
  endfacet
  facet normal 0.442284 -0.896875 0
    outer loop
      vertex 2.5807 -4.46991 5.31
      vertex 1.97517 -4.76852 5.25
      vertex 2.5807 -4.46991 5.25
    endloop
  endfacet
  facet normal 0.0654237 0.997858 -0
    outer loop
      vertex 0.673691 5.11725 5.25
      vertex 0 5.16142 5.31
      vertex 0.673691 5.11725 5.31
    endloop
  endfacet
  facet normal 0.0654237 0.997858 0
    outer loop
      vertex 0 5.16142 5.31
      vertex 0.673691 5.11725 5.25
      vertex 0 5.16142 5.25
    endloop
  endfacet
  facet normal 0.0654237 -0.997858 0
    outer loop
      vertex 0 -5.16142 5.25
      vertex 0.673691 -5.11725 5.31
      vertex 0 -5.16142 5.31
    endloop
  endfacet
  facet normal 0.0654237 -0.997858 0
    outer loop
      vertex 0.673691 -5.11725 5.31
      vertex 0 -5.16142 5.25
      vertex 0.673691 -5.11725 5.25
    endloop
  endfacet
  facet normal 0.751842 0.659343 0
    outer loop
      vertex 4.09482 3.14207 5.31
      vertex 3.64967 3.64967 5.25
      vertex 3.64967 3.64967 5.31
    endloop
  endfacet
  facet normal 0.751842 0.659343 0
    outer loop
      vertex 3.64967 3.64967 5.25
      vertex 4.09482 3.14207 5.31
      vertex 4.09482 3.14207 5.25
    endloop
  endfacet
  facet normal 0.442284 0.896875 -0
    outer loop
      vertex 2.5807 4.46991 5.25
      vertex 1.97517 4.76852 5.31
      vertex 2.5807 4.46991 5.31
    endloop
  endfacet
  facet normal 0.442284 0.896875 0
    outer loop
      vertex 1.97517 4.76852 5.31
      vertex 2.5807 4.46991 5.25
      vertex 1.97517 4.76852 5.25
    endloop
  endfacet
  facet normal -0.751842 0.659343 0
    outer loop
      vertex -4.09482 3.14207 5.25
      vertex -3.64967 3.64967 5.31
      vertex -3.64967 3.64967 5.25
    endloop
  endfacet
  facet normal -0.751842 0.659343 0
    outer loop
      vertex -3.64967 3.64967 5.31
      vertex -4.09482 3.14207 5.25
      vertex -4.09482 3.14207 5.31
    endloop
  endfacet
  facet normal -0.555565 -0.831473 0
    outer loop
      vertex -3.14207 -4.09482 5.25
      vertex -2.5807 -4.46991 5.31
      vertex -3.14207 -4.09482 5.31
    endloop
  endfacet
  facet normal -0.555565 -0.831473 -0
    outer loop
      vertex -2.5807 -4.46991 5.31
      vertex -3.14207 -4.09482 5.25
      vertex -2.5807 -4.46991 5.25
    endloop
  endfacet
  facet normal 0.896875 0.442284 0
    outer loop
      vertex 4.76852 1.97517 5.31
      vertex 4.46991 2.5807 5.25
      vertex 4.46991 2.5807 5.31
    endloop
  endfacet
  facet normal 0.896875 0.442284 0
    outer loop
      vertex 4.46991 2.5807 5.25
      vertex 4.76852 1.97517 5.31
      vertex 4.76852 1.97517 5.25
    endloop
  endfacet
  facet normal -0.442284 0.896875 0
    outer loop
      vertex -1.97517 4.76852 5.25
      vertex -2.5807 4.46991 5.31
      vertex -1.97517 4.76852 5.31
    endloop
  endfacet
  facet normal -0.442284 0.896875 0
    outer loop
      vertex -2.5807 4.46991 5.31
      vertex -1.97517 4.76852 5.25
      vertex -2.5807 4.46991 5.25
    endloop
  endfacet
  facet normal 0.555565 -0.831473 0
    outer loop
      vertex 2.5807 -4.46991 5.25
      vertex 3.14207 -4.09482 5.31
      vertex 2.5807 -4.46991 5.31
    endloop
  endfacet
  facet normal 0.555565 -0.831473 0
    outer loop
      vertex 3.14207 -4.09482 5.31
      vertex 2.5807 -4.46991 5.25
      vertex 3.14207 -4.09482 5.25
    endloop
  endfacet
  facet normal -0.321457 0.946924 0
    outer loop
      vertex -1.33586 4.98555 5.25
      vertex -1.97517 4.76852 5.31
      vertex -1.33586 4.98555 5.31
    endloop
  endfacet
  facet normal -0.321457 0.946924 0
    outer loop
      vertex -1.97517 4.76852 5.31
      vertex -1.33586 4.98555 5.25
      vertex -1.97517 4.76852 5.25
    endloop
  endfacet
  facet normal -0.946924 0.321457 0
    outer loop
      vertex -4.98555 1.33586 5.25
      vertex -4.76852 1.97517 5.31
      vertex -4.76852 1.97517 5.25
    endloop
  endfacet
  facet normal -0.946924 0.321457 0
    outer loop
      vertex -4.76852 1.97517 5.31
      vertex -4.98555 1.33586 5.25
      vertex -4.98555 1.33586 5.31
    endloop
  endfacet
  facet normal -0.442284 -0.896875 0
    outer loop
      vertex -2.5807 -4.46991 5.25
      vertex -1.97517 -4.76852 5.31
      vertex -2.5807 -4.46991 5.31
    endloop
  endfacet
  facet normal -0.442284 -0.896875 -0
    outer loop
      vertex -1.97517 -4.76852 5.31
      vertex -2.5807 -4.46991 5.25
      vertex -1.97517 -4.76852 5.25
    endloop
  endfacet
  facet normal -0.195071 -0.980789 0
    outer loop
      vertex -1.33586 -4.98555 5.25
      vertex -0.673691 -5.11725 5.31
      vertex -1.33586 -4.98555 5.31
    endloop
  endfacet
  facet normal -0.195071 -0.980789 -0
    outer loop
      vertex -0.673691 -5.11725 5.31
      vertex -1.33586 -4.98555 5.25
      vertex -0.673691 -5.11725 5.25
    endloop
  endfacet
  facet normal 0.980789 0.195071 0
    outer loop
      vertex 5.11725 0.673691 5.31
      vertex 4.98555 1.33586 5.25
      vertex 4.98555 1.33586 5.31
    endloop
  endfacet
  facet normal 0.980789 0.195071 0
    outer loop
      vertex 4.98555 1.33586 5.25
      vertex 5.11725 0.673691 5.31
      vertex 5.11725 0.673691 5.25
    endloop
  endfacet
  facet normal 0.896875 -0.442284 0
    outer loop
      vertex 4.46991 -2.5807 5.31
      vertex 4.76852 -1.97517 5.25
      vertex 4.76852 -1.97517 5.31
    endloop
  endfacet
  facet normal 0.896875 -0.442284 0
    outer loop
      vertex 4.76852 -1.97517 5.25
      vertex 4.46991 -2.5807 5.31
      vertex 4.46991 -2.5807 5.25
    endloop
  endfacet
  facet normal -0.831473 0.555565 0
    outer loop
      vertex -4.46991 2.5807 5.25
      vertex -4.09482 3.14207 5.31
      vertex -4.09482 3.14207 5.25
    endloop
  endfacet
  facet normal -0.831473 0.555565 0
    outer loop
      vertex -4.09482 3.14207 5.31
      vertex -4.46991 2.5807 5.25
      vertex -4.46991 2.5807 5.31
    endloop
  endfacet
  facet normal 0.997858 -0.0654237 0
    outer loop
      vertex 5.11725 -0.673691 5.31
      vertex 5.16142 0 5.25
      vertex 5.16142 0 5.31
    endloop
  endfacet
  facet normal 0.997858 -0.0654237 0
    outer loop
      vertex 5.16142 0 5.25
      vertex 5.11725 -0.673691 5.31
      vertex 5.11725 -0.673691 5.25
    endloop
  endfacet
  facet normal -0.997858 -0.0654237 0
    outer loop
      vertex -5.11725 -0.673691 5.25
      vertex -5.16142 0 5.31
      vertex -5.16142 0 5.25
    endloop
  endfacet
  facet normal -0.997858 -0.0654237 0
    outer loop
      vertex -5.16142 0 5.31
      vertex -5.11725 -0.673691 5.25
      vertex -5.11725 -0.673691 5.31
    endloop
  endfacet
  facet normal -0.659343 -0.751842 0
    outer loop
      vertex -3.64967 -3.64967 5.25
      vertex -3.14207 -4.09482 5.31
      vertex -3.64967 -3.64967 5.31
    endloop
  endfacet
  facet normal -0.659343 -0.751842 -0
    outer loop
      vertex -3.14207 -4.09482 5.31
      vertex -3.64967 -3.64967 5.25
      vertex -3.14207 -4.09482 5.25
    endloop
  endfacet
  facet normal -0.555565 0.831473 0
    outer loop
      vertex -2.5807 4.46991 5.25
      vertex -3.14207 4.09482 5.31
      vertex -2.5807 4.46991 5.31
    endloop
  endfacet
  facet normal -0.555565 0.831473 0
    outer loop
      vertex -3.14207 4.09482 5.31
      vertex -2.5807 4.46991 5.25
      vertex -3.14207 4.09482 5.25
    endloop
  endfacet
  facet normal 0.997858 0.0654237 0
    outer loop
      vertex 5.16142 0 5.31
      vertex 5.11725 0.673691 5.25
      vertex 5.11725 0.673691 5.31
    endloop
  endfacet
  facet normal 0.997858 0.0654237 0
    outer loop
      vertex 5.11725 0.673691 5.25
      vertex 5.16142 0 5.31
      vertex 5.16142 0 5.25
    endloop
  endfacet
  facet normal 0 0 -1
    outer loop
      vertex 5.10129 0 5.25
      vertex 5.16142 0 5.25
      vertex 5.11725 -0.673691 5.25
    endloop
  endfacet
  facet normal 0 0 -1
    outer loop
      vertex 5.16142 0 5.25
      vertex 5.10129 0 5.25
      vertex 5.11725 0.673691 5.25
    endloop
  endfacet
  facet normal 0 0 -1
    outer loop
      vertex 5.11725 -0.673691 5.25
      vertex 5.05763 -0.665848 5.25
      vertex 5.10129 0 5.25
    endloop
  endfacet
  facet normal 0 0 -1
    outer loop
      vertex 4.98555 -1.33586 5.25
      vertex 5.05763 -0.665848 5.25
      vertex 5.11725 -0.673691 5.25
    endloop
  endfacet
  facet normal 0 0 -1
    outer loop
      vertex 4.98555 -1.33586 5.25
      vertex 4.92746 -1.3203 5.25
      vertex 5.05763 -0.665848 5.25
    endloop
  endfacet
  facet normal 0 0 -1
    outer loop
      vertex 4.76852 -1.97517 5.25
      vertex 4.92746 -1.3203 5.25
      vertex 4.98555 -1.33586 5.25
    endloop
  endfacet
  facet normal 0 0 -1
    outer loop
      vertex 4.76852 -1.97517 5.25
      vertex 4.71297 -1.95216 5.25
      vertex 4.92746 -1.3203 5.25
    endloop
  endfacet
  facet normal 0 0 -1
    outer loop
      vertex 4.46991 -2.5807 5.25
      vertex 4.71297 -1.95216 5.25
      vertex 4.76852 -1.97517 5.25
    endloop
  endfacet
  facet normal 0 0 -1
    outer loop
      vertex 4.46991 -2.5807 5.25
      vertex 4.41785 -2.55064 5.25
      vertex 4.71297 -1.95216 5.25
    endloop
  endfacet
  facet normal 0 0 -1
    outer loop
      vertex 4.09482 -3.14207 5.25
      vertex 4.41785 -2.55064 5.25
      vertex 4.46991 -2.5807 5.25
    endloop
  endfacet
  facet normal 0 0 -1
    outer loop
      vertex 4.09482 -3.14207 5.25
      vertex 4.04712 -3.10547 5.25
      vertex 4.41785 -2.55064 5.25
    endloop
  endfacet
  facet normal 0 0 -1
    outer loop
      vertex 3.64967 -3.64967 5.25
      vertex 4.04712 -3.10547 5.25
      vertex 4.09482 -3.14207 5.25
    endloop
  endfacet
  facet normal 0 0 -1
    outer loop
      vertex 3.64967 -3.64967 5.25
      vertex 3.60715 -3.60715 5.25
      vertex 4.04712 -3.10547 5.25
    endloop
  endfacet
  facet normal 0 0 -1
    outer loop
      vertex 3.14207 -4.09482 5.25
      vertex 3.60715 -3.60715 5.25
      vertex 3.64967 -3.64967 5.25
    endloop
  endfacet
  facet normal 0 0 -1
    outer loop
      vertex 3.14207 -4.09482 5.25
      vertex 3.10547 -4.04712 5.25
      vertex 3.60715 -3.60715 5.25
    endloop
  endfacet
  facet normal 0 0 -1
    outer loop
      vertex 2.5807 -4.46991 5.25
      vertex 3.10547 -4.04712 5.25
      vertex 3.14207 -4.09482 5.25
    endloop
  endfacet
  facet normal 0 0 -1
    outer loop
      vertex 2.5807 -4.46991 5.25
      vertex 2.55064 -4.41785 5.25
      vertex 3.10547 -4.04712 5.25
    endloop
  endfacet
  facet normal 0 0 -1
    outer loop
      vertex 1.97517 -4.76852 5.25
      vertex 2.55064 -4.41785 5.25
      vertex 2.5807 -4.46991 5.25
    endloop
  endfacet
  facet normal 0 0 -1
    outer loop
      vertex 1.97517 -4.76852 5.25
      vertex 1.95216 -4.71297 5.25
      vertex 2.55064 -4.41785 5.25
    endloop
  endfacet
  facet normal 0 0 -1
    outer loop
      vertex 1.33586 -4.98555 5.25
      vertex 1.95216 -4.71297 5.25
      vertex 1.97517 -4.76852 5.25
    endloop
  endfacet
  facet normal 0 0 -1
    outer loop
      vertex 1.33586 -4.98555 5.25
      vertex 1.3203 -4.92746 5.25
      vertex 1.95216 -4.71297 5.25
    endloop
  endfacet
  facet normal 0 0 -1
    outer loop
      vertex 0.673691 -5.11725 5.25
      vertex 1.3203 -4.92746 5.25
      vertex 1.33586 -4.98555 5.25
    endloop
  endfacet
  facet normal 0 0 -1
    outer loop
      vertex 0.673691 -5.11725 5.25
      vertex 0.665848 -5.05763 5.25
      vertex 1.3203 -4.92746 5.25
    endloop
  endfacet
  facet normal 0 0 -1
    outer loop
      vertex 0 -5.16142 5.25
      vertex 0.665848 -5.05763 5.25
      vertex 0.673691 -5.11725 5.25
    endloop
  endfacet
  facet normal 0 0 -1
    outer loop
      vertex 0 -5.16142 5.25
      vertex 0 -5.10129 5.25
      vertex 0.665848 -5.05763 5.25
    endloop
  endfacet
  facet normal 0 0 -1
    outer loop
      vertex 0 -5.16142 5.25
      vertex -0.665848 -5.05763 5.25
      vertex 0 -5.10129 5.25
    endloop
  endfacet
  facet normal 0 0 -1
    outer loop
      vertex -0.673691 -5.11725 5.25
      vertex -0.665848 -5.05763 5.25
      vertex 0 -5.16142 5.25
    endloop
  endfacet
  facet normal 0 0 -1
    outer loop
      vertex -0.673691 -5.11725 5.25
      vertex -1.3203 -4.92746 5.25
      vertex -0.665848 -5.05763 5.25
    endloop
  endfacet
  facet normal 0 0 -1
    outer loop
      vertex -1.33586 -4.98555 5.25
      vertex -1.3203 -4.92746 5.25
      vertex -0.673691 -5.11725 5.25
    endloop
  endfacet
  facet normal 0 0 -1
    outer loop
      vertex -1.33586 -4.98555 5.25
      vertex -1.95216 -4.71297 5.25
      vertex -1.3203 -4.92746 5.25
    endloop
  endfacet
  facet normal 0 0 -1
    outer loop
      vertex -1.97517 -4.76852 5.25
      vertex -1.95216 -4.71297 5.25
      vertex -1.33586 -4.98555 5.25
    endloop
  endfacet
  facet normal 0 0 -1
    outer loop
      vertex -1.97517 -4.76852 5.25
      vertex -2.55064 -4.41785 5.25
      vertex -1.95216 -4.71297 5.25
    endloop
  endfacet
  facet normal 0 0 -1
    outer loop
      vertex -2.5807 -4.46991 5.25
      vertex -2.55064 -4.41785 5.25
      vertex -1.97517 -4.76852 5.25
    endloop
  endfacet
  facet normal 0 0 -1
    outer loop
      vertex -2.5807 -4.46991 5.25
      vertex -3.10547 -4.04712 5.25
      vertex -2.55064 -4.41785 5.25
    endloop
  endfacet
  facet normal 0 0 -1
    outer loop
      vertex -3.14207 -4.09482 5.25
      vertex -3.10547 -4.04712 5.25
      vertex -2.5807 -4.46991 5.25
    endloop
  endfacet
  facet normal 0 0 -1
    outer loop
      vertex -3.14207 -4.09482 5.25
      vertex -3.60715 -3.60715 5.25
      vertex -3.10547 -4.04712 5.25
    endloop
  endfacet
  facet normal 0 0 -1
    outer loop
      vertex -3.64967 -3.64967 5.25
      vertex -3.60715 -3.60715 5.25
      vertex -3.14207 -4.09482 5.25
    endloop
  endfacet
  facet normal 0 0 -1
    outer loop
      vertex -3.64967 -3.64967 5.25
      vertex -4.04712 -3.10547 5.25
      vertex -3.60715 -3.60715 5.25
    endloop
  endfacet
  facet normal 0 0 -1
    outer loop
      vertex -4.09482 -3.14207 5.25
      vertex -4.04712 -3.10547 5.25
      vertex -3.64967 -3.64967 5.25
    endloop
  endfacet
  facet normal 0 0 -1
    outer loop
      vertex -4.09482 -3.14207 5.25
      vertex -4.41785 -2.55064 5.25
      vertex -4.04712 -3.10547 5.25
    endloop
  endfacet
  facet normal 0 0 -1
    outer loop
      vertex -4.46991 -2.5807 5.25
      vertex -4.41785 -2.55064 5.25
      vertex -4.09482 -3.14207 5.25
    endloop
  endfacet
  facet normal 0 0 -1
    outer loop
      vertex -4.46991 -2.5807 5.25
      vertex -4.71297 -1.95216 5.25
      vertex -4.41785 -2.55064 5.25
    endloop
  endfacet
  facet normal 0 0 -1
    outer loop
      vertex -4.76852 -1.97517 5.25
      vertex -4.71297 -1.95216 5.25
      vertex -4.46991 -2.5807 5.25
    endloop
  endfacet
  facet normal 0 0 -1
    outer loop
      vertex -4.76852 -1.97517 5.25
      vertex -4.92746 -1.3203 5.25
      vertex -4.71297 -1.95216 5.25
    endloop
  endfacet
  facet normal 0 0 -1
    outer loop
      vertex -4.98555 -1.33586 5.25
      vertex -4.92746 -1.3203 5.25
      vertex -4.76852 -1.97517 5.25
    endloop
  endfacet
  facet normal 0 0 -1
    outer loop
      vertex -4.98555 -1.33586 5.25
      vertex -5.05763 -0.665848 5.25
      vertex -4.92746 -1.3203 5.25
    endloop
  endfacet
  facet normal -0 0 -1
    outer loop
      vertex -5.05763 -0.665848 5.25
      vertex -5.11725 -0.673691 5.25
      vertex -5.10129 0 5.25
    endloop
  endfacet
  facet normal 0 0 -1
    outer loop
      vertex -5.11725 -0.673691 5.25
      vertex -5.05763 -0.665848 5.25
      vertex -4.98555 -1.33586 5.25
    endloop
  endfacet
  facet normal 0 0 -1
    outer loop
      vertex 5.05763 0.665848 5.25
      vertex 5.11725 0.673691 5.25
      vertex 5.10129 0 5.25
    endloop
  endfacet
  facet normal 0 0 -1
    outer loop
      vertex 5.05763 0.665848 5.25
      vertex 4.98555 1.33586 5.25
      vertex 5.11725 0.673691 5.25
    endloop
  endfacet
  facet normal 0 0 -1
    outer loop
      vertex 4.92746 1.3203 5.25
      vertex 4.98555 1.33586 5.25
      vertex 5.05763 0.665848 5.25
    endloop
  endfacet
  facet normal 0 0 -1
    outer loop
      vertex 4.92746 1.3203 5.25
      vertex 4.76852 1.97517 5.25
      vertex 4.98555 1.33586 5.25
    endloop
  endfacet
  facet normal 0 0 -1
    outer loop
      vertex 4.71297 1.95216 5.25
      vertex 4.76852 1.97517 5.25
      vertex 4.92746 1.3203 5.25
    endloop
  endfacet
  facet normal 0 0 -1
    outer loop
      vertex 4.71297 1.95216 5.25
      vertex 4.46991 2.5807 5.25
      vertex 4.76852 1.97517 5.25
    endloop
  endfacet
  facet normal 0 0 -1
    outer loop
      vertex 4.41785 2.55064 5.25
      vertex 4.46991 2.5807 5.25
      vertex 4.71297 1.95216 5.25
    endloop
  endfacet
  facet normal 0 0 -1
    outer loop
      vertex 4.41785 2.55064 5.25
      vertex 4.09482 3.14207 5.25
      vertex 4.46991 2.5807 5.25
    endloop
  endfacet
  facet normal 0 0 -1
    outer loop
      vertex 4.04712 3.10547 5.25
      vertex 4.09482 3.14207 5.25
      vertex 4.41785 2.55064 5.25
    endloop
  endfacet
  facet normal 0 0 -1
    outer loop
      vertex 4.04712 3.10547 5.25
      vertex 3.64967 3.64967 5.25
      vertex 4.09482 3.14207 5.25
    endloop
  endfacet
  facet normal 0 0 -1
    outer loop
      vertex 3.60715 3.60715 5.25
      vertex 3.64967 3.64967 5.25
      vertex 4.04712 3.10547 5.25
    endloop
  endfacet
  facet normal 0 0 -1
    outer loop
      vertex 3.60715 3.60715 5.25
      vertex 3.14207 4.09482 5.25
      vertex 3.64967 3.64967 5.25
    endloop
  endfacet
  facet normal 0 0 -1
    outer loop
      vertex 3.10547 4.04712 5.25
      vertex 3.14207 4.09482 5.25
      vertex 3.60715 3.60715 5.25
    endloop
  endfacet
  facet normal 0 0 -1
    outer loop
      vertex 3.10547 4.04712 5.25
      vertex 2.5807 4.46991 5.25
      vertex 3.14207 4.09482 5.25
    endloop
  endfacet
  facet normal 0 0 -1
    outer loop
      vertex 2.55064 4.41785 5.25
      vertex 2.5807 4.46991 5.25
      vertex 3.10547 4.04712 5.25
    endloop
  endfacet
  facet normal 0 0 -1
    outer loop
      vertex 2.55064 4.41785 5.25
      vertex 1.97517 4.76852 5.25
      vertex 2.5807 4.46991 5.25
    endloop
  endfacet
  facet normal 0 0 -1
    outer loop
      vertex 1.95216 4.71297 5.25
      vertex 1.97517 4.76852 5.25
      vertex 2.55064 4.41785 5.25
    endloop
  endfacet
  facet normal 0 0 -1
    outer loop
      vertex 1.95216 4.71297 5.25
      vertex 1.33586 4.98555 5.25
      vertex 1.97517 4.76852 5.25
    endloop
  endfacet
  facet normal 0 0 -1
    outer loop
      vertex 1.3203 4.92746 5.25
      vertex 1.33586 4.98555 5.25
      vertex 1.95216 4.71297 5.25
    endloop
  endfacet
  facet normal 0 0 -1
    outer loop
      vertex 1.3203 4.92746 5.25
      vertex 0.673691 5.11725 5.25
      vertex 1.33586 4.98555 5.25
    endloop
  endfacet
  facet normal 0 0 -1
    outer loop
      vertex 0.665848 5.05763 5.25
      vertex 0.673691 5.11725 5.25
      vertex 1.3203 4.92746 5.25
    endloop
  endfacet
  facet normal 0 0 -1
    outer loop
      vertex 0 5.10129 5.25
      vertex 0.673691 5.11725 5.25
      vertex 0.665848 5.05763 5.25
    endloop
  endfacet
  facet normal 0 0 -1
    outer loop
      vertex 0 5.10129 5.25
      vertex 0 5.16142 5.25
      vertex 0.673691 5.11725 5.25
    endloop
  endfacet
  facet normal 0 0 -1
    outer loop
      vertex -0.665848 5.05763 5.25
      vertex 0 5.16142 5.25
      vertex 0 5.10129 5.25
    endloop
  endfacet
  facet normal 0 0 -1
    outer loop
      vertex -0.665848 5.05763 5.25
      vertex -0.673691 5.11725 5.25
      vertex 0 5.16142 5.25
    endloop
  endfacet
  facet normal 0 0 -1
    outer loop
      vertex -1.3203 4.92746 5.25
      vertex -0.673691 5.11725 5.25
      vertex -0.665848 5.05763 5.25
    endloop
  endfacet
  facet normal 0 0 -1
    outer loop
      vertex -1.3203 4.92746 5.25
      vertex -1.33586 4.98555 5.25
      vertex -0.673691 5.11725 5.25
    endloop
  endfacet
  facet normal 0 0 -1
    outer loop
      vertex -1.95216 4.71297 5.25
      vertex -1.33586 4.98555 5.25
      vertex -1.3203 4.92746 5.25
    endloop
  endfacet
  facet normal 0 0 -1
    outer loop
      vertex -1.95216 4.71297 5.25
      vertex -1.97517 4.76852 5.25
      vertex -1.33586 4.98555 5.25
    endloop
  endfacet
  facet normal 0 0 -1
    outer loop
      vertex -2.55064 4.41785 5.25
      vertex -1.97517 4.76852 5.25
      vertex -1.95216 4.71297 5.25
    endloop
  endfacet
  facet normal 0 0 -1
    outer loop
      vertex -2.55064 4.41785 5.25
      vertex -2.5807 4.46991 5.25
      vertex -1.97517 4.76852 5.25
    endloop
  endfacet
  facet normal 0 0 -1
    outer loop
      vertex -3.10547 4.04712 5.25
      vertex -2.5807 4.46991 5.25
      vertex -2.55064 4.41785 5.25
    endloop
  endfacet
  facet normal 0 0 -1
    outer loop
      vertex -3.10547 4.04712 5.25
      vertex -3.14207 4.09482 5.25
      vertex -2.5807 4.46991 5.25
    endloop
  endfacet
  facet normal 0 0 -1
    outer loop
      vertex -3.60715 3.60715 5.25
      vertex -3.14207 4.09482 5.25
      vertex -3.10547 4.04712 5.25
    endloop
  endfacet
  facet normal 0 0 -1
    outer loop
      vertex -3.60715 3.60715 5.25
      vertex -3.64967 3.64967 5.25
      vertex -3.14207 4.09482 5.25
    endloop
  endfacet
  facet normal 0 0 -1
    outer loop
      vertex -4.04712 3.10547 5.25
      vertex -3.64967 3.64967 5.25
      vertex -3.60715 3.60715 5.25
    endloop
  endfacet
  facet normal 0 0 -1
    outer loop
      vertex -4.04712 3.10547 5.25
      vertex -4.09482 3.14207 5.25
      vertex -3.64967 3.64967 5.25
    endloop
  endfacet
  facet normal 0 0 -1
    outer loop
      vertex -4.41785 2.55064 5.25
      vertex -4.09482 3.14207 5.25
      vertex -4.04712 3.10547 5.25
    endloop
  endfacet
  facet normal 0 0 -1
    outer loop
      vertex -4.41785 2.55064 5.25
      vertex -4.46991 2.5807 5.25
      vertex -4.09482 3.14207 5.25
    endloop
  endfacet
  facet normal 0 0 -1
    outer loop
      vertex -4.71297 1.95216 5.25
      vertex -4.46991 2.5807 5.25
      vertex -4.41785 2.55064 5.25
    endloop
  endfacet
  facet normal 0 0 -1
    outer loop
      vertex -4.71297 1.95216 5.25
      vertex -4.76852 1.97517 5.25
      vertex -4.46991 2.5807 5.25
    endloop
  endfacet
  facet normal 0 0 -1
    outer loop
      vertex -4.92746 1.3203 5.25
      vertex -4.76852 1.97517 5.25
      vertex -4.71297 1.95216 5.25
    endloop
  endfacet
  facet normal 0 0 -1
    outer loop
      vertex -4.92746 1.3203 5.25
      vertex -4.98555 1.33586 5.25
      vertex -4.76852 1.97517 5.25
    endloop
  endfacet
  facet normal 0 0 -1
    outer loop
      vertex -5.05763 0.665848 5.25
      vertex -4.98555 1.33586 5.25
      vertex -4.92746 1.3203 5.25
    endloop
  endfacet
  facet normal 0 0 -1
    outer loop
      vertex -5.05763 0.665848 5.25
      vertex -5.11725 0.673691 5.25
      vertex -4.98555 1.33586 5.25
    endloop
  endfacet
  facet normal 0 0 -1
    outer loop
      vertex -5.10129 0 5.25
      vertex -5.11725 0.673691 5.25
      vertex -5.05763 0.665848 5.25
    endloop
  endfacet
  facet normal 0 0 -1
    outer loop
      vertex -5.16142 0 5.25
      vertex -5.10129 0 5.25
      vertex -5.11725 -0.673691 5.25
    endloop
  endfacet
  facet normal 0 0 -1
    outer loop
      vertex -5.10129 0 5.25
      vertex -5.16142 0 5.25
      vertex -5.11725 0.673691 5.25
    endloop
  endfacet
  facet normal -0.0654237 0.997858 0
    outer loop
      vertex 0 5.16142 5.25
      vertex -0.673691 5.11725 5.31
      vertex 0 5.16142 5.31
    endloop
  endfacet
  facet normal -0.0654237 0.997858 0
    outer loop
      vertex -0.673691 5.11725 5.31
      vertex 0 5.16142 5.25
      vertex -0.673691 5.11725 5.25
    endloop
  endfacet
  facet normal -0.321457 -0.946924 0
    outer loop
      vertex -1.97517 -4.76852 5.25
      vertex -1.33586 -4.98555 5.31
      vertex -1.97517 -4.76852 5.31
    endloop
  endfacet
  facet normal -0.321457 -0.946924 -0
    outer loop
      vertex -1.33586 -4.98555 5.31
      vertex -1.97517 -4.76852 5.25
      vertex -1.33586 -4.98555 5.25
    endloop
  endfacet
  facet normal -0.980789 0.195071 0
    outer loop
      vertex -5.11725 0.673691 5.25
      vertex -4.98555 1.33586 5.31
      vertex -4.98555 1.33586 5.25
    endloop
  endfacet
  facet normal -0.980789 0.195071 0
    outer loop
      vertex -4.98555 1.33586 5.31
      vertex -5.11725 0.673691 5.25
      vertex -5.11725 0.673691 5.31
    endloop
  endfacet
  facet normal -0.980789 -0.195071 0
    outer loop
      vertex -4.98555 -1.33586 5.25
      vertex -5.11725 -0.673691 5.31
      vertex -5.11725 -0.673691 5.25
    endloop
  endfacet
  facet normal -0.980789 -0.195071 0
    outer loop
      vertex -5.11725 -0.673691 5.31
      vertex -4.98555 -1.33586 5.25
      vertex -4.98555 -1.33586 5.31
    endloop
  endfacet
  facet normal 0.831473 0.555565 0
    outer loop
      vertex 4.46991 2.5807 5.31
      vertex 4.09482 3.14207 5.25
      vertex 4.09482 3.14207 5.31
    endloop
  endfacet
  facet normal 0.831473 0.555565 0
    outer loop
      vertex 4.09482 3.14207 5.25
      vertex 4.46991 2.5807 5.31
      vertex 4.46991 2.5807 5.25
    endloop
  endfacet
  facet normal 0.751842 -0.659343 0
    outer loop
      vertex 3.64967 -3.64967 5.31
      vertex 4.09482 -3.14207 5.25
      vertex 4.09482 -3.14207 5.31
    endloop
  endfacet
  facet normal 0.751842 -0.659343 0
    outer loop
      vertex 4.09482 -3.14207 5.25
      vertex 3.64967 -3.64967 5.31
      vertex 3.64967 -3.64967 5.25
    endloop
  endfacet
  facet normal 0.195071 -0.980789 0
    outer loop
      vertex 0.673691 -5.11725 5.25
      vertex 1.33586 -4.98555 5.31
      vertex 0.673691 -5.11725 5.31
    endloop
  endfacet
  facet normal 0.195071 -0.980789 0
    outer loop
      vertex 1.33586 -4.98555 5.31
      vertex 0.673691 -5.11725 5.25
      vertex 1.33586 -4.98555 5.25
    endloop
  endfacet
  facet normal -0.195071 0.980789 0
    outer loop
      vertex -0.673691 5.11725 5.25
      vertex -1.33586 4.98555 5.31
      vertex -0.673691 5.11725 5.31
    endloop
  endfacet
  facet normal -0.195071 0.980789 0
    outer loop
      vertex -1.33586 4.98555 5.31
      vertex -0.673691 5.11725 5.25
      vertex -1.33586 4.98555 5.25
    endloop
  endfacet
  facet normal -0.751842 -0.659343 0
    outer loop
      vertex -3.64967 -3.64967 5.25
      vertex -4.09482 -3.14207 5.31
      vertex -4.09482 -3.14207 5.25
    endloop
  endfacet
  facet normal -0.751842 -0.659343 0
    outer loop
      vertex -4.09482 -3.14207 5.31
      vertex -3.64967 -3.64967 5.25
      vertex -3.64967 -3.64967 5.31
    endloop
  endfacet
  facet normal -0.659343 0.751842 0
    outer loop
      vertex -3.14207 4.09482 5.25
      vertex -3.64967 3.64967 5.31
      vertex -3.14207 4.09482 5.31
    endloop
  endfacet
  facet normal -0.659343 0.751842 0
    outer loop
      vertex -3.64967 3.64967 5.31
      vertex -3.14207 4.09482 5.25
      vertex -3.64967 3.64967 5.25
    endloop
  endfacet
  facet normal 0.555565 0.831473 -0
    outer loop
      vertex 3.14207 4.09482 5.25
      vertex 2.5807 4.46991 5.31
      vertex 3.14207 4.09482 5.31
    endloop
  endfacet
  facet normal 0.555565 0.831473 0
    outer loop
      vertex 2.5807 4.46991 5.31
      vertex 3.14207 4.09482 5.25
      vertex 2.5807 4.46991 5.25
    endloop
  endfacet
  facet normal 0.946924 0.321457 0
    outer loop
      vertex 4.98555 1.33586 5.31
      vertex 4.76852 1.97517 5.25
      vertex 4.76852 1.97517 5.31
    endloop
  endfacet
  facet normal 0.946924 0.321457 0
    outer loop
      vertex 4.76852 1.97517 5.25
      vertex 4.98555 1.33586 5.31
      vertex 4.98555 1.33586 5.25
    endloop
  endfacet
  facet normal -0.896875 -0.442284 0
    outer loop
      vertex -4.46991 -2.5807 5.25
      vertex -4.76852 -1.97517 5.31
      vertex -4.76852 -1.97517 5.25
    endloop
  endfacet
  facet normal -0.896875 -0.442284 0
    outer loop
      vertex -4.76852 -1.97517 5.31
      vertex -4.46991 -2.5807 5.25
      vertex -4.46991 -2.5807 5.31
    endloop
  endfacet
  facet normal -0.946924 -0.321457 0
    outer loop
      vertex -4.76852 -1.97517 5.25
      vertex -4.98555 -1.33586 5.31
      vertex -4.98555 -1.33586 5.25
    endloop
  endfacet
  facet normal -0.946924 -0.321457 0
    outer loop
      vertex -4.98555 -1.33586 5.31
      vertex -4.76852 -1.97517 5.25
      vertex -4.76852 -1.97517 5.31
    endloop
  endfacet
  facet normal 0.659343 0.751842 -0
    outer loop
      vertex 3.64967 3.64967 5.25
      vertex 3.14207 4.09482 5.31
      vertex 3.64967 3.64967 5.31
    endloop
  endfacet
  facet normal 0.659343 0.751842 0
    outer loop
      vertex 3.14207 4.09482 5.31
      vertex 3.64967 3.64967 5.25
      vertex 3.14207 4.09482 5.25
    endloop
  endfacet
  facet normal 0.946924 -0.321457 0
    outer loop
      vertex 4.76852 -1.97517 5.31
      vertex 4.98555 -1.33586 5.25
      vertex 4.98555 -1.33586 5.31
    endloop
  endfacet
  facet normal 0.946924 -0.321457 0
    outer loop
      vertex 4.98555 -1.33586 5.25
      vertex 4.76852 -1.97517 5.31
      vertex 4.76852 -1.97517 5.25
    endloop
  endfacet
  facet normal -0.0654237 -0.997858 0
    outer loop
      vertex -0.673691 -5.11725 5.25
      vertex 0 -5.16142 5.31
      vertex -0.673691 -5.11725 5.31
    endloop
  endfacet
  facet normal -0.0654237 -0.997858 -0
    outer loop
      vertex 0 -5.16142 5.31
      vertex -0.673691 -5.11725 5.25
      vertex 0 -5.16142 5.25
    endloop
  endfacet
  facet normal 0.321457 -0.946924 0
    outer loop
      vertex 1.33586 -4.98555 5.25
      vertex 1.97517 -4.76852 5.31
      vertex 1.33586 -4.98555 5.31
    endloop
  endfacet
  facet normal 0.321457 -0.946924 0
    outer loop
      vertex 1.97517 -4.76852 5.31
      vertex 1.33586 -4.98555 5.25
      vertex 1.97517 -4.76852 5.25
    endloop
  endfacet
  facet normal 0.831473 -0.555565 0
    outer loop
      vertex 4.09482 -3.14207 5.31
      vertex 4.46991 -2.5807 5.25
      vertex 4.46991 -2.5807 5.31
    endloop
  endfacet
  facet normal 0.831473 -0.555565 0
    outer loop
      vertex 4.46991 -2.5807 5.25
      vertex 4.09482 -3.14207 5.31
      vertex 4.09482 -3.14207 5.25
    endloop
  endfacet
  facet normal -0.831473 -0.555565 0
    outer loop
      vertex -4.09482 -3.14207 5.25
      vertex -4.46991 -2.5807 5.31
      vertex -4.46991 -2.5807 5.25
    endloop
  endfacet
  facet normal -0.831473 -0.555565 0
    outer loop
      vertex -4.46991 -2.5807 5.31
      vertex -4.09482 -3.14207 5.25
      vertex -4.09482 -3.14207 5.31
    endloop
  endfacet
  facet normal -0.997858 0.0654237 0
    outer loop
      vertex -5.16142 0 5.25
      vertex -5.11725 0.673691 5.31
      vertex -5.11725 0.673691 5.25
    endloop
  endfacet
  facet normal -0.997858 0.0654237 0
    outer loop
      vertex -5.11725 0.673691 5.31
      vertex -5.16142 0 5.25
      vertex -5.16142 0 5.31
    endloop
  endfacet
  facet normal 0.980789 -0.195071 0
    outer loop
      vertex 4.98555 -1.33586 5.31
      vertex 5.11725 -0.673691 5.25
      vertex 5.11725 -0.673691 5.31
    endloop
  endfacet
  facet normal 0.980789 -0.195071 0
    outer loop
      vertex 5.11725 -0.673691 5.25
      vertex 4.98555 -1.33586 5.31
      vertex 4.98555 -1.33586 5.25
    endloop
  endfacet
  facet normal 0.659343 -0.751842 0
    outer loop
      vertex 3.14207 -4.09482 5.25
      vertex 3.64967 -3.64967 5.31
      vertex 3.14207 -4.09482 5.31
    endloop
  endfacet
  facet normal 0.659343 -0.751842 0
    outer loop
      vertex 3.64967 -3.64967 5.31
      vertex 3.14207 -4.09482 5.25
      vertex 3.64967 -3.64967 5.25
    endloop
  endfacet
  facet normal -0.831467 -0.555575 0
    outer loop
      vertex -4.04712 -3.10547 5.19
      vertex -4.41785 -2.55064 5.25
      vertex -4.41785 -2.55064 5.19
    endloop
  endfacet
  facet normal -0.831467 -0.555575 0
    outer loop
      vertex -4.41785 -2.55064 5.25
      vertex -4.04712 -3.10547 5.19
      vertex -4.04712 -3.10547 5.25
    endloop
  endfacet
  facet normal 0.321443 0.946929 -0
    outer loop
      vertex 1.95216 4.71297 5.19
      vertex 1.3203 4.92746 5.25
      vertex 1.95216 4.71297 5.25
    endloop
  endfacet
  facet normal 0.321443 0.946929 0
    outer loop
      vertex 1.3203 4.92746 5.25
      vertex 1.95216 4.71297 5.19
      vertex 1.3203 4.92746 5.19
    endloop
  endfacet
  facet normal 0.442267 0.896883 -0
    outer loop
      vertex 2.55064 4.41785 5.19
      vertex 1.95216 4.71297 5.25
      vertex 2.55064 4.41785 5.25
    endloop
  endfacet
  facet normal 0.442267 0.896883 0
    outer loop
      vertex 1.95216 4.71297 5.25
      vertex 2.55064 4.41785 5.19
      vertex 1.95216 4.71297 5.19
    endloop
  endfacet
  facet normal -0.997857 -0.06543 0
    outer loop
      vertex -5.05763 -0.665848 5.19
      vertex -5.10129 0 5.25
      vertex -5.10129 0 5.19
    endloop
  endfacet
  facet normal -0.997857 -0.06543 0
    outer loop
      vertex -5.10129 0 5.25
      vertex -5.05763 -0.665848 5.19
      vertex -5.05763 -0.665848 5.25
    endloop
  endfacet
  facet normal 0.195078 0.980788 -0
    outer loop
      vertex 1.3203 4.92746 5.19
      vertex 0.665848 5.05763 5.25
      vertex 1.3203 4.92746 5.25
    endloop
  endfacet
  facet normal 0.195078 0.980788 0
    outer loop
      vertex 0.665848 5.05763 5.25
      vertex 1.3203 4.92746 5.19
      vertex 0.665848 5.05763 5.19
    endloop
  endfacet
  facet normal -0.06543 0.997857 0
    outer loop
      vertex 0 5.10129 5.19
      vertex -0.665848 5.05763 5.25
      vertex 0 5.10129 5.25
    endloop
  endfacet
  facet normal -0.06543 0.997857 0
    outer loop
      vertex -0.665848 5.05763 5.25
      vertex 0 5.10129 5.19
      vertex -0.665848 5.05763 5.19
    endloop
  endfacet
  facet normal 0.06543 0.997857 -0
    outer loop
      vertex 0.665848 5.05763 5.19
      vertex 0 5.10129 5.25
      vertex 0.665848 5.05763 5.25
    endloop
  endfacet
  facet normal 0.06543 0.997857 0
    outer loop
      vertex 0 5.10129 5.25
      vertex 0.665848 5.05763 5.19
      vertex 0 5.10129 5.19
    endloop
  endfacet
  facet normal -0.980788 0.195078 0
    outer loop
      vertex -5.05763 0.665848 5.19
      vertex -4.92746 1.3203 5.25
      vertex -4.92746 1.3203 5.19
    endloop
  endfacet
  facet normal -0.980788 0.195078 0
    outer loop
      vertex -4.92746 1.3203 5.25
      vertex -5.05763 0.665848 5.19
      vertex -5.05763 0.665848 5.25
    endloop
  endfacet
  facet normal 0.751834 0.659353 0
    outer loop
      vertex 4.04712 3.10547 5.25
      vertex 3.60715 3.60715 5.19
      vertex 3.60715 3.60715 5.25
    endloop
  endfacet
  facet normal 0.751834 0.659353 0
    outer loop
      vertex 3.60715 3.60715 5.19
      vertex 4.04712 3.10547 5.25
      vertex 4.04712 3.10547 5.19
    endloop
  endfacet
  facet normal 0.555575 -0.831467 0
    outer loop
      vertex 2.55064 -4.41785 5.19
      vertex 3.10547 -4.04712 5.25
      vertex 2.55064 -4.41785 5.25
    endloop
  endfacet
  facet normal 0.555575 -0.831467 0
    outer loop
      vertex 3.10547 -4.04712 5.25
      vertex 2.55064 -4.41785 5.19
      vertex 3.10547 -4.04712 5.19
    endloop
  endfacet
  facet normal -0.555575 -0.831467 0
    outer loop
      vertex -3.10547 -4.04712 5.19
      vertex -2.55064 -4.41785 5.25
      vertex -3.10547 -4.04712 5.25
    endloop
  endfacet
  facet normal -0.555575 -0.831467 -0
    outer loop
      vertex -2.55064 -4.41785 5.25
      vertex -3.10547 -4.04712 5.19
      vertex -2.55064 -4.41785 5.19
    endloop
  endfacet
  facet normal -0.896883 0.442267 0
    outer loop
      vertex -4.71297 1.95216 5.19
      vertex -4.41785 2.55064 5.25
      vertex -4.41785 2.55064 5.19
    endloop
  endfacet
  facet normal -0.896883 0.442267 0
    outer loop
      vertex -4.41785 2.55064 5.25
      vertex -4.71297 1.95216 5.19
      vertex -4.71297 1.95216 5.25
    endloop
  endfacet
  facet normal -0.946929 0.321443 0
    outer loop
      vertex -4.92746 1.3203 5.19
      vertex -4.71297 1.95216 5.25
      vertex -4.71297 1.95216 5.19
    endloop
  endfacet
  facet normal -0.946929 0.321443 0
    outer loop
      vertex -4.71297 1.95216 5.25
      vertex -4.92746 1.3203 5.19
      vertex -4.92746 1.3203 5.25
    endloop
  endfacet
  facet normal -0.195078 0.980788 0
    outer loop
      vertex -0.665848 5.05763 5.19
      vertex -1.3203 4.92746 5.25
      vertex -0.665848 5.05763 5.25
    endloop
  endfacet
  facet normal -0.195078 0.980788 0
    outer loop
      vertex -1.3203 4.92746 5.25
      vertex -0.665848 5.05763 5.19
      vertex -1.3203 4.92746 5.19
    endloop
  endfacet
  facet normal 0.997857 -0.06543 0
    outer loop
      vertex 5.05763 -0.665848 5.25
      vertex 5.10129 0 5.19
      vertex 5.10129 0 5.25
    endloop
  endfacet
  facet normal 0.997857 -0.06543 0
    outer loop
      vertex 5.10129 0 5.19
      vertex 5.05763 -0.665848 5.25
      vertex 5.05763 -0.665848 5.19
    endloop
  endfacet
  facet normal -0.321443 0.946929 0
    outer loop
      vertex -1.3203 4.92746 5.19
      vertex -1.95216 4.71297 5.25
      vertex -1.3203 4.92746 5.25
    endloop
  endfacet
  facet normal -0.321443 0.946929 0
    outer loop
      vertex -1.95216 4.71297 5.25
      vertex -1.3203 4.92746 5.19
      vertex -1.95216 4.71297 5.19
    endloop
  endfacet
  facet normal 0.659353 -0.751834 0
    outer loop
      vertex 3.10547 -4.04712 5.19
      vertex 3.60715 -3.60715 5.25
      vertex 3.10547 -4.04712 5.25
    endloop
  endfacet
  facet normal 0.659353 -0.751834 0
    outer loop
      vertex 3.60715 -3.60715 5.25
      vertex 3.10547 -4.04712 5.19
      vertex 3.60715 -3.60715 5.19
    endloop
  endfacet
  facet normal -0.442267 -0.896883 0
    outer loop
      vertex -2.55064 -4.41785 5.19
      vertex -1.95216 -4.71297 5.25
      vertex -2.55064 -4.41785 5.25
    endloop
  endfacet
  facet normal -0.442267 -0.896883 -0
    outer loop
      vertex -1.95216 -4.71297 5.25
      vertex -2.55064 -4.41785 5.19
      vertex -1.95216 -4.71297 5.19
    endloop
  endfacet
  facet normal 0.980788 0.195078 0
    outer loop
      vertex 5.05763 0.665848 5.25
      vertex 4.92746 1.3203 5.19
      vertex 4.92746 1.3203 5.25
    endloop
  endfacet
  facet normal 0.980788 0.195078 0
    outer loop
      vertex 4.92746 1.3203 5.19
      vertex 5.05763 0.665848 5.25
      vertex 5.05763 0.665848 5.19
    endloop
  endfacet
  facet normal 0.831467 0.555575 0
    outer loop
      vertex 4.41785 2.55064 5.25
      vertex 4.04712 3.10547 5.19
      vertex 4.04712 3.10547 5.25
    endloop
  endfacet
  facet normal 0.831467 0.555575 0
    outer loop
      vertex 4.04712 3.10547 5.19
      vertex 4.41785 2.55064 5.25
      vertex 4.41785 2.55064 5.19
    endloop
  endfacet
  facet normal 0.442267 -0.896883 0
    outer loop
      vertex 1.95216 -4.71297 5.19
      vertex 2.55064 -4.41785 5.25
      vertex 1.95216 -4.71297 5.25
    endloop
  endfacet
  facet normal 0.442267 -0.896883 0
    outer loop
      vertex 2.55064 -4.41785 5.25
      vertex 1.95216 -4.71297 5.19
      vertex 2.55064 -4.41785 5.19
    endloop
  endfacet
  facet normal -0.831467 0.555575 0
    outer loop
      vertex -4.41785 2.55064 5.19
      vertex -4.04712 3.10547 5.25
      vertex -4.04712 3.10547 5.19
    endloop
  endfacet
  facet normal -0.831467 0.555575 0
    outer loop
      vertex -4.04712 3.10547 5.25
      vertex -4.41785 2.55064 5.19
      vertex -4.41785 2.55064 5.25
    endloop
  endfacet
  facet normal -0.442267 0.896883 0
    outer loop
      vertex -1.95216 4.71297 5.19
      vertex -2.55064 4.41785 5.25
      vertex -1.95216 4.71297 5.25
    endloop
  endfacet
  facet normal -0.442267 0.896883 0
    outer loop
      vertex -2.55064 4.41785 5.25
      vertex -1.95216 4.71297 5.19
      vertex -2.55064 4.41785 5.19
    endloop
  endfacet
  facet normal 0.997857 0.06543 0
    outer loop
      vertex 5.10129 0 5.25
      vertex 5.05763 0.665848 5.19
      vertex 5.05763 0.665848 5.25
    endloop
  endfacet
  facet normal 0.997857 0.06543 0
    outer loop
      vertex 5.05763 0.665848 5.19
      vertex 5.10129 0 5.25
      vertex 5.10129 0 5.19
    endloop
  endfacet
  facet normal -0.997857 0.06543 0
    outer loop
      vertex -5.10129 0 5.19
      vertex -5.05763 0.665848 5.25
      vertex -5.05763 0.665848 5.19
    endloop
  endfacet
  facet normal -0.997857 0.06543 0
    outer loop
      vertex -5.05763 0.665848 5.25
      vertex -5.10129 0 5.19
      vertex -5.10129 0 5.25
    endloop
  endfacet
  facet normal 0.751834 -0.659353 0
    outer loop
      vertex 3.60715 -3.60715 5.25
      vertex 4.04712 -3.10547 5.19
      vertex 4.04712 -3.10547 5.25
    endloop
  endfacet
  facet normal 0.751834 -0.659353 0
    outer loop
      vertex 4.04712 -3.10547 5.19
      vertex 3.60715 -3.60715 5.25
      vertex 3.60715 -3.60715 5.19
    endloop
  endfacet
  facet normal -0.659353 -0.751834 0
    outer loop
      vertex -3.60715 -3.60715 5.19
      vertex -3.10547 -4.04712 5.25
      vertex -3.60715 -3.60715 5.25
    endloop
  endfacet
  facet normal -0.659353 -0.751834 -0
    outer loop
      vertex -3.10547 -4.04712 5.25
      vertex -3.60715 -3.60715 5.19
      vertex -3.10547 -4.04712 5.19
    endloop
  endfacet
  facet normal -0.321443 -0.946929 0
    outer loop
      vertex -1.95216 -4.71297 5.19
      vertex -1.3203 -4.92746 5.25
      vertex -1.95216 -4.71297 5.25
    endloop
  endfacet
  facet normal -0.321443 -0.946929 -0
    outer loop
      vertex -1.3203 -4.92746 5.25
      vertex -1.95216 -4.71297 5.19
      vertex -1.3203 -4.92746 5.19
    endloop
  endfacet
  facet normal -0.06543 -0.997857 0
    outer loop
      vertex -0.665848 -5.05763 5.19
      vertex 0 -5.10129 5.25
      vertex -0.665848 -5.05763 5.25
    endloop
  endfacet
  facet normal -0.06543 -0.997857 -0
    outer loop
      vertex 0 -5.10129 5.25
      vertex -0.665848 -5.05763 5.19
      vertex 0 -5.10129 5.19
    endloop
  endfacet
  facet normal 0.659353 0.751834 -0
    outer loop
      vertex 3.60715 3.60715 5.19
      vertex 3.10547 4.04712 5.25
      vertex 3.60715 3.60715 5.25
    endloop
  endfacet
  facet normal 0.659353 0.751834 0
    outer loop
      vertex 3.10547 4.04712 5.25
      vertex 3.60715 3.60715 5.19
      vertex 3.10547 4.04712 5.19
    endloop
  endfacet
  facet normal -0.980788 -0.195078 0
    outer loop
      vertex -4.92746 -1.3203 5.19
      vertex -5.05763 -0.665848 5.25
      vertex -5.05763 -0.665848 5.19
    endloop
  endfacet
  facet normal -0.980788 -0.195078 0
    outer loop
      vertex -5.05763 -0.665848 5.25
      vertex -4.92746 -1.3203 5.19
      vertex -4.92746 -1.3203 5.25
    endloop
  endfacet
  facet normal 0.06543 -0.997857 0
    outer loop
      vertex 0 -5.10129 5.19
      vertex 0.665848 -5.05763 5.25
      vertex 0 -5.10129 5.25
    endloop
  endfacet
  facet normal 0.06543 -0.997857 0
    outer loop
      vertex 0.665848 -5.05763 5.25
      vertex 0 -5.10129 5.19
      vertex 0.665848 -5.05763 5.19
    endloop
  endfacet
  facet normal -0.555575 0.831467 0
    outer loop
      vertex -2.55064 4.41785 5.19
      vertex -3.10547 4.04712 5.25
      vertex -2.55064 4.41785 5.25
    endloop
  endfacet
  facet normal -0.555575 0.831467 0
    outer loop
      vertex -3.10547 4.04712 5.25
      vertex -2.55064 4.41785 5.19
      vertex -3.10547 4.04712 5.19
    endloop
  endfacet
  facet normal 0.896883 -0.442267 0
    outer loop
      vertex 4.41785 -2.55064 5.25
      vertex 4.71297 -1.95216 5.19
      vertex 4.71297 -1.95216 5.25
    endloop
  endfacet
  facet normal 0.896883 -0.442267 0
    outer loop
      vertex 4.71297 -1.95216 5.19
      vertex 4.41785 -2.55064 5.25
      vertex 4.41785 -2.55064 5.19
    endloop
  endfacet
  facet normal 0.896883 0.442267 0
    outer loop
      vertex 4.71297 1.95216 5.25
      vertex 4.41785 2.55064 5.19
      vertex 4.41785 2.55064 5.25
    endloop
  endfacet
  facet normal 0.896883 0.442267 0
    outer loop
      vertex 4.41785 2.55064 5.19
      vertex 4.71297 1.95216 5.25
      vertex 4.71297 1.95216 5.19
    endloop
  endfacet
  facet normal -0.751834 -0.659353 0
    outer loop
      vertex -3.60715 -3.60715 5.19
      vertex -4.04712 -3.10547 5.25
      vertex -4.04712 -3.10547 5.19
    endloop
  endfacet
  facet normal -0.751834 -0.659353 0
    outer loop
      vertex -4.04712 -3.10547 5.25
      vertex -3.60715 -3.60715 5.19
      vertex -3.60715 -3.60715 5.25
    endloop
  endfacet
  facet normal 0.946929 0.321443 0
    outer loop
      vertex 4.92746 1.3203 5.25
      vertex 4.71297 1.95216 5.19
      vertex 4.71297 1.95216 5.25
    endloop
  endfacet
  facet normal 0.946929 0.321443 0
    outer loop
      vertex 4.71297 1.95216 5.19
      vertex 4.92746 1.3203 5.25
      vertex 4.92746 1.3203 5.19
    endloop
  endfacet
  facet normal 0.195078 -0.980788 0
    outer loop
      vertex 0.665848 -5.05763 5.19
      vertex 1.3203 -4.92746 5.25
      vertex 0.665848 -5.05763 5.25
    endloop
  endfacet
  facet normal 0.195078 -0.980788 0
    outer loop
      vertex 1.3203 -4.92746 5.25
      vertex 0.665848 -5.05763 5.19
      vertex 1.3203 -4.92746 5.19
    endloop
  endfacet
  facet normal 0 0 -1
    outer loop
      vertex 5.04115 0 5.19
      vertex 5.10129 0 5.19
      vertex 5.05763 -0.665848 5.19
    endloop
  endfacet
  facet normal 0 0 -1
    outer loop
      vertex 5.10129 0 5.19
      vertex 5.04115 0 5.19
      vertex 5.05763 0.665848 5.19
    endloop
  endfacet
  facet normal 0 0 -1
    outer loop
      vertex 5.05763 -0.665848 5.19
      vertex 4.99802 -0.65799 5.19
      vertex 5.04115 0 5.19
    endloop
  endfacet
  facet normal 0 0 -1
    outer loop
      vertex 4.92746 -1.3203 5.19
      vertex 4.99802 -0.65799 5.19
      vertex 5.05763 -0.665848 5.19
    endloop
  endfacet
  facet normal 0 0 -1
    outer loop
      vertex 4.92746 -1.3203 5.19
      vertex 4.86938 -1.30473 5.19
      vertex 4.99802 -0.65799 5.19
    endloop
  endfacet
  facet normal 0 0 -1
    outer loop
      vertex 4.71297 -1.95216 5.19
      vertex 4.86938 -1.30473 5.19
      vertex 4.92746 -1.3203 5.19
    endloop
  endfacet
  facet normal 0 0 -1
    outer loop
      vertex 4.71297 -1.95216 5.19
      vertex 4.65742 -1.92915 5.19
      vertex 4.86938 -1.30473 5.19
    endloop
  endfacet
  facet normal 0 0 -1
    outer loop
      vertex 4.41785 -2.55064 5.19
      vertex 4.65742 -1.92915 5.19
      vertex 4.71297 -1.95216 5.19
    endloop
  endfacet
  facet normal 0 0 -1
    outer loop
      vertex 4.41785 -2.55064 5.19
      vertex 4.36577 -2.52058 5.19
      vertex 4.65742 -1.92915 5.19
    endloop
  endfacet
  facet normal 0 0 -1
    outer loop
      vertex 4.04712 -3.10547 5.19
      vertex 4.36577 -2.52058 5.19
      vertex 4.41785 -2.55064 5.19
    endloop
  endfacet
  facet normal 0 0 -1
    outer loop
      vertex 4.04712 -3.10547 5.19
      vertex 3.99942 -3.06886 5.19
      vertex 4.36577 -2.52058 5.19
    endloop
  endfacet
  facet normal 0 0 -1
    outer loop
      vertex 3.60715 -3.60715 5.19
      vertex 3.99942 -3.06886 5.19
      vertex 4.04712 -3.10547 5.19
    endloop
  endfacet
  facet normal 0 0 -1
    outer loop
      vertex 3.60715 -3.60715 5.19
      vertex 3.56464 -3.56464 5.19
      vertex 3.99942 -3.06886 5.19
    endloop
  endfacet
  facet normal 0 0 -1
    outer loop
      vertex 3.10547 -4.04712 5.19
      vertex 3.56464 -3.56464 5.19
      vertex 3.60715 -3.60715 5.19
    endloop
  endfacet
  facet normal 0 0 -1
    outer loop
      vertex 3.10547 -4.04712 5.19
      vertex 3.06886 -3.99942 5.19
      vertex 3.56464 -3.56464 5.19
    endloop
  endfacet
  facet normal 0 0 -1
    outer loop
      vertex 2.55064 -4.41785 5.19
      vertex 3.06886 -3.99942 5.19
      vertex 3.10547 -4.04712 5.19
    endloop
  endfacet
  facet normal 0 0 -1
    outer loop
      vertex 2.55064 -4.41785 5.19
      vertex 2.52058 -4.36577 5.19
      vertex 3.06886 -3.99942 5.19
    endloop
  endfacet
  facet normal 0 0 -1
    outer loop
      vertex 1.95216 -4.71297 5.19
      vertex 2.52058 -4.36577 5.19
      vertex 2.55064 -4.41785 5.19
    endloop
  endfacet
  facet normal 0 0 -1
    outer loop
      vertex 1.95216 -4.71297 5.19
      vertex 1.92915 -4.65742 5.19
      vertex 2.52058 -4.36577 5.19
    endloop
  endfacet
  facet normal 0 0 -1
    outer loop
      vertex 1.3203 -4.92746 5.19
      vertex 1.92915 -4.65742 5.19
      vertex 1.95216 -4.71297 5.19
    endloop
  endfacet
  facet normal 0 0 -1
    outer loop
      vertex 1.3203 -4.92746 5.19
      vertex 1.30473 -4.86938 5.19
      vertex 1.92915 -4.65742 5.19
    endloop
  endfacet
  facet normal 0 0 -1
    outer loop
      vertex 0.665848 -5.05763 5.19
      vertex 1.30473 -4.86938 5.19
      vertex 1.3203 -4.92746 5.19
    endloop
  endfacet
  facet normal 0 0 -1
    outer loop
      vertex 0.665848 -5.05763 5.19
      vertex 0.65799 -4.99802 5.19
      vertex 1.30473 -4.86938 5.19
    endloop
  endfacet
  facet normal 0 0 -1
    outer loop
      vertex 0 -5.10129 5.19
      vertex 0.65799 -4.99802 5.19
      vertex 0.665848 -5.05763 5.19
    endloop
  endfacet
  facet normal 0 0 -1
    outer loop
      vertex 0 -5.10129 5.19
      vertex 0 -5.04115 5.19
      vertex 0.65799 -4.99802 5.19
    endloop
  endfacet
  facet normal 0 0 -1
    outer loop
      vertex 0 -5.10129 5.19
      vertex -0.65799 -4.99802 5.19
      vertex 0 -5.04115 5.19
    endloop
  endfacet
  facet normal 0 0 -1
    outer loop
      vertex -0.665848 -5.05763 5.19
      vertex -0.65799 -4.99802 5.19
      vertex 0 -5.10129 5.19
    endloop
  endfacet
  facet normal 0 0 -1
    outer loop
      vertex -0.665848 -5.05763 5.19
      vertex -1.30473 -4.86938 5.19
      vertex -0.65799 -4.99802 5.19
    endloop
  endfacet
  facet normal 0 0 -1
    outer loop
      vertex -1.3203 -4.92746 5.19
      vertex -1.30473 -4.86938 5.19
      vertex -0.665848 -5.05763 5.19
    endloop
  endfacet
  facet normal 0 0 -1
    outer loop
      vertex -1.3203 -4.92746 5.19
      vertex -1.92915 -4.65742 5.19
      vertex -1.30473 -4.86938 5.19
    endloop
  endfacet
  facet normal 0 0 -1
    outer loop
      vertex -1.95216 -4.71297 5.19
      vertex -1.92915 -4.65742 5.19
      vertex -1.3203 -4.92746 5.19
    endloop
  endfacet
  facet normal 0 0 -1
    outer loop
      vertex -1.95216 -4.71297 5.19
      vertex -2.52058 -4.36577 5.19
      vertex -1.92915 -4.65742 5.19
    endloop
  endfacet
  facet normal 0 0 -1
    outer loop
      vertex -2.55064 -4.41785 5.19
      vertex -2.52058 -4.36577 5.19
      vertex -1.95216 -4.71297 5.19
    endloop
  endfacet
  facet normal 0 0 -1
    outer loop
      vertex -2.55064 -4.41785 5.19
      vertex -3.06886 -3.99942 5.19
      vertex -2.52058 -4.36577 5.19
    endloop
  endfacet
  facet normal 0 0 -1
    outer loop
      vertex -3.10547 -4.04712 5.19
      vertex -3.06886 -3.99942 5.19
      vertex -2.55064 -4.41785 5.19
    endloop
  endfacet
  facet normal 0 0 -1
    outer loop
      vertex -3.10547 -4.04712 5.19
      vertex -3.56464 -3.56464 5.19
      vertex -3.06886 -3.99942 5.19
    endloop
  endfacet
  facet normal 0 0 -1
    outer loop
      vertex -3.60715 -3.60715 5.19
      vertex -3.56464 -3.56464 5.19
      vertex -3.10547 -4.04712 5.19
    endloop
  endfacet
  facet normal 0 0 -1
    outer loop
      vertex -3.60715 -3.60715 5.19
      vertex -3.99942 -3.06886 5.19
      vertex -3.56464 -3.56464 5.19
    endloop
  endfacet
  facet normal 0 0 -1
    outer loop
      vertex -4.04712 -3.10547 5.19
      vertex -3.99942 -3.06886 5.19
      vertex -3.60715 -3.60715 5.19
    endloop
  endfacet
  facet normal 0 0 -1
    outer loop
      vertex -4.04712 -3.10547 5.19
      vertex -4.36577 -2.52058 5.19
      vertex -3.99942 -3.06886 5.19
    endloop
  endfacet
  facet normal 0 0 -1
    outer loop
      vertex -4.41785 -2.55064 5.19
      vertex -4.36577 -2.52058 5.19
      vertex -4.04712 -3.10547 5.19
    endloop
  endfacet
  facet normal 0 0 -1
    outer loop
      vertex -4.41785 -2.55064 5.19
      vertex -4.65742 -1.92915 5.19
      vertex -4.36577 -2.52058 5.19
    endloop
  endfacet
  facet normal 0 0 -1
    outer loop
      vertex -4.71297 -1.95216 5.19
      vertex -4.65742 -1.92915 5.19
      vertex -4.41785 -2.55064 5.19
    endloop
  endfacet
  facet normal 0 0 -1
    outer loop
      vertex -4.71297 -1.95216 5.19
      vertex -4.86938 -1.30473 5.19
      vertex -4.65742 -1.92915 5.19
    endloop
  endfacet
  facet normal 0 0 -1
    outer loop
      vertex -4.92746 -1.3203 5.19
      vertex -4.86938 -1.30473 5.19
      vertex -4.71297 -1.95216 5.19
    endloop
  endfacet
  facet normal 0 0 -1
    outer loop
      vertex -4.92746 -1.3203 5.19
      vertex -4.99802 -0.65799 5.19
      vertex -4.86938 -1.30473 5.19
    endloop
  endfacet
  facet normal -0 0 -1
    outer loop
      vertex -4.99802 -0.65799 5.19
      vertex -5.05763 -0.665848 5.19
      vertex -5.04115 0 5.19
    endloop
  endfacet
  facet normal 0 0 -1
    outer loop
      vertex -5.05763 -0.665848 5.19
      vertex -4.99802 -0.65799 5.19
      vertex -4.92746 -1.3203 5.19
    endloop
  endfacet
  facet normal 0 0 -1
    outer loop
      vertex 4.99802 0.65799 5.19
      vertex 5.05763 0.665848 5.19
      vertex 5.04115 0 5.19
    endloop
  endfacet
  facet normal 0 0 -1
    outer loop
      vertex 4.99802 0.65799 5.19
      vertex 4.92746 1.3203 5.19
      vertex 5.05763 0.665848 5.19
    endloop
  endfacet
  facet normal 0 0 -1
    outer loop
      vertex 4.86938 1.30473 5.19
      vertex 4.92746 1.3203 5.19
      vertex 4.99802 0.65799 5.19
    endloop
  endfacet
  facet normal 0 0 -1
    outer loop
      vertex 4.86938 1.30473 5.19
      vertex 4.71297 1.95216 5.19
      vertex 4.92746 1.3203 5.19
    endloop
  endfacet
  facet normal 0 0 -1
    outer loop
      vertex 4.65742 1.92915 5.19
      vertex 4.71297 1.95216 5.19
      vertex 4.86938 1.30473 5.19
    endloop
  endfacet
  facet normal 0 0 -1
    outer loop
      vertex 4.65742 1.92915 5.19
      vertex 4.41785 2.55064 5.19
      vertex 4.71297 1.95216 5.19
    endloop
  endfacet
  facet normal 0 0 -1
    outer loop
      vertex 4.36577 2.52058 5.19
      vertex 4.41785 2.55064 5.19
      vertex 4.65742 1.92915 5.19
    endloop
  endfacet
  facet normal 0 0 -1
    outer loop
      vertex 4.36577 2.52058 5.19
      vertex 4.04712 3.10547 5.19
      vertex 4.41785 2.55064 5.19
    endloop
  endfacet
  facet normal 0 0 -1
    outer loop
      vertex 3.99942 3.06886 5.19
      vertex 4.04712 3.10547 5.19
      vertex 4.36577 2.52058 5.19
    endloop
  endfacet
  facet normal 0 0 -1
    outer loop
      vertex 3.99942 3.06886 5.19
      vertex 3.60715 3.60715 5.19
      vertex 4.04712 3.10547 5.19
    endloop
  endfacet
  facet normal 0 0 -1
    outer loop
      vertex 3.56464 3.56464 5.19
      vertex 3.60715 3.60715 5.19
      vertex 3.99942 3.06886 5.19
    endloop
  endfacet
  facet normal 0 0 -1
    outer loop
      vertex 3.56464 3.56464 5.19
      vertex 3.10547 4.04712 5.19
      vertex 3.60715 3.60715 5.19
    endloop
  endfacet
  facet normal 0 0 -1
    outer loop
      vertex 3.06886 3.99942 5.19
      vertex 3.10547 4.04712 5.19
      vertex 3.56464 3.56464 5.19
    endloop
  endfacet
  facet normal 0 0 -1
    outer loop
      vertex 3.06886 3.99942 5.19
      vertex 2.55064 4.41785 5.19
      vertex 3.10547 4.04712 5.19
    endloop
  endfacet
  facet normal 0 0 -1
    outer loop
      vertex 2.52058 4.36577 5.19
      vertex 2.55064 4.41785 5.19
      vertex 3.06886 3.99942 5.19
    endloop
  endfacet
  facet normal 0 0 -1
    outer loop
      vertex 2.52058 4.36577 5.19
      vertex 1.95216 4.71297 5.19
      vertex 2.55064 4.41785 5.19
    endloop
  endfacet
  facet normal 0 0 -1
    outer loop
      vertex 1.92915 4.65742 5.19
      vertex 1.95216 4.71297 5.19
      vertex 2.52058 4.36577 5.19
    endloop
  endfacet
  facet normal 0 0 -1
    outer loop
      vertex 1.92915 4.65742 5.19
      vertex 1.3203 4.92746 5.19
      vertex 1.95216 4.71297 5.19
    endloop
  endfacet
  facet normal 0 0 -1
    outer loop
      vertex 1.30473 4.86938 5.19
      vertex 1.3203 4.92746 5.19
      vertex 1.92915 4.65742 5.19
    endloop
  endfacet
  facet normal 0 0 -1
    outer loop
      vertex 1.30473 4.86938 5.19
      vertex 0.665848 5.05763 5.19
      vertex 1.3203 4.92746 5.19
    endloop
  endfacet
  facet normal 0 0 -1
    outer loop
      vertex 0.65799 4.99802 5.19
      vertex 0.665848 5.05763 5.19
      vertex 1.30473 4.86938 5.19
    endloop
  endfacet
  facet normal 0 0 -1
    outer loop
      vertex 0 5.04115 5.19
      vertex 0.665848 5.05763 5.19
      vertex 0.65799 4.99802 5.19
    endloop
  endfacet
  facet normal 0 0 -1
    outer loop
      vertex 0 5.04115 5.19
      vertex 0 5.10129 5.19
      vertex 0.665848 5.05763 5.19
    endloop
  endfacet
  facet normal 0 0 -1
    outer loop
      vertex -0.65799 4.99802 5.19
      vertex 0 5.10129 5.19
      vertex 0 5.04115 5.19
    endloop
  endfacet
  facet normal 0 0 -1
    outer loop
      vertex -0.65799 4.99802 5.19
      vertex -0.665848 5.05763 5.19
      vertex 0 5.10129 5.19
    endloop
  endfacet
  facet normal 0 0 -1
    outer loop
      vertex -1.30473 4.86938 5.19
      vertex -0.665848 5.05763 5.19
      vertex -0.65799 4.99802 5.19
    endloop
  endfacet
  facet normal 0 0 -1
    outer loop
      vertex -1.30473 4.86938 5.19
      vertex -1.3203 4.92746 5.19
      vertex -0.665848 5.05763 5.19
    endloop
  endfacet
  facet normal 0 0 -1
    outer loop
      vertex -1.92915 4.65742 5.19
      vertex -1.3203 4.92746 5.19
      vertex -1.30473 4.86938 5.19
    endloop
  endfacet
  facet normal 0 0 -1
    outer loop
      vertex -1.92915 4.65742 5.19
      vertex -1.95216 4.71297 5.19
      vertex -1.3203 4.92746 5.19
    endloop
  endfacet
  facet normal 0 0 -1
    outer loop
      vertex -2.52058 4.36577 5.19
      vertex -1.95216 4.71297 5.19
      vertex -1.92915 4.65742 5.19
    endloop
  endfacet
  facet normal 0 0 -1
    outer loop
      vertex -2.52058 4.36577 5.19
      vertex -2.55064 4.41785 5.19
      vertex -1.95216 4.71297 5.19
    endloop
  endfacet
  facet normal 0 0 -1
    outer loop
      vertex -3.06886 3.99942 5.19
      vertex -2.55064 4.41785 5.19
      vertex -2.52058 4.36577 5.19
    endloop
  endfacet
  facet normal 0 0 -1
    outer loop
      vertex -3.06886 3.99942 5.19
      vertex -3.10547 4.04712 5.19
      vertex -2.55064 4.41785 5.19
    endloop
  endfacet
  facet normal 0 0 -1
    outer loop
      vertex -3.56464 3.56464 5.19
      vertex -3.10547 4.04712 5.19
      vertex -3.06886 3.99942 5.19
    endloop
  endfacet
  facet normal 0 0 -1
    outer loop
      vertex -3.56464 3.56464 5.19
      vertex -3.60715 3.60715 5.19
      vertex -3.10547 4.04712 5.19
    endloop
  endfacet
  facet normal 0 0 -1
    outer loop
      vertex -3.99942 3.06886 5.19
      vertex -3.60715 3.60715 5.19
      vertex -3.56464 3.56464 5.19
    endloop
  endfacet
  facet normal 0 0 -1
    outer loop
      vertex -3.99942 3.06886 5.19
      vertex -4.04712 3.10547 5.19
      vertex -3.60715 3.60715 5.19
    endloop
  endfacet
  facet normal 0 0 -1
    outer loop
      vertex -4.36577 2.52058 5.19
      vertex -4.04712 3.10547 5.19
      vertex -3.99942 3.06886 5.19
    endloop
  endfacet
  facet normal 0 0 -1
    outer loop
      vertex -4.36577 2.52058 5.19
      vertex -4.41785 2.55064 5.19
      vertex -4.04712 3.10547 5.19
    endloop
  endfacet
  facet normal 0 0 -1
    outer loop
      vertex -4.65742 1.92915 5.19
      vertex -4.41785 2.55064 5.19
      vertex -4.36577 2.52058 5.19
    endloop
  endfacet
  facet normal 0 0 -1
    outer loop
      vertex -4.65742 1.92915 5.19
      vertex -4.71297 1.95216 5.19
      vertex -4.41785 2.55064 5.19
    endloop
  endfacet
  facet normal 0 0 -1
    outer loop
      vertex -4.86938 1.30473 5.19
      vertex -4.71297 1.95216 5.19
      vertex -4.65742 1.92915 5.19
    endloop
  endfacet
  facet normal 0 0 -1
    outer loop
      vertex -4.86938 1.30473 5.19
      vertex -4.92746 1.3203 5.19
      vertex -4.71297 1.95216 5.19
    endloop
  endfacet
  facet normal 0 0 -1
    outer loop
      vertex -4.99802 0.65799 5.19
      vertex -4.92746 1.3203 5.19
      vertex -4.86938 1.30473 5.19
    endloop
  endfacet
  facet normal 0 0 -1
    outer loop
      vertex -4.99802 0.65799 5.19
      vertex -5.05763 0.665848 5.19
      vertex -4.92746 1.3203 5.19
    endloop
  endfacet
  facet normal 0 0 -1
    outer loop
      vertex -5.04115 0 5.19
      vertex -5.05763 0.665848 5.19
      vertex -4.99802 0.65799 5.19
    endloop
  endfacet
  facet normal 0 0 -1
    outer loop
      vertex -5.10129 0 5.19
      vertex -5.04115 0 5.19
      vertex -5.05763 -0.665848 5.19
    endloop
  endfacet
  facet normal 0 0 -1
    outer loop
      vertex -5.04115 0 5.19
      vertex -5.10129 0 5.19
      vertex -5.05763 0.665848 5.19
    endloop
  endfacet
  facet normal -0.946929 -0.321443 0
    outer loop
      vertex -4.71297 -1.95216 5.19
      vertex -4.92746 -1.3203 5.25
      vertex -4.92746 -1.3203 5.19
    endloop
  endfacet
  facet normal -0.946929 -0.321443 0
    outer loop
      vertex -4.92746 -1.3203 5.25
      vertex -4.71297 -1.95216 5.19
      vertex -4.71297 -1.95216 5.25
    endloop
  endfacet
  facet normal -0.896883 -0.442267 0
    outer loop
      vertex -4.41785 -2.55064 5.19
      vertex -4.71297 -1.95216 5.25
      vertex -4.71297 -1.95216 5.19
    endloop
  endfacet
  facet normal -0.896883 -0.442267 0
    outer loop
      vertex -4.71297 -1.95216 5.25
      vertex -4.41785 -2.55064 5.19
      vertex -4.41785 -2.55064 5.25
    endloop
  endfacet
  facet normal -0.659353 0.751834 0
    outer loop
      vertex -3.10547 4.04712 5.19
      vertex -3.60715 3.60715 5.25
      vertex -3.10547 4.04712 5.25
    endloop
  endfacet
  facet normal -0.659353 0.751834 0
    outer loop
      vertex -3.60715 3.60715 5.25
      vertex -3.10547 4.04712 5.19
      vertex -3.60715 3.60715 5.19
    endloop
  endfacet
  facet normal -0.751834 0.659353 0
    outer loop
      vertex -4.04712 3.10547 5.19
      vertex -3.60715 3.60715 5.25
      vertex -3.60715 3.60715 5.19
    endloop
  endfacet
  facet normal -0.751834 0.659353 0
    outer loop
      vertex -3.60715 3.60715 5.25
      vertex -4.04712 3.10547 5.19
      vertex -4.04712 3.10547 5.25
    endloop
  endfacet
  facet normal -0.195078 -0.980788 0
    outer loop
      vertex -1.3203 -4.92746 5.19
      vertex -0.665848 -5.05763 5.25
      vertex -1.3203 -4.92746 5.25
    endloop
  endfacet
  facet normal -0.195078 -0.980788 -0
    outer loop
      vertex -0.665848 -5.05763 5.25
      vertex -1.3203 -4.92746 5.19
      vertex -0.665848 -5.05763 5.19
    endloop
  endfacet
  facet normal 0.321443 -0.946929 0
    outer loop
      vertex 1.3203 -4.92746 5.19
      vertex 1.95216 -4.71297 5.25
      vertex 1.3203 -4.92746 5.25
    endloop
  endfacet
  facet normal 0.321443 -0.946929 0
    outer loop
      vertex 1.95216 -4.71297 5.25
      vertex 1.3203 -4.92746 5.19
      vertex 1.95216 -4.71297 5.19
    endloop
  endfacet
  facet normal 0.831467 -0.555575 0
    outer loop
      vertex 4.04712 -3.10547 5.25
      vertex 4.41785 -2.55064 5.19
      vertex 4.41785 -2.55064 5.25
    endloop
  endfacet
  facet normal 0.831467 -0.555575 0
    outer loop
      vertex 4.41785 -2.55064 5.19
      vertex 4.04712 -3.10547 5.25
      vertex 4.04712 -3.10547 5.19
    endloop
  endfacet
  facet normal 0.946929 -0.321443 0
    outer loop
      vertex 4.71297 -1.95216 5.25
      vertex 4.92746 -1.3203 5.19
      vertex 4.92746 -1.3203 5.25
    endloop
  endfacet
  facet normal 0.946929 -0.321443 0
    outer loop
      vertex 4.92746 -1.3203 5.19
      vertex 4.71297 -1.95216 5.25
      vertex 4.71297 -1.95216 5.19
    endloop
  endfacet
  facet normal 0.980788 -0.195078 0
    outer loop
      vertex 4.92746 -1.3203 5.25
      vertex 5.05763 -0.665848 5.19
      vertex 5.05763 -0.665848 5.25
    endloop
  endfacet
  facet normal 0.980788 -0.195078 0
    outer loop
      vertex 5.05763 -0.665848 5.19
      vertex 4.92746 -1.3203 5.25
      vertex 4.92746 -1.3203 5.19
    endloop
  endfacet
  facet normal 0.555575 0.831467 -0
    outer loop
      vertex 3.10547 4.04712 5.19
      vertex 2.55064 4.41785 5.25
      vertex 3.10547 4.04712 5.25
    endloop
  endfacet
  facet normal 0.555575 0.831467 0
    outer loop
      vertex 2.55064 4.41785 5.25
      vertex 3.10547 4.04712 5.19
      vertex 2.55064 4.41785 5.19
    endloop
  endfacet
  facet normal 0.321437 0.946931 -0
    outer loop
      vertex 1.92915 4.65742 5.13
      vertex 1.30473 4.86938 5.19
      vertex 1.92915 4.65742 5.19
    endloop
  endfacet
  facet normal 0.321437 0.946931 0
    outer loop
      vertex 1.30473 4.86938 5.19
      vertex 1.92915 4.65742 5.13
      vertex 1.30473 4.86938 5.13
    endloop
  endfacet
  facet normal -0.751845 -0.659339 0
    outer loop
      vertex -3.56464 -3.56464 5.13
      vertex -3.99942 -3.06886 5.19
      vertex -3.99942 -3.06886 5.13
    endloop
  endfacet
  facet normal -0.751845 -0.659339 0
    outer loop
      vertex -3.99942 -3.06886 5.19
      vertex -3.56464 -3.56464 5.13
      vertex -3.56464 -3.56464 5.19
    endloop
  endfacet
  facet normal -0.997859 -0.0654077 0
    outer loop
      vertex -4.99802 -0.65799 5.13
      vertex -5.04115 0 5.19
      vertex -5.04115 0 5.13
    endloop
  endfacet
  facet normal -0.997859 -0.0654077 0
    outer loop
      vertex -5.04115 0 5.19
      vertex -4.99802 -0.65799 5.13
      vertex -4.99802 -0.65799 5.19
    endloop
  endfacet
  facet normal 0.195084 0.980787 -0
    outer loop
      vertex 1.30473 4.86938 5.13
      vertex 0.65799 4.99802 5.19
      vertex 1.30473 4.86938 5.19
    endloop
  endfacet
  facet normal 0.195084 0.980787 0
    outer loop
      vertex 0.65799 4.99802 5.19
      vertex 1.30473 4.86938 5.13
      vertex 0.65799 4.99802 5.13
    endloop
  endfacet
  facet normal 0.0654077 0.997859 -0
    outer loop
      vertex 0.65799 4.99802 5.13
      vertex 0 5.04115 5.19
      vertex 0.65799 4.99802 5.19
    endloop
  endfacet
  facet normal 0.0654077 0.997859 0
    outer loop
      vertex 0 5.04115 5.19
      vertex 0.65799 4.99802 5.13
      vertex 0 5.04115 5.13
    endloop
  endfacet
  facet normal 0.555571 -0.831469 0
    outer loop
      vertex 2.52058 -4.36577 5.13
      vertex 3.06886 -3.99942 5.19
      vertex 2.52058 -4.36577 5.19
    endloop
  endfacet
  facet normal 0.555571 -0.831469 0
    outer loop
      vertex 3.06886 -3.99942 5.19
      vertex 2.52058 -4.36577 5.13
      vertex 3.06886 -3.99942 5.13
    endloop
  endfacet
  facet normal 0.0654077 -0.997859 0
    outer loop
      vertex 0 -5.04115 5.13
      vertex 0.65799 -4.99802 5.19
      vertex 0 -5.04115 5.19
    endloop
  endfacet
  facet normal 0.0654077 -0.997859 0
    outer loop
      vertex 0.65799 -4.99802 5.19
      vertex 0 -5.04115 5.13
      vertex 0.65799 -4.99802 5.13
    endloop
  endfacet
  facet normal -0.0654077 -0.997859 0
    outer loop
      vertex -0.65799 -4.99802 5.13
      vertex 0 -5.04115 5.19
      vertex -0.65799 -4.99802 5.19
    endloop
  endfacet
  facet normal -0.0654077 -0.997859 -0
    outer loop
      vertex 0 -5.04115 5.19
      vertex -0.65799 -4.99802 5.13
      vertex 0 -5.04115 5.13
    endloop
  endfacet
  facet normal -0.555571 -0.831469 0
    outer loop
      vertex -3.06886 -3.99942 5.13
      vertex -2.52058 -4.36577 5.19
      vertex -3.06886 -3.99942 5.19
    endloop
  endfacet
  facet normal -0.555571 -0.831469 -0
    outer loop
      vertex -2.52058 -4.36577 5.19
      vertex -3.06886 -3.99942 5.13
      vertex -2.52058 -4.36577 5.13
    endloop
  endfacet
  facet normal -0.946931 0.321437 0
    outer loop
      vertex -4.86938 1.30473 5.13
      vertex -4.65742 1.92915 5.19
      vertex -4.65742 1.92915 5.13
    endloop
  endfacet
  facet normal -0.946931 0.321437 0
    outer loop
      vertex -4.65742 1.92915 5.19
      vertex -4.86938 1.30473 5.13
      vertex -4.86938 1.30473 5.19
    endloop
  endfacet
  facet normal -0.997859 0.0654077 0
    outer loop
      vertex -5.04115 0 5.13
      vertex -4.99802 0.65799 5.19
      vertex -4.99802 0.65799 5.13
    endloop
  endfacet
  facet normal -0.997859 0.0654077 0
    outer loop
      vertex -4.99802 0.65799 5.19
      vertex -5.04115 0 5.13
      vertex -5.04115 0 5.19
    endloop
  endfacet
  facet normal 0.896879 0.442275 0
    outer loop
      vertex 4.65742 1.92915 5.19
      vertex 4.36577 2.52058 5.13
      vertex 4.36577 2.52058 5.19
    endloop
  endfacet
  facet normal 0.896879 0.442275 0
    outer loop
      vertex 4.36577 2.52058 5.13
      vertex 4.65742 1.92915 5.19
      vertex 4.65742 1.92915 5.13
    endloop
  endfacet
  facet normal 0.321437 -0.946931 0
    outer loop
      vertex 1.30473 -4.86938 5.13
      vertex 1.92915 -4.65742 5.19
      vertex 1.30473 -4.86938 5.19
    endloop
  endfacet
  facet normal 0.321437 -0.946931 0
    outer loop
      vertex 1.92915 -4.65742 5.19
      vertex 1.30473 -4.86938 5.13
      vertex 1.92915 -4.65742 5.13
    endloop
  endfacet
  facet normal -0.831469 0.555571 0
    outer loop
      vertex -4.36577 2.52058 5.13
      vertex -3.99942 3.06886 5.19
      vertex -3.99942 3.06886 5.13
    endloop
  endfacet
  facet normal -0.831469 0.555571 0
    outer loop
      vertex -3.99942 3.06886 5.19
      vertex -4.36577 2.52058 5.13
      vertex -4.36577 2.52058 5.19
    endloop
  endfacet
  facet normal 0.997859 0.0654077 0
    outer loop
      vertex 5.04115 0 5.19
      vertex 4.99802 0.65799 5.13
      vertex 4.99802 0.65799 5.19
    endloop
  endfacet
  facet normal 0.997859 0.0654077 0
    outer loop
      vertex 4.99802 0.65799 5.13
      vertex 5.04115 0 5.19
      vertex 5.04115 0 5.13
    endloop
  endfacet
  facet normal -0.442275 -0.896879 0
    outer loop
      vertex -2.52058 -4.36577 5.13
      vertex -1.92915 -4.65742 5.19
      vertex -2.52058 -4.36577 5.19
    endloop
  endfacet
  facet normal -0.442275 -0.896879 -0
    outer loop
      vertex -1.92915 -4.65742 5.19
      vertex -2.52058 -4.36577 5.13
      vertex -1.92915 -4.65742 5.13
    endloop
  endfacet
  facet normal -0.0654077 0.997859 0
    outer loop
      vertex 0 5.04115 5.13
      vertex -0.65799 4.99802 5.19
      vertex 0 5.04115 5.19
    endloop
  endfacet
  facet normal -0.0654077 0.997859 0
    outer loop
      vertex -0.65799 4.99802 5.19
      vertex 0 5.04115 5.13
      vertex -0.65799 4.99802 5.13
    endloop
  endfacet
  facet normal 0.831469 0.555571 0
    outer loop
      vertex 4.36577 2.52058 5.19
      vertex 3.99942 3.06886 5.13
      vertex 3.99942 3.06886 5.19
    endloop
  endfacet
  facet normal 0.831469 0.555571 0
    outer loop
      vertex 3.99942 3.06886 5.13
      vertex 4.36577 2.52058 5.19
      vertex 4.36577 2.52058 5.13
    endloop
  endfacet
  facet normal -0.896879 0.442275 0
    outer loop
      vertex -4.65742 1.92915 5.13
      vertex -4.36577 2.52058 5.19
      vertex -4.36577 2.52058 5.13
    endloop
  endfacet
  facet normal -0.896879 0.442275 0
    outer loop
      vertex -4.36577 2.52058 5.19
      vertex -4.65742 1.92915 5.13
      vertex -4.65742 1.92915 5.19
    endloop
  endfacet
  facet normal 0.659339 0.751845 -0
    outer loop
      vertex 3.56464 3.56464 5.13
      vertex 3.06886 3.99942 5.19
      vertex 3.56464 3.56464 5.19
    endloop
  endfacet
  facet normal 0.659339 0.751845 0
    outer loop
      vertex 3.06886 3.99942 5.19
      vertex 3.56464 3.56464 5.13
      vertex 3.06886 3.99942 5.13
    endloop
  endfacet
  facet normal -0.946931 -0.321437 0
    outer loop
      vertex -4.65742 -1.92915 5.13
      vertex -4.86938 -1.30473 5.19
      vertex -4.86938 -1.30473 5.13
    endloop
  endfacet
  facet normal -0.946931 -0.321437 0
    outer loop
      vertex -4.86938 -1.30473 5.19
      vertex -4.65742 -1.92915 5.13
      vertex -4.65742 -1.92915 5.19
    endloop
  endfacet
  facet normal -0.980787 0.195084 0
    outer loop
      vertex -4.99802 0.65799 5.13
      vertex -4.86938 1.30473 5.19
      vertex -4.86938 1.30473 5.13
    endloop
  endfacet
  facet normal -0.980787 0.195084 0
    outer loop
      vertex -4.86938 1.30473 5.19
      vertex -4.99802 0.65799 5.13
      vertex -4.99802 0.65799 5.19
    endloop
  endfacet
  facet normal -0.555571 0.831469 0
    outer loop
      vertex -2.52058 4.36577 5.13
      vertex -3.06886 3.99942 5.19
      vertex -2.52058 4.36577 5.19
    endloop
  endfacet
  facet normal -0.555571 0.831469 0
    outer loop
      vertex -3.06886 3.99942 5.19
      vertex -2.52058 4.36577 5.13
      vertex -3.06886 3.99942 5.13
    endloop
  endfacet
  facet normal -0.751845 0.659339 0
    outer loop
      vertex -3.99942 3.06886 5.13
      vertex -3.56464 3.56464 5.19
      vertex -3.56464 3.56464 5.13
    endloop
  endfacet
  facet normal -0.751845 0.659339 0
    outer loop
      vertex -3.56464 3.56464 5.19
      vertex -3.99942 3.06886 5.13
      vertex -3.99942 3.06886 5.19
    endloop
  endfacet
  facet normal 0.195084 -0.980787 0
    outer loop
      vertex 0.65799 -4.99802 5.13
      vertex 1.30473 -4.86938 5.19
      vertex 0.65799 -4.99802 5.19
    endloop
  endfacet
  facet normal 0.195084 -0.980787 0
    outer loop
      vertex 1.30473 -4.86938 5.19
      vertex 0.65799 -4.99802 5.13
      vertex 1.30473 -4.86938 5.13
    endloop
  endfacet
  facet normal 0.946931 0.321437 0
    outer loop
      vertex 4.86938 1.30473 5.19
      vertex 4.65742 1.92915 5.13
      vertex 4.65742 1.92915 5.19
    endloop
  endfacet
  facet normal 0.946931 0.321437 0
    outer loop
      vertex 4.65742 1.92915 5.13
      vertex 4.86938 1.30473 5.19
      vertex 4.86938 1.30473 5.13
    endloop
  endfacet
  facet normal -0.831469 -0.555571 0
    outer loop
      vertex -3.99942 -3.06886 5.13
      vertex -4.36577 -2.52058 5.19
      vertex -4.36577 -2.52058 5.13
    endloop
  endfacet
  facet normal -0.831469 -0.555571 0
    outer loop
      vertex -4.36577 -2.52058 5.19
      vertex -3.99942 -3.06886 5.13
      vertex -3.99942 -3.06886 5.19
    endloop
  endfacet
  facet normal 0.980787 0.195084 0
    outer loop
      vertex 4.99802 0.65799 5.19
      vertex 4.86938 1.30473 5.13
      vertex 4.86938 1.30473 5.19
    endloop
  endfacet
  facet normal 0.980787 0.195084 0
    outer loop
      vertex 4.86938 1.30473 5.13
      vertex 4.99802 0.65799 5.19
      vertex 4.99802 0.65799 5.13
    endloop
  endfacet
  facet normal 0.896879 -0.442275 0
    outer loop
      vertex 4.36577 -2.52058 5.19
      vertex 4.65742 -1.92915 5.13
      vertex 4.65742 -1.92915 5.19
    endloop
  endfacet
  facet normal 0.896879 -0.442275 0
    outer loop
      vertex 4.65742 -1.92915 5.13
      vertex 4.36577 -2.52058 5.19
      vertex 4.36577 -2.52058 5.13
    endloop
  endfacet
  facet normal 0.831469 -0.555571 0
    outer loop
      vertex 3.99942 -3.06886 5.19
      vertex 4.36577 -2.52058 5.13
      vertex 4.36577 -2.52058 5.19
    endloop
  endfacet
  facet normal 0.831469 -0.555571 0
    outer loop
      vertex 4.36577 -2.52058 5.13
      vertex 3.99942 -3.06886 5.19
      vertex 3.99942 -3.06886 5.13
    endloop
  endfacet
  facet normal -0.321437 -0.946931 0
    outer loop
      vertex -1.92915 -4.65742 5.13
      vertex -1.30473 -4.86938 5.19
      vertex -1.92915 -4.65742 5.19
    endloop
  endfacet
  facet normal -0.321437 -0.946931 -0
    outer loop
      vertex -1.30473 -4.86938 5.19
      vertex -1.92915 -4.65742 5.13
      vertex -1.30473 -4.86938 5.13
    endloop
  endfacet
  facet normal -0.980787 -0.195084 0
    outer loop
      vertex -4.86938 -1.30473 5.13
      vertex -4.99802 -0.65799 5.19
      vertex -4.99802 -0.65799 5.13
    endloop
  endfacet
  facet normal -0.980787 -0.195084 0
    outer loop
      vertex -4.99802 -0.65799 5.19
      vertex -4.86938 -1.30473 5.13
      vertex -4.86938 -1.30473 5.19
    endloop
  endfacet
  facet normal -0.896879 -0.442275 0
    outer loop
      vertex -4.36577 -2.52058 5.13
      vertex -4.65742 -1.92915 5.19
      vertex -4.65742 -1.92915 5.13
    endloop
  endfacet
  facet normal -0.896879 -0.442275 0
    outer loop
      vertex -4.65742 -1.92915 5.19
      vertex -4.36577 -2.52058 5.13
      vertex -4.36577 -2.52058 5.19
    endloop
  endfacet
  facet normal -0.321437 0.946931 0
    outer loop
      vertex -1.30473 4.86938 5.13
      vertex -1.92915 4.65742 5.19
      vertex -1.30473 4.86938 5.19
    endloop
  endfacet
  facet normal -0.321437 0.946931 0
    outer loop
      vertex -1.92915 4.65742 5.19
      vertex -1.30473 4.86938 5.13
      vertex -1.92915 4.65742 5.13
    endloop
  endfacet
  facet normal -0.195084 0.980787 0
    outer loop
      vertex -0.65799 4.99802 5.13
      vertex -1.30473 4.86938 5.19
      vertex -0.65799 4.99802 5.19
    endloop
  endfacet
  facet normal -0.195084 0.980787 0
    outer loop
      vertex -1.30473 4.86938 5.19
      vertex -0.65799 4.99802 5.13
      vertex -1.30473 4.86938 5.13
    endloop
  endfacet
  facet normal -0.442275 0.896879 0
    outer loop
      vertex -1.92915 4.65742 5.13
      vertex -2.52058 4.36577 5.19
      vertex -1.92915 4.65742 5.19
    endloop
  endfacet
  facet normal -0.442275 0.896879 0
    outer loop
      vertex -2.52058 4.36577 5.19
      vertex -1.92915 4.65742 5.13
      vertex -2.52058 4.36577 5.13
    endloop
  endfacet
  facet normal -0.659339 -0.751845 0
    outer loop
      vertex -3.56464 -3.56464 5.13
      vertex -3.06886 -3.99942 5.19
      vertex -3.56464 -3.56464 5.19
    endloop
  endfacet
  facet normal -0.659339 -0.751845 -0
    outer loop
      vertex -3.06886 -3.99942 5.19
      vertex -3.56464 -3.56464 5.13
      vertex -3.06886 -3.99942 5.13
    endloop
  endfacet
  facet normal -0.659339 0.751845 0
    outer loop
      vertex -3.06886 3.99942 5.13
      vertex -3.56464 3.56464 5.19
      vertex -3.06886 3.99942 5.19
    endloop
  endfacet
  facet normal -0.659339 0.751845 0
    outer loop
      vertex -3.56464 3.56464 5.19
      vertex -3.06886 3.99942 5.13
      vertex -3.56464 3.56464 5.13
    endloop
  endfacet
  facet normal 0.997859 -0.0654077 0
    outer loop
      vertex 4.99802 -0.65799 5.19
      vertex 5.04115 0 5.13
      vertex 5.04115 0 5.19
    endloop
  endfacet
  facet normal 0.997859 -0.0654077 0
    outer loop
      vertex 5.04115 0 5.13
      vertex 4.99802 -0.65799 5.19
      vertex 4.99802 -0.65799 5.13
    endloop
  endfacet
  facet normal 0.442275 -0.896879 0
    outer loop
      vertex 1.92915 -4.65742 5.13
      vertex 2.52058 -4.36577 5.19
      vertex 1.92915 -4.65742 5.19
    endloop
  endfacet
  facet normal 0.442275 -0.896879 0
    outer loop
      vertex 2.52058 -4.36577 5.19
      vertex 1.92915 -4.65742 5.13
      vertex 2.52058 -4.36577 5.13
    endloop
  endfacet
  facet normal 0.946931 -0.321437 0
    outer loop
      vertex 4.65742 -1.92915 5.19
      vertex 4.86938 -1.30473 5.13
      vertex 4.86938 -1.30473 5.19
    endloop
  endfacet
  facet normal 0.946931 -0.321437 0
    outer loop
      vertex 4.86938 -1.30473 5.13
      vertex 4.65742 -1.92915 5.19
      vertex 4.65742 -1.92915 5.13
    endloop
  endfacet
  facet normal 0.659339 -0.751845 0
    outer loop
      vertex 3.06886 -3.99942 5.13
      vertex 3.56464 -3.56464 5.19
      vertex 3.06886 -3.99942 5.19
    endloop
  endfacet
  facet normal 0.659339 -0.751845 0
    outer loop
      vertex 3.56464 -3.56464 5.19
      vertex 3.06886 -3.99942 5.13
      vertex 3.56464 -3.56464 5.13
    endloop
  endfacet
  facet normal -0.195084 -0.980787 0
    outer loop
      vertex -1.30473 -4.86938 5.13
      vertex -0.65799 -4.99802 5.19
      vertex -1.30473 -4.86938 5.19
    endloop
  endfacet
  facet normal -0.195084 -0.980787 -0
    outer loop
      vertex -0.65799 -4.99802 5.19
      vertex -1.30473 -4.86938 5.13
      vertex -0.65799 -4.99802 5.13
    endloop
  endfacet
  facet normal 0.555571 0.831469 -0
    outer loop
      vertex 3.06886 3.99942 5.13
      vertex 2.52058 4.36577 5.19
      vertex 3.06886 3.99942 5.19
    endloop
  endfacet
  facet normal 0.555571 0.831469 0
    outer loop
      vertex 2.52058 4.36577 5.19
      vertex 3.06886 3.99942 5.13
      vertex 2.52058 4.36577 5.13
    endloop
  endfacet
  facet normal 0.751845 0.659339 0
    outer loop
      vertex 3.99942 3.06886 5.19
      vertex 3.56464 3.56464 5.13
      vertex 3.56464 3.56464 5.19
    endloop
  endfacet
  facet normal 0.751845 0.659339 0
    outer loop
      vertex 3.56464 3.56464 5.13
      vertex 3.99942 3.06886 5.19
      vertex 3.99942 3.06886 5.13
    endloop
  endfacet
  facet normal 0.980787 -0.195084 0
    outer loop
      vertex 4.86938 -1.30473 5.19
      vertex 4.99802 -0.65799 5.13
      vertex 4.99802 -0.65799 5.19
    endloop
  endfacet
  facet normal 0.980787 -0.195084 0
    outer loop
      vertex 4.99802 -0.65799 5.13
      vertex 4.86938 -1.30473 5.19
      vertex 4.86938 -1.30473 5.13
    endloop
  endfacet
  facet normal 0.751845 -0.659339 0
    outer loop
      vertex 3.56464 -3.56464 5.19
      vertex 3.99942 -3.06886 5.13
      vertex 3.99942 -3.06886 5.19
    endloop
  endfacet
  facet normal 0.751845 -0.659339 0
    outer loop
      vertex 3.99942 -3.06886 5.13
      vertex 3.56464 -3.56464 5.19
      vertex 3.56464 -3.56464 5.13
    endloop
  endfacet
  facet normal 0 0 -1
    outer loop
      vertex 4.98103 0 5.13
      vertex 5.04115 0 5.13
      vertex 4.99802 -0.65799 5.13
    endloop
  endfacet
  facet normal 0 0 -1
    outer loop
      vertex 5.04115 0 5.13
      vertex 4.98103 0 5.13
      vertex 4.99802 0.65799 5.13
    endloop
  endfacet
  facet normal 0 0 -1
    outer loop
      vertex 4.99802 -0.65799 5.13
      vertex 4.9384 -0.650146 5.13
      vertex 4.98103 0 5.13
    endloop
  endfacet
  facet normal 0 0 -1
    outer loop
      vertex 4.86938 -1.30473 5.13
      vertex 4.9384 -0.650146 5.13
      vertex 4.99802 -0.65799 5.13
    endloop
  endfacet
  facet normal 0 0 -1
    outer loop
      vertex 4.86938 -1.30473 5.13
      vertex 4.81131 -1.28917 5.13
      vertex 4.9384 -0.650146 5.13
    endloop
  endfacet
  facet normal 0 0 -1
    outer loop
      vertex 4.65742 -1.92915 5.13
      vertex 4.81131 -1.28917 5.13
      vertex 4.86938 -1.30473 5.13
    endloop
  endfacet
  facet normal 0 0 -1
    outer loop
      vertex 4.65742 -1.92915 5.13
      vertex 4.60187 -1.90614 5.13
      vertex 4.81131 -1.28917 5.13
    endloop
  endfacet
  facet normal 0 0 -1
    outer loop
      vertex 4.36577 -2.52058 5.13
      vertex 4.60187 -1.90614 5.13
      vertex 4.65742 -1.92915 5.13
    endloop
  endfacet
  facet normal 0 0 -1
    outer loop
      vertex 4.36577 -2.52058 5.13
      vertex 4.31369 -2.49051 5.13
      vertex 4.60187 -1.90614 5.13
    endloop
  endfacet
  facet normal 0 0 -1
    outer loop
      vertex 3.99942 -3.06886 5.13
      vertex 4.31369 -2.49051 5.13
      vertex 4.36577 -2.52058 5.13
    endloop
  endfacet
  facet normal 0 0 -1
    outer loop
      vertex 3.99942 -3.06886 5.13
      vertex 3.95171 -3.03226 5.13
      vertex 4.31369 -2.49051 5.13
    endloop
  endfacet
  facet normal 0 0 -1
    outer loop
      vertex 3.56464 -3.56464 5.13
      vertex 3.95171 -3.03226 5.13
      vertex 3.99942 -3.06886 5.13
    endloop
  endfacet
  facet normal 0 0 -1
    outer loop
      vertex 3.56464 -3.56464 5.13
      vertex 3.52211 -3.52211 5.13
      vertex 3.95171 -3.03226 5.13
    endloop
  endfacet
  facet normal 0 0 -1
    outer loop
      vertex 3.06886 -3.99942 5.13
      vertex 3.52211 -3.52211 5.13
      vertex 3.56464 -3.56464 5.13
    endloop
  endfacet
  facet normal 0 0 -1
    outer loop
      vertex 3.06886 -3.99942 5.13
      vertex 3.03226 -3.95171 5.13
      vertex 3.52211 -3.52211 5.13
    endloop
  endfacet
  facet normal 0 0 -1
    outer loop
      vertex 2.52058 -4.36577 5.13
      vertex 3.03226 -3.95171 5.13
      vertex 3.06886 -3.99942 5.13
    endloop
  endfacet
  facet normal 0 0 -1
    outer loop
      vertex 2.52058 -4.36577 5.13
      vertex 2.49051 -4.31369 5.13
      vertex 3.03226 -3.95171 5.13
    endloop
  endfacet
  facet normal 0 0 -1
    outer loop
      vertex 1.92915 -4.65742 5.13
      vertex 2.49051 -4.31369 5.13
      vertex 2.52058 -4.36577 5.13
    endloop
  endfacet
  facet normal 0 0 -1
    outer loop
      vertex 1.92915 -4.65742 5.13
      vertex 1.90614 -4.60187 5.13
      vertex 2.49051 -4.31369 5.13
    endloop
  endfacet
  facet normal 0 0 -1
    outer loop
      vertex 1.30473 -4.86938 5.13
      vertex 1.90614 -4.60187 5.13
      vertex 1.92915 -4.65742 5.13
    endloop
  endfacet
  facet normal 0 0 -1
    outer loop
      vertex 1.30473 -4.86938 5.13
      vertex 1.28917 -4.81131 5.13
      vertex 1.90614 -4.60187 5.13
    endloop
  endfacet
  facet normal 0 0 -1
    outer loop
      vertex 0.65799 -4.99802 5.13
      vertex 1.28917 -4.81131 5.13
      vertex 1.30473 -4.86938 5.13
    endloop
  endfacet
  facet normal 0 0 -1
    outer loop
      vertex 0.65799 -4.99802 5.13
      vertex 0.650146 -4.9384 5.13
      vertex 1.28917 -4.81131 5.13
    endloop
  endfacet
  facet normal 0 0 -1
    outer loop
      vertex 0 -5.04115 5.13
      vertex 0.650146 -4.9384 5.13
      vertex 0.65799 -4.99802 5.13
    endloop
  endfacet
  facet normal 0 0 -1
    outer loop
      vertex 0 -5.04115 5.13
      vertex 0 -4.98103 5.13
      vertex 0.650146 -4.9384 5.13
    endloop
  endfacet
  facet normal 0 0 -1
    outer loop
      vertex 0 -5.04115 5.13
      vertex -0.650146 -4.9384 5.13
      vertex 0 -4.98103 5.13
    endloop
  endfacet
  facet normal 0 0 -1
    outer loop
      vertex -0.65799 -4.99802 5.13
      vertex -0.650146 -4.9384 5.13
      vertex 0 -5.04115 5.13
    endloop
  endfacet
  facet normal 0 0 -1
    outer loop
      vertex -0.65799 -4.99802 5.13
      vertex -1.28917 -4.81131 5.13
      vertex -0.650146 -4.9384 5.13
    endloop
  endfacet
  facet normal 0 0 -1
    outer loop
      vertex -1.30473 -4.86938 5.13
      vertex -1.28917 -4.81131 5.13
      vertex -0.65799 -4.99802 5.13
    endloop
  endfacet
  facet normal 0 0 -1
    outer loop
      vertex -1.30473 -4.86938 5.13
      vertex -1.90614 -4.60187 5.13
      vertex -1.28917 -4.81131 5.13
    endloop
  endfacet
  facet normal 0 0 -1
    outer loop
      vertex -1.92915 -4.65742 5.13
      vertex -1.90614 -4.60187 5.13
      vertex -1.30473 -4.86938 5.13
    endloop
  endfacet
  facet normal 0 0 -1
    outer loop
      vertex -1.92915 -4.65742 5.13
      vertex -2.49051 -4.31369 5.13
      vertex -1.90614 -4.60187 5.13
    endloop
  endfacet
  facet normal 0 0 -1
    outer loop
      vertex -2.52058 -4.36577 5.13
      vertex -2.49051 -4.31369 5.13
      vertex -1.92915 -4.65742 5.13
    endloop
  endfacet
  facet normal 0 0 -1
    outer loop
      vertex -2.52058 -4.36577 5.13
      vertex -3.03226 -3.95171 5.13
      vertex -2.49051 -4.31369 5.13
    endloop
  endfacet
  facet normal 0 0 -1
    outer loop
      vertex -3.06886 -3.99942 5.13
      vertex -3.03226 -3.95171 5.13
      vertex -2.52058 -4.36577 5.13
    endloop
  endfacet
  facet normal 0 0 -1
    outer loop
      vertex -3.06886 -3.99942 5.13
      vertex -3.52211 -3.52211 5.13
      vertex -3.03226 -3.95171 5.13
    endloop
  endfacet
  facet normal 0 0 -1
    outer loop
      vertex -3.56464 -3.56464 5.13
      vertex -3.52211 -3.52211 5.13
      vertex -3.06886 -3.99942 5.13
    endloop
  endfacet
  facet normal 0 0 -1
    outer loop
      vertex -3.56464 -3.56464 5.13
      vertex -3.95171 -3.03226 5.13
      vertex -3.52211 -3.52211 5.13
    endloop
  endfacet
  facet normal 0 0 -1
    outer loop
      vertex -3.99942 -3.06886 5.13
      vertex -3.95171 -3.03226 5.13
      vertex -3.56464 -3.56464 5.13
    endloop
  endfacet
  facet normal 0 0 -1
    outer loop
      vertex -3.99942 -3.06886 5.13
      vertex -4.31369 -2.49051 5.13
      vertex -3.95171 -3.03226 5.13
    endloop
  endfacet
  facet normal 0 0 -1
    outer loop
      vertex -4.36577 -2.52058 5.13
      vertex -4.31369 -2.49051 5.13
      vertex -3.99942 -3.06886 5.13
    endloop
  endfacet
  facet normal 0 0 -1
    outer loop
      vertex -4.36577 -2.52058 5.13
      vertex -4.60187 -1.90614 5.13
      vertex -4.31369 -2.49051 5.13
    endloop
  endfacet
  facet normal 0 0 -1
    outer loop
      vertex -4.65742 -1.92915 5.13
      vertex -4.60187 -1.90614 5.13
      vertex -4.36577 -2.52058 5.13
    endloop
  endfacet
  facet normal 0 0 -1
    outer loop
      vertex -4.65742 -1.92915 5.13
      vertex -4.81131 -1.28917 5.13
      vertex -4.60187 -1.90614 5.13
    endloop
  endfacet
  facet normal 0 0 -1
    outer loop
      vertex -4.86938 -1.30473 5.13
      vertex -4.81131 -1.28917 5.13
      vertex -4.65742 -1.92915 5.13
    endloop
  endfacet
  facet normal 0 0 -1
    outer loop
      vertex -4.86938 -1.30473 5.13
      vertex -4.9384 -0.650146 5.13
      vertex -4.81131 -1.28917 5.13
    endloop
  endfacet
  facet normal -0 0 -1
    outer loop
      vertex -4.9384 -0.650146 5.13
      vertex -4.99802 -0.65799 5.13
      vertex -4.98103 0 5.13
    endloop
  endfacet
  facet normal 0 0 -1
    outer loop
      vertex -4.99802 -0.65799 5.13
      vertex -4.9384 -0.650146 5.13
      vertex -4.86938 -1.30473 5.13
    endloop
  endfacet
  facet normal 0 0 -1
    outer loop
      vertex 4.9384 0.650146 5.13
      vertex 4.99802 0.65799 5.13
      vertex 4.98103 0 5.13
    endloop
  endfacet
  facet normal 0 0 -1
    outer loop
      vertex 4.9384 0.650146 5.13
      vertex 4.86938 1.30473 5.13
      vertex 4.99802 0.65799 5.13
    endloop
  endfacet
  facet normal 0 0 -1
    outer loop
      vertex 4.81131 1.28917 5.13
      vertex 4.86938 1.30473 5.13
      vertex 4.9384 0.650146 5.13
    endloop
  endfacet
  facet normal 0 0 -1
    outer loop
      vertex 4.81131 1.28917 5.13
      vertex 4.65742 1.92915 5.13
      vertex 4.86938 1.30473 5.13
    endloop
  endfacet
  facet normal 0 0 -1
    outer loop
      vertex 4.60187 1.90614 5.13
      vertex 4.65742 1.92915 5.13
      vertex 4.81131 1.28917 5.13
    endloop
  endfacet
  facet normal 0 0 -1
    outer loop
      vertex 4.60187 1.90614 5.13
      vertex 4.36577 2.52058 5.13
      vertex 4.65742 1.92915 5.13
    endloop
  endfacet
  facet normal 0 0 -1
    outer loop
      vertex 4.31369 2.49051 5.13
      vertex 4.36577 2.52058 5.13
      vertex 4.60187 1.90614 5.13
    endloop
  endfacet
  facet normal 0 0 -1
    outer loop
      vertex 4.31369 2.49051 5.13
      vertex 3.99942 3.06886 5.13
      vertex 4.36577 2.52058 5.13
    endloop
  endfacet
  facet normal 0 0 -1
    outer loop
      vertex 3.95171 3.03226 5.13
      vertex 3.99942 3.06886 5.13
      vertex 4.31369 2.49051 5.13
    endloop
  endfacet
  facet normal 0 0 -1
    outer loop
      vertex 3.95171 3.03226 5.13
      vertex 3.56464 3.56464 5.13
      vertex 3.99942 3.06886 5.13
    endloop
  endfacet
  facet normal 0 0 -1
    outer loop
      vertex 3.52211 3.52211 5.13
      vertex 3.56464 3.56464 5.13
      vertex 3.95171 3.03226 5.13
    endloop
  endfacet
  facet normal 0 0 -1
    outer loop
      vertex 3.52211 3.52211 5.13
      vertex 3.06886 3.99942 5.13
      vertex 3.56464 3.56464 5.13
    endloop
  endfacet
  facet normal 0 0 -1
    outer loop
      vertex 3.03226 3.95171 5.13
      vertex 3.06886 3.99942 5.13
      vertex 3.52211 3.52211 5.13
    endloop
  endfacet
  facet normal 0 0 -1
    outer loop
      vertex 3.03226 3.95171 5.13
      vertex 2.52058 4.36577 5.13
      vertex 3.06886 3.99942 5.13
    endloop
  endfacet
  facet normal 0 0 -1
    outer loop
      vertex 2.49051 4.31369 5.13
      vertex 2.52058 4.36577 5.13
      vertex 3.03226 3.95171 5.13
    endloop
  endfacet
  facet normal 0 0 -1
    outer loop
      vertex 2.49051 4.31369 5.13
      vertex 1.92915 4.65742 5.13
      vertex 2.52058 4.36577 5.13
    endloop
  endfacet
  facet normal 0 0 -1
    outer loop
      vertex 1.90614 4.60187 5.13
      vertex 1.92915 4.65742 5.13
      vertex 2.49051 4.31369 5.13
    endloop
  endfacet
  facet normal 0 0 -1
    outer loop
      vertex 1.90614 4.60187 5.13
      vertex 1.30473 4.86938 5.13
      vertex 1.92915 4.65742 5.13
    endloop
  endfacet
  facet normal 0 0 -1
    outer loop
      vertex 1.28917 4.81131 5.13
      vertex 1.30473 4.86938 5.13
      vertex 1.90614 4.60187 5.13
    endloop
  endfacet
  facet normal 0 0 -1
    outer loop
      vertex 1.28917 4.81131 5.13
      vertex 0.65799 4.99802 5.13
      vertex 1.30473 4.86938 5.13
    endloop
  endfacet
  facet normal 0 0 -1
    outer loop
      vertex 0.650146 4.9384 5.13
      vertex 0.65799 4.99802 5.13
      vertex 1.28917 4.81131 5.13
    endloop
  endfacet
  facet normal 0 0 -1
    outer loop
      vertex 0 4.98103 5.13
      vertex 0.65799 4.99802 5.13
      vertex 0.650146 4.9384 5.13
    endloop
  endfacet
  facet normal 0 0 -1
    outer loop
      vertex 0 4.98103 5.13
      vertex 0 5.04115 5.13
      vertex 0.65799 4.99802 5.13
    endloop
  endfacet
  facet normal 0 0 -1
    outer loop
      vertex -0.650146 4.9384 5.13
      vertex 0 5.04115 5.13
      vertex 0 4.98103 5.13
    endloop
  endfacet
  facet normal 0 0 -1
    outer loop
      vertex -0.650146 4.9384 5.13
      vertex -0.65799 4.99802 5.13
      vertex 0 5.04115 5.13
    endloop
  endfacet
  facet normal 0 0 -1
    outer loop
      vertex -1.28917 4.81131 5.13
      vertex -0.65799 4.99802 5.13
      vertex -0.650146 4.9384 5.13
    endloop
  endfacet
  facet normal 0 0 -1
    outer loop
      vertex -1.28917 4.81131 5.13
      vertex -1.30473 4.86938 5.13
      vertex -0.65799 4.99802 5.13
    endloop
  endfacet
  facet normal 0 0 -1
    outer loop
      vertex -1.90614 4.60187 5.13
      vertex -1.30473 4.86938 5.13
      vertex -1.28917 4.81131 5.13
    endloop
  endfacet
  facet normal 0 0 -1
    outer loop
      vertex -1.90614 4.60187 5.13
      vertex -1.92915 4.65742 5.13
      vertex -1.30473 4.86938 5.13
    endloop
  endfacet
  facet normal 0 0 -1
    outer loop
      vertex -2.49051 4.31369 5.13
      vertex -1.92915 4.65742 5.13
      vertex -1.90614 4.60187 5.13
    endloop
  endfacet
  facet normal 0 0 -1
    outer loop
      vertex -2.49051 4.31369 5.13
      vertex -2.52058 4.36577 5.13
      vertex -1.92915 4.65742 5.13
    endloop
  endfacet
  facet normal 0 0 -1
    outer loop
      vertex -3.03226 3.95171 5.13
      vertex -2.52058 4.36577 5.13
      vertex -2.49051 4.31369 5.13
    endloop
  endfacet
  facet normal 0 0 -1
    outer loop
      vertex -3.03226 3.95171 5.13
      vertex -3.06886 3.99942 5.13
      vertex -2.52058 4.36577 5.13
    endloop
  endfacet
  facet normal 0 0 -1
    outer loop
      vertex -3.52211 3.52211 5.13
      vertex -3.06886 3.99942 5.13
      vertex -3.03226 3.95171 5.13
    endloop
  endfacet
  facet normal 0 0 -1
    outer loop
      vertex -3.52211 3.52211 5.13
      vertex -3.56464 3.56464 5.13
      vertex -3.06886 3.99942 5.13
    endloop
  endfacet
  facet normal 0 0 -1
    outer loop
      vertex -3.95171 3.03226 5.13
      vertex -3.56464 3.56464 5.13
      vertex -3.52211 3.52211 5.13
    endloop
  endfacet
  facet normal 0 0 -1
    outer loop
      vertex -3.95171 3.03226 5.13
      vertex -3.99942 3.06886 5.13
      vertex -3.56464 3.56464 5.13
    endloop
  endfacet
  facet normal 0 0 -1
    outer loop
      vertex -4.31369 2.49051 5.13
      vertex -3.99942 3.06886 5.13
      vertex -3.95171 3.03226 5.13
    endloop
  endfacet
  facet normal 0 0 -1
    outer loop
      vertex -4.31369 2.49051 5.13
      vertex -4.36577 2.52058 5.13
      vertex -3.99942 3.06886 5.13
    endloop
  endfacet
  facet normal 0 0 -1
    outer loop
      vertex -4.60187 1.90614 5.13
      vertex -4.36577 2.52058 5.13
      vertex -4.31369 2.49051 5.13
    endloop
  endfacet
  facet normal 0 0 -1
    outer loop
      vertex -4.60187 1.90614 5.13
      vertex -4.65742 1.92915 5.13
      vertex -4.36577 2.52058 5.13
    endloop
  endfacet
  facet normal 0 0 -1
    outer loop
      vertex -4.81131 1.28917 5.13
      vertex -4.65742 1.92915 5.13
      vertex -4.60187 1.90614 5.13
    endloop
  endfacet
  facet normal 0 0 -1
    outer loop
      vertex -4.81131 1.28917 5.13
      vertex -4.86938 1.30473 5.13
      vertex -4.65742 1.92915 5.13
    endloop
  endfacet
  facet normal 0 0 -1
    outer loop
      vertex -4.9384 0.650146 5.13
      vertex -4.86938 1.30473 5.13
      vertex -4.81131 1.28917 5.13
    endloop
  endfacet
  facet normal 0 0 -1
    outer loop
      vertex -4.9384 0.650146 5.13
      vertex -4.99802 0.65799 5.13
      vertex -4.86938 1.30473 5.13
    endloop
  endfacet
  facet normal 0 0 -1
    outer loop
      vertex -4.98103 0 5.13
      vertex -4.99802 0.65799 5.13
      vertex -4.9384 0.650146 5.13
    endloop
  endfacet
  facet normal 0 0 -1
    outer loop
      vertex -5.04115 0 5.13
      vertex -4.98103 0 5.13
      vertex -4.99802 -0.65799 5.13
    endloop
  endfacet
  facet normal 0 0 -1
    outer loop
      vertex -4.98103 0 5.13
      vertex -5.04115 0 5.13
      vertex -4.99802 0.65799 5.13
    endloop
  endfacet
  facet normal 0.442275 0.896879 -0
    outer loop
      vertex 2.52058 4.36577 5.13
      vertex 1.92915 4.65742 5.19
      vertex 2.52058 4.36577 5.19
    endloop
  endfacet
  facet normal 0.442275 0.896879 0
    outer loop
      vertex 1.92915 4.65742 5.19
      vertex 2.52058 4.36577 5.13
      vertex 1.92915 4.65742 5.13
    endloop
  endfacet
  facet normal -0.831474 -0.555564 0
    outer loop
      vertex -3.95171 -3.03226 5.07
      vertex -4.31369 -2.49051 5.13
      vertex -4.31369 -2.49051 5.07
    endloop
  endfacet
  facet normal -0.831474 -0.555564 0
    outer loop
      vertex -4.31369 -2.49051 5.13
      vertex -3.95171 -3.03226 5.07
      vertex -3.95171 -3.03226 5.13
    endloop
  endfacet
  facet normal 0.321449 0.946927 -0
    outer loop
      vertex 1.90614 4.60187 5.07
      vertex 1.28917 4.81131 5.13
      vertex 1.90614 4.60187 5.13
    endloop
  endfacet
  facet normal 0.321449 0.946927 0
    outer loop
      vertex 1.28917 4.81131 5.13
      vertex 1.90614 4.60187 5.07
      vertex 1.28917 4.81131 5.07
    endloop
  endfacet
  facet normal -0.997857 -0.0654294 0
    outer loop
      vertex -4.9384 -0.650146 5.07
      vertex -4.98103 0 5.13
      vertex -4.98103 0 5.07
    endloop
  endfacet
  facet normal -0.997857 -0.0654294 0
    outer loop
      vertex -4.98103 0 5.13
      vertex -4.9384 -0.650146 5.07
      vertex -4.9384 -0.650146 5.13
    endloop
  endfacet
  facet normal 0.195061 0.980791 -0
    outer loop
      vertex 1.28917 4.81131 5.07
      vertex 0.650146 4.9384 5.13
      vertex 1.28917 4.81131 5.13
    endloop
  endfacet
  facet normal 0.195061 0.980791 0
    outer loop
      vertex 0.650146 4.9384 5.13
      vertex 1.28917 4.81131 5.07
      vertex 0.650146 4.9384 5.07
    endloop
  endfacet
  facet normal -0.195061 0.980791 0
    outer loop
      vertex -0.650146 4.9384 5.07
      vertex -1.28917 4.81131 5.13
      vertex -0.650146 4.9384 5.13
    endloop
  endfacet
  facet normal -0.195061 0.980791 0
    outer loop
      vertex -1.28917 4.81131 5.13
      vertex -0.650146 4.9384 5.07
      vertex -1.28917 4.81131 5.07
    endloop
  endfacet
  facet normal 0.442289 -0.896872 0
    outer loop
      vertex 1.90614 -4.60187 5.07
      vertex 2.49051 -4.31369 5.13
      vertex 1.90614 -4.60187 5.13
    endloop
  endfacet
  facet normal 0.442289 -0.896872 0
    outer loop
      vertex 2.49051 -4.31369 5.13
      vertex 1.90614 -4.60187 5.07
      vertex 2.49051 -4.31369 5.07
    endloop
  endfacet
  facet normal 0.0654294 0.997857 -0
    outer loop
      vertex 0.650146 4.9384 5.07
      vertex 0 4.98103 5.13
      vertex 0.650146 4.9384 5.13
    endloop
  endfacet
  facet normal 0.0654294 0.997857 0
    outer loop
      vertex 0 4.98103 5.13
      vertex 0.650146 4.9384 5.07
      vertex 0 4.98103 5.07
    endloop
  endfacet
  facet normal 0.0654294 -0.997857 0
    outer loop
      vertex 0 -4.98103 5.07
      vertex 0.650146 -4.9384 5.13
      vertex 0 -4.98103 5.13
    endloop
  endfacet
  facet normal 0.0654294 -0.997857 0
    outer loop
      vertex 0.650146 -4.9384 5.13
      vertex 0 -4.98103 5.07
      vertex 0.650146 -4.9384 5.07
    endloop
  endfacet
  facet normal 0.75183 0.659357 0
    outer loop
      vertex 3.95171 3.03226 5.13
      vertex 3.52211 3.52211 5.07
      vertex 3.52211 3.52211 5.13
    endloop
  endfacet
  facet normal 0.75183 0.659357 0
    outer loop
      vertex 3.52211 3.52211 5.07
      vertex 3.95171 3.03226 5.13
      vertex 3.95171 3.03226 5.07
    endloop
  endfacet
  facet normal -0.555564 -0.831474 0
    outer loop
      vertex -3.03226 -3.95171 5.07
      vertex -2.49051 -4.31369 5.13
      vertex -3.03226 -3.95171 5.13
    endloop
  endfacet
  facet normal -0.555564 -0.831474 -0
    outer loop
      vertex -2.49051 -4.31369 5.13
      vertex -3.03226 -3.95171 5.07
      vertex -2.49051 -4.31369 5.07
    endloop
  endfacet
  facet normal -0.896872 0.442289 0
    outer loop
      vertex -4.60187 1.90614 5.07
      vertex -4.31369 2.49051 5.13
      vertex -4.31369 2.49051 5.07
    endloop
  endfacet
  facet normal -0.896872 0.442289 0
    outer loop
      vertex -4.31369 2.49051 5.13
      vertex -4.60187 1.90614 5.07
      vertex -4.60187 1.90614 5.13
    endloop
  endfacet
  facet normal 0.896872 0.442289 0
    outer loop
      vertex 4.60187 1.90614 5.13
      vertex 4.31369 2.49051 5.07
      vertex 4.31369 2.49051 5.13
    endloop
  endfacet
  facet normal 0.896872 0.442289 0
    outer loop
      vertex 4.31369 2.49051 5.07
      vertex 4.60187 1.90614 5.13
      vertex 4.60187 1.90614 5.07
    endloop
  endfacet
  facet normal -0.442289 0.896872 0
    outer loop
      vertex -1.90614 4.60187 5.07
      vertex -2.49051 4.31369 5.13
      vertex -1.90614 4.60187 5.13
    endloop
  endfacet
  facet normal -0.442289 0.896872 0
    outer loop
      vertex -2.49051 4.31369 5.13
      vertex -1.90614 4.60187 5.07
      vertex -2.49051 4.31369 5.07
    endloop
  endfacet
  facet normal 0.555564 -0.831474 0
    outer loop
      vertex 2.49051 -4.31369 5.07
      vertex 3.03226 -3.95171 5.13
      vertex 2.49051 -4.31369 5.13
    endloop
  endfacet
  facet normal 0.555564 -0.831474 0
    outer loop
      vertex 3.03226 -3.95171 5.13
      vertex 2.49051 -4.31369 5.07
      vertex 3.03226 -3.95171 5.07
    endloop
  endfacet
  facet normal -0.946927 0.321449 0
    outer loop
      vertex -4.81131 1.28917 5.07
      vertex -4.60187 1.90614 5.13
      vertex -4.60187 1.90614 5.07
    endloop
  endfacet
  facet normal -0.946927 0.321449 0
    outer loop
      vertex -4.60187 1.90614 5.13
      vertex -4.81131 1.28917 5.07
      vertex -4.81131 1.28917 5.13
    endloop
  endfacet
  facet normal 0.997857 -0.0654294 0
    outer loop
      vertex 4.9384 -0.650146 5.13
      vertex 4.98103 0 5.07
      vertex 4.98103 0 5.13
    endloop
  endfacet
  facet normal 0.997857 -0.0654294 0
    outer loop
      vertex 4.98103 0 5.07
      vertex 4.9384 -0.650146 5.13
      vertex 4.9384 -0.650146 5.07
    endloop
  endfacet
  facet normal 0.659357 -0.75183 0
    outer loop
      vertex 3.03226 -3.95171 5.07
      vertex 3.52211 -3.52211 5.13
      vertex 3.03226 -3.95171 5.13
    endloop
  endfacet
  facet normal 0.659357 -0.75183 0
    outer loop
      vertex 3.52211 -3.52211 5.13
      vertex 3.03226 -3.95171 5.07
      vertex 3.52211 -3.52211 5.07
    endloop
  endfacet
  facet normal -0.75183 0.659357 0
    outer loop
      vertex -3.95171 3.03226 5.07
      vertex -3.52211 3.52211 5.13
      vertex -3.52211 3.52211 5.07
    endloop
  endfacet
  facet normal -0.75183 0.659357 0
    outer loop
      vertex -3.52211 3.52211 5.13
      vertex -3.95171 3.03226 5.07
      vertex -3.95171 3.03226 5.13
    endloop
  endfacet
  facet normal -0.442289 -0.896872 0
    outer loop
      vertex -2.49051 -4.31369 5.07
      vertex -1.90614 -4.60187 5.13
      vertex -2.49051 -4.31369 5.13
    endloop
  endfacet
  facet normal -0.442289 -0.896872 -0
    outer loop
      vertex -1.90614 -4.60187 5.13
      vertex -2.49051 -4.31369 5.07
      vertex -1.90614 -4.60187 5.07
    endloop
  endfacet
  facet normal 0.980791 0.195061 0
    outer loop
      vertex 4.9384 0.650146 5.13
      vertex 4.81131 1.28917 5.07
      vertex 4.81131 1.28917 5.13
    endloop
  endfacet
  facet normal 0.980791 0.195061 0
    outer loop
      vertex 4.81131 1.28917 5.07
      vertex 4.9384 0.650146 5.13
      vertex 4.9384 0.650146 5.07
    endloop
  endfacet
  facet normal -0.831474 0.555564 0
    outer loop
      vertex -4.31369 2.49051 5.07
      vertex -3.95171 3.03226 5.13
      vertex -3.95171 3.03226 5.07
    endloop
  endfacet
  facet normal -0.831474 0.555564 0
    outer loop
      vertex -3.95171 3.03226 5.13
      vertex -4.31369 2.49051 5.07
      vertex -4.31369 2.49051 5.13
    endloop
  endfacet
  facet normal 0.195061 -0.980791 0
    outer loop
      vertex 0.650146 -4.9384 5.07
      vertex 1.28917 -4.81131 5.13
      vertex 0.650146 -4.9384 5.13
    endloop
  endfacet
  facet normal 0.195061 -0.980791 0
    outer loop
      vertex 1.28917 -4.81131 5.13
      vertex 0.650146 -4.9384 5.07
      vertex 1.28917 -4.81131 5.07
    endloop
  endfacet
  facet normal -0.555564 0.831474 0
    outer loop
      vertex -2.49051 4.31369 5.07
      vertex -3.03226 3.95171 5.13
      vertex -2.49051 4.31369 5.13
    endloop
  endfacet
  facet normal -0.555564 0.831474 0
    outer loop
      vertex -3.03226 3.95171 5.13
      vertex -2.49051 4.31369 5.07
      vertex -3.03226 3.95171 5.07
    endloop
  endfacet
  facet normal 0.997857 0.0654294 0
    outer loop
      vertex 4.98103 0 5.13
      vertex 4.9384 0.650146 5.07
      vertex 4.9384 0.650146 5.13
    endloop
  endfacet
  facet normal 0.997857 0.0654294 0
    outer loop
      vertex 4.9384 0.650146 5.07
      vertex 4.98103 0 5.13
      vertex 4.98103 0 5.07
    endloop
  endfacet
  facet normal -0.0654294 0.997857 0
    outer loop
      vertex 0 4.98103 5.07
      vertex -0.650146 4.9384 5.13
      vertex 0 4.98103 5.13
    endloop
  endfacet
  facet normal -0.0654294 0.997857 0
    outer loop
      vertex -0.650146 4.9384 5.13
      vertex 0 4.98103 5.07
      vertex -0.650146 4.9384 5.07
    endloop
  endfacet
  facet normal -0.659357 -0.75183 0
    outer loop
      vertex -3.52211 -3.52211 5.07
      vertex -3.03226 -3.95171 5.13
      vertex -3.52211 -3.52211 5.13
    endloop
  endfacet
  facet normal -0.659357 -0.75183 -0
    outer loop
      vertex -3.03226 -3.95171 5.13
      vertex -3.52211 -3.52211 5.07
      vertex -3.03226 -3.95171 5.07
    endloop
  endfacet
  facet normal -0.980791 0.195061 0
    outer loop
      vertex -4.9384 0.650146 5.07
      vertex -4.81131 1.28917 5.13
      vertex -4.81131 1.28917 5.07
    endloop
  endfacet
  facet normal -0.980791 0.195061 0
    outer loop
      vertex -4.81131 1.28917 5.13
      vertex -4.9384 0.650146 5.07
      vertex -4.9384 0.650146 5.13
    endloop
  endfacet
  facet normal -0.321449 -0.946927 0
    outer loop
      vertex -1.90614 -4.60187 5.07
      vertex -1.28917 -4.81131 5.13
      vertex -1.90614 -4.60187 5.13
    endloop
  endfacet
  facet normal -0.321449 -0.946927 -0
    outer loop
      vertex -1.28917 -4.81131 5.13
      vertex -1.90614 -4.60187 5.07
      vertex -1.28917 -4.81131 5.07
    endloop
  endfacet
  facet normal -0.0654294 -0.997857 0
    outer loop
      vertex -0.650146 -4.9384 5.07
      vertex 0 -4.98103 5.13
      vertex -0.650146 -4.9384 5.13
    endloop
  endfacet
  facet normal -0.0654294 -0.997857 -0
    outer loop
      vertex 0 -4.98103 5.13
      vertex -0.650146 -4.9384 5.07
      vertex 0 -4.98103 5.07
    endloop
  endfacet
  facet normal 0.659357 0.75183 -0
    outer loop
      vertex 3.52211 3.52211 5.07
      vertex 3.03226 3.95171 5.13
      vertex 3.52211 3.52211 5.13
    endloop
  endfacet
  facet normal 0.659357 0.75183 0
    outer loop
      vertex 3.03226 3.95171 5.13
      vertex 3.52211 3.52211 5.07
      vertex 3.03226 3.95171 5.07
    endloop
  endfacet
  facet normal -0.980791 -0.195061 0
    outer loop
      vertex -4.81131 -1.28917 5.07
      vertex -4.9384 -0.650146 5.13
      vertex -4.9384 -0.650146 5.07
    endloop
  endfacet
  facet normal -0.980791 -0.195061 0
    outer loop
      vertex -4.9384 -0.650146 5.13
      vertex -4.81131 -1.28917 5.07
      vertex -4.81131 -1.28917 5.13
    endloop
  endfacet
  facet normal -0.997857 0.0654294 0
    outer loop
      vertex -4.98103 0 5.07
      vertex -4.9384 0.650146 5.13
      vertex -4.9384 0.650146 5.07
    endloop
  endfacet
  facet normal -0.997857 0.0654294 0
    outer loop
      vertex -4.9384 0.650146 5.13
      vertex -4.98103 0 5.07
      vertex -4.98103 0 5.13
    endloop
  endfacet
  facet normal -0.321449 0.946927 0
    outer loop
      vertex -1.28917 4.81131 5.07
      vertex -1.90614 4.60187 5.13
      vertex -1.28917 4.81131 5.13
    endloop
  endfacet
  facet normal -0.321449 0.946927 0
    outer loop
      vertex -1.90614 4.60187 5.13
      vertex -1.28917 4.81131 5.07
      vertex -1.90614 4.60187 5.07
    endloop
  endfacet
  facet normal -0.659357 0.75183 0
    outer loop
      vertex -3.03226 3.95171 5.07
      vertex -3.52211 3.52211 5.13
      vertex -3.03226 3.95171 5.13
    endloop
  endfacet
  facet normal -0.659357 0.75183 0
    outer loop
      vertex -3.52211 3.52211 5.13
      vertex -3.03226 3.95171 5.07
      vertex -3.52211 3.52211 5.07
    endloop
  endfacet
  facet normal 0.896872 -0.442289 0
    outer loop
      vertex 4.31369 -2.49051 5.13
      vertex 4.60187 -1.90614 5.07
      vertex 4.60187 -1.90614 5.13
    endloop
  endfacet
  facet normal 0.896872 -0.442289 0
    outer loop
      vertex 4.60187 -1.90614 5.07
      vertex 4.31369 -2.49051 5.13
      vertex 4.31369 -2.49051 5.07
    endloop
  endfacet
  facet normal -0.75183 -0.659357 0
    outer loop
      vertex -3.52211 -3.52211 5.07
      vertex -3.95171 -3.03226 5.13
      vertex -3.95171 -3.03226 5.07
    endloop
  endfacet
  facet normal -0.75183 -0.659357 0
    outer loop
      vertex -3.95171 -3.03226 5.13
      vertex -3.52211 -3.52211 5.07
      vertex -3.52211 -3.52211 5.13
    endloop
  endfacet
  facet normal 0.946927 0.321449 0
    outer loop
      vertex 4.81131 1.28917 5.13
      vertex 4.60187 1.90614 5.07
      vertex 4.60187 1.90614 5.13
    endloop
  endfacet
  facet normal 0.946927 0.321449 0
    outer loop
      vertex 4.60187 1.90614 5.07
      vertex 4.81131 1.28917 5.13
      vertex 4.81131 1.28917 5.07
    endloop
  endfacet
  facet normal 0 0 -1
    outer loop
      vertex 4.9209 0 5.07
      vertex 4.98103 0 5.07
      vertex 4.9384 -0.650146 5.07
    endloop
  endfacet
  facet normal 0 0 -1
    outer loop
      vertex 4.98103 0 5.07
      vertex 4.9209 0 5.07
      vertex 4.9384 0.650146 5.07
    endloop
  endfacet
  facet normal 0 0 -1
    outer loop
      vertex 4.9384 -0.650146 5.07
      vertex 4.87878 -0.642303 5.07
      vertex 4.9209 0 5.07
    endloop
  endfacet
  facet normal 0 0 -1
    outer loop
      vertex 4.81131 -1.28917 5.07
      vertex 4.87878 -0.642303 5.07
      vertex 4.9384 -0.650146 5.07
    endloop
  endfacet
  facet normal 0 0 -1
    outer loop
      vertex 4.81131 -1.28917 5.07
      vertex 4.75322 -1.27361 5.07
      vertex 4.87878 -0.642303 5.07
    endloop
  endfacet
  facet normal 0 0 -1
    outer loop
      vertex 4.60187 -1.90614 5.07
      vertex 4.75322 -1.27361 5.07
      vertex 4.81131 -1.28917 5.07
    endloop
  endfacet
  facet normal 0 0 -1
    outer loop
      vertex 4.60187 -1.90614 5.07
      vertex 4.54631 -1.88313 5.07
      vertex 4.75322 -1.27361 5.07
    endloop
  endfacet
  facet normal 0 0 -1
    outer loop
      vertex 4.31369 -2.49051 5.07
      vertex 4.54631 -1.88313 5.07
      vertex 4.60187 -1.90614 5.07
    endloop
  endfacet
  facet normal 0 0 -1
    outer loop
      vertex 4.31369 -2.49051 5.07
      vertex 4.26163 -2.46045 5.07
      vertex 4.54631 -1.88313 5.07
    endloop
  endfacet
  facet normal 0 0 -1
    outer loop
      vertex 3.95171 -3.03226 5.07
      vertex 4.26163 -2.46045 5.07
      vertex 4.31369 -2.49051 5.07
    endloop
  endfacet
  facet normal 0 0 -1
    outer loop
      vertex 3.95171 -3.03226 5.07
      vertex 3.90401 -2.99565 5.07
      vertex 4.26163 -2.46045 5.07
    endloop
  endfacet
  facet normal 0 0 -1
    outer loop
      vertex 3.52211 -3.52211 5.07
      vertex 3.90401 -2.99565 5.07
      vertex 3.95171 -3.03226 5.07
    endloop
  endfacet
  facet normal 0 0 -1
    outer loop
      vertex 3.52211 -3.52211 5.07
      vertex 3.4796 -3.4796 5.07
      vertex 3.90401 -2.99565 5.07
    endloop
  endfacet
  facet normal 0 0 -1
    outer loop
      vertex 3.03226 -3.95171 5.07
      vertex 3.4796 -3.4796 5.07
      vertex 3.52211 -3.52211 5.07
    endloop
  endfacet
  facet normal 0 0 -1
    outer loop
      vertex 3.03226 -3.95171 5.07
      vertex 2.99565 -3.90401 5.07
      vertex 3.4796 -3.4796 5.07
    endloop
  endfacet
  facet normal 0 0 -1
    outer loop
      vertex 2.49051 -4.31369 5.07
      vertex 2.99565 -3.90401 5.07
      vertex 3.03226 -3.95171 5.07
    endloop
  endfacet
  facet normal 0 0 -1
    outer loop
      vertex 2.49051 -4.31369 5.07
      vertex 2.46045 -4.26163 5.07
      vertex 2.99565 -3.90401 5.07
    endloop
  endfacet
  facet normal 0 0 -1
    outer loop
      vertex 1.90614 -4.60187 5.07
      vertex 2.46045 -4.26163 5.07
      vertex 2.49051 -4.31369 5.07
    endloop
  endfacet
  facet normal 0 0 -1
    outer loop
      vertex 1.90614 -4.60187 5.07
      vertex 1.88313 -4.54631 5.07
      vertex 2.46045 -4.26163 5.07
    endloop
  endfacet
  facet normal 0 0 -1
    outer loop
      vertex 1.28917 -4.81131 5.07
      vertex 1.88313 -4.54631 5.07
      vertex 1.90614 -4.60187 5.07
    endloop
  endfacet
  facet normal 0 0 -1
    outer loop
      vertex 1.28917 -4.81131 5.07
      vertex 1.27361 -4.75322 5.07
      vertex 1.88313 -4.54631 5.07
    endloop
  endfacet
  facet normal 0 0 -1
    outer loop
      vertex 0.650146 -4.9384 5.07
      vertex 1.27361 -4.75322 5.07
      vertex 1.28917 -4.81131 5.07
    endloop
  endfacet
  facet normal 0 0 -1
    outer loop
      vertex 0.650146 -4.9384 5.07
      vertex 0.642303 -4.87878 5.07
      vertex 1.27361 -4.75322 5.07
    endloop
  endfacet
  facet normal 0 0 -1
    outer loop
      vertex 0 -4.98103 5.07
      vertex 0.642303 -4.87878 5.07
      vertex 0.650146 -4.9384 5.07
    endloop
  endfacet
  facet normal 0 0 -1
    outer loop
      vertex 0 -4.98103 5.07
      vertex 0 -4.9209 5.07
      vertex 0.642303 -4.87878 5.07
    endloop
  endfacet
  facet normal 0 0 -1
    outer loop
      vertex 0 -4.98103 5.07
      vertex -0.642303 -4.87878 5.07
      vertex 0 -4.9209 5.07
    endloop
  endfacet
  facet normal 0 0 -1
    outer loop
      vertex -0.650146 -4.9384 5.07
      vertex -0.642303 -4.87878 5.07
      vertex 0 -4.98103 5.07
    endloop
  endfacet
  facet normal 0 0 -1
    outer loop
      vertex -0.650146 -4.9384 5.07
      vertex -1.27361 -4.75322 5.07
      vertex -0.642303 -4.87878 5.07
    endloop
  endfacet
  facet normal 0 0 -1
    outer loop
      vertex -1.28917 -4.81131 5.07
      vertex -1.27361 -4.75322 5.07
      vertex -0.650146 -4.9384 5.07
    endloop
  endfacet
  facet normal 0 0 -1
    outer loop
      vertex -1.28917 -4.81131 5.07
      vertex -1.88313 -4.54631 5.07
      vertex -1.27361 -4.75322 5.07
    endloop
  endfacet
  facet normal 0 0 -1
    outer loop
      vertex -1.90614 -4.60187 5.07
      vertex -1.88313 -4.54631 5.07
      vertex -1.28917 -4.81131 5.07
    endloop
  endfacet
  facet normal 0 0 -1
    outer loop
      vertex -1.90614 -4.60187 5.07
      vertex -2.46045 -4.26163 5.07
      vertex -1.88313 -4.54631 5.07
    endloop
  endfacet
  facet normal 0 0 -1
    outer loop
      vertex -2.49051 -4.31369 5.07
      vertex -2.46045 -4.26163 5.07
      vertex -1.90614 -4.60187 5.07
    endloop
  endfacet
  facet normal 0 0 -1
    outer loop
      vertex -2.49051 -4.31369 5.07
      vertex -2.99565 -3.90401 5.07
      vertex -2.46045 -4.26163 5.07
    endloop
  endfacet
  facet normal 0 0 -1
    outer loop
      vertex -3.03226 -3.95171 5.07
      vertex -2.99565 -3.90401 5.07
      vertex -2.49051 -4.31369 5.07
    endloop
  endfacet
  facet normal 0 0 -1
    outer loop
      vertex -3.03226 -3.95171 5.07
      vertex -3.4796 -3.4796 5.07
      vertex -2.99565 -3.90401 5.07
    endloop
  endfacet
  facet normal 0 0 -1
    outer loop
      vertex -3.52211 -3.52211 5.07
      vertex -3.4796 -3.4796 5.07
      vertex -3.03226 -3.95171 5.07
    endloop
  endfacet
  facet normal 0 0 -1
    outer loop
      vertex -3.52211 -3.52211 5.07
      vertex -3.90401 -2.99565 5.07
      vertex -3.4796 -3.4796 5.07
    endloop
  endfacet
  facet normal 0 0 -1
    outer loop
      vertex -3.95171 -3.03226 5.07
      vertex -3.90401 -2.99565 5.07
      vertex -3.52211 -3.52211 5.07
    endloop
  endfacet
  facet normal 0 0 -1
    outer loop
      vertex -3.95171 -3.03226 5.07
      vertex -4.26163 -2.46045 5.07
      vertex -3.90401 -2.99565 5.07
    endloop
  endfacet
  facet normal 0 0 -1
    outer loop
      vertex -4.31369 -2.49051 5.07
      vertex -4.26163 -2.46045 5.07
      vertex -3.95171 -3.03226 5.07
    endloop
  endfacet
  facet normal 0 0 -1
    outer loop
      vertex -4.31369 -2.49051 5.07
      vertex -4.54631 -1.88313 5.07
      vertex -4.26163 -2.46045 5.07
    endloop
  endfacet
  facet normal 0 0 -1
    outer loop
      vertex -4.60187 -1.90614 5.07
      vertex -4.54631 -1.88313 5.07
      vertex -4.31369 -2.49051 5.07
    endloop
  endfacet
  facet normal 0 0 -1
    outer loop
      vertex -4.60187 -1.90614 5.07
      vertex -4.75322 -1.27361 5.07
      vertex -4.54631 -1.88313 5.07
    endloop
  endfacet
  facet normal 0 0 -1
    outer loop
      vertex -4.81131 -1.28917 5.07
      vertex -4.75322 -1.27361 5.07
      vertex -4.60187 -1.90614 5.07
    endloop
  endfacet
  facet normal 0 0 -1
    outer loop
      vertex -4.81131 -1.28917 5.07
      vertex -4.87878 -0.642303 5.07
      vertex -4.75322 -1.27361 5.07
    endloop
  endfacet
  facet normal -0 0 -1
    outer loop
      vertex -4.87878 -0.642303 5.07
      vertex -4.9384 -0.650146 5.07
      vertex -4.9209 0 5.07
    endloop
  endfacet
  facet normal 0 0 -1
    outer loop
      vertex -4.9384 -0.650146 5.07
      vertex -4.87878 -0.642303 5.07
      vertex -4.81131 -1.28917 5.07
    endloop
  endfacet
  facet normal 0 0 -1
    outer loop
      vertex 4.87878 0.642303 5.07
      vertex 4.9384 0.650146 5.07
      vertex 4.9209 0 5.07
    endloop
  endfacet
  facet normal 0 0 -1
    outer loop
      vertex 4.87878 0.642303 5.07
      vertex 4.81131 1.28917 5.07
      vertex 4.9384 0.650146 5.07
    endloop
  endfacet
  facet normal 0 0 -1
    outer loop
      vertex 4.75322 1.27361 5.07
      vertex 4.81131 1.28917 5.07
      vertex 4.87878 0.642303 5.07
    endloop
  endfacet
  facet normal 0 0 -1
    outer loop
      vertex 4.75322 1.27361 5.07
      vertex 4.60187 1.90614 5.07
      vertex 4.81131 1.28917 5.07
    endloop
  endfacet
  facet normal 0 0 -1
    outer loop
      vertex 4.54631 1.88313 5.07
      vertex 4.60187 1.90614 5.07
      vertex 4.75322 1.27361 5.07
    endloop
  endfacet
  facet normal 0 0 -1
    outer loop
      vertex 4.54631 1.88313 5.07
      vertex 4.31369 2.49051 5.07
      vertex 4.60187 1.90614 5.07
    endloop
  endfacet
  facet normal 0 0 -1
    outer loop
      vertex 4.26163 2.46045 5.07
      vertex 4.31369 2.49051 5.07
      vertex 4.54631 1.88313 5.07
    endloop
  endfacet
  facet normal 0 0 -1
    outer loop
      vertex 4.26163 2.46045 5.07
      vertex 3.95171 3.03226 5.07
      vertex 4.31369 2.49051 5.07
    endloop
  endfacet
  facet normal 0 0 -1
    outer loop
      vertex 3.90401 2.99565 5.07
      vertex 3.95171 3.03226 5.07
      vertex 4.26163 2.46045 5.07
    endloop
  endfacet
  facet normal 0 0 -1
    outer loop
      vertex 3.90401 2.99565 5.07
      vertex 3.52211 3.52211 5.07
      vertex 3.95171 3.03226 5.07
    endloop
  endfacet
  facet normal 0 0 -1
    outer loop
      vertex 3.4796 3.4796 5.07
      vertex 3.52211 3.52211 5.07
      vertex 3.90401 2.99565 5.07
    endloop
  endfacet
  facet normal 0 0 -1
    outer loop
      vertex 3.4796 3.4796 5.07
      vertex 3.03226 3.95171 5.07
      vertex 3.52211 3.52211 5.07
    endloop
  endfacet
  facet normal 0 0 -1
    outer loop
      vertex 2.99565 3.90401 5.07
      vertex 3.03226 3.95171 5.07
      vertex 3.4796 3.4796 5.07
    endloop
  endfacet
  facet normal 0 0 -1
    outer loop
      vertex 2.99565 3.90401 5.07
      vertex 2.49051 4.31369 5.07
      vertex 3.03226 3.95171 5.07
    endloop
  endfacet
  facet normal 0 0 -1
    outer loop
      vertex 2.46045 4.26163 5.07
      vertex 2.49051 4.31369 5.07
      vertex 2.99565 3.90401 5.07
    endloop
  endfacet
  facet normal 0 0 -1
    outer loop
      vertex 2.46045 4.26163 5.07
      vertex 1.90614 4.60187 5.07
      vertex 2.49051 4.31369 5.07
    endloop
  endfacet
  facet normal 0 0 -1
    outer loop
      vertex 1.88313 4.54631 5.07
      vertex 1.90614 4.60187 5.07
      vertex 2.46045 4.26163 5.07
    endloop
  endfacet
  facet normal 0 0 -1
    outer loop
      vertex 1.88313 4.54631 5.07
      vertex 1.28917 4.81131 5.07
      vertex 1.90614 4.60187 5.07
    endloop
  endfacet
  facet normal 0 0 -1
    outer loop
      vertex 1.27361 4.75322 5.07
      vertex 1.28917 4.81131 5.07
      vertex 1.88313 4.54631 5.07
    endloop
  endfacet
  facet normal 0 0 -1
    outer loop
      vertex 1.27361 4.75322 5.07
      vertex 0.650146 4.9384 5.07
      vertex 1.28917 4.81131 5.07
    endloop
  endfacet
  facet normal 0 0 -1
    outer loop
      vertex 0.642303 4.87878 5.07
      vertex 0.650146 4.9384 5.07
      vertex 1.27361 4.75322 5.07
    endloop
  endfacet
  facet normal 0 0 -1
    outer loop
      vertex 0 4.9209 5.07
      vertex 0.650146 4.9384 5.07
      vertex 0.642303 4.87878 5.07
    endloop
  endfacet
  facet normal 0 0 -1
    outer loop
      vertex 0 4.9209 5.07
      vertex 0 4.98103 5.07
      vertex 0.650146 4.9384 5.07
    endloop
  endfacet
  facet normal 0 0 -1
    outer loop
      vertex -0.642303 4.87878 5.07
      vertex 0 4.98103 5.07
      vertex 0 4.9209 5.07
    endloop
  endfacet
  facet normal 0 0 -1
    outer loop
      vertex -0.642303 4.87878 5.07
      vertex -0.650146 4.9384 5.07
      vertex 0 4.98103 5.07
    endloop
  endfacet
  facet normal 0 0 -1
    outer loop
      vertex -1.27361 4.75322 5.07
      vertex -0.650146 4.9384 5.07
      vertex -0.642303 4.87878 5.07
    endloop
  endfacet
  facet normal 0 0 -1
    outer loop
      vertex -1.27361 4.75322 5.07
      vertex -1.28917 4.81131 5.07
      vertex -0.650146 4.9384 5.07
    endloop
  endfacet
  facet normal 0 0 -1
    outer loop
      vertex -1.88313 4.54631 5.07
      vertex -1.28917 4.81131 5.07
      vertex -1.27361 4.75322 5.07
    endloop
  endfacet
  facet normal 0 0 -1
    outer loop
      vertex -1.88313 4.54631 5.07
      vertex -1.90614 4.60187 5.07
      vertex -1.28917 4.81131 5.07
    endloop
  endfacet
  facet normal 0 0 -1
    outer loop
      vertex -2.46045 4.26163 5.07
      vertex -1.90614 4.60187 5.07
      vertex -1.88313 4.54631 5.07
    endloop
  endfacet
  facet normal 0 0 -1
    outer loop
      vertex -2.46045 4.26163 5.07
      vertex -2.49051 4.31369 5.07
      vertex -1.90614 4.60187 5.07
    endloop
  endfacet
  facet normal 0 0 -1
    outer loop
      vertex -2.99565 3.90401 5.07
      vertex -2.49051 4.31369 5.07
      vertex -2.46045 4.26163 5.07
    endloop
  endfacet
  facet normal 0 0 -1
    outer loop
      vertex -2.99565 3.90401 5.07
      vertex -3.03226 3.95171 5.07
      vertex -2.49051 4.31369 5.07
    endloop
  endfacet
  facet normal 0 0 -1
    outer loop
      vertex -3.4796 3.4796 5.07
      vertex -3.03226 3.95171 5.07
      vertex -2.99565 3.90401 5.07
    endloop
  endfacet
  facet normal 0 0 -1
    outer loop
      vertex -3.4796 3.4796 5.07
      vertex -3.52211 3.52211 5.07
      vertex -3.03226 3.95171 5.07
    endloop
  endfacet
  facet normal 0 0 -1
    outer loop
      vertex -3.90401 2.99565 5.07
      vertex -3.52211 3.52211 5.07
      vertex -3.4796 3.4796 5.07
    endloop
  endfacet
  facet normal 0 0 -1
    outer loop
      vertex -3.90401 2.99565 5.07
      vertex -3.95171 3.03226 5.07
      vertex -3.52211 3.52211 5.07
    endloop
  endfacet
  facet normal 0 0 -1
    outer loop
      vertex -4.26163 2.46045 5.07
      vertex -3.95171 3.03226 5.07
      vertex -3.90401 2.99565 5.07
    endloop
  endfacet
  facet normal 0 0 -1
    outer loop
      vertex -4.26163 2.46045 5.07
      vertex -4.31369 2.49051 5.07
      vertex -3.95171 3.03226 5.07
    endloop
  endfacet
  facet normal 0 0 -1
    outer loop
      vertex -4.54631 1.88313 5.07
      vertex -4.31369 2.49051 5.07
      vertex -4.26163 2.46045 5.07
    endloop
  endfacet
  facet normal 0 0 -1
    outer loop
      vertex -4.54631 1.88313 5.07
      vertex -4.60187 1.90614 5.07
      vertex -4.31369 2.49051 5.07
    endloop
  endfacet
  facet normal 0 0 -1
    outer loop
      vertex -4.75322 1.27361 5.07
      vertex -4.60187 1.90614 5.07
      vertex -4.54631 1.88313 5.07
    endloop
  endfacet
  facet normal 0 0 -1
    outer loop
      vertex -4.75322 1.27361 5.07
      vertex -4.81131 1.28917 5.07
      vertex -4.60187 1.90614 5.07
    endloop
  endfacet
  facet normal 0 0 -1
    outer loop
      vertex -4.87878 0.642303 5.07
      vertex -4.81131 1.28917 5.07
      vertex -4.75322 1.27361 5.07
    endloop
  endfacet
  facet normal 0 0 -1
    outer loop
      vertex -4.87878 0.642303 5.07
      vertex -4.9384 0.650146 5.07
      vertex -4.81131 1.28917 5.07
    endloop
  endfacet
  facet normal 0 0 -1
    outer loop
      vertex -4.9209 0 5.07
      vertex -4.9384 0.650146 5.07
      vertex -4.87878 0.642303 5.07
    endloop
  endfacet
  facet normal 0 0 -1
    outer loop
      vertex -4.98103 0 5.07
      vertex -4.9209 0 5.07
      vertex -4.9384 -0.650146 5.07
    endloop
  endfacet
  facet normal 0 0 -1
    outer loop
      vertex -4.9209 0 5.07
      vertex -4.98103 0 5.07
      vertex -4.9384 0.650146 5.07
    endloop
  endfacet
  facet normal -0.946927 -0.321449 0
    outer loop
      vertex -4.60187 -1.90614 5.07
      vertex -4.81131 -1.28917 5.13
      vertex -4.81131 -1.28917 5.07
    endloop
  endfacet
  facet normal -0.946927 -0.321449 0
    outer loop
      vertex -4.81131 -1.28917 5.13
      vertex -4.60187 -1.90614 5.07
      vertex -4.60187 -1.90614 5.13
    endloop
  endfacet
  facet normal -0.896872 -0.442289 0
    outer loop
      vertex -4.31369 -2.49051 5.07
      vertex -4.60187 -1.90614 5.13
      vertex -4.60187 -1.90614 5.07
    endloop
  endfacet
  facet normal -0.896872 -0.442289 0
    outer loop
      vertex -4.60187 -1.90614 5.13
      vertex -4.31369 -2.49051 5.07
      vertex -4.31369 -2.49051 5.13
    endloop
  endfacet
  facet normal 0.831474 0.555564 0
    outer loop
      vertex 4.31369 2.49051 5.13
      vertex 3.95171 3.03226 5.07
      vertex 3.95171 3.03226 5.13
    endloop
  endfacet
  facet normal 0.831474 0.555564 0
    outer loop
      vertex 3.95171 3.03226 5.07
      vertex 4.31369 2.49051 5.13
      vertex 4.31369 2.49051 5.07
    endloop
  endfacet
  facet normal -0.195061 -0.980791 0
    outer loop
      vertex -1.28917 -4.81131 5.07
      vertex -0.650146 -4.9384 5.13
      vertex -1.28917 -4.81131 5.13
    endloop
  endfacet
  facet normal -0.195061 -0.980791 -0
    outer loop
      vertex -0.650146 -4.9384 5.13
      vertex -1.28917 -4.81131 5.07
      vertex -0.650146 -4.9384 5.07
    endloop
  endfacet
  facet normal 0.321449 -0.946927 0
    outer loop
      vertex 1.28917 -4.81131 5.07
      vertex 1.90614 -4.60187 5.13
      vertex 1.28917 -4.81131 5.13
    endloop
  endfacet
  facet normal 0.321449 -0.946927 0
    outer loop
      vertex 1.90614 -4.60187 5.13
      vertex 1.28917 -4.81131 5.07
      vertex 1.90614 -4.60187 5.07
    endloop
  endfacet
  facet normal 0.831474 -0.555564 0
    outer loop
      vertex 3.95171 -3.03226 5.13
      vertex 4.31369 -2.49051 5.07
      vertex 4.31369 -2.49051 5.13
    endloop
  endfacet
  facet normal 0.831474 -0.555564 0
    outer loop
      vertex 4.31369 -2.49051 5.07
      vertex 3.95171 -3.03226 5.13
      vertex 3.95171 -3.03226 5.07
    endloop
  endfacet
  facet normal 0.75183 -0.659357 0
    outer loop
      vertex 3.52211 -3.52211 5.13
      vertex 3.95171 -3.03226 5.07
      vertex 3.95171 -3.03226 5.13
    endloop
  endfacet
  facet normal 0.75183 -0.659357 0
    outer loop
      vertex 3.95171 -3.03226 5.07
      vertex 3.52211 -3.52211 5.13
      vertex 3.52211 -3.52211 5.07
    endloop
  endfacet
  facet normal 0.946927 -0.321449 0
    outer loop
      vertex 4.60187 -1.90614 5.13
      vertex 4.81131 -1.28917 5.07
      vertex 4.81131 -1.28917 5.13
    endloop
  endfacet
  facet normal 0.946927 -0.321449 0
    outer loop
      vertex 4.81131 -1.28917 5.07
      vertex 4.60187 -1.90614 5.13
      vertex 4.60187 -1.90614 5.07
    endloop
  endfacet
  facet normal 0.980791 -0.195061 0
    outer loop
      vertex 4.81131 -1.28917 5.13
      vertex 4.9384 -0.650146 5.07
      vertex 4.9384 -0.650146 5.13
    endloop
  endfacet
  facet normal 0.980791 -0.195061 0
    outer loop
      vertex 4.9384 -0.650146 5.07
      vertex 4.81131 -1.28917 5.13
      vertex 4.81131 -1.28917 5.07
    endloop
  endfacet
  facet normal 0.555564 0.831474 -0
    outer loop
      vertex 3.03226 3.95171 5.07
      vertex 2.49051 4.31369 5.13
      vertex 3.03226 3.95171 5.13
    endloop
  endfacet
  facet normal 0.555564 0.831474 0
    outer loop
      vertex 2.49051 4.31369 5.13
      vertex 3.03226 3.95171 5.07
      vertex 2.49051 4.31369 5.07
    endloop
  endfacet
  facet normal 0.442289 0.896872 -0
    outer loop
      vertex 2.49051 4.31369 5.07
      vertex 1.90614 4.60187 5.13
      vertex 2.49051 4.31369 5.13
    endloop
  endfacet
  facet normal 0.442289 0.896872 0
    outer loop
      vertex 1.90614 4.60187 5.13
      vertex 2.49051 4.31369 5.07
      vertex 1.90614 4.60187 5.07
    endloop
  endfacet
  facet normal 0.896887 -0.44226 0
    outer loop
      vertex 4.26163 -2.46045 5.07
      vertex 4.54631 -1.88313 5.01
      vertex 4.54631 -1.88313 5.07
    endloop
  endfacet
  facet normal 0.896887 -0.44226 0
    outer loop
      vertex 4.54631 -1.88313 5.01
      vertex 4.26163 -2.46045 5.07
      vertex 4.26163 -2.46045 5.01
    endloop
  endfacet
  facet normal 0.321448 0.946927 -0
    outer loop
      vertex 1.88313 4.54631 5.01
      vertex 1.27361 4.75322 5.07
      vertex 1.88313 4.54631 5.07
    endloop
  endfacet
  facet normal 0.321448 0.946927 0
    outer loop
      vertex 1.27361 4.75322 5.07
      vertex 1.88313 4.54631 5.01
      vertex 1.27361 4.75322 5.01
    endloop
  endfacet
  facet normal 0.195068 0.98079 -0
    outer loop
      vertex 1.27361 4.75322 5.01
      vertex 0.642303 4.87878 5.07
      vertex 1.27361 4.75322 5.07
    endloop
  endfacet
  facet normal 0.195068 0.98079 0
    outer loop
      vertex 0.642303 4.87878 5.07
      vertex 1.27361 4.75322 5.01
      vertex 0.642303 4.87878 5.01
    endloop
  endfacet
  facet normal -0.896887 0.44226 0
    outer loop
      vertex -4.54631 1.88313 5.01
      vertex -4.26163 2.46045 5.07
      vertex -4.26163 2.46045 5.01
    endloop
  endfacet
  facet normal -0.896887 0.44226 0
    outer loop
      vertex -4.26163 2.46045 5.07
      vertex -4.54631 1.88313 5.01
      vertex -4.54631 1.88313 5.07
    endloop
  endfacet
  facet normal -0.065436 -0.997857 0
    outer loop
      vertex -0.642303 -4.87878 5.01
      vertex 0 -4.9209 5.07
      vertex -0.642303 -4.87878 5.07
    endloop
  endfacet
  facet normal -0.065436 -0.997857 -0
    outer loop
      vertex 0 -4.9209 5.07
      vertex -0.642303 -4.87878 5.01
      vertex 0 -4.9209 5.01
    endloop
  endfacet
  facet normal 0.065436 0.997857 -0
    outer loop
      vertex 0.642303 4.87878 5.01
      vertex 0 4.9209 5.07
      vertex 0.642303 4.87878 5.07
    endloop
  endfacet
  facet normal 0.065436 0.997857 0
    outer loop
      vertex 0 4.9209 5.07
      vertex 0.642303 4.87878 5.01
      vertex 0 4.9209 5.01
    endloop
  endfacet
  facet normal 0.659343 0.751842 -0
    outer loop
      vertex 3.4796 3.4796 5.01
      vertex 2.99565 3.90401 5.07
      vertex 3.4796 3.4796 5.07
    endloop
  endfacet
  facet normal 0.659343 0.751842 0
    outer loop
      vertex 2.99565 3.90401 5.07
      vertex 3.4796 3.4796 5.01
      vertex 2.99565 3.90401 5.01
    endloop
  endfacet
  facet normal 0.44226 0.896887 -0
    outer loop
      vertex 2.46045 4.26163 5.01
      vertex 1.88313 4.54631 5.07
      vertex 2.46045 4.26163 5.07
    endloop
  endfacet
  facet normal 0.44226 0.896887 0
    outer loop
      vertex 1.88313 4.54631 5.07
      vertex 2.46045 4.26163 5.01
      vertex 1.88313 4.54631 5.01
    endloop
  endfacet
  facet normal 0.896887 0.44226 0
    outer loop
      vertex 4.54631 1.88313 5.07
      vertex 4.26163 2.46045 5.01
      vertex 4.26163 2.46045 5.07
    endloop
  endfacet
  facet normal 0.896887 0.44226 0
    outer loop
      vertex 4.26163 2.46045 5.01
      vertex 4.54631 1.88313 5.07
      vertex 4.54631 1.88313 5.01
    endloop
  endfacet
  facet normal -0.997857 0.065436 0
    outer loop
      vertex -4.9209 0 5.01
      vertex -4.87878 0.642303 5.07
      vertex -4.87878 0.642303 5.01
    endloop
  endfacet
  facet normal -0.997857 0.065436 0
    outer loop
      vertex -4.87878 0.642303 5.07
      vertex -4.9209 0 5.01
      vertex -4.9209 0 5.07
    endloop
  endfacet
  facet normal -0.751842 0.659343 0
    outer loop
      vertex -3.90401 2.99565 5.01
      vertex -3.4796 3.4796 5.07
      vertex -3.4796 3.4796 5.01
    endloop
  endfacet
  facet normal -0.751842 0.659343 0
    outer loop
      vertex -3.4796 3.4796 5.07
      vertex -3.90401 2.99565 5.01
      vertex -3.90401 2.99565 5.07
    endloop
  endfacet
  facet normal -0.555582 -0.831462 0
    outer loop
      vertex -2.99565 -3.90401 5.01
      vertex -2.46045 -4.26163 5.07
      vertex -2.99565 -3.90401 5.07
    endloop
  endfacet
  facet normal -0.555582 -0.831462 -0
    outer loop
      vertex -2.46045 -4.26163 5.07
      vertex -2.99565 -3.90401 5.01
      vertex -2.46045 -4.26163 5.01
    endloop
  endfacet
  facet normal -0.751842 -0.659343 0
    outer loop
      vertex -3.4796 -3.4796 5.01
      vertex -3.90401 -2.99565 5.07
      vertex -3.90401 -2.99565 5.01
    endloop
  endfacet
  facet normal -0.751842 -0.659343 0
    outer loop
      vertex -3.90401 -2.99565 5.07
      vertex -3.4796 -3.4796 5.01
      vertex -3.4796 -3.4796 5.07
    endloop
  endfacet
  facet normal 0.555582 -0.831462 0
    outer loop
      vertex 2.46045 -4.26163 5.01
      vertex 2.99565 -3.90401 5.07
      vertex 2.46045 -4.26163 5.07
    endloop
  endfacet
  facet normal 0.555582 -0.831462 0
    outer loop
      vertex 2.99565 -3.90401 5.07
      vertex 2.46045 -4.26163 5.01
      vertex 2.99565 -3.90401 5.01
    endloop
  endfacet
  facet normal 0.195068 -0.98079 0
    outer loop
      vertex 0.642303 -4.87878 5.01
      vertex 1.27361 -4.75322 5.07
      vertex 0.642303 -4.87878 5.07
    endloop
  endfacet
  facet normal 0.195068 -0.98079 0
    outer loop
      vertex 1.27361 -4.75322 5.07
      vertex 0.642303 -4.87878 5.01
      vertex 1.27361 -4.75322 5.01
    endloop
  endfacet
  facet normal -0.946927 0.321448 0
    outer loop
      vertex -4.75322 1.27361 5.01
      vertex -4.54631 1.88313 5.07
      vertex -4.54631 1.88313 5.01
    endloop
  endfacet
  facet normal -0.946927 0.321448 0
    outer loop
      vertex -4.54631 1.88313 5.07
      vertex -4.75322 1.27361 5.01
      vertex -4.75322 1.27361 5.07
    endloop
  endfacet
  facet normal -0.321448 0.946927 0
    outer loop
      vertex -1.27361 4.75322 5.01
      vertex -1.88313 4.54631 5.07
      vertex -1.27361 4.75322 5.07
    endloop
  endfacet
  facet normal -0.321448 0.946927 0
    outer loop
      vertex -1.88313 4.54631 5.07
      vertex -1.27361 4.75322 5.01
      vertex -1.88313 4.54631 5.01
    endloop
  endfacet
  facet normal 0.946927 -0.321448 0
    outer loop
      vertex 4.54631 -1.88313 5.07
      vertex 4.75322 -1.27361 5.01
      vertex 4.75322 -1.27361 5.07
    endloop
  endfacet
  facet normal 0.946927 -0.321448 0
    outer loop
      vertex 4.75322 -1.27361 5.01
      vertex 4.54631 -1.88313 5.07
      vertex 4.54631 -1.88313 5.01
    endloop
  endfacet
  facet normal 0.44226 -0.896887 0
    outer loop
      vertex 1.88313 -4.54631 5.01
      vertex 2.46045 -4.26163 5.07
      vertex 1.88313 -4.54631 5.07
    endloop
  endfacet
  facet normal 0.44226 -0.896887 0
    outer loop
      vertex 2.46045 -4.26163 5.07
      vertex 1.88313 -4.54631 5.01
      vertex 2.46045 -4.26163 5.01
    endloop
  endfacet
  facet normal -0.44226 -0.896887 0
    outer loop
      vertex -2.46045 -4.26163 5.01
      vertex -1.88313 -4.54631 5.07
      vertex -2.46045 -4.26163 5.07
    endloop
  endfacet
  facet normal -0.44226 -0.896887 -0
    outer loop
      vertex -1.88313 -4.54631 5.07
      vertex -2.46045 -4.26163 5.01
      vertex -1.88313 -4.54631 5.01
    endloop
  endfacet
  facet normal 0.98079 0.195068 0
    outer loop
      vertex 4.87878 0.642303 5.07
      vertex 4.75322 1.27361 5.01
      vertex 4.75322 1.27361 5.07
    endloop
  endfacet
  facet normal 0.98079 0.195068 0
    outer loop
      vertex 4.75322 1.27361 5.01
      vertex 4.87878 0.642303 5.07
      vertex 4.87878 0.642303 5.01
    endloop
  endfacet
  facet normal -0.997857 -0.065436 0
    outer loop
      vertex -4.87878 -0.642303 5.01
      vertex -4.9209 0 5.07
      vertex -4.9209 0 5.01
    endloop
  endfacet
  facet normal -0.997857 -0.065436 0
    outer loop
      vertex -4.9209 0 5.07
      vertex -4.87878 -0.642303 5.01
      vertex -4.87878 -0.642303 5.07
    endloop
  endfacet
  facet normal -0.831462 0.555582 0
    outer loop
      vertex -4.26163 2.46045 5.01
      vertex -3.90401 2.99565 5.07
      vertex -3.90401 2.99565 5.01
    endloop
  endfacet
  facet normal -0.831462 0.555582 0
    outer loop
      vertex -3.90401 2.99565 5.07
      vertex -4.26163 2.46045 5.01
      vertex -4.26163 2.46045 5.07
    endloop
  endfacet
  facet normal -0.195068 0.98079 0
    outer loop
      vertex -0.642303 4.87878 5.01
      vertex -1.27361 4.75322 5.07
      vertex -0.642303 4.87878 5.07
    endloop
  endfacet
  facet normal -0.195068 0.98079 0
    outer loop
      vertex -1.27361 4.75322 5.07
      vertex -0.642303 4.87878 5.01
      vertex -1.27361 4.75322 5.01
    endloop
  endfacet
  facet normal 0.997857 -0.065436 0
    outer loop
      vertex 4.87878 -0.642303 5.07
      vertex 4.9209 0 5.01
      vertex 4.9209 0 5.07
    endloop
  endfacet
  facet normal 0.997857 -0.065436 0
    outer loop
      vertex 4.9209 0 5.01
      vertex 4.87878 -0.642303 5.07
      vertex 4.87878 -0.642303 5.01
    endloop
  endfacet
  facet normal -0.659343 -0.751842 0
    outer loop
      vertex -3.4796 -3.4796 5.01
      vertex -2.99565 -3.90401 5.07
      vertex -3.4796 -3.4796 5.07
    endloop
  endfacet
  facet normal -0.659343 -0.751842 -0
    outer loop
      vertex -2.99565 -3.90401 5.07
      vertex -3.4796 -3.4796 5.01
      vertex -2.99565 -3.90401 5.01
    endloop
  endfacet
  facet normal -0.44226 0.896887 0
    outer loop
      vertex -1.88313 4.54631 5.01
      vertex -2.46045 4.26163 5.07
      vertex -1.88313 4.54631 5.07
    endloop
  endfacet
  facet normal -0.44226 0.896887 0
    outer loop
      vertex -2.46045 4.26163 5.07
      vertex -1.88313 4.54631 5.01
      vertex -2.46045 4.26163 5.01
    endloop
  endfacet
  facet normal 0.997857 0.065436 0
    outer loop
      vertex 4.9209 0 5.07
      vertex 4.87878 0.642303 5.01
      vertex 4.87878 0.642303 5.07
    endloop
  endfacet
  facet normal 0.997857 0.065436 0
    outer loop
      vertex 4.87878 0.642303 5.01
      vertex 4.9209 0 5.07
      vertex 4.9209 0 5.01
    endloop
  endfacet
  facet normal 0.751842 -0.659343 0
    outer loop
      vertex 3.4796 -3.4796 5.07
      vertex 3.90401 -2.99565 5.01
      vertex 3.90401 -2.99565 5.07
    endloop
  endfacet
  facet normal 0.751842 -0.659343 0
    outer loop
      vertex 3.90401 -2.99565 5.01
      vertex 3.4796 -3.4796 5.07
      vertex 3.4796 -3.4796 5.01
    endloop
  endfacet
  facet normal -0.321448 -0.946927 0
    outer loop
      vertex -1.88313 -4.54631 5.01
      vertex -1.27361 -4.75322 5.07
      vertex -1.88313 -4.54631 5.07
    endloop
  endfacet
  facet normal -0.321448 -0.946927 -0
    outer loop
      vertex -1.27361 -4.75322 5.07
      vertex -1.88313 -4.54631 5.01
      vertex -1.27361 -4.75322 5.01
    endloop
  endfacet
  facet normal -0.98079 -0.195068 0
    outer loop
      vertex -4.75322 -1.27361 5.01
      vertex -4.87878 -0.642303 5.07
      vertex -4.87878 -0.642303 5.01
    endloop
  endfacet
  facet normal -0.98079 -0.195068 0
    outer loop
      vertex -4.87878 -0.642303 5.07
      vertex -4.75322 -1.27361 5.01
      vertex -4.75322 -1.27361 5.07
    endloop
  endfacet
  facet normal 0.065436 -0.997857 0
    outer loop
      vertex 0 -4.9209 5.01
      vertex 0.642303 -4.87878 5.07
      vertex 0 -4.9209 5.07
    endloop
  endfacet
  facet normal 0.065436 -0.997857 0
    outer loop
      vertex 0.642303 -4.87878 5.07
      vertex 0 -4.9209 5.01
      vertex 0.642303 -4.87878 5.01
    endloop
  endfacet
  facet normal -0.065436 0.997857 0
    outer loop
      vertex 0 4.9209 5.01
      vertex -0.642303 4.87878 5.07
      vertex 0 4.9209 5.07
    endloop
  endfacet
  facet normal -0.065436 0.997857 0
    outer loop
      vertex -0.642303 4.87878 5.07
      vertex 0 4.9209 5.01
      vertex -0.642303 4.87878 5.01
    endloop
  endfacet
  facet normal -0.555582 0.831462 0
    outer loop
      vertex -2.46045 4.26163 5.01
      vertex -2.99565 3.90401 5.07
      vertex -2.46045 4.26163 5.07
    endloop
  endfacet
  facet normal -0.555582 0.831462 0
    outer loop
      vertex -2.99565 3.90401 5.07
      vertex -2.46045 4.26163 5.01
      vertex -2.99565 3.90401 5.01
    endloop
  endfacet
  facet normal 0.946927 0.321448 0
    outer loop
      vertex 4.75322 1.27361 5.07
      vertex 4.54631 1.88313 5.01
      vertex 4.54631 1.88313 5.07
    endloop
  endfacet
  facet normal 0.946927 0.321448 0
    outer loop
      vertex 4.54631 1.88313 5.01
      vertex 4.75322 1.27361 5.07
      vertex 4.75322 1.27361 5.01
    endloop
  endfacet
  facet normal 0 0 -1
    outer loop
      vertex 4.86078 0 5.01
      vertex 4.9209 0 5.01
      vertex 4.87878 -0.642303 5.01
    endloop
  endfacet
  facet normal 0 0 -1
    outer loop
      vertex 4.9209 0 5.01
      vertex 4.86078 0 5.01
      vertex 4.87878 0.642303 5.01
    endloop
  endfacet
  facet normal 0 0 -1
    outer loop
      vertex 4.87878 -0.642303 5.01
      vertex 4.81917 -0.634445 5.01
      vertex 4.86078 0 5.01
    endloop
  endfacet
  facet normal 0 0 -1
    outer loop
      vertex 4.75322 -1.27361 5.01
      vertex 4.81917 -0.634445 5.01
      vertex 4.87878 -0.642303 5.01
    endloop
  endfacet
  facet normal 0 0 -1
    outer loop
      vertex 4.75322 -1.27361 5.01
      vertex 4.69514 -1.25804 5.01
      vertex 4.81917 -0.634445 5.01
    endloop
  endfacet
  facet normal 0 0 -1
    outer loop
      vertex 4.54631 -1.88313 5.01
      vertex 4.69514 -1.25804 5.01
      vertex 4.75322 -1.27361 5.01
    endloop
  endfacet
  facet normal 0 0 -1
    outer loop
      vertex 4.54631 -1.88313 5.01
      vertex 4.49077 -1.86012 5.01
      vertex 4.69514 -1.25804 5.01
    endloop
  endfacet
  facet normal 0 0 -1
    outer loop
      vertex 4.26163 -2.46045 5.01
      vertex 4.49077 -1.86012 5.01
      vertex 4.54631 -1.88313 5.01
    endloop
  endfacet
  facet normal 0 0 -1
    outer loop
      vertex 4.26163 -2.46045 5.01
      vertex 4.20955 -2.43039 5.01
      vertex 4.49077 -1.86012 5.01
    endloop
  endfacet
  facet normal 0 0 -1
    outer loop
      vertex 3.90401 -2.99565 5.01
      vertex 4.20955 -2.43039 5.01
      vertex 4.26163 -2.46045 5.01
    endloop
  endfacet
  facet normal 0 0 -1
    outer loop
      vertex 3.90401 -2.99565 5.01
      vertex 3.85631 -2.95905 5.01
      vertex 4.20955 -2.43039 5.01
    endloop
  endfacet
  facet normal 0 0 -1
    outer loop
      vertex 3.4796 -3.4796 5.01
      vertex 3.85631 -2.95905 5.01
      vertex 3.90401 -2.99565 5.01
    endloop
  endfacet
  facet normal 0 0 -1
    outer loop
      vertex 3.4796 -3.4796 5.01
      vertex 3.43709 -3.43709 5.01
      vertex 3.85631 -2.95905 5.01
    endloop
  endfacet
  facet normal 0 0 -1
    outer loop
      vertex 2.99565 -3.90401 5.01
      vertex 3.43709 -3.43709 5.01
      vertex 3.4796 -3.4796 5.01
    endloop
  endfacet
  facet normal 0 0 -1
    outer loop
      vertex 2.99565 -3.90401 5.01
      vertex 2.95905 -3.85631 5.01
      vertex 3.43709 -3.43709 5.01
    endloop
  endfacet
  facet normal 0 0 -1
    outer loop
      vertex 2.46045 -4.26163 5.01
      vertex 2.95905 -3.85631 5.01
      vertex 2.99565 -3.90401 5.01
    endloop
  endfacet
  facet normal 0 0 -1
    outer loop
      vertex 2.46045 -4.26163 5.01
      vertex 2.43039 -4.20955 5.01
      vertex 2.95905 -3.85631 5.01
    endloop
  endfacet
  facet normal 0 0 -1
    outer loop
      vertex 1.88313 -4.54631 5.01
      vertex 2.43039 -4.20955 5.01
      vertex 2.46045 -4.26163 5.01
    endloop
  endfacet
  facet normal 0 0 -1
    outer loop
      vertex 1.88313 -4.54631 5.01
      vertex 1.86012 -4.49077 5.01
      vertex 2.43039 -4.20955 5.01
    endloop
  endfacet
  facet normal 0 0 -1
    outer loop
      vertex 1.27361 -4.75322 5.01
      vertex 1.86012 -4.49077 5.01
      vertex 1.88313 -4.54631 5.01
    endloop
  endfacet
  facet normal 0 0 -1
    outer loop
      vertex 1.27361 -4.75322 5.01
      vertex 1.25804 -4.69514 5.01
      vertex 1.86012 -4.49077 5.01
    endloop
  endfacet
  facet normal 0 0 -1
    outer loop
      vertex 0.642303 -4.87878 5.01
      vertex 1.25804 -4.69514 5.01
      vertex 1.27361 -4.75322 5.01
    endloop
  endfacet
  facet normal 0 0 -1
    outer loop
      vertex 0.642303 -4.87878 5.01
      vertex 0.634445 -4.81917 5.01
      vertex 1.25804 -4.69514 5.01
    endloop
  endfacet
  facet normal 0 0 -1
    outer loop
      vertex 0 -4.9209 5.01
      vertex 0.634445 -4.81917 5.01
      vertex 0.642303 -4.87878 5.01
    endloop
  endfacet
  facet normal 0 0 -1
    outer loop
      vertex 0 -4.9209 5.01
      vertex 0 -4.86078 5.01
      vertex 0.634445 -4.81917 5.01
    endloop
  endfacet
  facet normal 0 0 -1
    outer loop
      vertex 0 -4.9209 5.01
      vertex -0.634445 -4.81917 5.01
      vertex 0 -4.86078 5.01
    endloop
  endfacet
  facet normal 0 0 -1
    outer loop
      vertex -0.642303 -4.87878 5.01
      vertex -0.634445 -4.81917 5.01
      vertex 0 -4.9209 5.01
    endloop
  endfacet
  facet normal 0 0 -1
    outer loop
      vertex -0.642303 -4.87878 5.01
      vertex -1.25804 -4.69514 5.01
      vertex -0.634445 -4.81917 5.01
    endloop
  endfacet
  facet normal 0 0 -1
    outer loop
      vertex -1.27361 -4.75322 5.01
      vertex -1.25804 -4.69514 5.01
      vertex -0.642303 -4.87878 5.01
    endloop
  endfacet
  facet normal 0 0 -1
    outer loop
      vertex -1.27361 -4.75322 5.01
      vertex -1.86012 -4.49077 5.01
      vertex -1.25804 -4.69514 5.01
    endloop
  endfacet
  facet normal 0 0 -1
    outer loop
      vertex -1.88313 -4.54631 5.01
      vertex -1.86012 -4.49077 5.01
      vertex -1.27361 -4.75322 5.01
    endloop
  endfacet
  facet normal 0 0 -1
    outer loop
      vertex -1.88313 -4.54631 5.01
      vertex -2.43039 -4.20955 5.01
      vertex -1.86012 -4.49077 5.01
    endloop
  endfacet
  facet normal 0 0 -1
    outer loop
      vertex -2.46045 -4.26163 5.01
      vertex -2.43039 -4.20955 5.01
      vertex -1.88313 -4.54631 5.01
    endloop
  endfacet
  facet normal 0 0 -1
    outer loop
      vertex -2.46045 -4.26163 5.01
      vertex -2.95905 -3.85631 5.01
      vertex -2.43039 -4.20955 5.01
    endloop
  endfacet
  facet normal 0 0 -1
    outer loop
      vertex -2.99565 -3.90401 5.01
      vertex -2.95905 -3.85631 5.01
      vertex -2.46045 -4.26163 5.01
    endloop
  endfacet
  facet normal 0 0 -1
    outer loop
      vertex -2.99565 -3.90401 5.01
      vertex -3.43709 -3.43709 5.01
      vertex -2.95905 -3.85631 5.01
    endloop
  endfacet
  facet normal 0 0 -1
    outer loop
      vertex -3.4796 -3.4796 5.01
      vertex -3.43709 -3.43709 5.01
      vertex -2.99565 -3.90401 5.01
    endloop
  endfacet
  facet normal 0 0 -1
    outer loop
      vertex -3.4796 -3.4796 5.01
      vertex -3.85631 -2.95905 5.01
      vertex -3.43709 -3.43709 5.01
    endloop
  endfacet
  facet normal 0 0 -1
    outer loop
      vertex -3.90401 -2.99565 5.01
      vertex -3.85631 -2.95905 5.01
      vertex -3.4796 -3.4796 5.01
    endloop
  endfacet
  facet normal 0 0 -1
    outer loop
      vertex -3.90401 -2.99565 5.01
      vertex -4.20955 -2.43039 5.01
      vertex -3.85631 -2.95905 5.01
    endloop
  endfacet
  facet normal 0 0 -1
    outer loop
      vertex -4.26163 -2.46045 5.01
      vertex -4.20955 -2.43039 5.01
      vertex -3.90401 -2.99565 5.01
    endloop
  endfacet
  facet normal 0 0 -1
    outer loop
      vertex -4.26163 -2.46045 5.01
      vertex -4.49077 -1.86012 5.01
      vertex -4.20955 -2.43039 5.01
    endloop
  endfacet
  facet normal 0 0 -1
    outer loop
      vertex -4.54631 -1.88313 5.01
      vertex -4.49077 -1.86012 5.01
      vertex -4.26163 -2.46045 5.01
    endloop
  endfacet
  facet normal 0 0 -1
    outer loop
      vertex -4.54631 -1.88313 5.01
      vertex -4.69514 -1.25804 5.01
      vertex -4.49077 -1.86012 5.01
    endloop
  endfacet
  facet normal 0 0 -1
    outer loop
      vertex -4.75322 -1.27361 5.01
      vertex -4.69514 -1.25804 5.01
      vertex -4.54631 -1.88313 5.01
    endloop
  endfacet
  facet normal 0 0 -1
    outer loop
      vertex -4.75322 -1.27361 5.01
      vertex -4.81917 -0.634445 5.01
      vertex -4.69514 -1.25804 5.01
    endloop
  endfacet
  facet normal -0 0 -1
    outer loop
      vertex -4.81917 -0.634445 5.01
      vertex -4.87878 -0.642303 5.01
      vertex -4.86078 0 5.01
    endloop
  endfacet
  facet normal 0 0 -1
    outer loop
      vertex -4.87878 -0.642303 5.01
      vertex -4.81917 -0.634445 5.01
      vertex -4.75322 -1.27361 5.01
    endloop
  endfacet
  facet normal 0 0 -1
    outer loop
      vertex 4.81917 0.634445 5.01
      vertex 4.87878 0.642303 5.01
      vertex 4.86078 0 5.01
    endloop
  endfacet
  facet normal 0 0 -1
    outer loop
      vertex 4.81917 0.634445 5.01
      vertex 4.75322 1.27361 5.01
      vertex 4.87878 0.642303 5.01
    endloop
  endfacet
  facet normal 0 0 -1
    outer loop
      vertex 4.69514 1.25804 5.01
      vertex 4.75322 1.27361 5.01
      vertex 4.81917 0.634445 5.01
    endloop
  endfacet
  facet normal 0 0 -1
    outer loop
      vertex 4.69514 1.25804 5.01
      vertex 4.54631 1.88313 5.01
      vertex 4.75322 1.27361 5.01
    endloop
  endfacet
  facet normal 0 0 -1
    outer loop
      vertex 4.49077 1.86012 5.01
      vertex 4.54631 1.88313 5.01
      vertex 4.69514 1.25804 5.01
    endloop
  endfacet
  facet normal 0 0 -1
    outer loop
      vertex 4.49077 1.86012 5.01
      vertex 4.26163 2.46045 5.01
      vertex 4.54631 1.88313 5.01
    endloop
  endfacet
  facet normal 0 0 -1
    outer loop
      vertex 4.20955 2.43039 5.01
      vertex 4.26163 2.46045 5.01
      vertex 4.49077 1.86012 5.01
    endloop
  endfacet
  facet normal 0 0 -1
    outer loop
      vertex 4.20955 2.43039 5.01
      vertex 3.90401 2.99565 5.01
      vertex 4.26163 2.46045 5.01
    endloop
  endfacet
  facet normal 0 0 -1
    outer loop
      vertex 3.85631 2.95905 5.01
      vertex 3.90401 2.99565 5.01
      vertex 4.20955 2.43039 5.01
    endloop
  endfacet
  facet normal 0 0 -1
    outer loop
      vertex 3.85631 2.95905 5.01
      vertex 3.4796 3.4796 5.01
      vertex 3.90401 2.99565 5.01
    endloop
  endfacet
  facet normal 0 0 -1
    outer loop
      vertex 3.43709 3.43709 5.01
      vertex 3.4796 3.4796 5.01
      vertex 3.85631 2.95905 5.01
    endloop
  endfacet
  facet normal 0 0 -1
    outer loop
      vertex 3.43709 3.43709 5.01
      vertex 2.99565 3.90401 5.01
      vertex 3.4796 3.4796 5.01
    endloop
  endfacet
  facet normal 0 0 -1
    outer loop
      vertex 2.95905 3.85631 5.01
      vertex 2.99565 3.90401 5.01
      vertex 3.43709 3.43709 5.01
    endloop
  endfacet
  facet normal 0 0 -1
    outer loop
      vertex 2.95905 3.85631 5.01
      vertex 2.46045 4.26163 5.01
      vertex 2.99565 3.90401 5.01
    endloop
  endfacet
  facet normal 0 0 -1
    outer loop
      vertex 2.43039 4.20955 5.01
      vertex 2.46045 4.26163 5.01
      vertex 2.95905 3.85631 5.01
    endloop
  endfacet
  facet normal 0 0 -1
    outer loop
      vertex 2.43039 4.20955 5.01
      vertex 1.88313 4.54631 5.01
      vertex 2.46045 4.26163 5.01
    endloop
  endfacet
  facet normal 0 0 -1
    outer loop
      vertex 1.86012 4.49077 5.01
      vertex 1.88313 4.54631 5.01
      vertex 2.43039 4.20955 5.01
    endloop
  endfacet
  facet normal 0 0 -1
    outer loop
      vertex 1.86012 4.49077 5.01
      vertex 1.27361 4.75322 5.01
      vertex 1.88313 4.54631 5.01
    endloop
  endfacet
  facet normal 0 0 -1
    outer loop
      vertex 1.25804 4.69514 5.01
      vertex 1.27361 4.75322 5.01
      vertex 1.86012 4.49077 5.01
    endloop
  endfacet
  facet normal 0 0 -1
    outer loop
      vertex 1.25804 4.69514 5.01
      vertex 0.642303 4.87878 5.01
      vertex 1.27361 4.75322 5.01
    endloop
  endfacet
  facet normal 0 0 -1
    outer loop
      vertex 0.634445 4.81917 5.01
      vertex 0.642303 4.87878 5.01
      vertex 1.25804 4.69514 5.01
    endloop
  endfacet
  facet normal 0 0 -1
    outer loop
      vertex 0 4.86078 5.01
      vertex 0.642303 4.87878 5.01
      vertex 0.634445 4.81917 5.01
    endloop
  endfacet
  facet normal 0 0 -1
    outer loop
      vertex 0 4.86078 5.01
      vertex 0 4.9209 5.01
      vertex 0.642303 4.87878 5.01
    endloop
  endfacet
  facet normal 0 0 -1
    outer loop
      vertex -0.634445 4.81917 5.01
      vertex 0 4.9209 5.01
      vertex 0 4.86078 5.01
    endloop
  endfacet
  facet normal 0 0 -1
    outer loop
      vertex -0.634445 4.81917 5.01
      vertex -0.642303 4.87878 5.01
      vertex 0 4.9209 5.01
    endloop
  endfacet
  facet normal 0 0 -1
    outer loop
      vertex -1.25804 4.69514 5.01
      vertex -0.642303 4.87878 5.01
      vertex -0.634445 4.81917 5.01
    endloop
  endfacet
  facet normal 0 0 -1
    outer loop
      vertex -1.25804 4.69514 5.01
      vertex -1.27361 4.75322 5.01
      vertex -0.642303 4.87878 5.01
    endloop
  endfacet
  facet normal 0 0 -1
    outer loop
      vertex -1.86012 4.49077 5.01
      vertex -1.27361 4.75322 5.01
      vertex -1.25804 4.69514 5.01
    endloop
  endfacet
  facet normal 0 0 -1
    outer loop
      vertex -1.86012 4.49077 5.01
      vertex -1.88313 4.54631 5.01
      vertex -1.27361 4.75322 5.01
    endloop
  endfacet
  facet normal 0 0 -1
    outer loop
      vertex -2.43039 4.20955 5.01
      vertex -1.88313 4.54631 5.01
      vertex -1.86012 4.49077 5.01
    endloop
  endfacet
  facet normal 0 0 -1
    outer loop
      vertex -2.43039 4.20955 5.01
      vertex -2.46045 4.26163 5.01
      vertex -1.88313 4.54631 5.01
    endloop
  endfacet
  facet normal 0 0 -1
    outer loop
      vertex -2.95905 3.85631 5.01
      vertex -2.46045 4.26163 5.01
      vertex -2.43039 4.20955 5.01
    endloop
  endfacet
  facet normal 0 0 -1
    outer loop
      vertex -2.95905 3.85631 5.01
      vertex -2.99565 3.90401 5.01
      vertex -2.46045 4.26163 5.01
    endloop
  endfacet
  facet normal 0 0 -1
    outer loop
      vertex -3.43709 3.43709 5.01
      vertex -2.99565 3.90401 5.01
      vertex -2.95905 3.85631 5.01
    endloop
  endfacet
  facet normal 0 0 -1
    outer loop
      vertex -3.43709 3.43709 5.01
      vertex -3.4796 3.4796 5.01
      vertex -2.99565 3.90401 5.01
    endloop
  endfacet
  facet normal 0 0 -1
    outer loop
      vertex -3.85631 2.95905 5.01
      vertex -3.4796 3.4796 5.01
      vertex -3.43709 3.43709 5.01
    endloop
  endfacet
  facet normal 0 0 -1
    outer loop
      vertex -3.85631 2.95905 5.01
      vertex -3.90401 2.99565 5.01
      vertex -3.4796 3.4796 5.01
    endloop
  endfacet
  facet normal 0 0 -1
    outer loop
      vertex -4.20955 2.43039 5.01
      vertex -3.90401 2.99565 5.01
      vertex -3.85631 2.95905 5.01
    endloop
  endfacet
  facet normal 0 0 -1
    outer loop
      vertex -4.20955 2.43039 5.01
      vertex -4.26163 2.46045 5.01
      vertex -3.90401 2.99565 5.01
    endloop
  endfacet
  facet normal 0 0 -1
    outer loop
      vertex -4.49077 1.86012 5.01
      vertex -4.26163 2.46045 5.01
      vertex -4.20955 2.43039 5.01
    endloop
  endfacet
  facet normal 0 0 -1
    outer loop
      vertex -4.49077 1.86012 5.01
      vertex -4.54631 1.88313 5.01
      vertex -4.26163 2.46045 5.01
    endloop
  endfacet
  facet normal 0 0 -1
    outer loop
      vertex -4.69514 1.25804 5.01
      vertex -4.54631 1.88313 5.01
      vertex -4.49077 1.86012 5.01
    endloop
  endfacet
  facet normal 0 0 -1
    outer loop
      vertex -4.69514 1.25804 5.01
      vertex -4.75322 1.27361 5.01
      vertex -4.54631 1.88313 5.01
    endloop
  endfacet
  facet normal 0 0 -1
    outer loop
      vertex -4.81917 0.634445 5.01
      vertex -4.75322 1.27361 5.01
      vertex -4.69514 1.25804 5.01
    endloop
  endfacet
  facet normal 0 0 -1
    outer loop
      vertex -4.81917 0.634445 5.01
      vertex -4.87878 0.642303 5.01
      vertex -4.75322 1.27361 5.01
    endloop
  endfacet
  facet normal 0 0 -1
    outer loop
      vertex -4.86078 0 5.01
      vertex -4.87878 0.642303 5.01
      vertex -4.81917 0.634445 5.01
    endloop
  endfacet
  facet normal 0 0 -1
    outer loop
      vertex -4.9209 0 5.01
      vertex -4.86078 0 5.01
      vertex -4.87878 -0.642303 5.01
    endloop
  endfacet
  facet normal 0 0 -1
    outer loop
      vertex -4.86078 0 5.01
      vertex -4.9209 0 5.01
      vertex -4.87878 0.642303 5.01
    endloop
  endfacet
  facet normal -0.896887 -0.44226 0
    outer loop
      vertex -4.26163 -2.46045 5.01
      vertex -4.54631 -1.88313 5.07
      vertex -4.54631 -1.88313 5.01
    endloop
  endfacet
  facet normal -0.896887 -0.44226 0
    outer loop
      vertex -4.54631 -1.88313 5.07
      vertex -4.26163 -2.46045 5.01
      vertex -4.26163 -2.46045 5.07
    endloop
  endfacet
  facet normal 0.831462 0.555582 0
    outer loop
      vertex 4.26163 2.46045 5.07
      vertex 3.90401 2.99565 5.01
      vertex 3.90401 2.99565 5.07
    endloop
  endfacet
  facet normal 0.831462 0.555582 0
    outer loop
      vertex 3.90401 2.99565 5.01
      vertex 4.26163 2.46045 5.07
      vertex 4.26163 2.46045 5.01
    endloop
  endfacet
  facet normal -0.98079 0.195068 0
    outer loop
      vertex -4.87878 0.642303 5.01
      vertex -4.75322 1.27361 5.07
      vertex -4.75322 1.27361 5.01
    endloop
  endfacet
  facet normal -0.98079 0.195068 0
    outer loop
      vertex -4.75322 1.27361 5.07
      vertex -4.87878 0.642303 5.01
      vertex -4.87878 0.642303 5.07
    endloop
  endfacet
  facet normal 0.659343 -0.751842 0
    outer loop
      vertex 2.99565 -3.90401 5.01
      vertex 3.4796 -3.4796 5.07
      vertex 2.99565 -3.90401 5.07
    endloop
  endfacet
  facet normal 0.659343 -0.751842 0
    outer loop
      vertex 3.4796 -3.4796 5.07
      vertex 2.99565 -3.90401 5.01
      vertex 3.4796 -3.4796 5.01
    endloop
  endfacet
  facet normal -0.946927 -0.321448 0
    outer loop
      vertex -4.54631 -1.88313 5.01
      vertex -4.75322 -1.27361 5.07
      vertex -4.75322 -1.27361 5.01
    endloop
  endfacet
  facet normal -0.946927 -0.321448 0
    outer loop
      vertex -4.75322 -1.27361 5.07
      vertex -4.54631 -1.88313 5.01
      vertex -4.54631 -1.88313 5.07
    endloop
  endfacet
  facet normal 0.751842 0.659343 0
    outer loop
      vertex 3.90401 2.99565 5.07
      vertex 3.4796 3.4796 5.01
      vertex 3.4796 3.4796 5.07
    endloop
  endfacet
  facet normal 0.751842 0.659343 0
    outer loop
      vertex 3.4796 3.4796 5.01
      vertex 3.90401 2.99565 5.07
      vertex 3.90401 2.99565 5.01
    endloop
  endfacet
  facet normal -0.195068 -0.98079 0
    outer loop
      vertex -1.27361 -4.75322 5.01
      vertex -0.642303 -4.87878 5.07
      vertex -1.27361 -4.75322 5.07
    endloop
  endfacet
  facet normal -0.195068 -0.98079 -0
    outer loop
      vertex -0.642303 -4.87878 5.07
      vertex -1.27361 -4.75322 5.01
      vertex -0.642303 -4.87878 5.01
    endloop
  endfacet
  facet normal 0.321448 -0.946927 0
    outer loop
      vertex 1.27361 -4.75322 5.01
      vertex 1.88313 -4.54631 5.07
      vertex 1.27361 -4.75322 5.07
    endloop
  endfacet
  facet normal 0.321448 -0.946927 0
    outer loop
      vertex 1.88313 -4.54631 5.07
      vertex 1.27361 -4.75322 5.01
      vertex 1.88313 -4.54631 5.01
    endloop
  endfacet
  facet normal 0.831462 -0.555582 0
    outer loop
      vertex 3.90401 -2.99565 5.07
      vertex 4.26163 -2.46045 5.01
      vertex 4.26163 -2.46045 5.07
    endloop
  endfacet
  facet normal 0.831462 -0.555582 0
    outer loop
      vertex 4.26163 -2.46045 5.01
      vertex 3.90401 -2.99565 5.07
      vertex 3.90401 -2.99565 5.01
    endloop
  endfacet
  facet normal -0.831462 -0.555582 0
    outer loop
      vertex -3.90401 -2.99565 5.01
      vertex -4.26163 -2.46045 5.07
      vertex -4.26163 -2.46045 5.01
    endloop
  endfacet
  facet normal -0.831462 -0.555582 0
    outer loop
      vertex -4.26163 -2.46045 5.07
      vertex -3.90401 -2.99565 5.01
      vertex -3.90401 -2.99565 5.07
    endloop
  endfacet
  facet normal 0.98079 -0.195068 0
    outer loop
      vertex 4.75322 -1.27361 5.07
      vertex 4.87878 -0.642303 5.01
      vertex 4.87878 -0.642303 5.07
    endloop
  endfacet
  facet normal 0.98079 -0.195068 0
    outer loop
      vertex 4.87878 -0.642303 5.01
      vertex 4.75322 -1.27361 5.07
      vertex 4.75322 -1.27361 5.01
    endloop
  endfacet
  facet normal 0.555582 0.831462 -0
    outer loop
      vertex 2.99565 3.90401 5.01
      vertex 2.46045 4.26163 5.07
      vertex 2.99565 3.90401 5.07
    endloop
  endfacet
  facet normal 0.555582 0.831462 0
    outer loop
      vertex 2.46045 4.26163 5.07
      vertex 2.99565 3.90401 5.01
      vertex 2.46045 4.26163 5.01
    endloop
  endfacet
  facet normal -0.659343 0.751842 0
    outer loop
      vertex -2.99565 3.90401 5.01
      vertex -3.4796 3.4796 5.07
      vertex -2.99565 3.90401 5.07
    endloop
  endfacet
  facet normal -0.659343 0.751842 0
    outer loop
      vertex -3.4796 3.4796 5.07
      vertex -2.99565 3.90401 5.01
      vertex -3.4796 3.4796 5.01
    endloop
  endfacet
  facet normal 0.321427 0.946934 -0
    outer loop
      vertex 1.86012 4.49077 4.95
      vertex 1.25804 4.69514 5.01
      vertex 1.86012 4.49077 5.01
    endloop
  endfacet
  facet normal 0.321427 0.946934 0
    outer loop
      vertex 1.25804 4.69514 5.01
      vertex 1.86012 4.49077 4.95
      vertex 1.25804 4.69514 4.95
    endloop
  endfacet
  facet normal 0.980789 0.195074 0
    outer loop
      vertex 4.81917 0.634445 5.01
      vertex 4.69514 1.25804 4.95
      vertex 4.69514 1.25804 5.01
    endloop
  endfacet
  facet normal 0.980789 0.195074 0
    outer loop
      vertex 4.69514 1.25804 4.95
      vertex 4.81917 0.634445 5.01
      vertex 4.81917 0.634445 4.95
    endloop
  endfacet
  facet normal 0.195074 0.980789 -0
    outer loop
      vertex 1.25804 4.69514 4.95
      vertex 0.634445 4.81917 5.01
      vertex 1.25804 4.69514 5.01
    endloop
  endfacet
  facet normal 0.195074 0.980789 0
    outer loop
      vertex 0.634445 4.81917 5.01
      vertex 1.25804 4.69514 4.95
      vertex 0.634445 4.81917 4.95
    endloop
  endfacet
  facet normal -0.896877 0.442281 0
    outer loop
      vertex -4.49077 1.86012 4.95
      vertex -4.20955 2.43039 5.01
      vertex -4.20955 2.43039 4.95
    endloop
  endfacet
  facet normal -0.896877 0.442281 0
    outer loop
      vertex -4.20955 2.43039 5.01
      vertex -4.49077 1.86012 4.95
      vertex -4.49077 1.86012 5.01
    endloop
  endfacet
  facet normal 0.0654443 0.997856 -0
    outer loop
      vertex 0.634445 4.81917 4.95
      vertex 0 4.86078 5.01
      vertex 0.634445 4.81917 5.01
    endloop
  endfacet
  facet normal 0.0654443 0.997856 0
    outer loop
      vertex 0 4.86078 5.01
      vertex 0.634445 4.81917 4.95
      vertex 0 4.86078 4.95
    endloop
  endfacet
  facet normal -0.896877 -0.442281 0
    outer loop
      vertex -4.20955 -2.43039 4.95
      vertex -4.49077 -1.86012 5.01
      vertex -4.49077 -1.86012 4.95
    endloop
  endfacet
  facet normal -0.896877 -0.442281 0
    outer loop
      vertex -4.49077 -1.86012 5.01
      vertex -4.20955 -2.43039 4.95
      vertex -4.20955 -2.43039 5.01
    endloop
  endfacet
  facet normal -0.751847 -0.659337 0
    outer loop
      vertex -3.43709 -3.43709 4.95
      vertex -3.85631 -2.95905 5.01
      vertex -3.85631 -2.95905 4.95
    endloop
  endfacet
  facet normal -0.751847 -0.659337 0
    outer loop
      vertex -3.85631 -2.95905 5.01
      vertex -3.43709 -3.43709 4.95
      vertex -3.43709 -3.43709 5.01
    endloop
  endfacet
  facet normal 0.831469 0.555571 0
    outer loop
      vertex 4.20955 2.43039 5.01
      vertex 3.85631 2.95905 4.95
      vertex 3.85631 2.95905 5.01
    endloop
  endfacet
  facet normal 0.831469 0.555571 0
    outer loop
      vertex 3.85631 2.95905 4.95
      vertex 4.20955 2.43039 5.01
      vertex 4.20955 2.43039 4.95
    endloop
  endfacet
  facet normal -0.751847 0.659337 0
    outer loop
      vertex -3.85631 2.95905 4.95
      vertex -3.43709 3.43709 5.01
      vertex -3.43709 3.43709 4.95
    endloop
  endfacet
  facet normal -0.751847 0.659337 0
    outer loop
      vertex -3.43709 3.43709 5.01
      vertex -3.85631 2.95905 4.95
      vertex -3.85631 2.95905 5.01
    endloop
  endfacet
  facet normal -0.555571 -0.831469 0
    outer loop
      vertex -2.95905 -3.85631 4.95
      vertex -2.43039 -4.20955 5.01
      vertex -2.95905 -3.85631 5.01
    endloop
  endfacet
  facet normal -0.555571 -0.831469 -0
    outer loop
      vertex -2.43039 -4.20955 5.01
      vertex -2.95905 -3.85631 4.95
      vertex -2.43039 -4.20955 4.95
    endloop
  endfacet
  facet normal 0 0 -1
    outer loop
      vertex 4.80064 0 4.95
      vertex 4.86078 0 4.95
      vertex 4.81917 -0.634445 4.95
    endloop
  endfacet
  facet normal 0 0 -1
    outer loop
      vertex 4.86078 0 4.95
      vertex 4.80064 0 4.95
      vertex 4.81917 0.634445 4.95
    endloop
  endfacet
  facet normal 0 0 -1
    outer loop
      vertex 4.81917 -0.634445 4.95
      vertex 4.75955 -0.626602 4.95
      vertex 4.80064 0 4.95
    endloop
  endfacet
  facet normal 0 0 -1
    outer loop
      vertex 4.69514 -1.25804 4.95
      vertex 4.75955 -0.626602 4.95
      vertex 4.81917 -0.634445 4.95
    endloop
  endfacet
  facet normal 0 0 -1
    outer loop
      vertex 4.69514 -1.25804 4.95
      vertex 4.63707 -1.24248 4.95
      vertex 4.75955 -0.626602 4.95
    endloop
  endfacet
  facet normal 0 0 -1
    outer loop
      vertex 4.49077 -1.86012 4.95
      vertex 4.63707 -1.24248 4.95
      vertex 4.69514 -1.25804 4.95
    endloop
  endfacet
  facet normal 0 0 -1
    outer loop
      vertex 4.49077 -1.86012 4.95
      vertex 4.43521 -1.83711 4.95
      vertex 4.63707 -1.24248 4.95
    endloop
  endfacet
  facet normal 0 0 -1
    outer loop
      vertex 4.20955 -2.43039 4.95
      vertex 4.43521 -1.83711 4.95
      vertex 4.49077 -1.86012 4.95
    endloop
  endfacet
  facet normal 0 0 -1
    outer loop
      vertex 4.20955 -2.43039 4.95
      vertex 4.15747 -2.40031 4.95
      vertex 4.43521 -1.83711 4.95
    endloop
  endfacet
  facet normal 0 0 -1
    outer loop
      vertex 3.85631 -2.95905 4.95
      vertex 4.15747 -2.40031 4.95
      vertex 4.20955 -2.43039 4.95
    endloop
  endfacet
  facet normal 0 0 -1
    outer loop
      vertex 3.85631 -2.95905 4.95
      vertex 3.80859 -2.92244 4.95
      vertex 4.15747 -2.40031 4.95
    endloop
  endfacet
  facet normal 0 0 -1
    outer loop
      vertex 3.43709 -3.43709 4.95
      vertex 3.80859 -2.92244 4.95
      vertex 3.85631 -2.95905 4.95
    endloop
  endfacet
  facet normal 0 0 -1
    outer loop
      vertex 3.43709 -3.43709 4.95
      vertex 3.39456 -3.39456 4.95
      vertex 3.80859 -2.92244 4.95
    endloop
  endfacet
  facet normal 0 0 -1
    outer loop
      vertex 2.95905 -3.85631 4.95
      vertex 3.39456 -3.39456 4.95
      vertex 3.43709 -3.43709 4.95
    endloop
  endfacet
  facet normal 0 0 -1
    outer loop
      vertex 2.95905 -3.85631 4.95
      vertex 2.92244 -3.80859 4.95
      vertex 3.39456 -3.39456 4.95
    endloop
  endfacet
  facet normal 0 0 -1
    outer loop
      vertex 2.43039 -4.20955 4.95
      vertex 2.92244 -3.80859 4.95
      vertex 2.95905 -3.85631 4.95
    endloop
  endfacet
  facet normal 0 0 -1
    outer loop
      vertex 2.43039 -4.20955 4.95
      vertex 2.40031 -4.15747 4.95
      vertex 2.92244 -3.80859 4.95
    endloop
  endfacet
  facet normal 0 0 -1
    outer loop
      vertex 1.86012 -4.49077 4.95
      vertex 2.40031 -4.15747 4.95
      vertex 2.43039 -4.20955 4.95
    endloop
  endfacet
  facet normal 0 0 -1
    outer loop
      vertex 1.86012 -4.49077 4.95
      vertex 1.83711 -4.43521 4.95
      vertex 2.40031 -4.15747 4.95
    endloop
  endfacet
  facet normal 0 0 -1
    outer loop
      vertex 1.25804 -4.69514 4.95
      vertex 1.83711 -4.43521 4.95
      vertex 1.86012 -4.49077 4.95
    endloop
  endfacet
  facet normal 0 0 -1
    outer loop
      vertex 1.25804 -4.69514 4.95
      vertex 1.24248 -4.63707 4.95
      vertex 1.83711 -4.43521 4.95
    endloop
  endfacet
  facet normal 0 0 -1
    outer loop
      vertex 0.634445 -4.81917 4.95
      vertex 1.24248 -4.63707 4.95
      vertex 1.25804 -4.69514 4.95
    endloop
  endfacet
  facet normal 0 0 -1
    outer loop
      vertex 0.634445 -4.81917 4.95
      vertex 0.626602 -4.75955 4.95
      vertex 1.24248 -4.63707 4.95
    endloop
  endfacet
  facet normal 0 0 -1
    outer loop
      vertex 0 -4.86078 4.95
      vertex 0.626602 -4.75955 4.95
      vertex 0.634445 -4.81917 4.95
    endloop
  endfacet
  facet normal 0 0 -1
    outer loop
      vertex 0 -4.86078 4.95
      vertex 0 -4.80064 4.95
      vertex 0.626602 -4.75955 4.95
    endloop
  endfacet
  facet normal 0 0 -1
    outer loop
      vertex 0 -4.86078 4.95
      vertex -0.626602 -4.75955 4.95
      vertex 0 -4.80064 4.95
    endloop
  endfacet
  facet normal 0 0 -1
    outer loop
      vertex -0.634445 -4.81917 4.95
      vertex -0.626602 -4.75955 4.95
      vertex 0 -4.86078 4.95
    endloop
  endfacet
  facet normal 0 0 -1
    outer loop
      vertex -0.634445 -4.81917 4.95
      vertex -1.24248 -4.63707 4.95
      vertex -0.626602 -4.75955 4.95
    endloop
  endfacet
  facet normal 0 0 -1
    outer loop
      vertex -1.25804 -4.69514 4.95
      vertex -1.24248 -4.63707 4.95
      vertex -0.634445 -4.81917 4.95
    endloop
  endfacet
  facet normal 0 0 -1
    outer loop
      vertex -1.25804 -4.69514 4.95
      vertex -1.83711 -4.43521 4.95
      vertex -1.24248 -4.63707 4.95
    endloop
  endfacet
  facet normal 0 0 -1
    outer loop
      vertex -1.86012 -4.49077 4.95
      vertex -1.83711 -4.43521 4.95
      vertex -1.25804 -4.69514 4.95
    endloop
  endfacet
  facet normal 0 0 -1
    outer loop
      vertex -1.86012 -4.49077 4.95
      vertex -2.40031 -4.15747 4.95
      vertex -1.83711 -4.43521 4.95
    endloop
  endfacet
  facet normal 0 0 -1
    outer loop
      vertex -2.43039 -4.20955 4.95
      vertex -2.40031 -4.15747 4.95
      vertex -1.86012 -4.49077 4.95
    endloop
  endfacet
  facet normal 0 0 -1
    outer loop
      vertex -2.43039 -4.20955 4.95
      vertex -2.92244 -3.80859 4.95
      vertex -2.40031 -4.15747 4.95
    endloop
  endfacet
  facet normal 0 0 -1
    outer loop
      vertex -2.95905 -3.85631 4.95
      vertex -2.92244 -3.80859 4.95
      vertex -2.43039 -4.20955 4.95
    endloop
  endfacet
  facet normal 0 0 -1
    outer loop
      vertex -2.95905 -3.85631 4.95
      vertex -3.39456 -3.39456 4.95
      vertex -2.92244 -3.80859 4.95
    endloop
  endfacet
  facet normal 0 0 -1
    outer loop
      vertex -3.43709 -3.43709 4.95
      vertex -3.39456 -3.39456 4.95
      vertex -2.95905 -3.85631 4.95
    endloop
  endfacet
  facet normal 0 0 -1
    outer loop
      vertex -3.43709 -3.43709 4.95
      vertex -3.80859 -2.92244 4.95
      vertex -3.39456 -3.39456 4.95
    endloop
  endfacet
  facet normal 0 0 -1
    outer loop
      vertex -3.85631 -2.95905 4.95
      vertex -3.80859 -2.92244 4.95
      vertex -3.43709 -3.43709 4.95
    endloop
  endfacet
  facet normal 0 0 -1
    outer loop
      vertex -3.85631 -2.95905 4.95
      vertex -4.15747 -2.40031 4.95
      vertex -3.80859 -2.92244 4.95
    endloop
  endfacet
  facet normal 0 0 -1
    outer loop
      vertex -4.20955 -2.43039 4.95
      vertex -4.15747 -2.40031 4.95
      vertex -3.85631 -2.95905 4.95
    endloop
  endfacet
  facet normal 0 0 -1
    outer loop
      vertex -4.20955 -2.43039 4.95
      vertex -4.43521 -1.83711 4.95
      vertex -4.15747 -2.40031 4.95
    endloop
  endfacet
  facet normal 0 0 -1
    outer loop
      vertex -4.49077 -1.86012 4.95
      vertex -4.43521 -1.83711 4.95
      vertex -4.20955 -2.43039 4.95
    endloop
  endfacet
  facet normal 0 0 -1
    outer loop
      vertex -4.49077 -1.86012 4.95
      vertex -4.63707 -1.24248 4.95
      vertex -4.43521 -1.83711 4.95
    endloop
  endfacet
  facet normal 0 0 -1
    outer loop
      vertex -4.69514 -1.25804 4.95
      vertex -4.63707 -1.24248 4.95
      vertex -4.49077 -1.86012 4.95
    endloop
  endfacet
  facet normal 0 0 -1
    outer loop
      vertex -4.69514 -1.25804 4.95
      vertex -4.75955 -0.626602 4.95
      vertex -4.63707 -1.24248 4.95
    endloop
  endfacet
  facet normal -0 0 -1
    outer loop
      vertex -4.75955 -0.626602 4.95
      vertex -4.81917 -0.634445 4.95
      vertex -4.80064 0 4.95
    endloop
  endfacet
  facet normal 0 0 -1
    outer loop
      vertex -4.81917 -0.634445 4.95
      vertex -4.75955 -0.626602 4.95
      vertex -4.69514 -1.25804 4.95
    endloop
  endfacet
  facet normal 0 0 -1
    outer loop
      vertex 4.75955 0.626602 4.95
      vertex 4.81917 0.634445 4.95
      vertex 4.80064 0 4.95
    endloop
  endfacet
  facet normal 0 0 -1
    outer loop
      vertex 4.75955 0.626602 4.95
      vertex 4.69514 1.25804 4.95
      vertex 4.81917 0.634445 4.95
    endloop
  endfacet
  facet normal 0 0 -1
    outer loop
      vertex 4.63707 1.24248 4.95
      vertex 4.69514 1.25804 4.95
      vertex 4.75955 0.626602 4.95
    endloop
  endfacet
  facet normal 0 0 -1
    outer loop
      vertex 4.63707 1.24248 4.95
      vertex 4.49077 1.86012 4.95
      vertex 4.69514 1.25804 4.95
    endloop
  endfacet
  facet normal 0 0 -1
    outer loop
      vertex 4.43521 1.83711 4.95
      vertex 4.49077 1.86012 4.95
      vertex 4.63707 1.24248 4.95
    endloop
  endfacet
  facet normal 0 0 -1
    outer loop
      vertex 4.43521 1.83711 4.95
      vertex 4.20955 2.43039 4.95
      vertex 4.49077 1.86012 4.95
    endloop
  endfacet
  facet normal 0 0 -1
    outer loop
      vertex 4.15747 2.40031 4.95
      vertex 4.20955 2.43039 4.95
      vertex 4.43521 1.83711 4.95
    endloop
  endfacet
  facet normal 0 0 -1
    outer loop
      vertex 4.15747 2.40031 4.95
      vertex 3.85631 2.95905 4.95
      vertex 4.20955 2.43039 4.95
    endloop
  endfacet
  facet normal 0 0 -1
    outer loop
      vertex 3.80859 2.92244 4.95
      vertex 3.85631 2.95905 4.95
      vertex 4.15747 2.40031 4.95
    endloop
  endfacet
  facet normal 0 0 -1
    outer loop
      vertex 3.80859 2.92244 4.95
      vertex 3.43709 3.43709 4.95
      vertex 3.85631 2.95905 4.95
    endloop
  endfacet
  facet normal 0 0 -1
    outer loop
      vertex 3.39456 3.39456 4.95
      vertex 3.43709 3.43709 4.95
      vertex 3.80859 2.92244 4.95
    endloop
  endfacet
  facet normal 0 0 -1
    outer loop
      vertex 3.39456 3.39456 4.95
      vertex 2.95905 3.85631 4.95
      vertex 3.43709 3.43709 4.95
    endloop
  endfacet
  facet normal 0 0 -1
    outer loop
      vertex 2.92244 3.80859 4.95
      vertex 2.95905 3.85631 4.95
      vertex 3.39456 3.39456 4.95
    endloop
  endfacet
  facet normal 0 0 -1
    outer loop
      vertex 2.92244 3.80859 4.95
      vertex 2.43039 4.20955 4.95
      vertex 2.95905 3.85631 4.95
    endloop
  endfacet
  facet normal 0 0 -1
    outer loop
      vertex 2.40031 4.15747 4.95
      vertex 2.43039 4.20955 4.95
      vertex 2.92244 3.80859 4.95
    endloop
  endfacet
  facet normal 0 0 -1
    outer loop
      vertex 2.40031 4.15747 4.95
      vertex 1.86012 4.49077 4.95
      vertex 2.43039 4.20955 4.95
    endloop
  endfacet
  facet normal 0 0 -1
    outer loop
      vertex 1.83711 4.43521 4.95
      vertex 1.86012 4.49077 4.95
      vertex 2.40031 4.15747 4.95
    endloop
  endfacet
  facet normal 0 0 -1
    outer loop
      vertex 1.83711 4.43521 4.95
      vertex 1.25804 4.69514 4.95
      vertex 1.86012 4.49077 4.95
    endloop
  endfacet
  facet normal 0 0 -1
    outer loop
      vertex 1.24248 4.63707 4.95
      vertex 1.25804 4.69514 4.95
      vertex 1.83711 4.43521 4.95
    endloop
  endfacet
  facet normal 0 0 -1
    outer loop
      vertex 1.24248 4.63707 4.95
      vertex 0.634445 4.81917 4.95
      vertex 1.25804 4.69514 4.95
    endloop
  endfacet
  facet normal 0 0 -1
    outer loop
      vertex 0.626602 4.75955 4.95
      vertex 0.634445 4.81917 4.95
      vertex 1.24248 4.63707 4.95
    endloop
  endfacet
  facet normal 0 0 -1
    outer loop
      vertex 0 4.80064 4.95
      vertex 0.634445 4.81917 4.95
      vertex 0.626602 4.75955 4.95
    endloop
  endfacet
  facet normal 0 0 -1
    outer loop
      vertex 0 4.80064 4.95
      vertex 0 4.86078 4.95
      vertex 0.634445 4.81917 4.95
    endloop
  endfacet
  facet normal 0 0 -1
    outer loop
      vertex -0.626602 4.75955 4.95
      vertex 0 4.86078 4.95
      vertex 0 4.80064 4.95
    endloop
  endfacet
  facet normal 0 0 -1
    outer loop
      vertex -0.626602 4.75955 4.95
      vertex -0.634445 4.81917 4.95
      vertex 0 4.86078 4.95
    endloop
  endfacet
  facet normal 0 0 -1
    outer loop
      vertex -1.24248 4.63707 4.95
      vertex -0.634445 4.81917 4.95
      vertex -0.626602 4.75955 4.95
    endloop
  endfacet
  facet normal 0 0 -1
    outer loop
      vertex -1.24248 4.63707 4.95
      vertex -1.25804 4.69514 4.95
      vertex -0.634445 4.81917 4.95
    endloop
  endfacet
  facet normal 0 0 -1
    outer loop
      vertex -1.83711 4.43521 4.95
      vertex -1.25804 4.69514 4.95
      vertex -1.24248 4.63707 4.95
    endloop
  endfacet
  facet normal 0 0 -1
    outer loop
      vertex -1.83711 4.43521 4.95
      vertex -1.86012 4.49077 4.95
      vertex -1.25804 4.69514 4.95
    endloop
  endfacet
  facet normal 0 0 -1
    outer loop
      vertex -2.40031 4.15747 4.95
      vertex -1.86012 4.49077 4.95
      vertex -1.83711 4.43521 4.95
    endloop
  endfacet
  facet normal 0 0 -1
    outer loop
      vertex -2.40031 4.15747 4.95
      vertex -2.43039 4.20955 4.95
      vertex -1.86012 4.49077 4.95
    endloop
  endfacet
  facet normal 0 0 -1
    outer loop
      vertex -2.92244 3.80859 4.95
      vertex -2.43039 4.20955 4.95
      vertex -2.40031 4.15747 4.95
    endloop
  endfacet
  facet normal 0 0 -1
    outer loop
      vertex -2.92244 3.80859 4.95
      vertex -2.95905 3.85631 4.95
      vertex -2.43039 4.20955 4.95
    endloop
  endfacet
  facet normal 0 0 -1
    outer loop
      vertex -3.39456 3.39456 4.95
      vertex -2.95905 3.85631 4.95
      vertex -2.92244 3.80859 4.95
    endloop
  endfacet
  facet normal 0 0 -1
    outer loop
      vertex -3.39456 3.39456 4.95
      vertex -3.43709 3.43709 4.95
      vertex -2.95905 3.85631 4.95
    endloop
  endfacet
  facet normal 0 0 -1
    outer loop
      vertex -3.80859 2.92244 4.95
      vertex -3.43709 3.43709 4.95
      vertex -3.39456 3.39456 4.95
    endloop
  endfacet
  facet normal 0 0 -1
    outer loop
      vertex -3.80859 2.92244 4.95
      vertex -3.85631 2.95905 4.95
      vertex -3.43709 3.43709 4.95
    endloop
  endfacet
  facet normal 0 0 -1
    outer loop
      vertex -4.15747 2.40031 4.95
      vertex -3.85631 2.95905 4.95
      vertex -3.80859 2.92244 4.95
    endloop
  endfacet
  facet normal 0 0 -1
    outer loop
      vertex -4.15747 2.40031 4.95
      vertex -4.20955 2.43039 4.95
      vertex -3.85631 2.95905 4.95
    endloop
  endfacet
  facet normal 0 0 -1
    outer loop
      vertex -4.43521 1.83711 4.95
      vertex -4.20955 2.43039 4.95
      vertex -4.15747 2.40031 4.95
    endloop
  endfacet
  facet normal 0 0 -1
    outer loop
      vertex -4.43521 1.83711 4.95
      vertex -4.49077 1.86012 4.95
      vertex -4.20955 2.43039 4.95
    endloop
  endfacet
  facet normal 0 0 -1
    outer loop
      vertex -4.63707 1.24248 4.95
      vertex -4.49077 1.86012 4.95
      vertex -4.43521 1.83711 4.95
    endloop
  endfacet
  facet normal 0 0 -1
    outer loop
      vertex -4.63707 1.24248 4.95
      vertex -4.69514 1.25804 4.95
      vertex -4.49077 1.86012 4.95
    endloop
  endfacet
  facet normal 0 0 -1
    outer loop
      vertex -4.75955 0.626602 4.95
      vertex -4.69514 1.25804 4.95
      vertex -4.63707 1.24248 4.95
    endloop
  endfacet
  facet normal 0 0 -1
    outer loop
      vertex -4.75955 0.626602 4.95
      vertex -4.81917 0.634445 4.95
      vertex -4.69514 1.25804 4.95
    endloop
  endfacet
  facet normal 0 0 -1
    outer loop
      vertex -4.80064 0 4.95
      vertex -4.81917 0.634445 4.95
      vertex -4.75955 0.626602 4.95
    endloop
  endfacet
  facet normal 0 0 -1
    outer loop
      vertex -4.86078 0 4.95
      vertex -4.80064 0 4.95
      vertex -4.81917 -0.634445 4.95
    endloop
  endfacet
  facet normal 0 0 -1
    outer loop
      vertex -4.80064 0 4.95
      vertex -4.86078 0 4.95
      vertex -4.81917 0.634445 4.95
    endloop
  endfacet
  facet normal -0.997856 0.0654443 0
    outer loop
      vertex -4.86078 0 4.95
      vertex -4.81917 0.634445 5.01
      vertex -4.81917 0.634445 4.95
    endloop
  endfacet
  facet normal -0.997856 0.0654443 0
    outer loop
      vertex -4.81917 0.634445 5.01
      vertex -4.86078 0 4.95
      vertex -4.86078 0 5.01
    endloop
  endfacet
  facet normal 0.195074 -0.980789 0
    outer loop
      vertex 0.634445 -4.81917 4.95
      vertex 1.25804 -4.69514 5.01
      vertex 0.634445 -4.81917 5.01
    endloop
  endfacet
  facet normal 0.195074 -0.980789 0
    outer loop
      vertex 1.25804 -4.69514 5.01
      vertex 0.634445 -4.81917 4.95
      vertex 1.25804 -4.69514 4.95
    endloop
  endfacet
  facet normal -0.946934 0.321427 0
    outer loop
      vertex -4.69514 1.25804 4.95
      vertex -4.49077 1.86012 5.01
      vertex -4.49077 1.86012 4.95
    endloop
  endfacet
  facet normal -0.946934 0.321427 0
    outer loop
      vertex -4.49077 1.86012 5.01
      vertex -4.69514 1.25804 4.95
      vertex -4.69514 1.25804 5.01
    endloop
  endfacet
  facet normal -0.321427 0.946934 0
    outer loop
      vertex -1.25804 4.69514 4.95
      vertex -1.86012 4.49077 5.01
      vertex -1.25804 4.69514 5.01
    endloop
  endfacet
  facet normal -0.321427 0.946934 0
    outer loop
      vertex -1.86012 4.49077 5.01
      vertex -1.25804 4.69514 4.95
      vertex -1.86012 4.49077 4.95
    endloop
  endfacet
  facet normal -0.442281 -0.896877 0
    outer loop
      vertex -2.43039 -4.20955 4.95
      vertex -1.86012 -4.49077 5.01
      vertex -2.43039 -4.20955 5.01
    endloop
  endfacet
  facet normal -0.442281 -0.896877 -0
    outer loop
      vertex -1.86012 -4.49077 5.01
      vertex -2.43039 -4.20955 4.95
      vertex -1.86012 -4.49077 4.95
    endloop
  endfacet
  facet normal 0.659337 -0.751847 0
    outer loop
      vertex 2.95905 -3.85631 4.95
      vertex 3.43709 -3.43709 5.01
      vertex 2.95905 -3.85631 5.01
    endloop
  endfacet
  facet normal 0.659337 -0.751847 0
    outer loop
      vertex 3.43709 -3.43709 5.01
      vertex 2.95905 -3.85631 4.95
      vertex 3.43709 -3.43709 4.95
    endloop
  endfacet
  facet normal -0.997856 -0.0654443 0
    outer loop
      vertex -4.81917 -0.634445 4.95
      vertex -4.86078 0 5.01
      vertex -4.86078 0 4.95
    endloop
  endfacet
  facet normal -0.997856 -0.0654443 0
    outer loop
      vertex -4.86078 0 5.01
      vertex -4.81917 -0.634445 4.95
      vertex -4.81917 -0.634445 5.01
    endloop
  endfacet
  facet normal -0.831469 0.555571 0
    outer loop
      vertex -4.20955 2.43039 4.95
      vertex -3.85631 2.95905 5.01
      vertex -3.85631 2.95905 4.95
    endloop
  endfacet
  facet normal -0.831469 0.555571 0
    outer loop
      vertex -3.85631 2.95905 5.01
      vertex -4.20955 2.43039 4.95
      vertex -4.20955 2.43039 5.01
    endloop
  endfacet
  facet normal -0.195074 0.980789 0
    outer loop
      vertex -0.634445 4.81917 4.95
      vertex -1.25804 4.69514 5.01
      vertex -0.634445 4.81917 5.01
    endloop
  endfacet
  facet normal -0.195074 0.980789 0
    outer loop
      vertex -1.25804 4.69514 5.01
      vertex -0.634445 4.81917 4.95
      vertex -1.25804 4.69514 4.95
    endloop
  endfacet
  facet normal 0.659337 0.751847 -0
    outer loop
      vertex 3.43709 3.43709 4.95
      vertex 2.95905 3.85631 5.01
      vertex 3.43709 3.43709 5.01
    endloop
  endfacet
  facet normal 0.659337 0.751847 0
    outer loop
      vertex 2.95905 3.85631 5.01
      vertex 3.43709 3.43709 4.95
      vertex 2.95905 3.85631 4.95
    endloop
  endfacet
  facet normal 0.997856 -0.0654443 0
    outer loop
      vertex 4.81917 -0.634445 5.01
      vertex 4.86078 0 4.95
      vertex 4.86078 0 5.01
    endloop
  endfacet
  facet normal 0.997856 -0.0654443 0
    outer loop
      vertex 4.86078 0 4.95
      vertex 4.81917 -0.634445 5.01
      vertex 4.81917 -0.634445 4.95
    endloop
  endfacet
  facet normal -0.659337 -0.751847 0
    outer loop
      vertex -3.43709 -3.43709 4.95
      vertex -2.95905 -3.85631 5.01
      vertex -3.43709 -3.43709 5.01
    endloop
  endfacet
  facet normal -0.659337 -0.751847 -0
    outer loop
      vertex -2.95905 -3.85631 5.01
      vertex -3.43709 -3.43709 4.95
      vertex -2.95905 -3.85631 4.95
    endloop
  endfacet
  facet normal -0.442281 0.896877 0
    outer loop
      vertex -1.86012 4.49077 4.95
      vertex -2.43039 4.20955 5.01
      vertex -1.86012 4.49077 5.01
    endloop
  endfacet
  facet normal -0.442281 0.896877 0
    outer loop
      vertex -2.43039 4.20955 5.01
      vertex -1.86012 4.49077 4.95
      vertex -2.43039 4.20955 4.95
    endloop
  endfacet
  facet normal -0.195074 -0.980789 0
    outer loop
      vertex -1.25804 -4.69514 4.95
      vertex -0.634445 -4.81917 5.01
      vertex -1.25804 -4.69514 5.01
    endloop
  endfacet
  facet normal -0.195074 -0.980789 -0
    outer loop
      vertex -0.634445 -4.81917 5.01
      vertex -1.25804 -4.69514 4.95
      vertex -0.634445 -4.81917 4.95
    endloop
  endfacet
  facet normal 0.946934 0.321427 0
    outer loop
      vertex 4.69514 1.25804 5.01
      vertex 4.49077 1.86012 4.95
      vertex 4.49077 1.86012 5.01
    endloop
  endfacet
  facet normal 0.946934 0.321427 0
    outer loop
      vertex 4.49077 1.86012 4.95
      vertex 4.69514 1.25804 5.01
      vertex 4.69514 1.25804 4.95
    endloop
  endfacet
  facet normal -0.321427 -0.946934 0
    outer loop
      vertex -1.86012 -4.49077 4.95
      vertex -1.25804 -4.69514 5.01
      vertex -1.86012 -4.49077 5.01
    endloop
  endfacet
  facet normal -0.321427 -0.946934 -0
    outer loop
      vertex -1.25804 -4.69514 5.01
      vertex -1.86012 -4.49077 4.95
      vertex -1.25804 -4.69514 4.95
    endloop
  endfacet
  facet normal -0.980789 -0.195074 0
    outer loop
      vertex -4.69514 -1.25804 4.95
      vertex -4.81917 -0.634445 5.01
      vertex -4.81917 -0.634445 4.95
    endloop
  endfacet
  facet normal -0.980789 -0.195074 0
    outer loop
      vertex -4.81917 -0.634445 5.01
      vertex -4.69514 -1.25804 4.95
      vertex -4.69514 -1.25804 5.01
    endloop
  endfacet
  facet normal 0.555571 -0.831469 0
    outer loop
      vertex 2.43039 -4.20955 4.95
      vertex 2.95905 -3.85631 5.01
      vertex 2.43039 -4.20955 5.01
    endloop
  endfacet
  facet normal 0.555571 -0.831469 0
    outer loop
      vertex 2.95905 -3.85631 5.01
      vertex 2.43039 -4.20955 4.95
      vertex 2.95905 -3.85631 4.95
    endloop
  endfacet
  facet normal -0.946934 -0.321427 0
    outer loop
      vertex -4.49077 -1.86012 4.95
      vertex -4.69514 -1.25804 5.01
      vertex -4.69514 -1.25804 4.95
    endloop
  endfacet
  facet normal -0.946934 -0.321427 0
    outer loop
      vertex -4.69514 -1.25804 5.01
      vertex -4.49077 -1.86012 4.95
      vertex -4.49077 -1.86012 5.01
    endloop
  endfacet
  facet normal -0.980789 0.195074 0
    outer loop
      vertex -4.81917 0.634445 4.95
      vertex -4.69514 1.25804 5.01
      vertex -4.69514 1.25804 4.95
    endloop
  endfacet
  facet normal -0.980789 0.195074 0
    outer loop
      vertex -4.69514 1.25804 5.01
      vertex -4.81917 0.634445 4.95
      vertex -4.81917 0.634445 5.01
    endloop
  endfacet
  facet normal 0.0654443 -0.997856 0
    outer loop
      vertex 0 -4.86078 4.95
      vertex 0.634445 -4.81917 5.01
      vertex 0 -4.86078 5.01
    endloop
  endfacet
  facet normal 0.0654443 -0.997856 0
    outer loop
      vertex 0.634445 -4.81917 5.01
      vertex 0 -4.86078 4.95
      vertex 0.634445 -4.81917 4.95
    endloop
  endfacet
  facet normal 0.896877 -0.442281 0
    outer loop
      vertex 4.20955 -2.43039 5.01
      vertex 4.49077 -1.86012 4.95
      vertex 4.49077 -1.86012 5.01
    endloop
  endfacet
  facet normal 0.896877 -0.442281 0
    outer loop
      vertex 4.49077 -1.86012 4.95
      vertex 4.20955 -2.43039 5.01
      vertex 4.20955 -2.43039 4.95
    endloop
  endfacet
  facet normal -0.0654443 0.997856 0
    outer loop
      vertex 0 4.86078 4.95
      vertex -0.634445 4.81917 5.01
      vertex 0 4.86078 5.01
    endloop
  endfacet
  facet normal -0.0654443 0.997856 0
    outer loop
      vertex -0.634445 4.81917 5.01
      vertex 0 4.86078 4.95
      vertex -0.634445 4.81917 4.95
    endloop
  endfacet
  facet normal 0.751847 -0.659337 0
    outer loop
      vertex 3.43709 -3.43709 5.01
      vertex 3.85631 -2.95905 4.95
      vertex 3.85631 -2.95905 5.01
    endloop
  endfacet
  facet normal 0.751847 -0.659337 0
    outer loop
      vertex 3.85631 -2.95905 4.95
      vertex 3.43709 -3.43709 5.01
      vertex 3.43709 -3.43709 4.95
    endloop
  endfacet
  facet normal -0.555571 0.831469 0
    outer loop
      vertex -2.43039 4.20955 4.95
      vertex -2.95905 3.85631 5.01
      vertex -2.43039 4.20955 5.01
    endloop
  endfacet
  facet normal -0.555571 0.831469 0
    outer loop
      vertex -2.95905 3.85631 5.01
      vertex -2.43039 4.20955 4.95
      vertex -2.95905 3.85631 4.95
    endloop
  endfacet
  facet normal -0.659337 0.751847 0
    outer loop
      vertex -2.95905 3.85631 4.95
      vertex -3.43709 3.43709 5.01
      vertex -2.95905 3.85631 5.01
    endloop
  endfacet
  facet normal -0.659337 0.751847 0
    outer loop
      vertex -3.43709 3.43709 5.01
      vertex -2.95905 3.85631 4.95
      vertex -3.43709 3.43709 4.95
    endloop
  endfacet
  facet normal 0.442281 0.896877 -0
    outer loop
      vertex 2.43039 4.20955 4.95
      vertex 1.86012 4.49077 5.01
      vertex 2.43039 4.20955 5.01
    endloop
  endfacet
  facet normal 0.442281 0.896877 0
    outer loop
      vertex 1.86012 4.49077 5.01
      vertex 2.43039 4.20955 4.95
      vertex 1.86012 4.49077 4.95
    endloop
  endfacet
  facet normal 0.946934 -0.321427 0
    outer loop
      vertex 4.49077 -1.86012 5.01
      vertex 4.69514 -1.25804 4.95
      vertex 4.69514 -1.25804 5.01
    endloop
  endfacet
  facet normal 0.946934 -0.321427 0
    outer loop
      vertex 4.69514 -1.25804 4.95
      vertex 4.49077 -1.86012 5.01
      vertex 4.49077 -1.86012 4.95
    endloop
  endfacet
  facet normal 0.997856 0.0654443 0
    outer loop
      vertex 4.86078 0 5.01
      vertex 4.81917 0.634445 4.95
      vertex 4.81917 0.634445 5.01
    endloop
  endfacet
  facet normal 0.997856 0.0654443 0
    outer loop
      vertex 4.81917 0.634445 4.95
      vertex 4.86078 0 5.01
      vertex 4.86078 0 4.95
    endloop
  endfacet
  facet normal -0.0654443 -0.997856 0
    outer loop
      vertex -0.634445 -4.81917 4.95
      vertex 0 -4.86078 5.01
      vertex -0.634445 -4.81917 5.01
    endloop
  endfacet
  facet normal -0.0654443 -0.997856 -0
    outer loop
      vertex 0 -4.86078 5.01
      vertex -0.634445 -4.81917 4.95
      vertex 0 -4.86078 4.95
    endloop
  endfacet
  facet normal 0.321427 -0.946934 0
    outer loop
      vertex 1.25804 -4.69514 4.95
      vertex 1.86012 -4.49077 5.01
      vertex 1.25804 -4.69514 5.01
    endloop
  endfacet
  facet normal 0.321427 -0.946934 0
    outer loop
      vertex 1.86012 -4.49077 5.01
      vertex 1.25804 -4.69514 4.95
      vertex 1.86012 -4.49077 4.95
    endloop
  endfacet
  facet normal 0.442281 -0.896877 0
    outer loop
      vertex 1.86012 -4.49077 4.95
      vertex 2.43039 -4.20955 5.01
      vertex 1.86012 -4.49077 5.01
    endloop
  endfacet
  facet normal 0.442281 -0.896877 0
    outer loop
      vertex 2.43039 -4.20955 5.01
      vertex 1.86012 -4.49077 4.95
      vertex 2.43039 -4.20955 4.95
    endloop
  endfacet
  facet normal 0.896877 0.442281 0
    outer loop
      vertex 4.49077 1.86012 5.01
      vertex 4.20955 2.43039 4.95
      vertex 4.20955 2.43039 5.01
    endloop
  endfacet
  facet normal 0.896877 0.442281 0
    outer loop
      vertex 4.20955 2.43039 4.95
      vertex 4.49077 1.86012 5.01
      vertex 4.49077 1.86012 4.95
    endloop
  endfacet
  facet normal 0.555571 0.831469 -0
    outer loop
      vertex 2.95905 3.85631 4.95
      vertex 2.43039 4.20955 5.01
      vertex 2.95905 3.85631 5.01
    endloop
  endfacet
  facet normal 0.555571 0.831469 0
    outer loop
      vertex 2.43039 4.20955 5.01
      vertex 2.95905 3.85631 4.95
      vertex 2.43039 4.20955 4.95
    endloop
  endfacet
  facet normal 0.831469 -0.555571 0
    outer loop
      vertex 3.85631 -2.95905 5.01
      vertex 4.20955 -2.43039 4.95
      vertex 4.20955 -2.43039 5.01
    endloop
  endfacet
  facet normal 0.831469 -0.555571 0
    outer loop
      vertex 4.20955 -2.43039 4.95
      vertex 3.85631 -2.95905 5.01
      vertex 3.85631 -2.95905 4.95
    endloop
  endfacet
  facet normal 0.980789 -0.195074 0
    outer loop
      vertex 4.69514 -1.25804 5.01
      vertex 4.81917 -0.634445 4.95
      vertex 4.81917 -0.634445 5.01
    endloop
  endfacet
  facet normal 0.980789 -0.195074 0
    outer loop
      vertex 4.81917 -0.634445 4.95
      vertex 4.69514 -1.25804 5.01
      vertex 4.69514 -1.25804 4.95
    endloop
  endfacet
  facet normal 0.751847 0.659337 0
    outer loop
      vertex 3.85631 2.95905 5.01
      vertex 3.43709 3.43709 4.95
      vertex 3.43709 3.43709 5.01
    endloop
  endfacet
  facet normal 0.751847 0.659337 0
    outer loop
      vertex 3.43709 3.43709 4.95
      vertex 3.85631 2.95905 5.01
      vertex 3.85631 2.95905 4.95
    endloop
  endfacet
  facet normal -0.831469 -0.555571 0
    outer loop
      vertex -3.85631 -2.95905 4.95
      vertex -4.20955 -2.43039 5.01
      vertex -4.20955 -2.43039 4.95
    endloop
  endfacet
  facet normal -0.831469 -0.555571 0
    outer loop
      vertex -4.20955 -2.43039 5.01
      vertex -3.85631 -2.95905 4.95
      vertex -3.85631 -2.95905 5.01
    endloop
  endfacet
  facet normal 0.896872 -0.442289 0
    outer loop
      vertex 4.15747 -2.40031 4.95
      vertex 4.43521 -1.83711 4.89
      vertex 4.43521 -1.83711 4.95
    endloop
  endfacet
  facet normal 0.896872 -0.442289 0
    outer loop
      vertex 4.43521 -1.83711 4.89
      vertex 4.15747 -2.40031 4.95
      vertex 4.15747 -2.40031 4.89
    endloop
  endfacet
  facet normal 0.321454 0.946925 -0
    outer loop
      vertex 1.83711 4.43521 4.89
      vertex 1.24248 4.63707 4.95
      vertex 1.83711 4.43521 4.95
    endloop
  endfacet
  facet normal 0.321454 0.946925 0
    outer loop
      vertex 1.24248 4.63707 4.95
      vertex 1.83711 4.43521 4.89
      vertex 1.24248 4.63707 4.89
    endloop
  endfacet
  facet normal 0.195051 0.980793 -0
    outer loop
      vertex 1.24248 4.63707 4.89
      vertex 0.626602 4.75955 4.95
      vertex 1.24248 4.63707 4.95
    endloop
  endfacet
  facet normal 0.195051 0.980793 0
    outer loop
      vertex 0.626602 4.75955 4.95
      vertex 1.24248 4.63707 4.89
      vertex 0.626602 4.75955 4.89
    endloop
  endfacet
  facet normal -0.896872 0.442289 0
    outer loop
      vertex -4.43521 1.83711 4.89
      vertex -4.15747 2.40031 4.95
      vertex -4.15747 2.40031 4.89
    endloop
  endfacet
  facet normal -0.896872 0.442289 0
    outer loop
      vertex -4.15747 2.40031 4.95
      vertex -4.43521 1.83711 4.89
      vertex -4.43521 1.83711 4.95
    endloop
  endfacet
  facet normal -0.0654354 -0.997857 0
    outer loop
      vertex -0.626602 -4.75955 4.89
      vertex 0 -4.80064 4.95
      vertex -0.626602 -4.75955 4.95
    endloop
  endfacet
  facet normal -0.0654354 -0.997857 -0
    outer loop
      vertex 0 -4.80064 4.95
      vertex -0.626602 -4.75955 4.89
      vertex 0 -4.80064 4.89
    endloop
  endfacet
  facet normal 0.0654354 0.997857 -0
    outer loop
      vertex 0.626602 4.75955 4.89
      vertex 0 4.80064 4.95
      vertex 0.626602 4.75955 4.95
    endloop
  endfacet
  facet normal 0.0654354 0.997857 0
    outer loop
      vertex 0 4.80064 4.95
      vertex 0.626602 4.75955 4.89
      vertex 0 4.80064 4.89
    endloop
  endfacet
  facet normal 0.751846 0.659338 0
    outer loop
      vertex 3.80859 2.92244 4.95
      vertex 3.39456 3.39456 4.89
      vertex 3.39456 3.39456 4.95
    endloop
  endfacet
  facet normal 0.751846 0.659338 0
    outer loop
      vertex 3.39456 3.39456 4.89
      vertex 3.80859 2.92244 4.95
      vertex 3.80859 2.92244 4.89
    endloop
  endfacet
  facet normal 0.896872 0.442289 0
    outer loop
      vertex 4.43521 1.83711 4.95
      vertex 4.15747 2.40031 4.89
      vertex 4.15747 2.40031 4.95
    endloop
  endfacet
  facet normal 0.896872 0.442289 0
    outer loop
      vertex 4.15747 2.40031 4.89
      vertex 4.43521 1.83711 4.95
      vertex 4.43521 1.83711 4.89
    endloop
  endfacet
  facet normal -0.751846 0.659338 0
    outer loop
      vertex -3.80859 2.92244 4.89
      vertex -3.39456 3.39456 4.95
      vertex -3.39456 3.39456 4.89
    endloop
  endfacet
  facet normal -0.751846 0.659338 0
    outer loop
      vertex -3.39456 3.39456 4.95
      vertex -3.80859 2.92244 4.89
      vertex -3.80859 2.92244 4.95
    endloop
  endfacet
  facet normal -0.555575 -0.831467 0
    outer loop
      vertex -2.92244 -3.80859 4.89
      vertex -2.40031 -4.15747 4.95
      vertex -2.92244 -3.80859 4.95
    endloop
  endfacet
  facet normal -0.555575 -0.831467 -0
    outer loop
      vertex -2.40031 -4.15747 4.95
      vertex -2.92244 -3.80859 4.89
      vertex -2.40031 -4.15747 4.89
    endloop
  endfacet
  facet normal -0.751846 -0.659338 0
    outer loop
      vertex -3.39456 -3.39456 4.89
      vertex -3.80859 -2.92244 4.95
      vertex -3.80859 -2.92244 4.89
    endloop
  endfacet
  facet normal -0.751846 -0.659338 0
    outer loop
      vertex -3.80859 -2.92244 4.95
      vertex -3.39456 -3.39456 4.89
      vertex -3.39456 -3.39456 4.95
    endloop
  endfacet
  facet normal 0.555575 -0.831467 0
    outer loop
      vertex 2.40031 -4.15747 4.89
      vertex 2.92244 -3.80859 4.95
      vertex 2.40031 -4.15747 4.95
    endloop
  endfacet
  facet normal 0.555575 -0.831467 0
    outer loop
      vertex 2.92244 -3.80859 4.95
      vertex 2.40031 -4.15747 4.89
      vertex 2.92244 -3.80859 4.89
    endloop
  endfacet
  facet normal 0.195051 -0.980793 0
    outer loop
      vertex 0.626602 -4.75955 4.89
      vertex 1.24248 -4.63707 4.95
      vertex 0.626602 -4.75955 4.95
    endloop
  endfacet
  facet normal 0.195051 -0.980793 0
    outer loop
      vertex 1.24248 -4.63707 4.95
      vertex 0.626602 -4.75955 4.89
      vertex 1.24248 -4.63707 4.89
    endloop
  endfacet
  facet normal -0.946925 0.321454 0
    outer loop
      vertex -4.63707 1.24248 4.89
      vertex -4.43521 1.83711 4.95
      vertex -4.43521 1.83711 4.89
    endloop
  endfacet
  facet normal -0.946925 0.321454 0
    outer loop
      vertex -4.43521 1.83711 4.95
      vertex -4.63707 1.24248 4.89
      vertex -4.63707 1.24248 4.95
    endloop
  endfacet
  facet normal -0.321454 0.946925 0
    outer loop
      vertex -1.24248 4.63707 4.89
      vertex -1.83711 4.43521 4.95
      vertex -1.24248 4.63707 4.95
    endloop
  endfacet
  facet normal -0.321454 0.946925 0
    outer loop
      vertex -1.83711 4.43521 4.95
      vertex -1.24248 4.63707 4.89
      vertex -1.83711 4.43521 4.89
    endloop
  endfacet
  facet normal 0.946925 -0.321454 0
    outer loop
      vertex 4.43521 -1.83711 4.95
      vertex 4.63707 -1.24248 4.89
      vertex 4.63707 -1.24248 4.95
    endloop
  endfacet
  facet normal 0.946925 -0.321454 0
    outer loop
      vertex 4.63707 -1.24248 4.89
      vertex 4.43521 -1.83711 4.95
      vertex 4.43521 -1.83711 4.89
    endloop
  endfacet
  facet normal 0.442289 -0.896872 0
    outer loop
      vertex 1.83711 -4.43521 4.89
      vertex 2.40031 -4.15747 4.95
      vertex 1.83711 -4.43521 4.95
    endloop
  endfacet
  facet normal 0.442289 -0.896872 0
    outer loop
      vertex 2.40031 -4.15747 4.95
      vertex 1.83711 -4.43521 4.89
      vertex 2.40031 -4.15747 4.89
    endloop
  endfacet
  facet normal -0.442289 -0.896872 0
    outer loop
      vertex -2.40031 -4.15747 4.89
      vertex -1.83711 -4.43521 4.95
      vertex -2.40031 -4.15747 4.95
    endloop
  endfacet
  facet normal -0.442289 -0.896872 -0
    outer loop
      vertex -1.83711 -4.43521 4.95
      vertex -2.40031 -4.15747 4.89
      vertex -1.83711 -4.43521 4.89
    endloop
  endfacet
  facet normal 0.980793 0.195051 0
    outer loop
      vertex 4.75955 0.626602 4.95
      vertex 4.63707 1.24248 4.89
      vertex 4.63707 1.24248 4.95
    endloop
  endfacet
  facet normal 0.980793 0.195051 0
    outer loop
      vertex 4.63707 1.24248 4.89
      vertex 4.75955 0.626602 4.95
      vertex 4.75955 0.626602 4.89
    endloop
  endfacet
  facet normal -0.997857 -0.0654354 0
    outer loop
      vertex -4.75955 -0.626602 4.89
      vertex -4.80064 0 4.95
      vertex -4.80064 0 4.89
    endloop
  endfacet
  facet normal -0.997857 -0.0654354 0
    outer loop
      vertex -4.80064 0 4.95
      vertex -4.75955 -0.626602 4.89
      vertex -4.75955 -0.626602 4.95
    endloop
  endfacet
  facet normal -0.831467 0.555575 0
    outer loop
      vertex -4.15747 2.40031 4.89
      vertex -3.80859 2.92244 4.95
      vertex -3.80859 2.92244 4.89
    endloop
  endfacet
  facet normal -0.831467 0.555575 0
    outer loop
      vertex -3.80859 2.92244 4.95
      vertex -4.15747 2.40031 4.89
      vertex -4.15747 2.40031 4.95
    endloop
  endfacet
  facet normal -0.195051 0.980793 0
    outer loop
      vertex -0.626602 4.75955 4.89
      vertex -1.24248 4.63707 4.95
      vertex -0.626602 4.75955 4.95
    endloop
  endfacet
  facet normal -0.195051 0.980793 0
    outer loop
      vertex -1.24248 4.63707 4.95
      vertex -0.626602 4.75955 4.89
      vertex -1.24248 4.63707 4.89
    endloop
  endfacet
  facet normal 0.997857 -0.0654354 0
    outer loop
      vertex 4.75955 -0.626602 4.95
      vertex 4.80064 0 4.89
      vertex 4.80064 0 4.95
    endloop
  endfacet
  facet normal 0.997857 -0.0654354 0
    outer loop
      vertex 4.80064 0 4.89
      vertex 4.75955 -0.626602 4.95
      vertex 4.75955 -0.626602 4.89
    endloop
  endfacet
  facet normal -0.659338 -0.751846 0
    outer loop
      vertex -3.39456 -3.39456 4.89
      vertex -2.92244 -3.80859 4.95
      vertex -3.39456 -3.39456 4.95
    endloop
  endfacet
  facet normal -0.659338 -0.751846 -0
    outer loop
      vertex -2.92244 -3.80859 4.95
      vertex -3.39456 -3.39456 4.89
      vertex -2.92244 -3.80859 4.89
    endloop
  endfacet
  facet normal -0.442289 0.896872 0
    outer loop
      vertex -1.83711 4.43521 4.89
      vertex -2.40031 4.15747 4.95
      vertex -1.83711 4.43521 4.95
    endloop
  endfacet
  facet normal -0.442289 0.896872 0
    outer loop
      vertex -2.40031 4.15747 4.95
      vertex -1.83711 4.43521 4.89
      vertex -2.40031 4.15747 4.89
    endloop
  endfacet
  facet normal 0.997857 0.0654354 0
    outer loop
      vertex 4.80064 0 4.95
      vertex 4.75955 0.626602 4.89
      vertex 4.75955 0.626602 4.95
    endloop
  endfacet
  facet normal 0.997857 0.0654354 0
    outer loop
      vertex 4.75955 0.626602 4.89
      vertex 4.80064 0 4.95
      vertex 4.80064 0 4.89
    endloop
  endfacet
  facet normal 0.751846 -0.659338 0
    outer loop
      vertex 3.39456 -3.39456 4.95
      vertex 3.80859 -2.92244 4.89
      vertex 3.80859 -2.92244 4.95
    endloop
  endfacet
  facet normal 0.751846 -0.659338 0
    outer loop
      vertex 3.80859 -2.92244 4.89
      vertex 3.39456 -3.39456 4.95
      vertex 3.39456 -3.39456 4.89
    endloop
  endfacet
  facet normal -0.321454 -0.946925 0
    outer loop
      vertex -1.83711 -4.43521 4.89
      vertex -1.24248 -4.63707 4.95
      vertex -1.83711 -4.43521 4.95
    endloop
  endfacet
  facet normal -0.321454 -0.946925 -0
    outer loop
      vertex -1.24248 -4.63707 4.95
      vertex -1.83711 -4.43521 4.89
      vertex -1.24248 -4.63707 4.89
    endloop
  endfacet
  facet normal -0.980793 -0.195051 0
    outer loop
      vertex -4.63707 -1.24248 4.89
      vertex -4.75955 -0.626602 4.95
      vertex -4.75955 -0.626602 4.89
    endloop
  endfacet
  facet normal -0.980793 -0.195051 0
    outer loop
      vertex -4.75955 -0.626602 4.95
      vertex -4.63707 -1.24248 4.89
      vertex -4.63707 -1.24248 4.95
    endloop
  endfacet
  facet normal 0.659338 0.751846 -0
    outer loop
      vertex 3.39456 3.39456 4.89
      vertex 2.92244 3.80859 4.95
      vertex 3.39456 3.39456 4.95
    endloop
  endfacet
  facet normal 0.659338 0.751846 0
    outer loop
      vertex 2.92244 3.80859 4.95
      vertex 3.39456 3.39456 4.89
      vertex 2.92244 3.80859 4.89
    endloop
  endfacet
  facet normal 0.0654354 -0.997857 0
    outer loop
      vertex 0 -4.80064 4.89
      vertex 0.626602 -4.75955 4.95
      vertex 0 -4.80064 4.95
    endloop
  endfacet
  facet normal 0.0654354 -0.997857 0
    outer loop
      vertex 0.626602 -4.75955 4.95
      vertex 0 -4.80064 4.89
      vertex 0.626602 -4.75955 4.89
    endloop
  endfacet
  facet normal -0.0654354 0.997857 0
    outer loop
      vertex 0 4.80064 4.89
      vertex -0.626602 4.75955 4.95
      vertex 0 4.80064 4.95
    endloop
  endfacet
  facet normal -0.0654354 0.997857 0
    outer loop
      vertex -0.626602 4.75955 4.95
      vertex 0 4.80064 4.89
      vertex -0.626602 4.75955 4.89
    endloop
  endfacet
  facet normal -0.555575 0.831467 0
    outer loop
      vertex -2.40031 4.15747 4.89
      vertex -2.92244 3.80859 4.95
      vertex -2.40031 4.15747 4.95
    endloop
  endfacet
  facet normal -0.555575 0.831467 0
    outer loop
      vertex -2.92244 3.80859 4.95
      vertex -2.40031 4.15747 4.89
      vertex -2.92244 3.80859 4.89
    endloop
  endfacet
  facet normal 0.946925 0.321454 0
    outer loop
      vertex 4.63707 1.24248 4.95
      vertex 4.43521 1.83711 4.89
      vertex 4.43521 1.83711 4.95
    endloop
  endfacet
  facet normal 0.946925 0.321454 0
    outer loop
      vertex 4.43521 1.83711 4.89
      vertex 4.63707 1.24248 4.95
      vertex 4.63707 1.24248 4.89
    endloop
  endfacet
  facet normal 0 0 -1
    outer loop
      vertex 4.74051 0 4.89
      vertex 4.80064 0 4.89
      vertex 4.75955 -0.626602 4.89
    endloop
  endfacet
  facet normal 0 0 -1
    outer loop
      vertex 4.80064 0 4.89
      vertex 4.74051 0 4.89
      vertex 4.75955 0.626602 4.89
    endloop
  endfacet
  facet normal 0 0 -1
    outer loop
      vertex 4.75955 -0.626602 4.89
      vertex 4.69995 -0.618744 4.89
      vertex 4.74051 0 4.89
    endloop
  endfacet
  facet normal 0 0 -1
    outer loop
      vertex 4.63707 -1.24248 4.89
      vertex 4.69995 -0.618744 4.89
      vertex 4.75955 -0.626602 4.89
    endloop
  endfacet
  facet normal 0 0 -1
    outer loop
      vertex 4.63707 -1.24248 4.89
      vertex 4.57898 -1.22691 4.89
      vertex 4.69995 -0.618744 4.89
    endloop
  endfacet
  facet normal 0 0 -1
    outer loop
      vertex 4.43521 -1.83711 4.89
      vertex 4.57898 -1.22691 4.89
      vertex 4.63707 -1.24248 4.89
    endloop
  endfacet
  facet normal 0 0 -1
    outer loop
      vertex 4.43521 -1.83711 4.89
      vertex 4.37967 -1.8141 4.89
      vertex 4.57898 -1.22691 4.89
    endloop
  endfacet
  facet normal 0 0 -1
    outer loop
      vertex 4.15747 -2.40031 4.89
      vertex 4.37967 -1.8141 4.89
      vertex 4.43521 -1.83711 4.89
    endloop
  endfacet
  facet normal 0 0 -1
    outer loop
      vertex 4.15747 -2.40031 4.89
      vertex 4.10541 -2.37025 4.89
      vertex 4.37967 -1.8141 4.89
    endloop
  endfacet
  facet normal 0 0 -1
    outer loop
      vertex 3.80859 -2.92244 4.89
      vertex 4.10541 -2.37025 4.89
      vertex 4.15747 -2.40031 4.89
    endloop
  endfacet
  facet normal 0 0 -1
    outer loop
      vertex 3.80859 -2.92244 4.89
      vertex 3.76089 -2.88585 4.89
      vertex 4.10541 -2.37025 4.89
    endloop
  endfacet
  facet normal 0 0 -1
    outer loop
      vertex 3.39456 -3.39456 4.89
      vertex 3.76089 -2.88585 4.89
      vertex 3.80859 -2.92244 4.89
    endloop
  endfacet
  facet normal 0 0 -1
    outer loop
      vertex 3.39456 -3.39456 4.89
      vertex 3.35205 -3.35205 4.89
      vertex 3.76089 -2.88585 4.89
    endloop
  endfacet
  facet normal 0 0 -1
    outer loop
      vertex 2.92244 -3.80859 4.89
      vertex 3.35205 -3.35205 4.89
      vertex 3.39456 -3.39456 4.89
    endloop
  endfacet
  facet normal 0 0 -1
    outer loop
      vertex 2.92244 -3.80859 4.89
      vertex 2.88585 -3.76089 4.89
      vertex 3.35205 -3.35205 4.89
    endloop
  endfacet
  facet normal 0 0 -1
    outer loop
      vertex 2.40031 -4.15747 4.89
      vertex 2.88585 -3.76089 4.89
      vertex 2.92244 -3.80859 4.89
    endloop
  endfacet
  facet normal 0 0 -1
    outer loop
      vertex 2.40031 -4.15747 4.89
      vertex 2.37025 -4.10541 4.89
      vertex 2.88585 -3.76089 4.89
    endloop
  endfacet
  facet normal 0 0 -1
    outer loop
      vertex 1.83711 -4.43521 4.89
      vertex 2.37025 -4.10541 4.89
      vertex 2.40031 -4.15747 4.89
    endloop
  endfacet
  facet normal 0 0 -1
    outer loop
      vertex 1.83711 -4.43521 4.89
      vertex 1.8141 -4.37967 4.89
      vertex 2.37025 -4.10541 4.89
    endloop
  endfacet
  facet normal 0 0 -1
    outer loop
      vertex 1.24248 -4.63707 4.89
      vertex 1.8141 -4.37967 4.89
      vertex 1.83711 -4.43521 4.89
    endloop
  endfacet
  facet normal 0 0 -1
    outer loop
      vertex 1.24248 -4.63707 4.89
      vertex 1.22691 -4.57898 4.89
      vertex 1.8141 -4.37967 4.89
    endloop
  endfacet
  facet normal 0 0 -1
    outer loop
      vertex 0.626602 -4.75955 4.89
      vertex 1.22691 -4.57898 4.89
      vertex 1.24248 -4.63707 4.89
    endloop
  endfacet
  facet normal 0 0 -1
    outer loop
      vertex 0.626602 -4.75955 4.89
      vertex 0.618744 -4.69995 4.89
      vertex 1.22691 -4.57898 4.89
    endloop
  endfacet
  facet normal 0 0 -1
    outer loop
      vertex 0 -4.80064 4.89
      vertex 0.618744 -4.69995 4.89
      vertex 0.626602 -4.75955 4.89
    endloop
  endfacet
  facet normal 0 0 -1
    outer loop
      vertex 0 -4.80064 4.89
      vertex 0 -4.74051 4.89
      vertex 0.618744 -4.69995 4.89
    endloop
  endfacet
  facet normal 0 0 -1
    outer loop
      vertex 0 -4.80064 4.89
      vertex -0.618744 -4.69995 4.89
      vertex 0 -4.74051 4.89
    endloop
  endfacet
  facet normal 0 0 -1
    outer loop
      vertex -0.626602 -4.75955 4.89
      vertex -0.618744 -4.69995 4.89
      vertex 0 -4.80064 4.89
    endloop
  endfacet
  facet normal 0 0 -1
    outer loop
      vertex -0.626602 -4.75955 4.89
      vertex -1.22691 -4.57898 4.89
      vertex -0.618744 -4.69995 4.89
    endloop
  endfacet
  facet normal 0 0 -1
    outer loop
      vertex -1.24248 -4.63707 4.89
      vertex -1.22691 -4.57898 4.89
      vertex -0.626602 -4.75955 4.89
    endloop
  endfacet
  facet normal 0 0 -1
    outer loop
      vertex -1.24248 -4.63707 4.89
      vertex -1.8141 -4.37967 4.89
      vertex -1.22691 -4.57898 4.89
    endloop
  endfacet
  facet normal 0 0 -1
    outer loop
      vertex -1.83711 -4.43521 4.89
      vertex -1.8141 -4.37967 4.89
      vertex -1.24248 -4.63707 4.89
    endloop
  endfacet
  facet normal 0 0 -1
    outer loop
      vertex -1.83711 -4.43521 4.89
      vertex -2.37025 -4.10541 4.89
      vertex -1.8141 -4.37967 4.89
    endloop
  endfacet
  facet normal 0 0 -1
    outer loop
      vertex -2.40031 -4.15747 4.89
      vertex -2.37025 -4.10541 4.89
      vertex -1.83711 -4.43521 4.89
    endloop
  endfacet
  facet normal 0 0 -1
    outer loop
      vertex -2.40031 -4.15747 4.89
      vertex -2.88585 -3.76089 4.89
      vertex -2.37025 -4.10541 4.89
    endloop
  endfacet
  facet normal 0 0 -1
    outer loop
      vertex -2.92244 -3.80859 4.89
      vertex -2.88585 -3.76089 4.89
      vertex -2.40031 -4.15747 4.89
    endloop
  endfacet
  facet normal 0 0 -1
    outer loop
      vertex -2.92244 -3.80859 4.89
      vertex -3.35205 -3.35205 4.89
      vertex -2.88585 -3.76089 4.89
    endloop
  endfacet
  facet normal 0 0 -1
    outer loop
      vertex -3.39456 -3.39456 4.89
      vertex -3.35205 -3.35205 4.89
      vertex -2.92244 -3.80859 4.89
    endloop
  endfacet
  facet normal 0 0 -1
    outer loop
      vertex -3.39456 -3.39456 4.89
      vertex -3.76089 -2.88585 4.89
      vertex -3.35205 -3.35205 4.89
    endloop
  endfacet
  facet normal 0 0 -1
    outer loop
      vertex -3.80859 -2.92244 4.89
      vertex -3.76089 -2.88585 4.89
      vertex -3.39456 -3.39456 4.89
    endloop
  endfacet
  facet normal 0 0 -1
    outer loop
      vertex -3.80859 -2.92244 4.89
      vertex -4.10541 -2.37025 4.89
      vertex -3.76089 -2.88585 4.89
    endloop
  endfacet
  facet normal 0 0 -1
    outer loop
      vertex -4.15747 -2.40031 4.89
      vertex -4.10541 -2.37025 4.89
      vertex -3.80859 -2.92244 4.89
    endloop
  endfacet
  facet normal 0 0 -1
    outer loop
      vertex -4.15747 -2.40031 4.89
      vertex -4.37967 -1.8141 4.89
      vertex -4.10541 -2.37025 4.89
    endloop
  endfacet
  facet normal 0 0 -1
    outer loop
      vertex -4.43521 -1.83711 4.89
      vertex -4.37967 -1.8141 4.89
      vertex -4.15747 -2.40031 4.89
    endloop
  endfacet
  facet normal 0 0 -1
    outer loop
      vertex -4.43521 -1.83711 4.89
      vertex -4.57898 -1.22691 4.89
      vertex -4.37967 -1.8141 4.89
    endloop
  endfacet
  facet normal 0 0 -1
    outer loop
      vertex -4.63707 -1.24248 4.89
      vertex -4.57898 -1.22691 4.89
      vertex -4.43521 -1.83711 4.89
    endloop
  endfacet
  facet normal 0 0 -1
    outer loop
      vertex -4.63707 -1.24248 4.89
      vertex -4.69995 -0.618744 4.89
      vertex -4.57898 -1.22691 4.89
    endloop
  endfacet
  facet normal -0 0 -1
    outer loop
      vertex -4.69995 -0.618744 4.89
      vertex -4.75955 -0.626602 4.89
      vertex -4.74051 0 4.89
    endloop
  endfacet
  facet normal 0 0 -1
    outer loop
      vertex -4.75955 -0.626602 4.89
      vertex -4.69995 -0.618744 4.89
      vertex -4.63707 -1.24248 4.89
    endloop
  endfacet
  facet normal 0 0 -1
    outer loop
      vertex 4.69995 0.618744 4.89
      vertex 4.75955 0.626602 4.89
      vertex 4.74051 0 4.89
    endloop
  endfacet
  facet normal 0 0 -1
    outer loop
      vertex 4.69995 0.618744 4.89
      vertex 4.63707 1.24248 4.89
      vertex 4.75955 0.626602 4.89
    endloop
  endfacet
  facet normal 0 0 -1
    outer loop
      vertex 4.57898 1.22691 4.89
      vertex 4.63707 1.24248 4.89
      vertex 4.69995 0.618744 4.89
    endloop
  endfacet
  facet normal 0 0 -1
    outer loop
      vertex 4.57898 1.22691 4.89
      vertex 4.43521 1.83711 4.89
      vertex 4.63707 1.24248 4.89
    endloop
  endfacet
  facet normal 0 0 -1
    outer loop
      vertex 4.37967 1.8141 4.89
      vertex 4.43521 1.83711 4.89
      vertex 4.57898 1.22691 4.89
    endloop
  endfacet
  facet normal 0 0 -1
    outer loop
      vertex 4.37967 1.8141 4.89
      vertex 4.15747 2.40031 4.89
      vertex 4.43521 1.83711 4.89
    endloop
  endfacet
  facet normal 0 0 -1
    outer loop
      vertex 4.10541 2.37025 4.89
      vertex 4.15747 2.40031 4.89
      vertex 4.37967 1.8141 4.89
    endloop
  endfacet
  facet normal 0 0 -1
    outer loop
      vertex 4.10541 2.37025 4.89
      vertex 3.80859 2.92244 4.89
      vertex 4.15747 2.40031 4.89
    endloop
  endfacet
  facet normal 0 0 -1
    outer loop
      vertex 3.76089 2.88585 4.89
      vertex 3.80859 2.92244 4.89
      vertex 4.10541 2.37025 4.89
    endloop
  endfacet
  facet normal 0 0 -1
    outer loop
      vertex 3.76089 2.88585 4.89
      vertex 3.39456 3.39456 4.89
      vertex 3.80859 2.92244 4.89
    endloop
  endfacet
  facet normal 0 0 -1
    outer loop
      vertex 3.35205 3.35205 4.89
      vertex 3.39456 3.39456 4.89
      vertex 3.76089 2.88585 4.89
    endloop
  endfacet
  facet normal 0 0 -1
    outer loop
      vertex 3.35205 3.35205 4.89
      vertex 2.92244 3.80859 4.89
      vertex 3.39456 3.39456 4.89
    endloop
  endfacet
  facet normal 0 0 -1
    outer loop
      vertex 2.88585 3.76089 4.89
      vertex 2.92244 3.80859 4.89
      vertex 3.35205 3.35205 4.89
    endloop
  endfacet
  facet normal 0 0 -1
    outer loop
      vertex 2.88585 3.76089 4.89
      vertex 2.40031 4.15747 4.89
      vertex 2.92244 3.80859 4.89
    endloop
  endfacet
  facet normal 0 0 -1
    outer loop
      vertex 2.37025 4.10541 4.89
      vertex 2.40031 4.15747 4.89
      vertex 2.88585 3.76089 4.89
    endloop
  endfacet
  facet normal 0 0 -1
    outer loop
      vertex 2.37025 4.10541 4.89
      vertex 1.83711 4.43521 4.89
      vertex 2.40031 4.15747 4.89
    endloop
  endfacet
  facet normal 0 0 -1
    outer loop
      vertex 1.8141 4.37967 4.89
      vertex 1.83711 4.43521 4.89
      vertex 2.37025 4.10541 4.89
    endloop
  endfacet
  facet normal 0 0 -1
    outer loop
      vertex 1.8141 4.37967 4.89
      vertex 1.24248 4.63707 4.89
      vertex 1.83711 4.43521 4.89
    endloop
  endfacet
  facet normal 0 0 -1
    outer loop
      vertex 1.22691 4.57898 4.89
      vertex 1.24248 4.63707 4.89
      vertex 1.8141 4.37967 4.89
    endloop
  endfacet
  facet normal 0 0 -1
    outer loop
      vertex 1.22691 4.57898 4.89
      vertex 0.626602 4.75955 4.89
      vertex 1.24248 4.63707 4.89
    endloop
  endfacet
  facet normal 0 0 -1
    outer loop
      vertex 0.618744 4.69995 4.89
      vertex 0.626602 4.75955 4.89
      vertex 1.22691 4.57898 4.89
    endloop
  endfacet
  facet normal 0 0 -1
    outer loop
      vertex 0 4.74051 4.89
      vertex 0.626602 4.75955 4.89
      vertex 0.618744 4.69995 4.89
    endloop
  endfacet
  facet normal 0 0 -1
    outer loop
      vertex 0 4.74051 4.89
      vertex 0 4.80064 4.89
      vertex 0.626602 4.75955 4.89
    endloop
  endfacet
  facet normal 0 0 -1
    outer loop
      vertex -0.618744 4.69995 4.89
      vertex 0 4.80064 4.89
      vertex 0 4.74051 4.89
    endloop
  endfacet
  facet normal 0 0 -1
    outer loop
      vertex -0.618744 4.69995 4.89
      vertex -0.626602 4.75955 4.89
      vertex 0 4.80064 4.89
    endloop
  endfacet
  facet normal 0 0 -1
    outer loop
      vertex -1.22691 4.57898 4.89
      vertex -0.626602 4.75955 4.89
      vertex -0.618744 4.69995 4.89
    endloop
  endfacet
  facet normal 0 0 -1
    outer loop
      vertex -1.22691 4.57898 4.89
      vertex -1.24248 4.63707 4.89
      vertex -0.626602 4.75955 4.89
    endloop
  endfacet
  facet normal 0 0 -1
    outer loop
      vertex -1.8141 4.37967 4.89
      vertex -1.24248 4.63707 4.89
      vertex -1.22691 4.57898 4.89
    endloop
  endfacet
  facet normal 0 0 -1
    outer loop
      vertex -1.8141 4.37967 4.89
      vertex -1.83711 4.43521 4.89
      vertex -1.24248 4.63707 4.89
    endloop
  endfacet
  facet normal 0 0 -1
    outer loop
      vertex -2.37025 4.10541 4.89
      vertex -1.83711 4.43521 4.89
      vertex -1.8141 4.37967 4.89
    endloop
  endfacet
  facet normal 0 0 -1
    outer loop
      vertex -2.37025 4.10541 4.89
      vertex -2.40031 4.15747 4.89
      vertex -1.83711 4.43521 4.89
    endloop
  endfacet
  facet normal 0 0 -1
    outer loop
      vertex -2.88585 3.76089 4.89
      vertex -2.40031 4.15747 4.89
      vertex -2.37025 4.10541 4.89
    endloop
  endfacet
  facet normal 0 0 -1
    outer loop
      vertex -2.88585 3.76089 4.89
      vertex -2.92244 3.80859 4.89
      vertex -2.40031 4.15747 4.89
    endloop
  endfacet
  facet normal 0 0 -1
    outer loop
      vertex -3.35205 3.35205 4.89
      vertex -2.92244 3.80859 4.89
      vertex -2.88585 3.76089 4.89
    endloop
  endfacet
  facet normal 0 0 -1
    outer loop
      vertex -3.35205 3.35205 4.89
      vertex -3.39456 3.39456 4.89
      vertex -2.92244 3.80859 4.89
    endloop
  endfacet
  facet normal 0 0 -1
    outer loop
      vertex -3.76089 2.88585 4.89
      vertex -3.39456 3.39456 4.89
      vertex -3.35205 3.35205 4.89
    endloop
  endfacet
  facet normal 0 0 -1
    outer loop
      vertex -3.76089 2.88585 4.89
      vertex -3.80859 2.92244 4.89
      vertex -3.39456 3.39456 4.89
    endloop
  endfacet
  facet normal 0 0 -1
    outer loop
      vertex -4.10541 2.37025 4.89
      vertex -3.80859 2.92244 4.89
      vertex -3.76089 2.88585 4.89
    endloop
  endfacet
  facet normal 0 0 -1
    outer loop
      vertex -4.10541 2.37025 4.89
      vertex -4.15747 2.40031 4.89
      vertex -3.80859 2.92244 4.89
    endloop
  endfacet
  facet normal 0 0 -1
    outer loop
      vertex -4.37967 1.8141 4.89
      vertex -4.15747 2.40031 4.89
      vertex -4.10541 2.37025 4.89
    endloop
  endfacet
  facet normal 0 0 -1
    outer loop
      vertex -4.37967 1.8141 4.89
      vertex -4.43521 1.83711 4.89
      vertex -4.15747 2.40031 4.89
    endloop
  endfacet
  facet normal 0 0 -1
    outer loop
      vertex -4.57898 1.22691 4.89
      vertex -4.43521 1.83711 4.89
      vertex -4.37967 1.8141 4.89
    endloop
  endfacet
  facet normal 0 0 -1
    outer loop
      vertex -4.57898 1.22691 4.89
      vertex -4.63707 1.24248 4.89
      vertex -4.43521 1.83711 4.89
    endloop
  endfacet
  facet normal 0 0 -1
    outer loop
      vertex -4.69995 0.618744 4.89
      vertex -4.63707 1.24248 4.89
      vertex -4.57898 1.22691 4.89
    endloop
  endfacet
  facet normal 0 0 -1
    outer loop
      vertex -4.69995 0.618744 4.89
      vertex -4.75955 0.626602 4.89
      vertex -4.63707 1.24248 4.89
    endloop
  endfacet
  facet normal 0 0 -1
    outer loop
      vertex -4.74051 0 4.89
      vertex -4.75955 0.626602 4.89
      vertex -4.69995 0.618744 4.89
    endloop
  endfacet
  facet normal 0 0 -1
    outer loop
      vertex -4.80064 0 4.89
      vertex -4.74051 0 4.89
      vertex -4.75955 -0.626602 4.89
    endloop
  endfacet
  facet normal 0 0 -1
    outer loop
      vertex -4.74051 0 4.89
      vertex -4.80064 0 4.89
      vertex -4.75955 0.626602 4.89
    endloop
  endfacet
  facet normal -0.896872 -0.442289 0
    outer loop
      vertex -4.15747 -2.40031 4.89
      vertex -4.43521 -1.83711 4.95
      vertex -4.43521 -1.83711 4.89
    endloop
  endfacet
  facet normal -0.896872 -0.442289 0
    outer loop
      vertex -4.43521 -1.83711 4.95
      vertex -4.15747 -2.40031 4.89
      vertex -4.15747 -2.40031 4.95
    endloop
  endfacet
  facet normal -0.980793 0.195051 0
    outer loop
      vertex -4.75955 0.626602 4.89
      vertex -4.63707 1.24248 4.95
      vertex -4.63707 1.24248 4.89
    endloop
  endfacet
  facet normal -0.980793 0.195051 0
    outer loop
      vertex -4.63707 1.24248 4.95
      vertex -4.75955 0.626602 4.89
      vertex -4.75955 0.626602 4.95
    endloop
  endfacet
  facet normal 0.659338 -0.751846 0
    outer loop
      vertex 2.92244 -3.80859 4.89
      vertex 3.39456 -3.39456 4.95
      vertex 2.92244 -3.80859 4.95
    endloop
  endfacet
  facet normal 0.659338 -0.751846 0
    outer loop
      vertex 3.39456 -3.39456 4.95
      vertex 2.92244 -3.80859 4.89
      vertex 3.39456 -3.39456 4.89
    endloop
  endfacet
  facet normal -0.946925 -0.321454 0
    outer loop
      vertex -4.43521 -1.83711 4.89
      vertex -4.63707 -1.24248 4.95
      vertex -4.63707 -1.24248 4.89
    endloop
  endfacet
  facet normal -0.946925 -0.321454 0
    outer loop
      vertex -4.63707 -1.24248 4.95
      vertex -4.43521 -1.83711 4.89
      vertex -4.43521 -1.83711 4.95
    endloop
  endfacet
  facet normal -0.195051 -0.980793 0
    outer loop
      vertex -1.24248 -4.63707 4.89
      vertex -0.626602 -4.75955 4.95
      vertex -1.24248 -4.63707 4.95
    endloop
  endfacet
  facet normal -0.195051 -0.980793 -0
    outer loop
      vertex -0.626602 -4.75955 4.95
      vertex -1.24248 -4.63707 4.89
      vertex -0.626602 -4.75955 4.89
    endloop
  endfacet
  facet normal 0.321454 -0.946925 0
    outer loop
      vertex 1.24248 -4.63707 4.89
      vertex 1.83711 -4.43521 4.95
      vertex 1.24248 -4.63707 4.95
    endloop
  endfacet
  facet normal 0.321454 -0.946925 0
    outer loop
      vertex 1.83711 -4.43521 4.95
      vertex 1.24248 -4.63707 4.89
      vertex 1.83711 -4.43521 4.89
    endloop
  endfacet
  facet normal 0.831467 0.555575 0
    outer loop
      vertex 4.15747 2.40031 4.95
      vertex 3.80859 2.92244 4.89
      vertex 3.80859 2.92244 4.95
    endloop
  endfacet
  facet normal 0.831467 0.555575 0
    outer loop
      vertex 3.80859 2.92244 4.89
      vertex 4.15747 2.40031 4.95
      vertex 4.15747 2.40031 4.89
    endloop
  endfacet
  facet normal 0.831467 -0.555575 0
    outer loop
      vertex 3.80859 -2.92244 4.95
      vertex 4.15747 -2.40031 4.89
      vertex 4.15747 -2.40031 4.95
    endloop
  endfacet
  facet normal 0.831467 -0.555575 0
    outer loop
      vertex 4.15747 -2.40031 4.89
      vertex 3.80859 -2.92244 4.95
      vertex 3.80859 -2.92244 4.89
    endloop
  endfacet
  facet normal -0.831467 -0.555575 0
    outer loop
      vertex -3.80859 -2.92244 4.89
      vertex -4.15747 -2.40031 4.95
      vertex -4.15747 -2.40031 4.89
    endloop
  endfacet
  facet normal -0.831467 -0.555575 0
    outer loop
      vertex -4.15747 -2.40031 4.95
      vertex -3.80859 -2.92244 4.89
      vertex -3.80859 -2.92244 4.95
    endloop
  endfacet
  facet normal -0.997857 0.0654354 0
    outer loop
      vertex -4.80064 0 4.89
      vertex -4.75955 0.626602 4.95
      vertex -4.75955 0.626602 4.89
    endloop
  endfacet
  facet normal -0.997857 0.0654354 0
    outer loop
      vertex -4.75955 0.626602 4.95
      vertex -4.80064 0 4.89
      vertex -4.80064 0 4.95
    endloop
  endfacet
  facet normal 0.980793 -0.195051 0
    outer loop
      vertex 4.63707 -1.24248 4.95
      vertex 4.75955 -0.626602 4.89
      vertex 4.75955 -0.626602 4.95
    endloop
  endfacet
  facet normal 0.980793 -0.195051 0
    outer loop
      vertex 4.75955 -0.626602 4.89
      vertex 4.63707 -1.24248 4.95
      vertex 4.63707 -1.24248 4.89
    endloop
  endfacet
  facet normal 0.555575 0.831467 -0
    outer loop
      vertex 2.92244 3.80859 4.89
      vertex 2.40031 4.15747 4.95
      vertex 2.92244 3.80859 4.95
    endloop
  endfacet
  facet normal 0.555575 0.831467 0
    outer loop
      vertex 2.40031 4.15747 4.95
      vertex 2.92244 3.80859 4.89
      vertex 2.40031 4.15747 4.89
    endloop
  endfacet
  facet normal -0.659338 0.751846 0
    outer loop
      vertex -2.92244 3.80859 4.89
      vertex -3.39456 3.39456 4.95
      vertex -2.92244 3.80859 4.95
    endloop
  endfacet
  facet normal -0.659338 0.751846 0
    outer loop
      vertex -3.39456 3.39456 4.95
      vertex -2.92244 3.80859 4.89
      vertex -3.39456 3.39456 4.89
    endloop
  endfacet
  facet normal 0.442289 0.896872 -0
    outer loop
      vertex 2.40031 4.15747 4.89
      vertex 1.83711 4.43521 4.95
      vertex 2.40031 4.15747 4.95
    endloop
  endfacet
  facet normal 0.442289 0.896872 0
    outer loop
      vertex 1.83711 4.43521 4.95
      vertex 2.40031 4.15747 4.89
      vertex 1.83711 4.43521 4.89
    endloop
  endfacet
  facet normal 0.195088 0.980786 -0
    outer loop
      vertex 1.22691 4.57898 4.83
      vertex 0.618744 4.69995 4.89
      vertex 1.22691 4.57898 4.89
    endloop
  endfacet
  facet normal 0.195088 0.980786 0
    outer loop
      vertex 0.618744 4.69995 4.89
      vertex 1.22691 4.57898 4.83
      vertex 0.618744 4.69995 4.83
    endloop
  endfacet
  facet normal 0.65934 0.751845 -0
    outer loop
      vertex 3.35205 3.35205 4.83
      vertex 2.88585 3.76089 4.89
      vertex 3.35205 3.35205 4.89
    endloop
  endfacet
  facet normal 0.65934 0.751845 0
    outer loop
      vertex 2.88585 3.76089 4.89
      vertex 3.35205 3.35205 4.83
      vertex 2.88585 3.76089 4.83
    endloop
  endfacet
  facet normal 0.946937 0.321419 0
    outer loop
      vertex 4.57898 1.22691 4.89
      vertex 4.37967 1.8141 4.83
      vertex 4.37967 1.8141 4.89
    endloop
  endfacet
  facet normal 0.946937 0.321419 0
    outer loop
      vertex 4.37967 1.8141 4.83
      vertex 4.57898 1.22691 4.89
      vertex 4.57898 1.22691 4.83
    endloop
  endfacet
  facet normal 0.997858 0.0654118 0
    outer loop
      vertex 4.74051 0 4.89
      vertex 4.69995 0.618744 4.83
      vertex 4.69995 0.618744 4.89
    endloop
  endfacet
  facet normal 0.997858 0.0654118 0
    outer loop
      vertex 4.69995 0.618744 4.83
      vertex 4.74051 0 4.89
      vertex 4.74051 0 4.83
    endloop
  endfacet
  facet normal -0.831464 -0.555578 0
    outer loop
      vertex -3.76089 -2.88585 4.83
      vertex -4.10541 -2.37025 4.89
      vertex -4.10541 -2.37025 4.83
    endloop
  endfacet
  facet normal -0.831464 -0.555578 0
    outer loop
      vertex -4.10541 -2.37025 4.89
      vertex -3.76089 -2.88585 4.83
      vertex -3.76089 -2.88585 4.89
    endloop
  endfacet
  facet normal -0.555578 -0.831464 0
    outer loop
      vertex -2.88585 -3.76089 4.83
      vertex -2.37025 -4.10541 4.89
      vertex -2.88585 -3.76089 4.89
    endloop
  endfacet
  facet normal -0.555578 -0.831464 -0
    outer loop
      vertex -2.37025 -4.10541 4.89
      vertex -2.88585 -3.76089 4.83
      vertex -2.37025 -4.10541 4.83
    endloop
  endfacet
  facet normal -0.980786 0.195088 0
    outer loop
      vertex -4.69995 0.618744 4.83
      vertex -4.57898 1.22691 4.89
      vertex -4.57898 1.22691 4.83
    endloop
  endfacet
  facet normal -0.980786 0.195088 0
    outer loop
      vertex -4.57898 1.22691 4.89
      vertex -4.69995 0.618744 4.83
      vertex -4.69995 0.618744 4.89
    endloop
  endfacet
  facet normal 0.0654118 0.997858 -0
    outer loop
      vertex 0.618744 4.69995 4.83
      vertex 0 4.74051 4.89
      vertex 0.618744 4.69995 4.89
    endloop
  endfacet
  facet normal 0.0654118 0.997858 0
    outer loop
      vertex 0 4.74051 4.89
      vertex 0.618744 4.69995 4.83
      vertex 0 4.74051 4.83
    endloop
  endfacet
  facet normal 0.980786 -0.195088 0
    outer loop
      vertex 4.57898 -1.22691 4.89
      vertex 4.69995 -0.618744 4.83
      vertex 4.69995 -0.618744 4.89
    endloop
  endfacet
  facet normal 0.980786 -0.195088 0
    outer loop
      vertex 4.69995 -0.618744 4.83
      vertex 4.57898 -1.22691 4.89
      vertex 4.57898 -1.22691 4.83
    endloop
  endfacet
  facet normal -0.896875 -0.442285 0
    outer loop
      vertex -4.10541 -2.37025 4.83
      vertex -4.37967 -1.8141 4.89
      vertex -4.37967 -1.8141 4.83
    endloop
  endfacet
  facet normal -0.896875 -0.442285 0
    outer loop
      vertex -4.37967 -1.8141 4.89
      vertex -4.10541 -2.37025 4.83
      vertex -4.10541 -2.37025 4.89
    endloop
  endfacet
  facet normal -0.831464 0.555578 0
    outer loop
      vertex -4.10541 2.37025 4.83
      vertex -3.76089 2.88585 4.89
      vertex -3.76089 2.88585 4.83
    endloop
  endfacet
  facet normal -0.831464 0.555578 0
    outer loop
      vertex -3.76089 2.88585 4.89
      vertex -4.10541 2.37025 4.83
      vertex -4.10541 2.37025 4.89
    endloop
  endfacet
  facet normal 0.980786 0.195088 0
    outer loop
      vertex 4.69995 0.618744 4.89
      vertex 4.57898 1.22691 4.83
      vertex 4.57898 1.22691 4.89
    endloop
  endfacet
  facet normal 0.980786 0.195088 0
    outer loop
      vertex 4.57898 1.22691 4.83
      vertex 4.69995 0.618744 4.89
      vertex 4.69995 0.618744 4.83
    endloop
  endfacet
  facet normal 0.831464 -0.555578 0
    outer loop
      vertex 3.76089 -2.88585 4.89
      vertex 4.10541 -2.37025 4.83
      vertex 4.10541 -2.37025 4.89
    endloop
  endfacet
  facet normal 0.831464 -0.555578 0
    outer loop
      vertex 4.10541 -2.37025 4.83
      vertex 3.76089 -2.88585 4.89
      vertex 3.76089 -2.88585 4.83
    endloop
  endfacet
  facet normal -0.751845 0.65934 0
    outer loop
      vertex -3.76089 2.88585 4.83
      vertex -3.35205 3.35205 4.89
      vertex -3.35205 3.35205 4.83
    endloop
  endfacet
  facet normal -0.751845 0.65934 0
    outer loop
      vertex -3.35205 3.35205 4.89
      vertex -3.76089 2.88585 4.83
      vertex -3.76089 2.88585 4.89
    endloop
  endfacet
  facet normal -0.997858 -0.0654118 0
    outer loop
      vertex -4.69995 -0.618744 4.83
      vertex -4.74051 0 4.89
      vertex -4.74051 0 4.83
    endloop
  endfacet
  facet normal -0.997858 -0.0654118 0
    outer loop
      vertex -4.74051 0 4.89
      vertex -4.69995 -0.618744 4.83
      vertex -4.69995 -0.618744 4.89
    endloop
  endfacet
  facet normal -0.946937 0.321419 0
    outer loop
      vertex -4.57898 1.22691 4.83
      vertex -4.37967 1.8141 4.89
      vertex -4.37967 1.8141 4.83
    endloop
  endfacet
  facet normal -0.946937 0.321419 0
    outer loop
      vertex -4.37967 1.8141 4.89
      vertex -4.57898 1.22691 4.83
      vertex -4.57898 1.22691 4.89
    endloop
  endfacet
  facet normal 0.555578 0.831464 -0
    outer loop
      vertex 2.88585 3.76089 4.83
      vertex 2.37025 4.10541 4.89
      vertex 2.88585 3.76089 4.89
    endloop
  endfacet
  facet normal 0.555578 0.831464 0
    outer loop
      vertex 2.37025 4.10541 4.89
      vertex 2.88585 3.76089 4.83
      vertex 2.37025 4.10541 4.83
    endloop
  endfacet
  facet normal 0.946937 -0.321419 0
    outer loop
      vertex 4.37967 -1.8141 4.89
      vertex 4.57898 -1.22691 4.83
      vertex 4.57898 -1.22691 4.89
    endloop
  endfacet
  facet normal 0.946937 -0.321419 0
    outer loop
      vertex 4.57898 -1.22691 4.83
      vertex 4.37967 -1.8141 4.89
      vertex 4.37967 -1.8141 4.83
    endloop
  endfacet
  facet normal -0.0654118 0.997858 0
    outer loop
      vertex 0 4.74051 4.83
      vertex -0.618744 4.69995 4.89
      vertex 0 4.74051 4.89
    endloop
  endfacet
  facet normal -0.0654118 0.997858 0
    outer loop
      vertex -0.618744 4.69995 4.89
      vertex 0 4.74051 4.83
      vertex -0.618744 4.69995 4.83
    endloop
  endfacet
  facet normal 0.321419 -0.946937 0
    outer loop
      vertex 1.22691 -4.57898 4.83
      vertex 1.8141 -4.37967 4.89
      vertex 1.22691 -4.57898 4.89
    endloop
  endfacet
  facet normal 0.321419 -0.946937 0
    outer loop
      vertex 1.8141 -4.37967 4.89
      vertex 1.22691 -4.57898 4.83
      vertex 1.8141 -4.37967 4.83
    endloop
  endfacet
  facet normal 0.555578 -0.831464 0
    outer loop
      vertex 2.37025 -4.10541 4.83
      vertex 2.88585 -3.76089 4.89
      vertex 2.37025 -4.10541 4.89
    endloop
  endfacet
  facet normal 0.555578 -0.831464 0
    outer loop
      vertex 2.88585 -3.76089 4.89
      vertex 2.37025 -4.10541 4.83
      vertex 2.88585 -3.76089 4.83
    endloop
  endfacet
  facet normal 0.442285 0.896875 -0
    outer loop
      vertex 2.37025 4.10541 4.83
      vertex 1.8141 4.37967 4.89
      vertex 2.37025 4.10541 4.89
    endloop
  endfacet
  facet normal 0.442285 0.896875 0
    outer loop
      vertex 1.8141 4.37967 4.89
      vertex 2.37025 4.10541 4.83
      vertex 1.8141 4.37967 4.83
    endloop
  endfacet
  facet normal -0.997858 0.0654118 0
    outer loop
      vertex -4.74051 0 4.83
      vertex -4.69995 0.618744 4.89
      vertex -4.69995 0.618744 4.83
    endloop
  endfacet
  facet normal -0.997858 0.0654118 0
    outer loop
      vertex -4.69995 0.618744 4.89
      vertex -4.74051 0 4.83
      vertex -4.74051 0 4.89
    endloop
  endfacet
  facet normal -0.751845 -0.65934 0
    outer loop
      vertex -3.35205 -3.35205 4.83
      vertex -3.76089 -2.88585 4.89
      vertex -3.76089 -2.88585 4.83
    endloop
  endfacet
  facet normal -0.751845 -0.65934 0
    outer loop
      vertex -3.76089 -2.88585 4.89
      vertex -3.35205 -3.35205 4.83
      vertex -3.35205 -3.35205 4.89
    endloop
  endfacet
  facet normal -0.442285 -0.896875 0
    outer loop
      vertex -2.37025 -4.10541 4.83
      vertex -1.8141 -4.37967 4.89
      vertex -2.37025 -4.10541 4.89
    endloop
  endfacet
  facet normal -0.442285 -0.896875 -0
    outer loop
      vertex -1.8141 -4.37967 4.89
      vertex -2.37025 -4.10541 4.83
      vertex -1.8141 -4.37967 4.83
    endloop
  endfacet
  facet normal -0.65934 -0.751845 0
    outer loop
      vertex -3.35205 -3.35205 4.83
      vertex -2.88585 -3.76089 4.89
      vertex -3.35205 -3.35205 4.89
    endloop
  endfacet
  facet normal -0.65934 -0.751845 -0
    outer loop
      vertex -2.88585 -3.76089 4.89
      vertex -3.35205 -3.35205 4.83
      vertex -2.88585 -3.76089 4.83
    endloop
  endfacet
  facet normal -0.442285 0.896875 0
    outer loop
      vertex -1.8141 4.37967 4.83
      vertex -2.37025 4.10541 4.89
      vertex -1.8141 4.37967 4.89
    endloop
  endfacet
  facet normal -0.442285 0.896875 0
    outer loop
      vertex -2.37025 4.10541 4.89
      vertex -1.8141 4.37967 4.83
      vertex -2.37025 4.10541 4.83
    endloop
  endfacet
  facet normal -0.980786 -0.195088 0
    outer loop
      vertex -4.57898 -1.22691 4.83
      vertex -4.69995 -0.618744 4.89
      vertex -4.69995 -0.618744 4.83
    endloop
  endfacet
  facet normal -0.980786 -0.195088 0
    outer loop
      vertex -4.69995 -0.618744 4.89
      vertex -4.57898 -1.22691 4.83
      vertex -4.57898 -1.22691 4.89
    endloop
  endfacet
  facet normal -0.555578 0.831464 0
    outer loop
      vertex -2.37025 4.10541 4.83
      vertex -2.88585 3.76089 4.89
      vertex -2.37025 4.10541 4.89
    endloop
  endfacet
  facet normal -0.555578 0.831464 0
    outer loop
      vertex -2.88585 3.76089 4.89
      vertex -2.37025 4.10541 4.83
      vertex -2.88585 3.76089 4.83
    endloop
  endfacet
  facet normal -0.321419 -0.946937 0
    outer loop
      vertex -1.8141 -4.37967 4.83
      vertex -1.22691 -4.57898 4.89
      vertex -1.8141 -4.37967 4.89
    endloop
  endfacet
  facet normal -0.321419 -0.946937 -0
    outer loop
      vertex -1.22691 -4.57898 4.89
      vertex -1.8141 -4.37967 4.83
      vertex -1.22691 -4.57898 4.83
    endloop
  endfacet
  facet normal 0.321419 0.946937 -0
    outer loop
      vertex 1.8141 4.37967 4.83
      vertex 1.22691 4.57898 4.89
      vertex 1.8141 4.37967 4.89
    endloop
  endfacet
  facet normal 0.321419 0.946937 0
    outer loop
      vertex 1.22691 4.57898 4.89
      vertex 1.8141 4.37967 4.83
      vertex 1.22691 4.57898 4.83
    endloop
  endfacet
  facet normal 0.442285 -0.896875 0
    outer loop
      vertex 1.8141 -4.37967 4.83
      vertex 2.37025 -4.10541 4.89
      vertex 1.8141 -4.37967 4.89
    endloop
  endfacet
  facet normal 0.442285 -0.896875 0
    outer loop
      vertex 2.37025 -4.10541 4.89
      vertex 1.8141 -4.37967 4.83
      vertex 2.37025 -4.10541 4.83
    endloop
  endfacet
  facet normal 0 0 -1
    outer loop
      vertex 4.68039 0 4.83
      vertex 4.74051 0 4.83
      vertex 4.69995 -0.618744 4.83
    endloop
  endfacet
  facet normal 0 0 -1
    outer loop
      vertex 4.74051 0 4.83
      vertex 4.68039 0 4.83
      vertex 4.69995 0.618744 4.83
    endloop
  endfacet
  facet normal 0 0 -1
    outer loop
      vertex 4.69995 -0.618744 4.83
      vertex 4.64034 -0.610901 4.83
      vertex 4.68039 0 4.83
    endloop
  endfacet
  facet normal 0 0 -1
    outer loop
      vertex 4.57898 -1.22691 4.83
      vertex 4.64034 -0.610901 4.83
      vertex 4.69995 -0.618744 4.83
    endloop
  endfacet
  facet normal 0 0 -1
    outer loop
      vertex 4.57898 -1.22691 4.83
      vertex 4.5209 -1.21136 4.83
      vertex 4.64034 -0.610901 4.83
    endloop
  endfacet
  facet normal 0 0 -1
    outer loop
      vertex 4.37967 -1.8141 4.83
      vertex 4.5209 -1.21136 4.83
      vertex 4.57898 -1.22691 4.83
    endloop
  endfacet
  facet normal 0 0 -1
    outer loop
      vertex 4.37967 -1.8141 4.83
      vertex 4.32411 -1.79109 4.83
      vertex 4.5209 -1.21136 4.83
    endloop
  endfacet
  facet normal 0 0 -1
    outer loop
      vertex 4.10541 -2.37025 4.83
      vertex 4.32411 -1.79109 4.83
      vertex 4.37967 -1.8141 4.83
    endloop
  endfacet
  facet normal 0 0 -1
    outer loop
      vertex 4.10541 -2.37025 4.83
      vertex 4.05333 -2.34019 4.83
      vertex 4.32411 -1.79109 4.83
    endloop
  endfacet
  facet normal 0 0 -1
    outer loop
      vertex 3.76089 -2.88585 4.83
      vertex 4.05333 -2.34019 4.83
      vertex 4.10541 -2.37025 4.83
    endloop
  endfacet
  facet normal 0 0 -1
    outer loop
      vertex 3.76089 -2.88585 4.83
      vertex 3.7132 -2.84924 4.83
      vertex 4.05333 -2.34019 4.83
    endloop
  endfacet
  facet normal 0 0 -1
    outer loop
      vertex 3.35205 -3.35205 4.83
      vertex 3.7132 -2.84924 4.83
      vertex 3.76089 -2.88585 4.83
    endloop
  endfacet
  facet normal 0 0 -1
    outer loop
      vertex 3.35205 -3.35205 4.83
      vertex 3.30952 -3.30952 4.83
      vertex 3.7132 -2.84924 4.83
    endloop
  endfacet
  facet normal 0 0 -1
    outer loop
      vertex 2.88585 -3.76089 4.83
      vertex 3.30952 -3.30952 4.83
      vertex 3.35205 -3.35205 4.83
    endloop
  endfacet
  facet normal 0 0 -1
    outer loop
      vertex 2.88585 -3.76089 4.83
      vertex 2.84924 -3.7132 4.83
      vertex 3.30952 -3.30952 4.83
    endloop
  endfacet
  facet normal 0 0 -1
    outer loop
      vertex 2.37025 -4.10541 4.83
      vertex 2.84924 -3.7132 4.83
      vertex 2.88585 -3.76089 4.83
    endloop
  endfacet
  facet normal 0 0 -1
    outer loop
      vertex 2.37025 -4.10541 4.83
      vertex 2.34019 -4.05333 4.83
      vertex 2.84924 -3.7132 4.83
    endloop
  endfacet
  facet normal 0 0 -1
    outer loop
      vertex 1.8141 -4.37967 4.83
      vertex 2.34019 -4.05333 4.83
      vertex 2.37025 -4.10541 4.83
    endloop
  endfacet
  facet normal 0 0 -1
    outer loop
      vertex 1.8141 -4.37967 4.83
      vertex 1.79109 -4.32411 4.83
      vertex 2.34019 -4.05333 4.83
    endloop
  endfacet
  facet normal 0 0 -1
    outer loop
      vertex 1.22691 -4.57898 4.83
      vertex 1.79109 -4.32411 4.83
      vertex 1.8141 -4.37967 4.83
    endloop
  endfacet
  facet normal 0 0 -1
    outer loop
      vertex 1.22691 -4.57898 4.83
      vertex 1.21136 -4.5209 4.83
      vertex 1.79109 -4.32411 4.83
    endloop
  endfacet
  facet normal 0 0 -1
    outer loop
      vertex 0.618744 -4.69995 4.83
      vertex 1.21136 -4.5209 4.83
      vertex 1.22691 -4.57898 4.83
    endloop
  endfacet
  facet normal 0 0 -1
    outer loop
      vertex 0.618744 -4.69995 4.83
      vertex 0.610901 -4.64034 4.83
      vertex 1.21136 -4.5209 4.83
    endloop
  endfacet
  facet normal 0 0 -1
    outer loop
      vertex 0 -4.74051 4.83
      vertex 0.610901 -4.64034 4.83
      vertex 0.618744 -4.69995 4.83
    endloop
  endfacet
  facet normal 0 0 -1
    outer loop
      vertex 0 -4.74051 4.83
      vertex 0 -4.68039 4.83
      vertex 0.610901 -4.64034 4.83
    endloop
  endfacet
  facet normal 0 0 -1
    outer loop
      vertex 0 -4.74051 4.83
      vertex -0.610901 -4.64034 4.83
      vertex 0 -4.68039 4.83
    endloop
  endfacet
  facet normal 0 0 -1
    outer loop
      vertex -0.618744 -4.69995 4.83
      vertex -0.610901 -4.64034 4.83
      vertex 0 -4.74051 4.83
    endloop
  endfacet
  facet normal 0 0 -1
    outer loop
      vertex -0.618744 -4.69995 4.83
      vertex -1.21136 -4.5209 4.83
      vertex -0.610901 -4.64034 4.83
    endloop
  endfacet
  facet normal 0 0 -1
    outer loop
      vertex -1.22691 -4.57898 4.83
      vertex -1.21136 -4.5209 4.83
      vertex -0.618744 -4.69995 4.83
    endloop
  endfacet
  facet normal 0 0 -1
    outer loop
      vertex -1.22691 -4.57898 4.83
      vertex -1.79109 -4.32411 4.83
      vertex -1.21136 -4.5209 4.83
    endloop
  endfacet
  facet normal 0 0 -1
    outer loop
      vertex -1.8141 -4.37967 4.83
      vertex -1.79109 -4.32411 4.83
      vertex -1.22691 -4.57898 4.83
    endloop
  endfacet
  facet normal 0 0 -1
    outer loop
      vertex -1.8141 -4.37967 4.83
      vertex -2.34019 -4.05333 4.83
      vertex -1.79109 -4.32411 4.83
    endloop
  endfacet
  facet normal 0 0 -1
    outer loop
      vertex -2.37025 -4.10541 4.83
      vertex -2.34019 -4.05333 4.83
      vertex -1.8141 -4.37967 4.83
    endloop
  endfacet
  facet normal 0 0 -1
    outer loop
      vertex -2.37025 -4.10541 4.83
      vertex -2.84924 -3.7132 4.83
      vertex -2.34019 -4.05333 4.83
    endloop
  endfacet
  facet normal 0 0 -1
    outer loop
      vertex -2.88585 -3.76089 4.83
      vertex -2.84924 -3.7132 4.83
      vertex -2.37025 -4.10541 4.83
    endloop
  endfacet
  facet normal 0 0 -1
    outer loop
      vertex -2.88585 -3.76089 4.83
      vertex -3.30952 -3.30952 4.83
      vertex -2.84924 -3.7132 4.83
    endloop
  endfacet
  facet normal 0 0 -1
    outer loop
      vertex -3.35205 -3.35205 4.83
      vertex -3.30952 -3.30952 4.83
      vertex -2.88585 -3.76089 4.83
    endloop
  endfacet
  facet normal 0 0 -1
    outer loop
      vertex -3.35205 -3.35205 4.83
      vertex -3.7132 -2.84924 4.83
      vertex -3.30952 -3.30952 4.83
    endloop
  endfacet
  facet normal 0 0 -1
    outer loop
      vertex -3.76089 -2.88585 4.83
      vertex -3.7132 -2.84924 4.83
      vertex -3.35205 -3.35205 4.83
    endloop
  endfacet
  facet normal 0 0 -1
    outer loop
      vertex -3.76089 -2.88585 4.83
      vertex -4.05333 -2.34019 4.83
      vertex -3.7132 -2.84924 4.83
    endloop
  endfacet
  facet normal 0 0 -1
    outer loop
      vertex -4.10541 -2.37025 4.83
      vertex -4.05333 -2.34019 4.83
      vertex -3.76089 -2.88585 4.83
    endloop
  endfacet
  facet normal 0 0 -1
    outer loop
      vertex -4.10541 -2.37025 4.83
      vertex -4.32411 -1.79109 4.83
      vertex -4.05333 -2.34019 4.83
    endloop
  endfacet
  facet normal 0 0 -1
    outer loop
      vertex -4.37967 -1.8141 4.83
      vertex -4.32411 -1.79109 4.83
      vertex -4.10541 -2.37025 4.83
    endloop
  endfacet
  facet normal 0 0 -1
    outer loop
      vertex -4.37967 -1.8141 4.83
      vertex -4.5209 -1.21136 4.83
      vertex -4.32411 -1.79109 4.83
    endloop
  endfacet
  facet normal 0 0 -1
    outer loop
      vertex -4.57898 -1.22691 4.83
      vertex -4.5209 -1.21136 4.83
      vertex -4.37967 -1.8141 4.83
    endloop
  endfacet
  facet normal 0 0 -1
    outer loop
      vertex -4.57898 -1.22691 4.83
      vertex -4.64034 -0.610901 4.83
      vertex -4.5209 -1.21136 4.83
    endloop
  endfacet
  facet normal -0 0 -1
    outer loop
      vertex -4.64034 -0.610901 4.83
      vertex -4.69995 -0.618744 4.83
      vertex -4.68039 0 4.83
    endloop
  endfacet
  facet normal 0 0 -1
    outer loop
      vertex -4.69995 -0.618744 4.83
      vertex -4.64034 -0.610901 4.83
      vertex -4.57898 -1.22691 4.83
    endloop
  endfacet
  facet normal 0 0 -1
    outer loop
      vertex 4.64034 0.610901 4.83
      vertex 4.69995 0.618744 4.83
      vertex 4.68039 0 4.83
    endloop
  endfacet
  facet normal 0 0 -1
    outer loop
      vertex 4.64034 0.610901 4.83
      vertex 4.57898 1.22691 4.83
      vertex 4.69995 0.618744 4.83
    endloop
  endfacet
  facet normal 0 0 -1
    outer loop
      vertex 4.5209 1.21136 4.83
      vertex 4.57898 1.22691 4.83
      vertex 4.64034 0.610901 4.83
    endloop
  endfacet
  facet normal 0 0 -1
    outer loop
      vertex 4.5209 1.21136 4.83
      vertex 4.37967 1.8141 4.83
      vertex 4.57898 1.22691 4.83
    endloop
  endfacet
  facet normal 0 0 -1
    outer loop
      vertex 4.32411 1.79109 4.83
      vertex 4.37967 1.8141 4.83
      vertex 4.5209 1.21136 4.83
    endloop
  endfacet
  facet normal 0 0 -1
    outer loop
      vertex 4.32411 1.79109 4.83
      vertex 4.10541 2.37025 4.83
      vertex 4.37967 1.8141 4.83
    endloop
  endfacet
  facet normal 0 0 -1
    outer loop
      vertex 4.05333 2.34019 4.83
      vertex 4.10541 2.37025 4.83
      vertex 4.32411 1.79109 4.83
    endloop
  endfacet
  facet normal 0 0 -1
    outer loop
      vertex 4.05333 2.34019 4.83
      vertex 3.76089 2.88585 4.83
      vertex 4.10541 2.37025 4.83
    endloop
  endfacet
  facet normal 0 0 -1
    outer loop
      vertex 3.7132 2.84924 4.83
      vertex 3.76089 2.88585 4.83
      vertex 4.05333 2.34019 4.83
    endloop
  endfacet
  facet normal 0 0 -1
    outer loop
      vertex 3.7132 2.84924 4.83
      vertex 3.35205 3.35205 4.83
      vertex 3.76089 2.88585 4.83
    endloop
  endfacet
  facet normal 0 0 -1
    outer loop
      vertex 3.30952 3.30952 4.83
      vertex 3.35205 3.35205 4.83
      vertex 3.7132 2.84924 4.83
    endloop
  endfacet
  facet normal 0 0 -1
    outer loop
      vertex 3.30952 3.30952 4.83
      vertex 2.88585 3.76089 4.83
      vertex 3.35205 3.35205 4.83
    endloop
  endfacet
  facet normal 0 0 -1
    outer loop
      vertex 2.84924 3.7132 4.83
      vertex 2.88585 3.76089 4.83
      vertex 3.30952 3.30952 4.83
    endloop
  endfacet
  facet normal 0 0 -1
    outer loop
      vertex 2.84924 3.7132 4.83
      vertex 2.37025 4.10541 4.83
      vertex 2.88585 3.76089 4.83
    endloop
  endfacet
  facet normal 0 0 -1
    outer loop
      vertex 2.34019 4.05333 4.83
      vertex 2.37025 4.10541 4.83
      vertex 2.84924 3.7132 4.83
    endloop
  endfacet
  facet normal 0 0 -1
    outer loop
      vertex 2.34019 4.05333 4.83
      vertex 1.8141 4.37967 4.83
      vertex 2.37025 4.10541 4.83
    endloop
  endfacet
  facet normal 0 0 -1
    outer loop
      vertex 1.79109 4.32411 4.83
      vertex 1.8141 4.37967 4.83
      vertex 2.34019 4.05333 4.83
    endloop
  endfacet
  facet normal 0 0 -1
    outer loop
      vertex 1.79109 4.32411 4.83
      vertex 1.22691 4.57898 4.83
      vertex 1.8141 4.37967 4.83
    endloop
  endfacet
  facet normal 0 0 -1
    outer loop
      vertex 1.21136 4.5209 4.83
      vertex 1.22691 4.57898 4.83
      vertex 1.79109 4.32411 4.83
    endloop
  endfacet
  facet normal 0 0 -1
    outer loop
      vertex 1.21136 4.5209 4.83
      vertex 0.618744 4.69995 4.83
      vertex 1.22691 4.57898 4.83
    endloop
  endfacet
  facet normal 0 0 -1
    outer loop
      vertex 0.610901 4.64034 4.83
      vertex 0.618744 4.69995 4.83
      vertex 1.21136 4.5209 4.83
    endloop
  endfacet
  facet normal 0 0 -1
    outer loop
      vertex 0 4.68039 4.83
      vertex 0.618744 4.69995 4.83
      vertex 0.610901 4.64034 4.83
    endloop
  endfacet
  facet normal 0 0 -1
    outer loop
      vertex 0 4.68039 4.83
      vertex 0 4.74051 4.83
      vertex 0.618744 4.69995 4.83
    endloop
  endfacet
  facet normal 0 0 -1
    outer loop
      vertex -0.610901 4.64034 4.83
      vertex 0 4.74051 4.83
      vertex 0 4.68039 4.83
    endloop
  endfacet
  facet normal 0 0 -1
    outer loop
      vertex -0.610901 4.64034 4.83
      vertex -0.618744 4.69995 4.83
      vertex 0 4.74051 4.83
    endloop
  endfacet
  facet normal 0 0 -1
    outer loop
      vertex -1.21136 4.5209 4.83
      vertex -0.618744 4.69995 4.83
      vertex -0.610901 4.64034 4.83
    endloop
  endfacet
  facet normal 0 0 -1
    outer loop
      vertex -1.21136 4.5209 4.83
      vertex -1.22691 4.57898 4.83
      vertex -0.618744 4.69995 4.83
    endloop
  endfacet
  facet normal 0 0 -1
    outer loop
      vertex -1.79109 4.32411 4.83
      vertex -1.22691 4.57898 4.83
      vertex -1.21136 4.5209 4.83
    endloop
  endfacet
  facet normal 0 0 -1
    outer loop
      vertex -1.79109 4.32411 4.83
      vertex -1.8141 4.37967 4.83
      vertex -1.22691 4.57898 4.83
    endloop
  endfacet
  facet normal 0 0 -1
    outer loop
      vertex -2.34019 4.05333 4.83
      vertex -1.8141 4.37967 4.83
      vertex -1.79109 4.32411 4.83
    endloop
  endfacet
  facet normal 0 0 -1
    outer loop
      vertex -2.34019 4.05333 4.83
      vertex -2.37025 4.10541 4.83
      vertex -1.8141 4.37967 4.83
    endloop
  endfacet
  facet normal 0 0 -1
    outer loop
      vertex -2.84924 3.7132 4.83
      vertex -2.37025 4.10541 4.83
      vertex -2.34019 4.05333 4.83
    endloop
  endfacet
  facet normal 0 0 -1
    outer loop
      vertex -2.84924 3.7132 4.83
      vertex -2.88585 3.76089 4.83
      vertex -2.37025 4.10541 4.83
    endloop
  endfacet
  facet normal 0 0 -1
    outer loop
      vertex -3.30952 3.30952 4.83
      vertex -2.88585 3.76089 4.83
      vertex -2.84924 3.7132 4.83
    endloop
  endfacet
  facet normal 0 0 -1
    outer loop
      vertex -3.30952 3.30952 4.83
      vertex -3.35205 3.35205 4.83
      vertex -2.88585 3.76089 4.83
    endloop
  endfacet
  facet normal 0 0 -1
    outer loop
      vertex -3.7132 2.84924 4.83
      vertex -3.35205 3.35205 4.83
      vertex -3.30952 3.30952 4.83
    endloop
  endfacet
  facet normal 0 0 -1
    outer loop
      vertex -3.7132 2.84924 4.83
      vertex -3.76089 2.88585 4.83
      vertex -3.35205 3.35205 4.83
    endloop
  endfacet
  facet normal 0 0 -1
    outer loop
      vertex -4.05333 2.34019 4.83
      vertex -3.76089 2.88585 4.83
      vertex -3.7132 2.84924 4.83
    endloop
  endfacet
  facet normal 0 0 -1
    outer loop
      vertex -4.05333 2.34019 4.83
      vertex -4.10541 2.37025 4.83
      vertex -3.76089 2.88585 4.83
    endloop
  endfacet
  facet normal 0 0 -1
    outer loop
      vertex -4.32411 1.79109 4.83
      vertex -4.10541 2.37025 4.83
      vertex -4.05333 2.34019 4.83
    endloop
  endfacet
  facet normal 0 0 -1
    outer loop
      vertex -4.32411 1.79109 4.83
      vertex -4.37967 1.8141 4.83
      vertex -4.10541 2.37025 4.83
    endloop
  endfacet
  facet normal 0 0 -1
    outer loop
      vertex -4.5209 1.21136 4.83
      vertex -4.37967 1.8141 4.83
      vertex -4.32411 1.79109 4.83
    endloop
  endfacet
  facet normal 0 0 -1
    outer loop
      vertex -4.5209 1.21136 4.83
      vertex -4.57898 1.22691 4.83
      vertex -4.37967 1.8141 4.83
    endloop
  endfacet
  facet normal 0 0 -1
    outer loop
      vertex -4.64034 0.610901 4.83
      vertex -4.57898 1.22691 4.83
      vertex -4.5209 1.21136 4.83
    endloop
  endfacet
  facet normal 0 0 -1
    outer loop
      vertex -4.64034 0.610901 4.83
      vertex -4.69995 0.618744 4.83
      vertex -4.57898 1.22691 4.83
    endloop
  endfacet
  facet normal 0 0 -1
    outer loop
      vertex -4.68039 0 4.83
      vertex -4.69995 0.618744 4.83
      vertex -4.64034 0.610901 4.83
    endloop
  endfacet
  facet normal 0 0 -1
    outer loop
      vertex -4.74051 0 4.83
      vertex -4.68039 0 4.83
      vertex -4.69995 -0.618744 4.83
    endloop
  endfacet
  facet normal 0 0 -1
    outer loop
      vertex -4.68039 0 4.83
      vertex -4.74051 0 4.83
      vertex -4.69995 0.618744 4.83
    endloop
  endfacet
  facet normal -0.65934 0.751845 0
    outer loop
      vertex -2.88585 3.76089 4.83
      vertex -3.35205 3.35205 4.89
      vertex -2.88585 3.76089 4.89
    endloop
  endfacet
  facet normal -0.65934 0.751845 0
    outer loop
      vertex -3.35205 3.35205 4.89
      vertex -2.88585 3.76089 4.83
      vertex -3.35205 3.35205 4.83
    endloop
  endfacet
  facet normal 0.831464 0.555578 0
    outer loop
      vertex 4.10541 2.37025 4.89
      vertex 3.76089 2.88585 4.83
      vertex 3.76089 2.88585 4.89
    endloop
  endfacet
  facet normal 0.831464 0.555578 0
    outer loop
      vertex 3.76089 2.88585 4.83
      vertex 4.10541 2.37025 4.89
      vertex 4.10541 2.37025 4.83
    endloop
  endfacet
  facet normal -0.321419 0.946937 0
    outer loop
      vertex -1.22691 4.57898 4.83
      vertex -1.8141 4.37967 4.89
      vertex -1.22691 4.57898 4.89
    endloop
  endfacet
  facet normal -0.321419 0.946937 0
    outer loop
      vertex -1.8141 4.37967 4.89
      vertex -1.22691 4.57898 4.83
      vertex -1.8141 4.37967 4.83
    endloop
  endfacet
  facet normal -0.195088 0.980786 0
    outer loop
      vertex -0.618744 4.69995 4.83
      vertex -1.22691 4.57898 4.89
      vertex -0.618744 4.69995 4.89
    endloop
  endfacet
  facet normal -0.195088 0.980786 0
    outer loop
      vertex -1.22691 4.57898 4.89
      vertex -0.618744 4.69995 4.83
      vertex -1.22691 4.57898 4.83
    endloop
  endfacet
  facet normal -0.896875 0.442285 0
    outer loop
      vertex -4.37967 1.8141 4.83
      vertex -4.10541 2.37025 4.89
      vertex -4.10541 2.37025 4.83
    endloop
  endfacet
  facet normal -0.896875 0.442285 0
    outer loop
      vertex -4.10541 2.37025 4.89
      vertex -4.37967 1.8141 4.83
      vertex -4.37967 1.8141 4.89
    endloop
  endfacet
  facet normal -0.195088 -0.980786 0
    outer loop
      vertex -1.22691 -4.57898 4.83
      vertex -0.618744 -4.69995 4.89
      vertex -1.22691 -4.57898 4.89
    endloop
  endfacet
  facet normal -0.195088 -0.980786 -0
    outer loop
      vertex -0.618744 -4.69995 4.89
      vertex -1.22691 -4.57898 4.83
      vertex -0.618744 -4.69995 4.83
    endloop
  endfacet
  facet normal -0.0654118 -0.997858 0
    outer loop
      vertex -0.618744 -4.69995 4.83
      vertex 0 -4.74051 4.89
      vertex -0.618744 -4.69995 4.89
    endloop
  endfacet
  facet normal -0.0654118 -0.997858 -0
    outer loop
      vertex 0 -4.74051 4.89
      vertex -0.618744 -4.69995 4.83
      vertex 0 -4.74051 4.83
    endloop
  endfacet
  facet normal 0.896875 0.442285 0
    outer loop
      vertex 4.37967 1.8141 4.89
      vertex 4.10541 2.37025 4.83
      vertex 4.10541 2.37025 4.89
    endloop
  endfacet
  facet normal 0.896875 0.442285 0
    outer loop
      vertex 4.10541 2.37025 4.83
      vertex 4.37967 1.8141 4.89
      vertex 4.37967 1.8141 4.83
    endloop
  endfacet
  facet normal 0.0654118 -0.997858 0
    outer loop
      vertex 0 -4.74051 4.83
      vertex 0.618744 -4.69995 4.89
      vertex 0 -4.74051 4.89
    endloop
  endfacet
  facet normal 0.0654118 -0.997858 0
    outer loop
      vertex 0.618744 -4.69995 4.89
      vertex 0 -4.74051 4.83
      vertex 0.618744 -4.69995 4.83
    endloop
  endfacet
  facet normal -0.946937 -0.321419 0
    outer loop
      vertex -4.37967 -1.8141 4.83
      vertex -4.57898 -1.22691 4.89
      vertex -4.57898 -1.22691 4.83
    endloop
  endfacet
  facet normal -0.946937 -0.321419 0
    outer loop
      vertex -4.57898 -1.22691 4.89
      vertex -4.37967 -1.8141 4.83
      vertex -4.37967 -1.8141 4.89
    endloop
  endfacet
  facet normal 0.195088 -0.980786 0
    outer loop
      vertex 0.618744 -4.69995 4.83
      vertex 1.22691 -4.57898 4.89
      vertex 0.618744 -4.69995 4.89
    endloop
  endfacet
  facet normal 0.195088 -0.980786 0
    outer loop
      vertex 1.22691 -4.57898 4.89
      vertex 0.618744 -4.69995 4.83
      vertex 1.22691 -4.57898 4.83
    endloop
  endfacet
  facet normal 0.65934 -0.751845 0
    outer loop
      vertex 2.88585 -3.76089 4.83
      vertex 3.35205 -3.35205 4.89
      vertex 2.88585 -3.76089 4.89
    endloop
  endfacet
  facet normal 0.65934 -0.751845 0
    outer loop
      vertex 3.35205 -3.35205 4.89
      vertex 2.88585 -3.76089 4.83
      vertex 3.35205 -3.35205 4.83
    endloop
  endfacet
  facet normal 0.751845 0.65934 0
    outer loop
      vertex 3.76089 2.88585 4.89
      vertex 3.35205 3.35205 4.83
      vertex 3.35205 3.35205 4.89
    endloop
  endfacet
  facet normal 0.751845 0.65934 0
    outer loop
      vertex 3.35205 3.35205 4.83
      vertex 3.76089 2.88585 4.89
      vertex 3.76089 2.88585 4.83
    endloop
  endfacet
  facet normal 0.896875 -0.442285 0
    outer loop
      vertex 4.10541 -2.37025 4.89
      vertex 4.37967 -1.8141 4.83
      vertex 4.37967 -1.8141 4.89
    endloop
  endfacet
  facet normal 0.896875 -0.442285 0
    outer loop
      vertex 4.37967 -1.8141 4.83
      vertex 4.10541 -2.37025 4.89
      vertex 4.10541 -2.37025 4.83
    endloop
  endfacet
  facet normal 0.997858 -0.0654118 0
    outer loop
      vertex 4.69995 -0.618744 4.89
      vertex 4.74051 0 4.83
      vertex 4.74051 0 4.89
    endloop
  endfacet
  facet normal 0.997858 -0.0654118 0
    outer loop
      vertex 4.74051 0 4.83
      vertex 4.69995 -0.618744 4.89
      vertex 4.69995 -0.618744 4.83
    endloop
  endfacet
  facet normal 0.751845 -0.65934 0
    outer loop
      vertex 3.35205 -3.35205 4.89
      vertex 3.76089 -2.88585 4.83
      vertex 3.76089 -2.88585 4.89
    endloop
  endfacet
  facet normal 0.751845 -0.65934 0
    outer loop
      vertex 3.76089 -2.88585 4.83
      vertex 3.35205 -3.35205 4.89
      vertex 3.35205 -3.35205 4.83
    endloop
  endfacet
  facet normal 0.321437 0.946931 -0
    outer loop
      vertex 1.79109 4.32411 4.77
      vertex 1.21136 4.5209 4.83
      vertex 1.79109 4.32411 4.83
    endloop
  endfacet
  facet normal 0.321437 0.946931 0
    outer loop
      vertex 1.21136 4.5209 4.83
      vertex 1.79109 4.32411 4.77
      vertex 1.21136 4.5209 4.77
    endloop
  endfacet
  facet normal -0.997858 -0.0654185 0
    outer loop
      vertex -4.64034 -0.610901 4.77
      vertex -4.68039 0 4.83
      vertex -4.68039 0 4.77
    endloop
  endfacet
  facet normal -0.997858 -0.0654185 0
    outer loop
      vertex -4.68039 0 4.83
      vertex -4.64034 -0.610901 4.77
      vertex -4.64034 -0.610901 4.83
    endloop
  endfacet
  facet normal 0.195092 0.980785 -0
    outer loop
      vertex 1.21136 4.5209 4.77
      vertex 0.610901 4.64034 4.83
      vertex 1.21136 4.5209 4.83
    endloop
  endfacet
  facet normal 0.195092 0.980785 0
    outer loop
      vertex 0.610901 4.64034 4.83
      vertex 1.21136 4.5209 4.77
      vertex 0.610901 4.64034 4.77
    endloop
  endfacet
  facet normal -0.997858 0.0654185 0
    outer loop
      vertex -4.68039 0 4.77
      vertex -4.64034 0.610901 4.83
      vertex -4.64034 0.610901 4.77
    endloop
  endfacet
  facet normal -0.997858 0.0654185 0
    outer loop
      vertex -4.64034 0.610901 4.83
      vertex -4.68039 0 4.77
      vertex -4.68039 0 4.83
    endloop
  endfacet
  facet normal 0.0654185 0.997858 -0
    outer loop
      vertex 0.610901 4.64034 4.77
      vertex 0 4.68039 4.83
      vertex 0.610901 4.64034 4.83
    endloop
  endfacet
  facet normal 0.0654185 0.997858 0
    outer loop
      vertex 0 4.68039 4.83
      vertex 0.610901 4.64034 4.77
      vertex 0 4.68039 4.77
    endloop
  endfacet
  facet normal 0.751819 0.659369 0
    outer loop
      vertex 3.7132 2.84924 4.83
      vertex 3.30952 3.30952 4.77
      vertex 3.30952 3.30952 4.83
    endloop
  endfacet
  facet normal 0.751819 0.659369 0
    outer loop
      vertex 3.30952 3.30952 4.77
      vertex 3.7132 2.84924 4.83
      vertex 3.7132 2.84924 4.77
    endloop
  endfacet
  facet normal 0 0 -1
    outer loop
      vertex 4.62025 0 4.77
      vertex 4.68039 0 4.77
      vertex 4.64034 -0.610901 4.77
    endloop
  endfacet
  facet normal 0 0 -1
    outer loop
      vertex 4.68039 0 4.77
      vertex 4.62025 0 4.77
      vertex 4.64034 0.610901 4.77
    endloop
  endfacet
  facet normal 0 0 -1
    outer loop
      vertex 4.64034 -0.610901 4.77
      vertex 4.58072 -0.603058 4.77
      vertex 4.62025 0 4.77
    endloop
  endfacet
  facet normal 0 0 -1
    outer loop
      vertex 4.5209 -1.21136 4.77
      vertex 4.58072 -0.603058 4.77
      vertex 4.64034 -0.610901 4.77
    endloop
  endfacet
  facet normal 0 0 -1
    outer loop
      vertex 4.5209 -1.21136 4.77
      vertex 4.46283 -1.1958 4.77
      vertex 4.58072 -0.603058 4.77
    endloop
  endfacet
  facet normal 0 0 -1
    outer loop
      vertex 4.32411 -1.79109 4.77
      vertex 4.46283 -1.1958 4.77
      vertex 4.5209 -1.21136 4.77
    endloop
  endfacet
  facet normal 0 0 -1
    outer loop
      vertex 4.32411 -1.79109 4.77
      vertex 4.26855 -1.76808 4.77
      vertex 4.46283 -1.1958 4.77
    endloop
  endfacet
  facet normal 0 0 -1
    outer loop
      vertex 4.05333 -2.34019 4.77
      vertex 4.26855 -1.76808 4.77
      vertex 4.32411 -1.79109 4.77
    endloop
  endfacet
  facet normal 0 0 -1
    outer loop
      vertex 4.05333 -2.34019 4.77
      vertex 4.00125 -2.31013 4.77
      vertex 4.26855 -1.76808 4.77
    endloop
  endfacet
  facet normal 0 0 -1
    outer loop
      vertex 3.7132 -2.84924 4.77
      vertex 4.00125 -2.31013 4.77
      vertex 4.05333 -2.34019 4.77
    endloop
  endfacet
  facet normal 0 0 -1
    outer loop
      vertex 3.7132 -2.84924 4.77
      vertex 3.6655 -2.81264 4.77
      vertex 4.00125 -2.31013 4.77
    endloop
  endfacet
  facet normal 0 0 -1
    outer loop
      vertex 3.30952 -3.30952 4.77
      vertex 3.6655 -2.81264 4.77
      vertex 3.7132 -2.84924 4.77
    endloop
  endfacet
  facet normal 0 0 -1
    outer loop
      vertex 3.30952 -3.30952 4.77
      vertex 3.26701 -3.26701 4.77
      vertex 3.6655 -2.81264 4.77
    endloop
  endfacet
  facet normal 0 0 -1
    outer loop
      vertex 2.84924 -3.7132 4.77
      vertex 3.26701 -3.26701 4.77
      vertex 3.30952 -3.30952 4.77
    endloop
  endfacet
  facet normal 0 0 -1
    outer loop
      vertex 2.84924 -3.7132 4.77
      vertex 2.81264 -3.6655 4.77
      vertex 3.26701 -3.26701 4.77
    endloop
  endfacet
  facet normal 0 0 -1
    outer loop
      vertex 2.34019 -4.05333 4.77
      vertex 2.81264 -3.6655 4.77
      vertex 2.84924 -3.7132 4.77
    endloop
  endfacet
  facet normal 0 0 -1
    outer loop
      vertex 2.34019 -4.05333 4.77
      vertex 2.31013 -4.00125 4.77
      vertex 2.81264 -3.6655 4.77
    endloop
  endfacet
  facet normal 0 0 -1
    outer loop
      vertex 1.79109 -4.32411 4.77
      vertex 2.31013 -4.00125 4.77
      vertex 2.34019 -4.05333 4.77
    endloop
  endfacet
  facet normal 0 0 -1
    outer loop
      vertex 1.79109 -4.32411 4.77
      vertex 1.76808 -4.26855 4.77
      vertex 2.31013 -4.00125 4.77
    endloop
  endfacet
  facet normal 0 0 -1
    outer loop
      vertex 1.21136 -4.5209 4.77
      vertex 1.76808 -4.26855 4.77
      vertex 1.79109 -4.32411 4.77
    endloop
  endfacet
  facet normal 0 0 -1
    outer loop
      vertex 1.21136 -4.5209 4.77
      vertex 1.1958 -4.46283 4.77
      vertex 1.76808 -4.26855 4.77
    endloop
  endfacet
  facet normal 0 0 -1
    outer loop
      vertex 0.610901 -4.64034 4.77
      vertex 1.1958 -4.46283 4.77
      vertex 1.21136 -4.5209 4.77
    endloop
  endfacet
  facet normal 0 0 -1
    outer loop
      vertex 0.610901 -4.64034 4.77
      vertex 0.603058 -4.58072 4.77
      vertex 1.1958 -4.46283 4.77
    endloop
  endfacet
  facet normal 0 0 -1
    outer loop
      vertex 0 -4.68039 4.77
      vertex 0.603058 -4.58072 4.77
      vertex 0.610901 -4.64034 4.77
    endloop
  endfacet
  facet normal 0 0 -1
    outer loop
      vertex 0 -4.68039 4.77
      vertex 0 -4.62025 4.77
      vertex 0.603058 -4.58072 4.77
    endloop
  endfacet
  facet normal 0 0 -1
    outer loop
      vertex 0 -4.68039 4.77
      vertex -0.603058 -4.58072 4.77
      vertex 0 -4.62025 4.77
    endloop
  endfacet
  facet normal 0 0 -1
    outer loop
      vertex -0.610901 -4.64034 4.77
      vertex -0.603058 -4.58072 4.77
      vertex 0 -4.68039 4.77
    endloop
  endfacet
  facet normal 0 0 -1
    outer loop
      vertex -0.610901 -4.64034 4.77
      vertex -1.1958 -4.46283 4.77
      vertex -0.603058 -4.58072 4.77
    endloop
  endfacet
  facet normal 0 0 -1
    outer loop
      vertex -1.21136 -4.5209 4.77
      vertex -1.1958 -4.46283 4.77
      vertex -0.610901 -4.64034 4.77
    endloop
  endfacet
  facet normal 0 0 -1
    outer loop
      vertex -1.21136 -4.5209 4.77
      vertex -1.76808 -4.26855 4.77
      vertex -1.1958 -4.46283 4.77
    endloop
  endfacet
  facet normal 0 0 -1
    outer loop
      vertex -1.79109 -4.32411 4.77
      vertex -1.76808 -4.26855 4.77
      vertex -1.21136 -4.5209 4.77
    endloop
  endfacet
  facet normal 0 0 -1
    outer loop
      vertex -1.79109 -4.32411 4.77
      vertex -2.31013 -4.00125 4.77
      vertex -1.76808 -4.26855 4.77
    endloop
  endfacet
  facet normal 0 0 -1
    outer loop
      vertex -2.34019 -4.05333 4.77
      vertex -2.31013 -4.00125 4.77
      vertex -1.79109 -4.32411 4.77
    endloop
  endfacet
  facet normal 0 0 -1
    outer loop
      vertex -2.34019 -4.05333 4.77
      vertex -2.81264 -3.6655 4.77
      vertex -2.31013 -4.00125 4.77
    endloop
  endfacet
  facet normal 0 0 -1
    outer loop
      vertex -2.84924 -3.7132 4.77
      vertex -2.81264 -3.6655 4.77
      vertex -2.34019 -4.05333 4.77
    endloop
  endfacet
  facet normal 0 0 -1
    outer loop
      vertex -2.84924 -3.7132 4.77
      vertex -3.26701 -3.26701 4.77
      vertex -2.81264 -3.6655 4.77
    endloop
  endfacet
  facet normal 0 0 -1
    outer loop
      vertex -3.30952 -3.30952 4.77
      vertex -3.26701 -3.26701 4.77
      vertex -2.84924 -3.7132 4.77
    endloop
  endfacet
  facet normal 0 0 -1
    outer loop
      vertex -3.30952 -3.30952 4.77
      vertex -3.6655 -2.81264 4.77
      vertex -3.26701 -3.26701 4.77
    endloop
  endfacet
  facet normal 0 0 -1
    outer loop
      vertex -3.7132 -2.84924 4.77
      vertex -3.6655 -2.81264 4.77
      vertex -3.30952 -3.30952 4.77
    endloop
  endfacet
  facet normal 0 0 -1
    outer loop
      vertex -3.7132 -2.84924 4.77
      vertex -4.00125 -2.31013 4.77
      vertex -3.6655 -2.81264 4.77
    endloop
  endfacet
  facet normal 0 0 -1
    outer loop
      vertex -4.05333 -2.34019 4.77
      vertex -4.00125 -2.31013 4.77
      vertex -3.7132 -2.84924 4.77
    endloop
  endfacet
  facet normal 0 0 -1
    outer loop
      vertex -4.05333 -2.34019 4.77
      vertex -4.26855 -1.76808 4.77
      vertex -4.00125 -2.31013 4.77
    endloop
  endfacet
  facet normal 0 0 -1
    outer loop
      vertex -4.32411 -1.79109 4.77
      vertex -4.26855 -1.76808 4.77
      vertex -4.05333 -2.34019 4.77
    endloop
  endfacet
  facet normal 0 0 -1
    outer loop
      vertex -4.32411 -1.79109 4.77
      vertex -4.46283 -1.1958 4.77
      vertex -4.26855 -1.76808 4.77
    endloop
  endfacet
  facet normal 0 0 -1
    outer loop
      vertex -4.5209 -1.21136 4.77
      vertex -4.46283 -1.1958 4.77
      vertex -4.32411 -1.79109 4.77
    endloop
  endfacet
  facet normal 0 0 -1
    outer loop
      vertex -4.5209 -1.21136 4.77
      vertex -4.58072 -0.603058 4.77
      vertex -4.46283 -1.1958 4.77
    endloop
  endfacet
  facet normal -0 0 -1
    outer loop
      vertex -4.58072 -0.603058 4.77
      vertex -4.64034 -0.610901 4.77
      vertex -4.62025 0 4.77
    endloop
  endfacet
  facet normal 0 0 -1
    outer loop
      vertex -4.64034 -0.610901 4.77
      vertex -4.58072 -0.603058 4.77
      vertex -4.5209 -1.21136 4.77
    endloop
  endfacet
  facet normal 0 0 -1
    outer loop
      vertex 4.58072 0.603058 4.77
      vertex 4.64034 0.610901 4.77
      vertex 4.62025 0 4.77
    endloop
  endfacet
  facet normal 0 0 -1
    outer loop
      vertex 4.58072 0.603058 4.77
      vertex 4.5209 1.21136 4.77
      vertex 4.64034 0.610901 4.77
    endloop
  endfacet
  facet normal 0 0 -1
    outer loop
      vertex 4.46283 1.1958 4.77
      vertex 4.5209 1.21136 4.77
      vertex 4.58072 0.603058 4.77
    endloop
  endfacet
  facet normal 0 0 -1
    outer loop
      vertex 4.46283 1.1958 4.77
      vertex 4.32411 1.79109 4.77
      vertex 4.5209 1.21136 4.77
    endloop
  endfacet
  facet normal 0 0 -1
    outer loop
      vertex 4.26855 1.76808 4.77
      vertex 4.32411 1.79109 4.77
      vertex 4.46283 1.1958 4.77
    endloop
  endfacet
  facet normal 0 0 -1
    outer loop
      vertex 4.26855 1.76808 4.77
      vertex 4.05333 2.34019 4.77
      vertex 4.32411 1.79109 4.77
    endloop
  endfacet
  facet normal 0 0 -1
    outer loop
      vertex 4.00125 2.31013 4.77
      vertex 4.05333 2.34019 4.77
      vertex 4.26855 1.76808 4.77
    endloop
  endfacet
  facet normal 0 0 -1
    outer loop
      vertex 4.00125 2.31013 4.77
      vertex 3.7132 2.84924 4.77
      vertex 4.05333 2.34019 4.77
    endloop
  endfacet
  facet normal 0 0 -1
    outer loop
      vertex 3.6655 2.81264 4.77
      vertex 3.7132 2.84924 4.77
      vertex 4.00125 2.31013 4.77
    endloop
  endfacet
  facet normal 0 0 -1
    outer loop
      vertex 3.6655 2.81264 4.77
      vertex 3.30952 3.30952 4.77
      vertex 3.7132 2.84924 4.77
    endloop
  endfacet
  facet normal 0 0 -1
    outer loop
      vertex 3.26701 3.26701 4.77
      vertex 3.30952 3.30952 4.77
      vertex 3.6655 2.81264 4.77
    endloop
  endfacet
  facet normal 0 0 -1
    outer loop
      vertex 3.26701 3.26701 4.77
      vertex 2.84924 3.7132 4.77
      vertex 3.30952 3.30952 4.77
    endloop
  endfacet
  facet normal 0 0 -1
    outer loop
      vertex 2.81264 3.6655 4.77
      vertex 2.84924 3.7132 4.77
      vertex 3.26701 3.26701 4.77
    endloop
  endfacet
  facet normal 0 0 -1
    outer loop
      vertex 2.81264 3.6655 4.77
      vertex 2.34019 4.05333 4.77
      vertex 2.84924 3.7132 4.77
    endloop
  endfacet
  facet normal 0 0 -1
    outer loop
      vertex 2.31013 4.00125 4.77
      vertex 2.34019 4.05333 4.77
      vertex 2.81264 3.6655 4.77
    endloop
  endfacet
  facet normal 0 0 -1
    outer loop
      vertex 2.31013 4.00125 4.77
      vertex 1.79109 4.32411 4.77
      vertex 2.34019 4.05333 4.77
    endloop
  endfacet
  facet normal 0 0 -1
    outer loop
      vertex 1.76808 4.26855 4.77
      vertex 1.79109 4.32411 4.77
      vertex 2.31013 4.00125 4.77
    endloop
  endfacet
  facet normal 0 0 -1
    outer loop
      vertex 1.76808 4.26855 4.77
      vertex 1.21136 4.5209 4.77
      vertex 1.79109 4.32411 4.77
    endloop
  endfacet
  facet normal 0 0 -1
    outer loop
      vertex 1.1958 4.46283 4.77
      vertex 1.21136 4.5209 4.77
      vertex 1.76808 4.26855 4.77
    endloop
  endfacet
  facet normal 0 0 -1
    outer loop
      vertex 1.1958 4.46283 4.77
      vertex 0.610901 4.64034 4.77
      vertex 1.21136 4.5209 4.77
    endloop
  endfacet
  facet normal 0 0 -1
    outer loop
      vertex 0.603058 4.58072 4.77
      vertex 0.610901 4.64034 4.77
      vertex 1.1958 4.46283 4.77
    endloop
  endfacet
  facet normal 0 0 -1
    outer loop
      vertex 0 4.62025 4.77
      vertex 0.610901 4.64034 4.77
      vertex 0.603058 4.58072 4.77
    endloop
  endfacet
  facet normal 0 0 -1
    outer loop
      vertex 0 4.62025 4.77
      vertex 0 4.68039 4.77
      vertex 0.610901 4.64034 4.77
    endloop
  endfacet
  facet normal 0 0 -1
    outer loop
      vertex -0.603058 4.58072 4.77
      vertex 0 4.68039 4.77
      vertex 0 4.62025 4.77
    endloop
  endfacet
  facet normal 0 0 -1
    outer loop
      vertex -0.603058 4.58072 4.77
      vertex -0.610901 4.64034 4.77
      vertex 0 4.68039 4.77
    endloop
  endfacet
  facet normal 0 0 -1
    outer loop
      vertex -1.1958 4.46283 4.77
      vertex -0.610901 4.64034 4.77
      vertex -0.603058 4.58072 4.77
    endloop
  endfacet
  facet normal 0 0 -1
    outer loop
      vertex -1.1958 4.46283 4.77
      vertex -1.21136 4.5209 4.77
      vertex -0.610901 4.64034 4.77
    endloop
  endfacet
  facet normal 0 0 -1
    outer loop
      vertex -1.76808 4.26855 4.77
      vertex -1.21136 4.5209 4.77
      vertex -1.1958 4.46283 4.77
    endloop
  endfacet
  facet normal 0 0 -1
    outer loop
      vertex -1.76808 4.26855 4.77
      vertex -1.79109 4.32411 4.77
      vertex -1.21136 4.5209 4.77
    endloop
  endfacet
  facet normal 0 0 -1
    outer loop
      vertex -2.31013 4.00125 4.77
      vertex -1.79109 4.32411 4.77
      vertex -1.76808 4.26855 4.77
    endloop
  endfacet
  facet normal 0 0 -1
    outer loop
      vertex -2.31013 4.00125 4.77
      vertex -2.34019 4.05333 4.77
      vertex -1.79109 4.32411 4.77
    endloop
  endfacet
  facet normal 0 0 -1
    outer loop
      vertex -2.81264 3.6655 4.77
      vertex -2.34019 4.05333 4.77
      vertex -2.31013 4.00125 4.77
    endloop
  endfacet
  facet normal 0 0 -1
    outer loop
      vertex -2.81264 3.6655 4.77
      vertex -2.84924 3.7132 4.77
      vertex -2.34019 4.05333 4.77
    endloop
  endfacet
  facet normal 0 0 -1
    outer loop
      vertex -3.26701 3.26701 4.77
      vertex -2.84924 3.7132 4.77
      vertex -2.81264 3.6655 4.77
    endloop
  endfacet
  facet normal 0 0 -1
    outer loop
      vertex -3.26701 3.26701 4.77
      vertex -3.30952 3.30952 4.77
      vertex -2.84924 3.7132 4.77
    endloop
  endfacet
  facet normal 0 0 -1
    outer loop
      vertex -3.6655 2.81264 4.77
      vertex -3.30952 3.30952 4.77
      vertex -3.26701 3.26701 4.77
    endloop
  endfacet
  facet normal 0 0 -1
    outer loop
      vertex -3.6655 2.81264 4.77
      vertex -3.7132 2.84924 4.77
      vertex -3.30952 3.30952 4.77
    endloop
  endfacet
  facet normal 0 0 -1
    outer loop
      vertex -4.00125 2.31013 4.77
      vertex -3.7132 2.84924 4.77
      vertex -3.6655 2.81264 4.77
    endloop
  endfacet
  facet normal 0 0 -1
    outer loop
      vertex -4.00125 2.31013 4.77
      vertex -4.05333 2.34019 4.77
      vertex -3.7132 2.84924 4.77
    endloop
  endfacet
  facet normal 0 0 -1
    outer loop
      vertex -4.26855 1.76808 4.77
      vertex -4.05333 2.34019 4.77
      vertex -4.00125 2.31013 4.77
    endloop
  endfacet
  facet normal 0 0 -1
    outer loop
      vertex -4.26855 1.76808 4.77
      vertex -4.32411 1.79109 4.77
      vertex -4.05333 2.34019 4.77
    endloop
  endfacet
  facet normal 0 0 -1
    outer loop
      vertex -4.46283 1.1958 4.77
      vertex -4.32411 1.79109 4.77
      vertex -4.26855 1.76808 4.77
    endloop
  endfacet
  facet normal 0 0 -1
    outer loop
      vertex -4.46283 1.1958 4.77
      vertex -4.5209 1.21136 4.77
      vertex -4.32411 1.79109 4.77
    endloop
  endfacet
  facet normal 0 0 -1
    outer loop
      vertex -4.58072 0.603058 4.77
      vertex -4.5209 1.21136 4.77
      vertex -4.46283 1.1958 4.77
    endloop
  endfacet
  facet normal 0 0 -1
    outer loop
      vertex -4.58072 0.603058 4.77
      vertex -4.64034 0.610901 4.77
      vertex -4.5209 1.21136 4.77
    endloop
  endfacet
  facet normal 0 0 -1
    outer loop
      vertex -4.62025 0 4.77
      vertex -4.64034 0.610901 4.77
      vertex -4.58072 0.603058 4.77
    endloop
  endfacet
  facet normal 0 0 -1
    outer loop
      vertex -4.68039 0 4.77
      vertex -4.62025 0 4.77
      vertex -4.64034 -0.610901 4.77
    endloop
  endfacet
  facet normal 0 0 -1
    outer loop
      vertex -4.62025 0 4.77
      vertex -4.68039 0 4.77
      vertex -4.64034 0.610901 4.77
    endloop
  endfacet
  facet normal 0.0654185 -0.997858 0
    outer loop
      vertex 0 -4.68039 4.77
      vertex 0.610901 -4.64034 4.83
      vertex 0 -4.68039 4.83
    endloop
  endfacet
  facet normal 0.0654185 -0.997858 0
    outer loop
      vertex 0.610901 -4.64034 4.83
      vertex 0 -4.68039 4.77
      vertex 0.610901 -4.64034 4.77
    endloop
  endfacet
  facet normal -0.659369 -0.751819 0
    outer loop
      vertex -3.30952 -3.30952 4.77
      vertex -2.84924 -3.7132 4.83
      vertex -3.30952 -3.30952 4.83
    endloop
  endfacet
  facet normal -0.659369 -0.751819 -0
    outer loop
      vertex -2.84924 -3.7132 4.83
      vertex -3.30952 -3.30952 4.77
      vertex -2.84924 -3.7132 4.77
    endloop
  endfacet
  facet normal 0.442281 -0.896877 0
    outer loop
      vertex 1.79109 -4.32411 4.77
      vertex 2.34019 -4.05333 4.83
      vertex 1.79109 -4.32411 4.83
    endloop
  endfacet
  facet normal 0.442281 -0.896877 0
    outer loop
      vertex 2.34019 -4.05333 4.83
      vertex 1.79109 -4.32411 4.77
      vertex 2.34019 -4.05333 4.77
    endloop
  endfacet
  facet normal -0.0654185 -0.997858 0
    outer loop
      vertex -0.610901 -4.64034 4.77
      vertex 0 -4.68039 4.83
      vertex -0.610901 -4.64034 4.83
    endloop
  endfacet
  facet normal -0.0654185 -0.997858 -0
    outer loop
      vertex 0 -4.68039 4.83
      vertex -0.610901 -4.64034 4.77
      vertex 0 -4.68039 4.77
    endloop
  endfacet
  facet normal -0.555563 -0.831474 0
    outer loop
      vertex -2.84924 -3.7132 4.77
      vertex -2.34019 -4.05333 4.83
      vertex -2.84924 -3.7132 4.83
    endloop
  endfacet
  facet normal -0.555563 -0.831474 -0
    outer loop
      vertex -2.34019 -4.05333 4.83
      vertex -2.84924 -3.7132 4.77
      vertex -2.34019 -4.05333 4.77
    endloop
  endfacet
  facet normal -0.946931 0.321437 0
    outer loop
      vertex -4.5209 1.21136 4.77
      vertex -4.32411 1.79109 4.83
      vertex -4.32411 1.79109 4.77
    endloop
  endfacet
  facet normal -0.946931 0.321437 0
    outer loop
      vertex -4.32411 1.79109 4.83
      vertex -4.5209 1.21136 4.77
      vertex -4.5209 1.21136 4.83
    endloop
  endfacet
  facet normal 0.946931 0.321437 0
    outer loop
      vertex 4.5209 1.21136 4.83
      vertex 4.32411 1.79109 4.77
      vertex 4.32411 1.79109 4.83
    endloop
  endfacet
  facet normal 0.946931 0.321437 0
    outer loop
      vertex 4.32411 1.79109 4.77
      vertex 4.5209 1.21136 4.83
      vertex 4.5209 1.21136 4.77
    endloop
  endfacet
  facet normal 0.997858 -0.0654185 0
    outer loop
      vertex 4.64034 -0.610901 4.83
      vertex 4.68039 0 4.77
      vertex 4.68039 0 4.83
    endloop
  endfacet
  facet normal 0.997858 -0.0654185 0
    outer loop
      vertex 4.68039 0 4.77
      vertex 4.64034 -0.610901 4.83
      vertex 4.64034 -0.610901 4.77
    endloop
  endfacet
  facet normal 0.831474 0.555563 0
    outer loop
      vertex 4.05333 2.34019 4.83
      vertex 3.7132 2.84924 4.77
      vertex 3.7132 2.84924 4.83
    endloop
  endfacet
  facet normal 0.831474 0.555563 0
    outer loop
      vertex 3.7132 2.84924 4.77
      vertex 4.05333 2.34019 4.83
      vertex 4.05333 2.34019 4.77
    endloop
  endfacet
  facet normal -0.831474 0.555563 0
    outer loop
      vertex -4.05333 2.34019 4.77
      vertex -3.7132 2.84924 4.83
      vertex -3.7132 2.84924 4.77
    endloop
  endfacet
  facet normal -0.831474 0.555563 0
    outer loop
      vertex -3.7132 2.84924 4.83
      vertex -4.05333 2.34019 4.77
      vertex -4.05333 2.34019 4.83
    endloop
  endfacet
  facet normal -0.442281 -0.896877 0
    outer loop
      vertex -2.34019 -4.05333 4.77
      vertex -1.79109 -4.32411 4.83
      vertex -2.34019 -4.05333 4.83
    endloop
  endfacet
  facet normal -0.442281 -0.896877 -0
    outer loop
      vertex -1.79109 -4.32411 4.83
      vertex -2.34019 -4.05333 4.77
      vertex -1.79109 -4.32411 4.77
    endloop
  endfacet
  facet normal -0.0654185 0.997858 0
    outer loop
      vertex 0 4.68039 4.77
      vertex -0.610901 4.64034 4.83
      vertex 0 4.68039 4.83
    endloop
  endfacet
  facet normal -0.0654185 0.997858 0
    outer loop
      vertex -0.610901 4.64034 4.83
      vertex 0 4.68039 4.77
      vertex -0.610901 4.64034 4.77
    endloop
  endfacet
  facet normal 0.896877 -0.442281 0
    outer loop
      vertex 4.05333 -2.34019 4.83
      vertex 4.32411 -1.79109 4.77
      vertex 4.32411 -1.79109 4.83
    endloop
  endfacet
  facet normal 0.896877 -0.442281 0
    outer loop
      vertex 4.32411 -1.79109 4.77
      vertex 4.05333 -2.34019 4.83
      vertex 4.05333 -2.34019 4.77
    endloop
  endfacet
  facet normal 0.659369 0.751819 -0
    outer loop
      vertex 3.30952 3.30952 4.77
      vertex 2.84924 3.7132 4.83
      vertex 3.30952 3.30952 4.83
    endloop
  endfacet
  facet normal 0.659369 0.751819 0
    outer loop
      vertex 2.84924 3.7132 4.83
      vertex 3.30952 3.30952 4.77
      vertex 2.84924 3.7132 4.77
    endloop
  endfacet
  facet normal -0.896877 0.442281 0
    outer loop
      vertex -4.32411 1.79109 4.77
      vertex -4.05333 2.34019 4.83
      vertex -4.05333 2.34019 4.77
    endloop
  endfacet
  facet normal -0.896877 0.442281 0
    outer loop
      vertex -4.05333 2.34019 4.83
      vertex -4.32411 1.79109 4.77
      vertex -4.32411 1.79109 4.83
    endloop
  endfacet
  facet normal 0.896877 0.442281 0
    outer loop
      vertex 4.32411 1.79109 4.83
      vertex 4.05333 2.34019 4.77
      vertex 4.05333 2.34019 4.83
    endloop
  endfacet
  facet normal 0.896877 0.442281 0
    outer loop
      vertex 4.05333 2.34019 4.77
      vertex 4.32411 1.79109 4.83
      vertex 4.32411 1.79109 4.77
    endloop
  endfacet
  facet normal 0.555563 -0.831474 0
    outer loop
      vertex 2.34019 -4.05333 4.77
      vertex 2.84924 -3.7132 4.83
      vertex 2.34019 -4.05333 4.83
    endloop
  endfacet
  facet normal 0.555563 -0.831474 0
    outer loop
      vertex 2.84924 -3.7132 4.83
      vertex 2.34019 -4.05333 4.77
      vertex 2.84924 -3.7132 4.77
    endloop
  endfacet
  facet normal -0.555563 0.831474 0
    outer loop
      vertex -2.34019 4.05333 4.77
      vertex -2.84924 3.7132 4.83
      vertex -2.34019 4.05333 4.83
    endloop
  endfacet
  facet normal -0.555563 0.831474 0
    outer loop
      vertex -2.84924 3.7132 4.83
      vertex -2.34019 4.05333 4.77
      vertex -2.84924 3.7132 4.77
    endloop
  endfacet
  facet normal 0.997858 0.0654185 0
    outer loop
      vertex 4.68039 0 4.83
      vertex 4.64034 0.610901 4.77
      vertex 4.64034 0.610901 4.83
    endloop
  endfacet
  facet normal 0.997858 0.0654185 0
    outer loop
      vertex 4.64034 0.610901 4.77
      vertex 4.68039 0 4.83
      vertex 4.68039 0 4.77
    endloop
  endfacet
  facet normal -0.659369 0.751819 0
    outer loop
      vertex -2.84924 3.7132 4.77
      vertex -3.30952 3.30952 4.83
      vertex -2.84924 3.7132 4.83
    endloop
  endfacet
  facet normal -0.659369 0.751819 0
    outer loop
      vertex -3.30952 3.30952 4.83
      vertex -2.84924 3.7132 4.77
      vertex -3.30952 3.30952 4.77
    endloop
  endfacet
  facet normal -0.831474 -0.555563 0
    outer loop
      vertex -3.7132 -2.84924 4.77
      vertex -4.05333 -2.34019 4.83
      vertex -4.05333 -2.34019 4.77
    endloop
  endfacet
  facet normal -0.831474 -0.555563 0
    outer loop
      vertex -4.05333 -2.34019 4.83
      vertex -3.7132 -2.84924 4.77
      vertex -3.7132 -2.84924 4.83
    endloop
  endfacet
  facet normal -0.751819 -0.659369 0
    outer loop
      vertex -3.30952 -3.30952 4.77
      vertex -3.7132 -2.84924 4.83
      vertex -3.7132 -2.84924 4.77
    endloop
  endfacet
  facet normal -0.751819 -0.659369 0
    outer loop
      vertex -3.7132 -2.84924 4.83
      vertex -3.30952 -3.30952 4.77
      vertex -3.30952 -3.30952 4.83
    endloop
  endfacet
  facet normal -0.321437 -0.946931 0
    outer loop
      vertex -1.79109 -4.32411 4.77
      vertex -1.21136 -4.5209 4.83
      vertex -1.79109 -4.32411 4.83
    endloop
  endfacet
  facet normal -0.321437 -0.946931 -0
    outer loop
      vertex -1.21136 -4.5209 4.83
      vertex -1.79109 -4.32411 4.77
      vertex -1.21136 -4.5209 4.77
    endloop
  endfacet
  facet normal -0.195092 -0.980785 0
    outer loop
      vertex -1.21136 -4.5209 4.77
      vertex -0.610901 -4.64034 4.83
      vertex -1.21136 -4.5209 4.83
    endloop
  endfacet
  facet normal -0.195092 -0.980785 -0
    outer loop
      vertex -0.610901 -4.64034 4.83
      vertex -1.21136 -4.5209 4.77
      vertex -0.610901 -4.64034 4.77
    endloop
  endfacet
  facet normal -0.980785 -0.195092 0
    outer loop
      vertex -4.5209 -1.21136 4.77
      vertex -4.64034 -0.610901 4.83
      vertex -4.64034 -0.610901 4.77
    endloop
  endfacet
  facet normal -0.980785 -0.195092 0
    outer loop
      vertex -4.64034 -0.610901 4.83
      vertex -4.5209 -1.21136 4.77
      vertex -4.5209 -1.21136 4.83
    endloop
  endfacet
  facet normal 0.442281 0.896877 -0
    outer loop
      vertex 2.34019 4.05333 4.77
      vertex 1.79109 4.32411 4.83
      vertex 2.34019 4.05333 4.83
    endloop
  endfacet
  facet normal 0.442281 0.896877 0
    outer loop
      vertex 1.79109 4.32411 4.83
      vertex 2.34019 4.05333 4.77
      vertex 1.79109 4.32411 4.77
    endloop
  endfacet
  facet normal -0.321437 0.946931 0
    outer loop
      vertex -1.21136 4.5209 4.77
      vertex -1.79109 4.32411 4.83
      vertex -1.21136 4.5209 4.83
    endloop
  endfacet
  facet normal -0.321437 0.946931 0
    outer loop
      vertex -1.79109 4.32411 4.83
      vertex -1.21136 4.5209 4.77
      vertex -1.79109 4.32411 4.77
    endloop
  endfacet
  facet normal -0.195092 0.980785 0
    outer loop
      vertex -0.610901 4.64034 4.77
      vertex -1.21136 4.5209 4.83
      vertex -0.610901 4.64034 4.83
    endloop
  endfacet
  facet normal -0.195092 0.980785 0
    outer loop
      vertex -1.21136 4.5209 4.83
      vertex -0.610901 4.64034 4.77
      vertex -1.21136 4.5209 4.77
    endloop
  endfacet
  facet normal -0.946931 -0.321437 0
    outer loop
      vertex -4.32411 -1.79109 4.77
      vertex -4.5209 -1.21136 4.83
      vertex -4.5209 -1.21136 4.77
    endloop
  endfacet
  facet normal -0.946931 -0.321437 0
    outer loop
      vertex -4.5209 -1.21136 4.83
      vertex -4.32411 -1.79109 4.77
      vertex -4.32411 -1.79109 4.83
    endloop
  endfacet
  facet normal -0.442281 0.896877 0
    outer loop
      vertex -1.79109 4.32411 4.77
      vertex -2.34019 4.05333 4.83
      vertex -1.79109 4.32411 4.83
    endloop
  endfacet
  facet normal -0.442281 0.896877 0
    outer loop
      vertex -2.34019 4.05333 4.83
      vertex -1.79109 4.32411 4.77
      vertex -2.34019 4.05333 4.77
    endloop
  endfacet
  facet normal 0.980785 0.195092 0
    outer loop
      vertex 4.64034 0.610901 4.83
      vertex 4.5209 1.21136 4.77
      vertex 4.5209 1.21136 4.83
    endloop
  endfacet
  facet normal 0.980785 0.195092 0
    outer loop
      vertex 4.5209 1.21136 4.77
      vertex 4.64034 0.610901 4.83
      vertex 4.64034 0.610901 4.77
    endloop
  endfacet
  facet normal 0.195092 -0.980785 0
    outer loop
      vertex 0.610901 -4.64034 4.77
      vertex 1.21136 -4.5209 4.83
      vertex 0.610901 -4.64034 4.83
    endloop
  endfacet
  facet normal 0.195092 -0.980785 0
    outer loop
      vertex 1.21136 -4.5209 4.83
      vertex 0.610901 -4.64034 4.77
      vertex 1.21136 -4.5209 4.77
    endloop
  endfacet
  facet normal 0.659369 -0.751819 0
    outer loop
      vertex 2.84924 -3.7132 4.77
      vertex 3.30952 -3.30952 4.83
      vertex 2.84924 -3.7132 4.83
    endloop
  endfacet
  facet normal 0.659369 -0.751819 0
    outer loop
      vertex 3.30952 -3.30952 4.83
      vertex 2.84924 -3.7132 4.77
      vertex 3.30952 -3.30952 4.77
    endloop
  endfacet
  facet normal -0.896877 -0.442281 0
    outer loop
      vertex -4.05333 -2.34019 4.77
      vertex -4.32411 -1.79109 4.83
      vertex -4.32411 -1.79109 4.77
    endloop
  endfacet
  facet normal -0.896877 -0.442281 0
    outer loop
      vertex -4.32411 -1.79109 4.83
      vertex -4.05333 -2.34019 4.77
      vertex -4.05333 -2.34019 4.83
    endloop
  endfacet
  facet normal -0.980785 0.195092 0
    outer loop
      vertex -4.64034 0.610901 4.77
      vertex -4.5209 1.21136 4.83
      vertex -4.5209 1.21136 4.77
    endloop
  endfacet
  facet normal -0.980785 0.195092 0
    outer loop
      vertex -4.5209 1.21136 4.83
      vertex -4.64034 0.610901 4.77
      vertex -4.64034 0.610901 4.83
    endloop
  endfacet
  facet normal 0.321437 -0.946931 0
    outer loop
      vertex 1.21136 -4.5209 4.77
      vertex 1.79109 -4.32411 4.83
      vertex 1.21136 -4.5209 4.83
    endloop
  endfacet
  facet normal 0.321437 -0.946931 0
    outer loop
      vertex 1.79109 -4.32411 4.83
      vertex 1.21136 -4.5209 4.77
      vertex 1.79109 -4.32411 4.77
    endloop
  endfacet
  facet normal 0.831474 -0.555563 0
    outer loop
      vertex 3.7132 -2.84924 4.83
      vertex 4.05333 -2.34019 4.77
      vertex 4.05333 -2.34019 4.83
    endloop
  endfacet
  facet normal 0.831474 -0.555563 0
    outer loop
      vertex 4.05333 -2.34019 4.77
      vertex 3.7132 -2.84924 4.83
      vertex 3.7132 -2.84924 4.77
    endloop
  endfacet
  facet normal 0.751819 -0.659369 0
    outer loop
      vertex 3.30952 -3.30952 4.83
      vertex 3.7132 -2.84924 4.77
      vertex 3.7132 -2.84924 4.83
    endloop
  endfacet
  facet normal 0.751819 -0.659369 0
    outer loop
      vertex 3.7132 -2.84924 4.77
      vertex 3.30952 -3.30952 4.83
      vertex 3.30952 -3.30952 4.77
    endloop
  endfacet
  facet normal 0.946931 -0.321437 0
    outer loop
      vertex 4.32411 -1.79109 4.83
      vertex 4.5209 -1.21136 4.77
      vertex 4.5209 -1.21136 4.83
    endloop
  endfacet
  facet normal 0.946931 -0.321437 0
    outer loop
      vertex 4.5209 -1.21136 4.77
      vertex 4.32411 -1.79109 4.83
      vertex 4.32411 -1.79109 4.77
    endloop
  endfacet
  facet normal 0.980785 -0.195092 0
    outer loop
      vertex 4.5209 -1.21136 4.83
      vertex 4.64034 -0.610901 4.77
      vertex 4.64034 -0.610901 4.83
    endloop
  endfacet
  facet normal 0.980785 -0.195092 0
    outer loop
      vertex 4.64034 -0.610901 4.77
      vertex 4.5209 -1.21136 4.83
      vertex 4.5209 -1.21136 4.77
    endloop
  endfacet
  facet normal 0.555563 0.831474 -0
    outer loop
      vertex 2.84924 3.7132 4.77
      vertex 2.34019 4.05333 4.83
      vertex 2.84924 3.7132 4.83
    endloop
  endfacet
  facet normal 0.555563 0.831474 0
    outer loop
      vertex 2.34019 4.05333 4.83
      vertex 2.84924 3.7132 4.77
      vertex 2.34019 4.05333 4.77
    endloop
  endfacet
  facet normal -0.751819 0.659369 0
    outer loop
      vertex -3.7132 2.84924 4.77
      vertex -3.30952 3.30952 4.83
      vertex -3.30952 3.30952 4.77
    endloop
  endfacet
  facet normal -0.751819 0.659369 0
    outer loop
      vertex -3.30952 3.30952 4.83
      vertex -3.7132 2.84924 4.77
      vertex -3.7132 2.84924 4.83
    endloop
  endfacet
  facet normal -0.831482 -0.555551 0
    outer loop
      vertex -3.6655 -2.81264 4.71
      vertex -4.00125 -2.31013 4.77
      vertex -4.00125 -2.31013 4.71
    endloop
  endfacet
  facet normal -0.831482 -0.555551 0
    outer loop
      vertex -4.00125 -2.31013 4.77
      vertex -3.6655 -2.81264 4.71
      vertex -3.6655 -2.81264 4.77
    endloop
  endfacet
  facet normal 0.321465 0.946922 -0
    outer loop
      vertex 1.76808 4.26855 4.71
      vertex 1.1958 4.46283 4.77
      vertex 1.76808 4.26855 4.77
    endloop
  endfacet
  facet normal 0.321465 0.946922 0
    outer loop
      vertex 1.1958 4.46283 4.77
      vertex 1.76808 4.26855 4.71
      vertex 1.1958 4.46283 4.71
    endloop
  endfacet
  facet normal -0.997859 -0.0654089 0
    outer loop
      vertex -4.58072 -0.603058 4.71
      vertex -4.62025 0 4.77
      vertex -4.62025 0 4.71
    endloop
  endfacet
  facet normal -0.997859 -0.0654089 0
    outer loop
      vertex -4.62025 0 4.77
      vertex -4.58072 -0.603058 4.71
      vertex -4.58072 -0.603058 4.77
    endloop
  endfacet
  facet normal 0.195068 0.98079 -0
    outer loop
      vertex 1.1958 4.46283 4.71
      vertex 0.603058 4.58072 4.77
      vertex 1.1958 4.46283 4.77
    endloop
  endfacet
  facet normal 0.195068 0.98079 0
    outer loop
      vertex 0.603058 4.58072 4.77
      vertex 1.1958 4.46283 4.71
      vertex 0.603058 4.58072 4.71
    endloop
  endfacet
  facet normal -0.195068 0.98079 0
    outer loop
      vertex -0.603058 4.58072 4.71
      vertex -1.1958 4.46283 4.77
      vertex -0.603058 4.58072 4.77
    endloop
  endfacet
  facet normal -0.195068 0.98079 0
    outer loop
      vertex -1.1958 4.46283 4.77
      vertex -0.603058 4.58072 4.71
      vertex -1.1958 4.46283 4.71
    endloop
  endfacet
  facet normal 0.442276 -0.896879 0
    outer loop
      vertex 1.76808 -4.26855 4.71
      vertex 2.31013 -4.00125 4.77
      vertex 1.76808 -4.26855 4.77
    endloop
  endfacet
  facet normal 0.442276 -0.896879 0
    outer loop
      vertex 2.31013 -4.00125 4.77
      vertex 1.76808 -4.26855 4.71
      vertex 2.31013 -4.00125 4.71
    endloop
  endfacet
  facet normal 0.0654089 0.997859 -0
    outer loop
      vertex 0.603058 4.58072 4.71
      vertex 0 4.62025 4.77
      vertex 0.603058 4.58072 4.77
    endloop
  endfacet
  facet normal 0.0654089 0.997859 0
    outer loop
      vertex 0 4.62025 4.77
      vertex 0.603058 4.58072 4.71
      vertex 0 4.62025 4.71
    endloop
  endfacet
  facet normal 0.0654089 -0.997859 0
    outer loop
      vertex 0 -4.62025 4.71
      vertex 0.603058 -4.58072 4.77
      vertex 0 -4.62025 4.77
    endloop
  endfacet
  facet normal 0.0654089 -0.997859 0
    outer loop
      vertex 0.603058 -4.58072 4.77
      vertex 0 -4.62025 4.71
      vertex 0.603058 -4.58072 4.71
    endloop
  endfacet
  facet normal 0.751825 0.659363 0
    outer loop
      vertex 3.6655 2.81264 4.77
      vertex 3.26701 3.26701 4.71
      vertex 3.26701 3.26701 4.77
    endloop
  endfacet
  facet normal 0.751825 0.659363 0
    outer loop
      vertex 3.26701 3.26701 4.71
      vertex 3.6655 2.81264 4.77
      vertex 3.6655 2.81264 4.71
    endloop
  endfacet
  facet normal -0.555551 -0.831482 0
    outer loop
      vertex -2.81264 -3.6655 4.71
      vertex -2.31013 -4.00125 4.77
      vertex -2.81264 -3.6655 4.77
    endloop
  endfacet
  facet normal -0.555551 -0.831482 -0
    outer loop
      vertex -2.31013 -4.00125 4.77
      vertex -2.81264 -3.6655 4.71
      vertex -2.31013 -4.00125 4.71
    endloop
  endfacet
  facet normal -0.896879 0.442276 0
    outer loop
      vertex -4.26855 1.76808 4.71
      vertex -4.00125 2.31013 4.77
      vertex -4.00125 2.31013 4.71
    endloop
  endfacet
  facet normal -0.896879 0.442276 0
    outer loop
      vertex -4.00125 2.31013 4.77
      vertex -4.26855 1.76808 4.71
      vertex -4.26855 1.76808 4.77
    endloop
  endfacet
  facet normal 0.896879 0.442276 0
    outer loop
      vertex 4.26855 1.76808 4.77
      vertex 4.00125 2.31013 4.71
      vertex 4.00125 2.31013 4.77
    endloop
  endfacet
  facet normal 0.896879 0.442276 0
    outer loop
      vertex 4.00125 2.31013 4.71
      vertex 4.26855 1.76808 4.77
      vertex 4.26855 1.76808 4.71
    endloop
  endfacet
  facet normal -0.442276 0.896879 0
    outer loop
      vertex -1.76808 4.26855 4.71
      vertex -2.31013 4.00125 4.77
      vertex -1.76808 4.26855 4.77
    endloop
  endfacet
  facet normal -0.442276 0.896879 0
    outer loop
      vertex -2.31013 4.00125 4.77
      vertex -1.76808 4.26855 4.71
      vertex -2.31013 4.00125 4.71
    endloop
  endfacet
  facet normal 0.555551 -0.831482 0
    outer loop
      vertex 2.31013 -4.00125 4.71
      vertex 2.81264 -3.6655 4.77
      vertex 2.31013 -4.00125 4.77
    endloop
  endfacet
  facet normal 0.555551 -0.831482 0
    outer loop
      vertex 2.81264 -3.6655 4.77
      vertex 2.31013 -4.00125 4.71
      vertex 2.81264 -3.6655 4.71
    endloop
  endfacet
  facet normal -0.946922 0.321465 0
    outer loop
      vertex -4.46283 1.1958 4.71
      vertex -4.26855 1.76808 4.77
      vertex -4.26855 1.76808 4.71
    endloop
  endfacet
  facet normal -0.946922 0.321465 0
    outer loop
      vertex -4.26855 1.76808 4.77
      vertex -4.46283 1.1958 4.71
      vertex -4.46283 1.1958 4.77
    endloop
  endfacet
  facet normal 0.997859 -0.0654089 0
    outer loop
      vertex 4.58072 -0.603058 4.77
      vertex 4.62025 0 4.71
      vertex 4.62025 0 4.77
    endloop
  endfacet
  facet normal 0.997859 -0.0654089 0
    outer loop
      vertex 4.62025 0 4.71
      vertex 4.58072 -0.603058 4.77
      vertex 4.58072 -0.603058 4.71
    endloop
  endfacet
  facet normal 0.659363 -0.751825 0
    outer loop
      vertex 2.81264 -3.6655 4.71
      vertex 3.26701 -3.26701 4.77
      vertex 2.81264 -3.6655 4.77
    endloop
  endfacet
  facet normal 0.659363 -0.751825 0
    outer loop
      vertex 3.26701 -3.26701 4.77
      vertex 2.81264 -3.6655 4.71
      vertex 3.26701 -3.26701 4.71
    endloop
  endfacet
  facet normal -0.195068 -0.98079 0
    outer loop
      vertex -1.1958 -4.46283 4.71
      vertex -0.603058 -4.58072 4.77
      vertex -1.1958 -4.46283 4.77
    endloop
  endfacet
  facet normal -0.195068 -0.98079 -0
    outer loop
      vertex -0.603058 -4.58072 4.77
      vertex -1.1958 -4.46283 4.71
      vertex -0.603058 -4.58072 4.71
    endloop
  endfacet
  facet normal -0.751825 0.659363 0
    outer loop
      vertex -3.6655 2.81264 4.71
      vertex -3.26701 3.26701 4.77
      vertex -3.26701 3.26701 4.71
    endloop
  endfacet
  facet normal -0.751825 0.659363 0
    outer loop
      vertex -3.26701 3.26701 4.77
      vertex -3.6655 2.81264 4.71
      vertex -3.6655 2.81264 4.77
    endloop
  endfacet
  facet normal -0.442276 -0.896879 0
    outer loop
      vertex -2.31013 -4.00125 4.71
      vertex -1.76808 -4.26855 4.77
      vertex -2.31013 -4.00125 4.77
    endloop
  endfacet
  facet normal -0.442276 -0.896879 -0
    outer loop
      vertex -1.76808 -4.26855 4.77
      vertex -2.31013 -4.00125 4.71
      vertex -1.76808 -4.26855 4.71
    endloop
  endfacet
  facet normal 0.98079 0.195068 0
    outer loop
      vertex 4.58072 0.603058 4.77
      vertex 4.46283 1.1958 4.71
      vertex 4.46283 1.1958 4.77
    endloop
  endfacet
  facet normal 0.98079 0.195068 0
    outer loop
      vertex 4.46283 1.1958 4.71
      vertex 4.58072 0.603058 4.77
      vertex 4.58072 0.603058 4.71
    endloop
  endfacet
  facet normal -0.831482 0.555551 0
    outer loop
      vertex -4.00125 2.31013 4.71
      vertex -3.6655 2.81264 4.77
      vertex -3.6655 2.81264 4.71
    endloop
  endfacet
  facet normal -0.831482 0.555551 0
    outer loop
      vertex -3.6655 2.81264 4.77
      vertex -4.00125 2.31013 4.71
      vertex -4.00125 2.31013 4.77
    endloop
  endfacet
  facet normal 0.195068 -0.98079 0
    outer loop
      vertex 0.603058 -4.58072 4.71
      vertex 1.1958 -4.46283 4.77
      vertex 0.603058 -4.58072 4.77
    endloop
  endfacet
  facet normal 0.195068 -0.98079 0
    outer loop
      vertex 1.1958 -4.46283 4.77
      vertex 0.603058 -4.58072 4.71
      vertex 1.1958 -4.46283 4.71
    endloop
  endfacet
  facet normal -0.555551 0.831482 0
    outer loop
      vertex -2.31013 4.00125 4.71
      vertex -2.81264 3.6655 4.77
      vertex -2.31013 4.00125 4.77
    endloop
  endfacet
  facet normal -0.555551 0.831482 0
    outer loop
      vertex -2.81264 3.6655 4.77
      vertex -2.31013 4.00125 4.71
      vertex -2.81264 3.6655 4.71
    endloop
  endfacet
  facet normal 0.997859 0.0654089 0
    outer loop
      vertex 4.62025 0 4.77
      vertex 4.58072 0.603058 4.71
      vertex 4.58072 0.603058 4.77
    endloop
  endfacet
  facet normal 0.997859 0.0654089 0
    outer loop
      vertex 4.58072 0.603058 4.71
      vertex 4.62025 0 4.77
      vertex 4.62025 0 4.71
    endloop
  endfacet
  facet normal -0.0654089 0.997859 0
    outer loop
      vertex 0 4.62025 4.71
      vertex -0.603058 4.58072 4.77
      vertex 0 4.62025 4.77
    endloop
  endfacet
  facet normal -0.0654089 0.997859 0
    outer loop
      vertex -0.603058 4.58072 4.77
      vertex 0 4.62025 4.71
      vertex -0.603058 4.58072 4.71
    endloop
  endfacet
  facet normal -0.659363 -0.751825 0
    outer loop
      vertex -3.26701 -3.26701 4.71
      vertex -2.81264 -3.6655 4.77
      vertex -3.26701 -3.26701 4.77
    endloop
  endfacet
  facet normal -0.659363 -0.751825 -0
    outer loop
      vertex -2.81264 -3.6655 4.77
      vertex -3.26701 -3.26701 4.71
      vertex -2.81264 -3.6655 4.71
    endloop
  endfacet
  facet normal -0.98079 0.195068 0
    outer loop
      vertex -4.58072 0.603058 4.71
      vertex -4.46283 1.1958 4.77
      vertex -4.46283 1.1958 4.71
    endloop
  endfacet
  facet normal -0.98079 0.195068 0
    outer loop
      vertex -4.46283 1.1958 4.77
      vertex -4.58072 0.603058 4.71
      vertex -4.58072 0.603058 4.77
    endloop
  endfacet
  facet normal -0.321465 -0.946922 0
    outer loop
      vertex -1.76808 -4.26855 4.71
      vertex -1.1958 -4.46283 4.77
      vertex -1.76808 -4.26855 4.77
    endloop
  endfacet
  facet normal -0.321465 -0.946922 -0
    outer loop
      vertex -1.1958 -4.46283 4.77
      vertex -1.76808 -4.26855 4.71
      vertex -1.1958 -4.46283 4.71
    endloop
  endfacet
  facet normal -0.0654089 -0.997859 0
    outer loop
      vertex -0.603058 -4.58072 4.71
      vertex 0 -4.62025 4.77
      vertex -0.603058 -4.58072 4.77
    endloop
  endfacet
  facet normal -0.0654089 -0.997859 -0
    outer loop
      vertex 0 -4.62025 4.77
      vertex -0.603058 -4.58072 4.71
      vertex 0 -4.62025 4.71
    endloop
  endfacet
  facet normal 0.659363 0.751825 -0
    outer loop
      vertex 3.26701 3.26701 4.71
      vertex 2.81264 3.6655 4.77
      vertex 3.26701 3.26701 4.77
    endloop
  endfacet
  facet normal 0.659363 0.751825 0
    outer loop
      vertex 2.81264 3.6655 4.77
      vertex 3.26701 3.26701 4.71
      vertex 2.81264 3.6655 4.71
    endloop
  endfacet
  facet normal -0.98079 -0.195068 0
    outer loop
      vertex -4.46283 -1.1958 4.71
      vertex -4.58072 -0.603058 4.77
      vertex -4.58072 -0.603058 4.71
    endloop
  endfacet
  facet normal -0.98079 -0.195068 0
    outer loop
      vertex -4.58072 -0.603058 4.77
      vertex -4.46283 -1.1958 4.71
      vertex -4.46283 -1.1958 4.77
    endloop
  endfacet
  facet normal -0.321465 0.946922 0
    outer loop
      vertex -1.1958 4.46283 4.71
      vertex -1.76808 4.26855 4.77
      vertex -1.1958 4.46283 4.77
    endloop
  endfacet
  facet normal -0.321465 0.946922 0
    outer loop
      vertex -1.76808 4.26855 4.77
      vertex -1.1958 4.46283 4.71
      vertex -1.76808 4.26855 4.71
    endloop
  endfacet
  facet normal -0.659363 0.751825 0
    outer loop
      vertex -2.81264 3.6655 4.71
      vertex -3.26701 3.26701 4.77
      vertex -2.81264 3.6655 4.77
    endloop
  endfacet
  facet normal -0.659363 0.751825 0
    outer loop
      vertex -3.26701 3.26701 4.77
      vertex -2.81264 3.6655 4.71
      vertex -3.26701 3.26701 4.71
    endloop
  endfacet
  facet normal 0.896879 -0.442276 0
    outer loop
      vertex 4.00125 -2.31013 4.77
      vertex 4.26855 -1.76808 4.71
      vertex 4.26855 -1.76808 4.77
    endloop
  endfacet
  facet normal 0.896879 -0.442276 0
    outer loop
      vertex 4.26855 -1.76808 4.71
      vertex 4.00125 -2.31013 4.77
      vertex 4.00125 -2.31013 4.71
    endloop
  endfacet
  facet normal -0.751825 -0.659363 0
    outer loop
      vertex -3.26701 -3.26701 4.71
      vertex -3.6655 -2.81264 4.77
      vertex -3.6655 -2.81264 4.71
    endloop
  endfacet
  facet normal -0.751825 -0.659363 0
    outer loop
      vertex -3.6655 -2.81264 4.77
      vertex -3.26701 -3.26701 4.71
      vertex -3.26701 -3.26701 4.77
    endloop
  endfacet
  facet normal 0.946922 0.321465 0
    outer loop
      vertex 4.46283 1.1958 4.77
      vertex 4.26855 1.76808 4.71
      vertex 4.26855 1.76808 4.77
    endloop
  endfacet
  facet normal 0.946922 0.321465 0
    outer loop
      vertex 4.26855 1.76808 4.71
      vertex 4.46283 1.1958 4.77
      vertex 4.46283 1.1958 4.71
    endloop
  endfacet
  facet normal 0 0 -1
    outer loop
      vertex 4.56013 0 4.71
      vertex 4.62025 0 4.71
      vertex 4.58072 -0.603058 4.71
    endloop
  endfacet
  facet normal 0 0 -1
    outer loop
      vertex 4.62025 0 4.71
      vertex 4.56013 0 4.71
      vertex 4.58072 0.603058 4.71
    endloop
  endfacet
  facet normal 0 0 -1
    outer loop
      vertex 4.58072 -0.603058 4.71
      vertex 4.5211 -0.5952 4.71
      vertex 4.56013 0 4.71
    endloop
  endfacet
  facet normal 0 0 -1
    outer loop
      vertex 4.46283 -1.1958 4.71
      vertex 4.5211 -0.5952 4.71
      vertex 4.58072 -0.603058 4.71
    endloop
  endfacet
  facet normal 0 0 -1
    outer loop
      vertex 4.46283 -1.1958 4.71
      vertex 4.40474 -1.18024 4.71
      vertex 4.5211 -0.5952 4.71
    endloop
  endfacet
  facet normal 0 0 -1
    outer loop
      vertex 4.26855 -1.76808 4.71
      vertex 4.40474 -1.18024 4.71
      vertex 4.46283 -1.1958 4.71
    endloop
  endfacet
  facet normal 0 0 -1
    outer loop
      vertex 4.26855 -1.76808 4.71
      vertex 4.21301 -1.74507 4.71
      vertex 4.40474 -1.18024 4.71
    endloop
  endfacet
  facet normal 0 0 -1
    outer loop
      vertex 4.00125 -2.31013 4.71
      vertex 4.21301 -1.74507 4.71
      vertex 4.26855 -1.76808 4.71
    endloop
  endfacet
  facet normal 0 0 -1
    outer loop
      vertex 4.00125 -2.31013 4.71
      vertex 3.94919 -2.28006 4.71
      vertex 4.21301 -1.74507 4.71
    endloop
  endfacet
  facet normal 0 0 -1
    outer loop
      vertex 3.6655 -2.81264 4.71
      vertex 3.94919 -2.28006 4.71
      vertex 4.00125 -2.31013 4.71
    endloop
  endfacet
  facet normal 0 0 -1
    outer loop
      vertex 3.6655 -2.81264 4.71
      vertex 3.61778 -2.77603 4.71
      vertex 3.94919 -2.28006 4.71
    endloop
  endfacet
  facet normal 0 0 -1
    outer loop
      vertex 3.26701 -3.26701 4.71
      vertex 3.61778 -2.77603 4.71
      vertex 3.6655 -2.81264 4.71
    endloop
  endfacet
  facet normal 0 0 -1
    outer loop
      vertex 3.26701 -3.26701 4.71
      vertex 3.22449 -3.22449 4.71
      vertex 3.61778 -2.77603 4.71
    endloop
  endfacet
  facet normal 0 0 -1
    outer loop
      vertex 2.81264 -3.6655 4.71
      vertex 3.22449 -3.22449 4.71
      vertex 3.26701 -3.26701 4.71
    endloop
  endfacet
  facet normal 0 0 -1
    outer loop
      vertex 2.81264 -3.6655 4.71
      vertex 2.77603 -3.61778 4.71
      vertex 3.22449 -3.22449 4.71
    endloop
  endfacet
  facet normal 0 0 -1
    outer loop
      vertex 2.31013 -4.00125 4.71
      vertex 2.77603 -3.61778 4.71
      vertex 2.81264 -3.6655 4.71
    endloop
  endfacet
  facet normal 0 0 -1
    outer loop
      vertex 2.31013 -4.00125 4.71
      vertex 2.28006 -3.94919 4.71
      vertex 2.77603 -3.61778 4.71
    endloop
  endfacet
  facet normal 0 0 -1
    outer loop
      vertex 1.76808 -4.26855 4.71
      vertex 2.28006 -3.94919 4.71
      vertex 2.31013 -4.00125 4.71
    endloop
  endfacet
  facet normal 0 0 -1
    outer loop
      vertex 1.76808 -4.26855 4.71
      vertex 1.74507 -4.21301 4.71
      vertex 2.28006 -3.94919 4.71
    endloop
  endfacet
  facet normal 0 0 -1
    outer loop
      vertex 1.1958 -4.46283 4.71
      vertex 1.74507 -4.21301 4.71
      vertex 1.76808 -4.26855 4.71
    endloop
  endfacet
  facet normal 0 0 -1
    outer loop
      vertex 1.1958 -4.46283 4.71
      vertex 1.18024 -4.40474 4.71
      vertex 1.74507 -4.21301 4.71
    endloop
  endfacet
  facet normal 0 0 -1
    outer loop
      vertex 0.603058 -4.58072 4.71
      vertex 1.18024 -4.40474 4.71
      vertex 1.1958 -4.46283 4.71
    endloop
  endfacet
  facet normal 0 0 -1
    outer loop
      vertex 0.603058 -4.58072 4.71
      vertex 0.5952 -4.5211 4.71
      vertex 1.18024 -4.40474 4.71
    endloop
  endfacet
  facet normal 0 0 -1
    outer loop
      vertex 0 -4.62025 4.71
      vertex 0.5952 -4.5211 4.71
      vertex 0.603058 -4.58072 4.71
    endloop
  endfacet
  facet normal 0 0 -1
    outer loop
      vertex 0 -4.62025 4.71
      vertex 0 -4.56013 4.71
      vertex 0.5952 -4.5211 4.71
    endloop
  endfacet
  facet normal 0 0 -1
    outer loop
      vertex 0 -4.62025 4.71
      vertex -0.5952 -4.5211 4.71
      vertex 0 -4.56013 4.71
    endloop
  endfacet
  facet normal 0 0 -1
    outer loop
      vertex -0.603058 -4.58072 4.71
      vertex -0.5952 -4.5211 4.71
      vertex 0 -4.62025 4.71
    endloop
  endfacet
  facet normal 0 0 -1
    outer loop
      vertex -0.603058 -4.58072 4.71
      vertex -1.18024 -4.40474 4.71
      vertex -0.5952 -4.5211 4.71
    endloop
  endfacet
  facet normal 0 0 -1
    outer loop
      vertex -1.1958 -4.46283 4.71
      vertex -1.18024 -4.40474 4.71
      vertex -0.603058 -4.58072 4.71
    endloop
  endfacet
  facet normal 0 0 -1
    outer loop
      vertex -1.1958 -4.46283 4.71
      vertex -1.74507 -4.21301 4.71
      vertex -1.18024 -4.40474 4.71
    endloop
  endfacet
  facet normal 0 0 -1
    outer loop
      vertex -1.76808 -4.26855 4.71
      vertex -1.74507 -4.21301 4.71
      vertex -1.1958 -4.46283 4.71
    endloop
  endfacet
  facet normal 0 0 -1
    outer loop
      vertex -1.76808 -4.26855 4.71
      vertex -2.28006 -3.94919 4.71
      vertex -1.74507 -4.21301 4.71
    endloop
  endfacet
  facet normal 0 0 -1
    outer loop
      vertex -2.31013 -4.00125 4.71
      vertex -2.28006 -3.94919 4.71
      vertex -1.76808 -4.26855 4.71
    endloop
  endfacet
  facet normal 0 0 -1
    outer loop
      vertex -2.31013 -4.00125 4.71
      vertex -2.77603 -3.61778 4.71
      vertex -2.28006 -3.94919 4.71
    endloop
  endfacet
  facet normal 0 0 -1
    outer loop
      vertex -2.81264 -3.6655 4.71
      vertex -2.77603 -3.61778 4.71
      vertex -2.31013 -4.00125 4.71
    endloop
  endfacet
  facet normal 0 0 -1
    outer loop
      vertex -2.81264 -3.6655 4.71
      vertex -3.22449 -3.22449 4.71
      vertex -2.77603 -3.61778 4.71
    endloop
  endfacet
  facet normal 0 0 -1
    outer loop
      vertex -3.26701 -3.26701 4.71
      vertex -3.22449 -3.22449 4.71
      vertex -2.81264 -3.6655 4.71
    endloop
  endfacet
  facet normal 0 0 -1
    outer loop
      vertex -3.26701 -3.26701 4.71
      vertex -3.61778 -2.77603 4.71
      vertex -3.22449 -3.22449 4.71
    endloop
  endfacet
  facet normal 0 0 -1
    outer loop
      vertex -3.6655 -2.81264 4.71
      vertex -3.61778 -2.77603 4.71
      vertex -3.26701 -3.26701 4.71
    endloop
  endfacet
  facet normal 0 0 -1
    outer loop
      vertex -3.6655 -2.81264 4.71
      vertex -3.94919 -2.28006 4.71
      vertex -3.61778 -2.77603 4.71
    endloop
  endfacet
  facet normal 0 0 -1
    outer loop
      vertex -4.00125 -2.31013 4.71
      vertex -3.94919 -2.28006 4.71
      vertex -3.6655 -2.81264 4.71
    endloop
  endfacet
  facet normal 0 0 -1
    outer loop
      vertex -4.00125 -2.31013 4.71
      vertex -4.21301 -1.74507 4.71
      vertex -3.94919 -2.28006 4.71
    endloop
  endfacet
  facet normal 0 0 -1
    outer loop
      vertex -4.26855 -1.76808 4.71
      vertex -4.21301 -1.74507 4.71
      vertex -4.00125 -2.31013 4.71
    endloop
  endfacet
  facet normal 0 0 -1
    outer loop
      vertex -4.26855 -1.76808 4.71
      vertex -4.40474 -1.18024 4.71
      vertex -4.21301 -1.74507 4.71
    endloop
  endfacet
  facet normal 0 0 -1
    outer loop
      vertex -4.46283 -1.1958 4.71
      vertex -4.40474 -1.18024 4.71
      vertex -4.26855 -1.76808 4.71
    endloop
  endfacet
  facet normal 0 0 -1
    outer loop
      vertex -4.46283 -1.1958 4.71
      vertex -4.5211 -0.5952 4.71
      vertex -4.40474 -1.18024 4.71
    endloop
  endfacet
  facet normal -0 0 -1
    outer loop
      vertex -4.5211 -0.5952 4.71
      vertex -4.58072 -0.603058 4.71
      vertex -4.56013 0 4.71
    endloop
  endfacet
  facet normal 0 0 -1
    outer loop
      vertex -4.58072 -0.603058 4.71
      vertex -4.5211 -0.5952 4.71
      vertex -4.46283 -1.1958 4.71
    endloop
  endfacet
  facet normal 0 0 -1
    outer loop
      vertex 4.5211 0.5952 4.71
      vertex 4.58072 0.603058 4.71
      vertex 4.56013 0 4.71
    endloop
  endfacet
  facet normal 0 0 -1
    outer loop
      vertex 4.5211 0.5952 4.71
      vertex 4.46283 1.1958 4.71
      vertex 4.58072 0.603058 4.71
    endloop
  endfacet
  facet normal 0 0 -1
    outer loop
      vertex 4.40474 1.18024 4.71
      vertex 4.46283 1.1958 4.71
      vertex 4.5211 0.5952 4.71
    endloop
  endfacet
  facet normal 0 0 -1
    outer loop
      vertex 4.40474 1.18024 4.71
      vertex 4.26855 1.76808 4.71
      vertex 4.46283 1.1958 4.71
    endloop
  endfacet
  facet normal 0 0 -1
    outer loop
      vertex 4.21301 1.74507 4.71
      vertex 4.26855 1.76808 4.71
      vertex 4.40474 1.18024 4.71
    endloop
  endfacet
  facet normal 0 0 -1
    outer loop
      vertex 4.21301 1.74507 4.71
      vertex 4.00125 2.31013 4.71
      vertex 4.26855 1.76808 4.71
    endloop
  endfacet
  facet normal 0 0 -1
    outer loop
      vertex 3.94919 2.28006 4.71
      vertex 4.00125 2.31013 4.71
      vertex 4.21301 1.74507 4.71
    endloop
  endfacet
  facet normal 0 0 -1
    outer loop
      vertex 3.94919 2.28006 4.71
      vertex 3.6655 2.81264 4.71
      vertex 4.00125 2.31013 4.71
    endloop
  endfacet
  facet normal 0 0 -1
    outer loop
      vertex 3.61778 2.77603 4.71
      vertex 3.6655 2.81264 4.71
      vertex 3.94919 2.28006 4.71
    endloop
  endfacet
  facet normal 0 0 -1
    outer loop
      vertex 3.61778 2.77603 4.71
      vertex 3.26701 3.26701 4.71
      vertex 3.6655 2.81264 4.71
    endloop
  endfacet
  facet normal 0 0 -1
    outer loop
      vertex 3.22449 3.22449 4.71
      vertex 3.26701 3.26701 4.71
      vertex 3.61778 2.77603 4.71
    endloop
  endfacet
  facet normal 0 0 -1
    outer loop
      vertex 3.22449 3.22449 4.71
      vertex 2.81264 3.6655 4.71
      vertex 3.26701 3.26701 4.71
    endloop
  endfacet
  facet normal 0 0 -1
    outer loop
      vertex 2.77603 3.61778 4.71
      vertex 2.81264 3.6655 4.71
      vertex 3.22449 3.22449 4.71
    endloop
  endfacet
  facet normal 0 0 -1
    outer loop
      vertex 2.77603 3.61778 4.71
      vertex 2.31013 4.00125 4.71
      vertex 2.81264 3.6655 4.71
    endloop
  endfacet
  facet normal 0 0 -1
    outer loop
      vertex 2.28006 3.94919 4.71
      vertex 2.31013 4.00125 4.71
      vertex 2.77603 3.61778 4.71
    endloop
  endfacet
  facet normal 0 0 -1
    outer loop
      vertex 2.28006 3.94919 4.71
      vertex 1.76808 4.26855 4.71
      vertex 2.31013 4.00125 4.71
    endloop
  endfacet
  facet normal 0 0 -1
    outer loop
      vertex 1.74507 4.21301 4.71
      vertex 1.76808 4.26855 4.71
      vertex 2.28006 3.94919 4.71
    endloop
  endfacet
  facet normal 0 0 -1
    outer loop
      vertex 1.74507 4.21301 4.71
      vertex 1.1958 4.46283 4.71
      vertex 1.76808 4.26855 4.71
    endloop
  endfacet
  facet normal 0 0 -1
    outer loop
      vertex 1.18024 4.40474 4.71
      vertex 1.1958 4.46283 4.71
      vertex 1.74507 4.21301 4.71
    endloop
  endfacet
  facet normal 0 0 -1
    outer loop
      vertex 1.18024 4.40474 4.71
      vertex 0.603058 4.58072 4.71
      vertex 1.1958 4.46283 4.71
    endloop
  endfacet
  facet normal 0 0 -1
    outer loop
      vertex 0.5952 4.5211 4.71
      vertex 0.603058 4.58072 4.71
      vertex 1.18024 4.40474 4.71
    endloop
  endfacet
  facet normal 0 0 -1
    outer loop
      vertex 0 4.56013 4.71
      vertex 0.603058 4.58072 4.71
      vertex 0.5952 4.5211 4.71
    endloop
  endfacet
  facet normal 0 0 -1
    outer loop
      vertex 0 4.56013 4.71
      vertex 0 4.62025 4.71
      vertex 0.603058 4.58072 4.71
    endloop
  endfacet
  facet normal 0 0 -1
    outer loop
      vertex -0.5952 4.5211 4.71
      vertex 0 4.62025 4.71
      vertex 0 4.56013 4.71
    endloop
  endfacet
  facet normal 0 0 -1
    outer loop
      vertex -0.5952 4.5211 4.71
      vertex -0.603058 4.58072 4.71
      vertex 0 4.62025 4.71
    endloop
  endfacet
  facet normal 0 0 -1
    outer loop
      vertex -1.18024 4.40474 4.71
      vertex -0.603058 4.58072 4.71
      vertex -0.5952 4.5211 4.71
    endloop
  endfacet
  facet normal 0 0 -1
    outer loop
      vertex -1.18024 4.40474 4.71
      vertex -1.1958 4.46283 4.71
      vertex -0.603058 4.58072 4.71
    endloop
  endfacet
  facet normal 0 0 -1
    outer loop
      vertex -1.74507 4.21301 4.71
      vertex -1.1958 4.46283 4.71
      vertex -1.18024 4.40474 4.71
    endloop
  endfacet
  facet normal 0 0 -1
    outer loop
      vertex -1.74507 4.21301 4.71
      vertex -1.76808 4.26855 4.71
      vertex -1.1958 4.46283 4.71
    endloop
  endfacet
  facet normal 0 0 -1
    outer loop
      vertex -2.28006 3.94919 4.71
      vertex -1.76808 4.26855 4.71
      vertex -1.74507 4.21301 4.71
    endloop
  endfacet
  facet normal 0 0 -1
    outer loop
      vertex -2.28006 3.94919 4.71
      vertex -2.31013 4.00125 4.71
      vertex -1.76808 4.26855 4.71
    endloop
  endfacet
  facet normal 0 0 -1
    outer loop
      vertex -2.77603 3.61778 4.71
      vertex -2.31013 4.00125 4.71
      vertex -2.28006 3.94919 4.71
    endloop
  endfacet
  facet normal 0 0 -1
    outer loop
      vertex -2.77603 3.61778 4.71
      vertex -2.81264 3.6655 4.71
      vertex -2.31013 4.00125 4.71
    endloop
  endfacet
  facet normal 0 0 -1
    outer loop
      vertex -3.22449 3.22449 4.71
      vertex -2.81264 3.6655 4.71
      vertex -2.77603 3.61778 4.71
    endloop
  endfacet
  facet normal 0 0 -1
    outer loop
      vertex -3.22449 3.22449 4.71
      vertex -3.26701 3.26701 4.71
      vertex -2.81264 3.6655 4.71
    endloop
  endfacet
  facet normal 0 0 -1
    outer loop
      vertex -3.61778 2.77603 4.71
      vertex -3.26701 3.26701 4.71
      vertex -3.22449 3.22449 4.71
    endloop
  endfacet
  facet normal 0 0 -1
    outer loop
      vertex -3.61778 2.77603 4.71
      vertex -3.6655 2.81264 4.71
      vertex -3.26701 3.26701 4.71
    endloop
  endfacet
  facet normal 0 0 -1
    outer loop
      vertex -3.94919 2.28006 4.71
      vertex -3.6655 2.81264 4.71
      vertex -3.61778 2.77603 4.71
    endloop
  endfacet
  facet normal 0 0 -1
    outer loop
      vertex -3.94919 2.28006 4.71
      vertex -4.00125 2.31013 4.71
      vertex -3.6655 2.81264 4.71
    endloop
  endfacet
  facet normal 0 0 -1
    outer loop
      vertex -4.21301 1.74507 4.71
      vertex -4.00125 2.31013 4.71
      vertex -3.94919 2.28006 4.71
    endloop
  endfacet
  facet normal 0 0 -1
    outer loop
      vertex -4.21301 1.74507 4.71
      vertex -4.26855 1.76808 4.71
      vertex -4.00125 2.31013 4.71
    endloop
  endfacet
  facet normal 0 0 -1
    outer loop
      vertex -4.40474 1.18024 4.71
      vertex -4.26855 1.76808 4.71
      vertex -4.21301 1.74507 4.71
    endloop
  endfacet
  facet normal 0 0 -1
    outer loop
      vertex -4.40474 1.18024 4.71
      vertex -4.46283 1.1958 4.71
      vertex -4.26855 1.76808 4.71
    endloop
  endfacet
  facet normal 0 0 -1
    outer loop
      vertex -4.5211 0.5952 4.71
      vertex -4.46283 1.1958 4.71
      vertex -4.40474 1.18024 4.71
    endloop
  endfacet
  facet normal 0 0 -1
    outer loop
      vertex -4.5211 0.5952 4.71
      vertex -4.58072 0.603058 4.71
      vertex -4.46283 1.1958 4.71
    endloop
  endfacet
  facet normal 0 0 -1
    outer loop
      vertex -4.56013 0 4.71
      vertex -4.58072 0.603058 4.71
      vertex -4.5211 0.5952 4.71
    endloop
  endfacet
  facet normal 0 0 -1
    outer loop
      vertex -4.62025 0 4.71
      vertex -4.56013 0 4.71
      vertex -4.58072 -0.603058 4.71
    endloop
  endfacet
  facet normal 0 0 -1
    outer loop
      vertex -4.56013 0 4.71
      vertex -4.62025 0 4.71
      vertex -4.58072 0.603058 4.71
    endloop
  endfacet
  facet normal -0.946922 -0.321465 0
    outer loop
      vertex -4.26855 -1.76808 4.71
      vertex -4.46283 -1.1958 4.77
      vertex -4.46283 -1.1958 4.71
    endloop
  endfacet
  facet normal -0.946922 -0.321465 0
    outer loop
      vertex -4.46283 -1.1958 4.77
      vertex -4.26855 -1.76808 4.71
      vertex -4.26855 -1.76808 4.77
    endloop
  endfacet
  facet normal -0.896879 -0.442276 0
    outer loop
      vertex -4.00125 -2.31013 4.71
      vertex -4.26855 -1.76808 4.77
      vertex -4.26855 -1.76808 4.71
    endloop
  endfacet
  facet normal -0.896879 -0.442276 0
    outer loop
      vertex -4.26855 -1.76808 4.77
      vertex -4.00125 -2.31013 4.71
      vertex -4.00125 -2.31013 4.77
    endloop
  endfacet
  facet normal 0.831482 0.555551 0
    outer loop
      vertex 4.00125 2.31013 4.77
      vertex 3.6655 2.81264 4.71
      vertex 3.6655 2.81264 4.77
    endloop
  endfacet
  facet normal 0.831482 0.555551 0
    outer loop
      vertex 3.6655 2.81264 4.71
      vertex 4.00125 2.31013 4.77
      vertex 4.00125 2.31013 4.71
    endloop
  endfacet
  facet normal 0.321465 -0.946922 0
    outer loop
      vertex 1.1958 -4.46283 4.71
      vertex 1.76808 -4.26855 4.77
      vertex 1.1958 -4.46283 4.77
    endloop
  endfacet
  facet normal 0.321465 -0.946922 0
    outer loop
      vertex 1.76808 -4.26855 4.77
      vertex 1.1958 -4.46283 4.71
      vertex 1.76808 -4.26855 4.71
    endloop
  endfacet
  facet normal 0.831482 -0.555551 0
    outer loop
      vertex 3.6655 -2.81264 4.77
      vertex 4.00125 -2.31013 4.71
      vertex 4.00125 -2.31013 4.77
    endloop
  endfacet
  facet normal 0.831482 -0.555551 0
    outer loop
      vertex 4.00125 -2.31013 4.71
      vertex 3.6655 -2.81264 4.77
      vertex 3.6655 -2.81264 4.71
    endloop
  endfacet
  facet normal 0.751825 -0.659363 0
    outer loop
      vertex 3.26701 -3.26701 4.77
      vertex 3.6655 -2.81264 4.71
      vertex 3.6655 -2.81264 4.77
    endloop
  endfacet
  facet normal 0.751825 -0.659363 0
    outer loop
      vertex 3.6655 -2.81264 4.71
      vertex 3.26701 -3.26701 4.77
      vertex 3.26701 -3.26701 4.71
    endloop
  endfacet
  facet normal 0.946922 -0.321465 0
    outer loop
      vertex 4.26855 -1.76808 4.77
      vertex 4.46283 -1.1958 4.71
      vertex 4.46283 -1.1958 4.77
    endloop
  endfacet
  facet normal 0.946922 -0.321465 0
    outer loop
      vertex 4.46283 -1.1958 4.71
      vertex 4.26855 -1.76808 4.77
      vertex 4.26855 -1.76808 4.71
    endloop
  endfacet
  facet normal 0.98079 -0.195068 0
    outer loop
      vertex 4.46283 -1.1958 4.77
      vertex 4.58072 -0.603058 4.71
      vertex 4.58072 -0.603058 4.77
    endloop
  endfacet
  facet normal 0.98079 -0.195068 0
    outer loop
      vertex 4.58072 -0.603058 4.71
      vertex 4.46283 -1.1958 4.77
      vertex 4.46283 -1.1958 4.71
    endloop
  endfacet
  facet normal 0.555551 0.831482 -0
    outer loop
      vertex 2.81264 3.6655 4.71
      vertex 2.31013 4.00125 4.77
      vertex 2.81264 3.6655 4.77
    endloop
  endfacet
  facet normal 0.555551 0.831482 0
    outer loop
      vertex 2.31013 4.00125 4.77
      vertex 2.81264 3.6655 4.71
      vertex 2.31013 4.00125 4.71
    endloop
  endfacet
  facet normal -0.997859 0.0654089 0
    outer loop
      vertex -4.62025 0 4.71
      vertex -4.58072 0.603058 4.77
      vertex -4.58072 0.603058 4.71
    endloop
  endfacet
  facet normal -0.997859 0.0654089 0
    outer loop
      vertex -4.58072 0.603058 4.77
      vertex -4.62025 0 4.71
      vertex -4.62025 0 4.77
    endloop
  endfacet
  facet normal 0.442276 0.896879 -0
    outer loop
      vertex 2.31013 4.00125 4.71
      vertex 1.76808 4.26855 4.77
      vertex 2.31013 4.00125 4.77
    endloop
  endfacet
  facet normal 0.442276 0.896879 0
    outer loop
      vertex 1.76808 4.26855 4.77
      vertex 2.31013 4.00125 4.71
      vertex 1.76808 4.26855 4.71
    endloop
  endfacet
  facet normal -0.980789 -0.195071 0
    outer loop
      vertex -4.40474 -1.18024 4.65
      vertex -4.5211 -0.5952 4.71
      vertex -4.5211 -0.5952 4.65
    endloop
  endfacet
  facet normal -0.980789 -0.195071 0
    outer loop
      vertex -4.5211 -0.5952 4.71
      vertex -4.40474 -1.18024 4.65
      vertex -4.40474 -1.18024 4.71
    endloop
  endfacet
  facet normal 0.442278 0.896878 -0
    outer loop
      vertex 2.28006 3.94919 4.65
      vertex 1.74507 4.21301 4.71
      vertex 2.28006 3.94919 4.71
    endloop
  endfacet
  facet normal 0.442278 0.896878 0
    outer loop
      vertex 1.74507 4.21301 4.71
      vertex 2.28006 3.94919 4.65
      vertex 1.74507 4.21301 4.65
    endloop
  endfacet
  facet normal -0.195071 -0.980789 0
    outer loop
      vertex -1.18024 -4.40474 4.65
      vertex -0.5952 -4.5211 4.71
      vertex -1.18024 -4.40474 4.71
    endloop
  endfacet
  facet normal -0.195071 -0.980789 -0
    outer loop
      vertex -0.5952 -4.5211 4.71
      vertex -1.18024 -4.40474 4.65
      vertex -0.5952 -4.5211 4.65
    endloop
  endfacet
  facet normal 0.195071 0.980789 -0
    outer loop
      vertex 1.18024 4.40474 4.65
      vertex 0.5952 4.5211 4.71
      vertex 1.18024 4.40474 4.71
    endloop
  endfacet
  facet normal 0.195071 0.980789 0
    outer loop
      vertex 0.5952 4.5211 4.71
      vertex 1.18024 4.40474 4.65
      vertex 0.5952 4.5211 4.65
    endloop
  endfacet
  facet normal -0.555586 0.831459 0
    outer loop
      vertex -2.28006 3.94919 4.65
      vertex -2.77603 3.61778 4.71
      vertex -2.28006 3.94919 4.71
    endloop
  endfacet
  facet normal -0.555586 0.831459 0
    outer loop
      vertex -2.77603 3.61778 4.71
      vertex -2.28006 3.94919 4.65
      vertex -2.77603 3.61778 4.65
    endloop
  endfacet
  facet normal -0.831459 0.555586 0
    outer loop
      vertex -3.94919 2.28006 4.65
      vertex -3.61778 2.77603 4.71
      vertex -3.61778 2.77603 4.65
    endloop
  endfacet
  facet normal -0.831459 0.555586 0
    outer loop
      vertex -3.61778 2.77603 4.71
      vertex -3.94919 2.28006 4.65
      vertex -3.94919 2.28006 4.71
    endloop
  endfacet
  facet normal 0 0 -1
    outer loop
      vertex 4.5 0 4.65
      vertex 4.56013 0 4.65
      vertex 4.5211 -0.5952 4.65
    endloop
  endfacet
  facet normal 0 0 -1
    outer loop
      vertex 4.56013 0 4.65
      vertex 4.5 0 4.65
      vertex 4.5211 0.5952 4.65
    endloop
  endfacet
  facet normal 0 0 -1
    outer loop
      vertex 4.5211 -0.5952 4.65
      vertex 4.4615 -0.587367 4.65
      vertex 4.5 0 4.65
    endloop
  endfacet
  facet normal 0 0 -1
    outer loop
      vertex 4.40474 -1.18024 4.65
      vertex 4.4615 -0.587367 4.65
      vertex 4.5211 -0.5952 4.65
    endloop
  endfacet
  facet normal 0 0 -1
    outer loop
      vertex 4.40474 -1.18024 4.65
      vertex 4.34667 -1.16469 4.65
      vertex 4.4615 -0.587367 4.65
    endloop
  endfacet
  facet normal 0 0 -1
    outer loop
      vertex 4.21301 -1.74507 4.65
      vertex 4.34667 -1.16469 4.65
      vertex 4.40474 -1.18024 4.65
    endloop
  endfacet
  facet normal 0 0 -1
    outer loop
      vertex 4.21301 -1.74507 4.65
      vertex 4.15746 -1.72207 4.65
      vertex 4.34667 -1.16469 4.65
    endloop
  endfacet
  facet normal 0 0 -1
    outer loop
      vertex 3.94919 -2.28006 4.65
      vertex 4.15746 -1.72207 4.65
      vertex 4.21301 -1.74507 4.65
    endloop
  endfacet
  facet normal 0 0 -1
    outer loop
      vertex 3.94919 -2.28006 4.65
      vertex 3.89711 -2.25 4.65
      vertex 4.15746 -1.72207 4.65
    endloop
  endfacet
  facet normal 0 0 -1
    outer loop
      vertex 3.61778 -2.77603 4.65
      vertex 3.89711 -2.25 4.65
      vertex 3.94919 -2.28006 4.65
    endloop
  endfacet
  facet normal 0 0 -1
    outer loop
      vertex 3.61778 -2.77603 4.65
      vertex 3.57009 -2.73943 4.65
      vertex 3.89711 -2.25 4.65
    endloop
  endfacet
  facet normal 0 0 -1
    outer loop
      vertex 3.22449 -3.22449 4.65
      vertex 3.57009 -2.73943 4.65
      vertex 3.61778 -2.77603 4.65
    endloop
  endfacet
  facet normal 0 0 -1
    outer loop
      vertex 3.22449 -3.22449 4.65
      vertex 3.18198 -3.18198 4.65
      vertex 3.57009 -2.73943 4.65
    endloop
  endfacet
  facet normal 0 0 -1
    outer loop
      vertex 2.77603 -3.61778 4.65
      vertex 3.18198 -3.18198 4.65
      vertex 3.22449 -3.22449 4.65
    endloop
  endfacet
  facet normal 0 0 -1
    outer loop
      vertex 2.77603 -3.61778 4.65
      vertex 2.73943 -3.57009 4.65
      vertex 3.18198 -3.18198 4.65
    endloop
  endfacet
  facet normal 0 0 -1
    outer loop
      vertex 2.28006 -3.94919 4.65
      vertex 2.73943 -3.57009 4.65
      vertex 2.77603 -3.61778 4.65
    endloop
  endfacet
  facet normal 0 0 -1
    outer loop
      vertex 2.28006 -3.94919 4.65
      vertex 2.25 -3.89711 4.65
      vertex 2.73943 -3.57009 4.65
    endloop
  endfacet
  facet normal 0 0 -1
    outer loop
      vertex 1.74507 -4.21301 4.65
      vertex 2.25 -3.89711 4.65
      vertex 2.28006 -3.94919 4.65
    endloop
  endfacet
  facet normal 0 0 -1
    outer loop
      vertex 1.74507 -4.21301 4.65
      vertex 1.72207 -4.15746 4.65
      vertex 2.25 -3.89711 4.65
    endloop
  endfacet
  facet normal 0 0 -1
    outer loop
      vertex 1.18024 -4.40474 4.65
      vertex 1.72207 -4.15746 4.65
      vertex 1.74507 -4.21301 4.65
    endloop
  endfacet
  facet normal 0 0 -1
    outer loop
      vertex 1.18024 -4.40474 4.65
      vertex 1.16469 -4.34667 4.65
      vertex 1.72207 -4.15746 4.65
    endloop
  endfacet
  facet normal 0 0 -1
    outer loop
      vertex 0.5952 -4.5211 4.65
      vertex 1.16469 -4.34667 4.65
      vertex 1.18024 -4.40474 4.65
    endloop
  endfacet
  facet normal 0 0 -1
    outer loop
      vertex 0.5952 -4.5211 4.65
      vertex 0.587367 -4.4615 4.65
      vertex 1.16469 -4.34667 4.65
    endloop
  endfacet
  facet normal 0 0 -1
    outer loop
      vertex 0 -4.56013 4.65
      vertex 0.587367 -4.4615 4.65
      vertex 0.5952 -4.5211 4.65
    endloop
  endfacet
  facet normal 0 0 -1
    outer loop
      vertex 0 -4.56013 4.65
      vertex 0 -4.5 4.65
      vertex 0.587367 -4.4615 4.65
    endloop
  endfacet
  facet normal 0 0 -1
    outer loop
      vertex 0 -4.56013 4.65
      vertex -0.587367 -4.4615 4.65
      vertex 0 -4.5 4.65
    endloop
  endfacet
  facet normal 0 0 -1
    outer loop
      vertex -0.5952 -4.5211 4.65
      vertex -0.587367 -4.4615 4.65
      vertex 0 -4.56013 4.65
    endloop
  endfacet
  facet normal 0 0 -1
    outer loop
      vertex -0.5952 -4.5211 4.65
      vertex -1.16469 -4.34667 4.65
      vertex -0.587367 -4.4615 4.65
    endloop
  endfacet
  facet normal 0 0 -1
    outer loop
      vertex -1.18024 -4.40474 4.65
      vertex -1.16469 -4.34667 4.65
      vertex -0.5952 -4.5211 4.65
    endloop
  endfacet
  facet normal 0 0 -1
    outer loop
      vertex -1.18024 -4.40474 4.65
      vertex -1.72207 -4.15746 4.65
      vertex -1.16469 -4.34667 4.65
    endloop
  endfacet
  facet normal 0 0 -1
    outer loop
      vertex -1.74507 -4.21301 4.65
      vertex -1.72207 -4.15746 4.65
      vertex -1.18024 -4.40474 4.65
    endloop
  endfacet
  facet normal 0 0 -1
    outer loop
      vertex -1.74507 -4.21301 4.65
      vertex -2.25 -3.89711 4.65
      vertex -1.72207 -4.15746 4.65
    endloop
  endfacet
  facet normal 0 0 -1
    outer loop
      vertex -2.28006 -3.94919 4.65
      vertex -2.25 -3.89711 4.65
      vertex -1.74507 -4.21301 4.65
    endloop
  endfacet
  facet normal 0 0 -1
    outer loop
      vertex -2.28006 -3.94919 4.65
      vertex -2.73943 -3.57009 4.65
      vertex -2.25 -3.89711 4.65
    endloop
  endfacet
  facet normal 0 0 -1
    outer loop
      vertex -2.77603 -3.61778 4.65
      vertex -2.73943 -3.57009 4.65
      vertex -2.28006 -3.94919 4.65
    endloop
  endfacet
  facet normal 0 0 -1
    outer loop
      vertex -2.77603 -3.61778 4.65
      vertex -3.18198 -3.18198 4.65
      vertex -2.73943 -3.57009 4.65
    endloop
  endfacet
  facet normal 0 0 -1
    outer loop
      vertex -3.22449 -3.22449 4.65
      vertex -3.18198 -3.18198 4.65
      vertex -2.77603 -3.61778 4.65
    endloop
  endfacet
  facet normal 0 0 -1
    outer loop
      vertex -3.22449 -3.22449 4.65
      vertex -3.57009 -2.73943 4.65
      vertex -3.18198 -3.18198 4.65
    endloop
  endfacet
  facet normal 0 0 -1
    outer loop
      vertex -3.61778 -2.77603 4.65
      vertex -3.57009 -2.73943 4.65
      vertex -3.22449 -3.22449 4.65
    endloop
  endfacet
  facet normal 0 0 -1
    outer loop
      vertex -3.61778 -2.77603 4.65
      vertex -3.89711 -2.25 4.65
      vertex -3.57009 -2.73943 4.65
    endloop
  endfacet
  facet normal 0 0 -1
    outer loop
      vertex -3.94919 -2.28006 4.65
      vertex -3.89711 -2.25 4.65
      vertex -3.61778 -2.77603 4.65
    endloop
  endfacet
  facet normal 0 0 -1
    outer loop
      vertex -3.94919 -2.28006 4.65
      vertex -4.15746 -1.72207 4.65
      vertex -3.89711 -2.25 4.65
    endloop
  endfacet
  facet normal 0 0 -1
    outer loop
      vertex -4.21301 -1.74507 4.65
      vertex -4.15746 -1.72207 4.65
      vertex -3.94919 -2.28006 4.65
    endloop
  endfacet
  facet normal 0 0 -1
    outer loop
      vertex -4.21301 -1.74507 4.65
      vertex -4.34667 -1.16469 4.65
      vertex -4.15746 -1.72207 4.65
    endloop
  endfacet
  facet normal 0 0 -1
    outer loop
      vertex -4.40474 -1.18024 4.65
      vertex -4.34667 -1.16469 4.65
      vertex -4.21301 -1.74507 4.65
    endloop
  endfacet
  facet normal 0 0 -1
    outer loop
      vertex -4.40474 -1.18024 4.65
      vertex -4.4615 -0.587367 4.65
      vertex -4.34667 -1.16469 4.65
    endloop
  endfacet
  facet normal -0 0 -1
    outer loop
      vertex -4.4615 -0.587367 4.65
      vertex -4.5211 -0.5952 4.65
      vertex -4.5 0 4.65
    endloop
  endfacet
  facet normal 0 0 -1
    outer loop
      vertex -4.5211 -0.5952 4.65
      vertex -4.4615 -0.587367 4.65
      vertex -4.40474 -1.18024 4.65
    endloop
  endfacet
  facet normal 0 0 -1
    outer loop
      vertex 4.4615 0.587367 4.65
      vertex 4.5211 0.5952 4.65
      vertex 4.5 0 4.65
    endloop
  endfacet
  facet normal 0 0 -1
    outer loop
      vertex 4.4615 0.587367 4.65
      vertex 4.40474 1.18024 4.65
      vertex 4.5211 0.5952 4.65
    endloop
  endfacet
  facet normal 0 0 -1
    outer loop
      vertex 4.34667 1.16469 4.65
      vertex 4.40474 1.18024 4.65
      vertex 4.4615 0.587367 4.65
    endloop
  endfacet
  facet normal 0 0 -1
    outer loop
      vertex 4.34667 1.16469 4.65
      vertex 4.21301 1.74507 4.65
      vertex 4.40474 1.18024 4.65
    endloop
  endfacet
  facet normal 0 0 -1
    outer loop
      vertex 4.15746 1.72207 4.65
      vertex 4.21301 1.74507 4.65
      vertex 4.34667 1.16469 4.65
    endloop
  endfacet
  facet normal 0 0 -1
    outer loop
      vertex 4.15746 1.72207 4.65
      vertex 3.94919 2.28006 4.65
      vertex 4.21301 1.74507 4.65
    endloop
  endfacet
  facet normal 0 0 -1
    outer loop
      vertex 3.89711 2.25 4.65
      vertex 3.94919 2.28006 4.65
      vertex 4.15746 1.72207 4.65
    endloop
  endfacet
  facet normal 0 0 -1
    outer loop
      vertex 3.89711 2.25 4.65
      vertex 3.61778 2.77603 4.65
      vertex 3.94919 2.28006 4.65
    endloop
  endfacet
  facet normal 0 0 -1
    outer loop
      vertex 3.57009 2.73943 4.65
      vertex 3.61778 2.77603 4.65
      vertex 3.89711 2.25 4.65
    endloop
  endfacet
  facet normal 0 0 -1
    outer loop
      vertex 3.57009 2.73943 4.65
      vertex 3.22449 3.22449 4.65
      vertex 3.61778 2.77603 4.65
    endloop
  endfacet
  facet normal 0 0 -1
    outer loop
      vertex 3.18198 3.18198 4.65
      vertex 3.22449 3.22449 4.65
      vertex 3.57009 2.73943 4.65
    endloop
  endfacet
  facet normal 0 0 -1
    outer loop
      vertex 3.18198 3.18198 4.65
      vertex 2.77603 3.61778 4.65
      vertex 3.22449 3.22449 4.65
    endloop
  endfacet
  facet normal 0 0 -1
    outer loop
      vertex 2.73943 3.57009 4.65
      vertex 2.77603 3.61778 4.65
      vertex 3.18198 3.18198 4.65
    endloop
  endfacet
  facet normal 0 0 -1
    outer loop
      vertex 2.73943 3.57009 4.65
      vertex 2.28006 3.94919 4.65
      vertex 2.77603 3.61778 4.65
    endloop
  endfacet
  facet normal 0 0 -1
    outer loop
      vertex 2.25 3.89711 4.65
      vertex 2.28006 3.94919 4.65
      vertex 2.73943 3.57009 4.65
    endloop
  endfacet
  facet normal 0 0 -1
    outer loop
      vertex 2.25 3.89711 4.65
      vertex 1.74507 4.21301 4.65
      vertex 2.28006 3.94919 4.65
    endloop
  endfacet
  facet normal 0 0 -1
    outer loop
      vertex 1.72207 4.15746 4.65
      vertex 1.74507 4.21301 4.65
      vertex 2.25 3.89711 4.65
    endloop
  endfacet
  facet normal 0 0 -1
    outer loop
      vertex 1.72207 4.15746 4.65
      vertex 1.18024 4.40474 4.65
      vertex 1.74507 4.21301 4.65
    endloop
  endfacet
  facet normal 0 0 -1
    outer loop
      vertex 1.16469 4.34667 4.65
      vertex 1.18024 4.40474 4.65
      vertex 1.72207 4.15746 4.65
    endloop
  endfacet
  facet normal 0 0 -1
    outer loop
      vertex 1.16469 4.34667 4.65
      vertex 0.5952 4.5211 4.65
      vertex 1.18024 4.40474 4.65
    endloop
  endfacet
  facet normal 0 0 -1
    outer loop
      vertex 0.587367 4.4615 4.65
      vertex 0.5952 4.5211 4.65
      vertex 1.16469 4.34667 4.65
    endloop
  endfacet
  facet normal 0 0 -1
    outer loop
      vertex 0 4.5 4.65
      vertex 0.5952 4.5211 4.65
      vertex 0.587367 4.4615 4.65
    endloop
  endfacet
  facet normal 0 0 -1
    outer loop
      vertex 0 4.5 4.65
      vertex 0 4.56013 4.65
      vertex 0.5952 4.5211 4.65
    endloop
  endfacet
  facet normal 0 0 -1
    outer loop
      vertex -0.587367 4.4615 4.65
      vertex 0 4.56013 4.65
      vertex 0 4.5 4.65
    endloop
  endfacet
  facet normal 0 0 -1
    outer loop
      vertex -0.587367 4.4615 4.65
      vertex -0.5952 4.5211 4.65
      vertex 0 4.56013 4.65
    endloop
  endfacet
  facet normal 0 0 -1
    outer loop
      vertex -1.16469 4.34667 4.65
      vertex -0.5952 4.5211 4.65
      vertex -0.587367 4.4615 4.65
    endloop
  endfacet
  facet normal 0 0 -1
    outer loop
      vertex -1.16469 4.34667 4.65
      vertex -1.18024 4.40474 4.65
      vertex -0.5952 4.5211 4.65
    endloop
  endfacet
  facet normal 0 0 -1
    outer loop
      vertex -1.72207 4.15746 4.65
      vertex -1.18024 4.40474 4.65
      vertex -1.16469 4.34667 4.65
    endloop
  endfacet
  facet normal 0 0 -1
    outer loop
      vertex -1.72207 4.15746 4.65
      vertex -1.74507 4.21301 4.65
      vertex -1.18024 4.40474 4.65
    endloop
  endfacet
  facet normal 0 0 -1
    outer loop
      vertex -2.25 3.89711 4.65
      vertex -1.74507 4.21301 4.65
      vertex -1.72207 4.15746 4.65
    endloop
  endfacet
  facet normal 0 0 -1
    outer loop
      vertex -2.25 3.89711 4.65
      vertex -2.28006 3.94919 4.65
      vertex -1.74507 4.21301 4.65
    endloop
  endfacet
  facet normal 0 0 -1
    outer loop
      vertex -2.73943 3.57009 4.65
      vertex -2.28006 3.94919 4.65
      vertex -2.25 3.89711 4.65
    endloop
  endfacet
  facet normal 0 0 -1
    outer loop
      vertex -2.73943 3.57009 4.65
      vertex -2.77603 3.61778 4.65
      vertex -2.28006 3.94919 4.65
    endloop
  endfacet
  facet normal 0 0 -1
    outer loop
      vertex -3.18198 3.18198 4.65
      vertex -2.77603 3.61778 4.65
      vertex -2.73943 3.57009 4.65
    endloop
  endfacet
  facet normal 0 0 -1
    outer loop
      vertex -3.18198 3.18198 4.65
      vertex -3.22449 3.22449 4.65
      vertex -2.77603 3.61778 4.65
    endloop
  endfacet
  facet normal 0 0 -1
    outer loop
      vertex -3.57009 2.73943 4.65
      vertex -3.22449 3.22449 4.65
      vertex -3.18198 3.18198 4.65
    endloop
  endfacet
  facet normal 0 0 -1
    outer loop
      vertex -3.57009 2.73943 4.65
      vertex -3.61778 2.77603 4.65
      vertex -3.22449 3.22449 4.65
    endloop
  endfacet
  facet normal 0 0 -1
    outer loop
      vertex -3.89711 2.25 4.65
      vertex -3.61778 2.77603 4.65
      vertex -3.57009 2.73943 4.65
    endloop
  endfacet
  facet normal 0 0 -1
    outer loop
      vertex -3.89711 2.25 4.65
      vertex -3.94919 2.28006 4.65
      vertex -3.61778 2.77603 4.65
    endloop
  endfacet
  facet normal 0 0 -1
    outer loop
      vertex -4.15746 1.72207 4.65
      vertex -3.94919 2.28006 4.65
      vertex -3.89711 2.25 4.65
    endloop
  endfacet
  facet normal 0 0 -1
    outer loop
      vertex -4.15746 1.72207 4.65
      vertex -4.21301 1.74507 4.65
      vertex -3.94919 2.28006 4.65
    endloop
  endfacet
  facet normal 0 0 -1
    outer loop
      vertex -4.34667 1.16469 4.65
      vertex -4.21301 1.74507 4.65
      vertex -4.15746 1.72207 4.65
    endloop
  endfacet
  facet normal 0 0 -1
    outer loop
      vertex -4.34667 1.16469 4.65
      vertex -4.40474 1.18024 4.65
      vertex -4.21301 1.74507 4.65
    endloop
  endfacet
  facet normal 0 0 -1
    outer loop
      vertex -4.4615 0.587367 4.65
      vertex -4.40474 1.18024 4.65
      vertex -4.34667 1.16469 4.65
    endloop
  endfacet
  facet normal 0 0 -1
    outer loop
      vertex -4.4615 0.587367 4.65
      vertex -4.5211 0.5952 4.65
      vertex -4.40474 1.18024 4.65
    endloop
  endfacet
  facet normal 0 0 -1
    outer loop
      vertex -4.5 0 4.65
      vertex -4.5211 0.5952 4.65
      vertex -4.4615 0.587367 4.65
    endloop
  endfacet
  facet normal 0 0 -1
    outer loop
      vertex -4.56013 0 4.65
      vertex -4.5 0 4.65
      vertex -4.5211 -0.5952 4.65
    endloop
  endfacet
  facet normal 0 0 -1
    outer loop
      vertex -4.5 0 4.65
      vertex -4.56013 0 4.65
      vertex -4.5211 0.5952 4.65
    endloop
  endfacet
  facet normal 0.0654341 0.997857 -0
    outer loop
      vertex 0.5952 4.5211 4.65
      vertex 0 4.56013 4.71
      vertex 0.5952 4.5211 4.71
    endloop
  endfacet
  facet normal 0.0654341 0.997857 0
    outer loop
      vertex 0 4.56013 4.71
      vertex 0.5952 4.5211 4.65
      vertex 0 4.56013 4.65
    endloop
  endfacet
  facet normal 0.896878 0.442278 0
    outer loop
      vertex 4.21301 1.74507 4.71
      vertex 3.94919 2.28006 4.65
      vertex 3.94919 2.28006 4.71
    endloop
  endfacet
  facet normal 0.896878 0.442278 0
    outer loop
      vertex 3.94919 2.28006 4.65
      vertex 4.21301 1.74507 4.71
      vertex 4.21301 1.74507 4.65
    endloop
  endfacet
  facet normal -0.896878 0.442278 0
    outer loop
      vertex -4.21301 1.74507 4.65
      vertex -3.94919 2.28006 4.71
      vertex -3.94919 2.28006 4.65
    endloop
  endfacet
  facet normal -0.896878 0.442278 0
    outer loop
      vertex -3.94919 2.28006 4.71
      vertex -4.21301 1.74507 4.65
      vertex -4.21301 1.74507 4.71
    endloop
  endfacet
  facet normal -0.0654341 -0.997857 0
    outer loop
      vertex -0.5952 -4.5211 4.65
      vertex 0 -4.56013 4.71
      vertex -0.5952 -4.5211 4.71
    endloop
  endfacet
  facet normal -0.0654341 -0.997857 -0
    outer loop
      vertex 0 -4.56013 4.71
      vertex -0.5952 -4.5211 4.65
      vertex 0 -4.56013 4.65
    endloop
  endfacet
  facet normal -0.442278 -0.896878 0
    outer loop
      vertex -2.28006 -3.94919 4.65
      vertex -1.74507 -4.21301 4.71
      vertex -2.28006 -3.94919 4.71
    endloop
  endfacet
  facet normal -0.442278 -0.896878 -0
    outer loop
      vertex -1.74507 -4.21301 4.71
      vertex -2.28006 -3.94919 4.65
      vertex -1.74507 -4.21301 4.65
    endloop
  endfacet
  facet normal 0.831459 0.555586 0
    outer loop
      vertex 3.94919 2.28006 4.71
      vertex 3.61778 2.77603 4.65
      vertex 3.61778 2.77603 4.71
    endloop
  endfacet
  facet normal 0.831459 0.555586 0
    outer loop
      vertex 3.61778 2.77603 4.65
      vertex 3.94919 2.28006 4.71
      vertex 3.94919 2.28006 4.65
    endloop
  endfacet
  facet normal -0.896878 -0.442278 0
    outer loop
      vertex -3.94919 -2.28006 4.65
      vertex -4.21301 -1.74507 4.71
      vertex -4.21301 -1.74507 4.65
    endloop
  endfacet
  facet normal -0.896878 -0.442278 0
    outer loop
      vertex -4.21301 -1.74507 4.71
      vertex -3.94919 -2.28006 4.65
      vertex -3.94919 -2.28006 4.71
    endloop
  endfacet
  facet normal -0.442278 0.896878 0
    outer loop
      vertex -1.74507 4.21301 4.65
      vertex -2.28006 3.94919 4.71
      vertex -1.74507 4.21301 4.71
    endloop
  endfacet
  facet normal -0.442278 0.896878 0
    outer loop
      vertex -2.28006 3.94919 4.71
      vertex -1.74507 4.21301 4.65
      vertex -2.28006 3.94919 4.65
    endloop
  endfacet
  facet normal 0.946932 -0.321434 0
    outer loop
      vertex 4.21301 -1.74507 4.71
      vertex 4.40474 -1.18024 4.65
      vertex 4.40474 -1.18024 4.71
    endloop
  endfacet
  facet normal 0.946932 -0.321434 0
    outer loop
      vertex 4.40474 -1.18024 4.65
      vertex 4.21301 -1.74507 4.71
      vertex 4.21301 -1.74507 4.65
    endloop
  endfacet
  facet normal -0.751839 0.659347 0
    outer loop
      vertex -3.61778 2.77603 4.65
      vertex -3.22449 3.22449 4.71
      vertex -3.22449 3.22449 4.65
    endloop
  endfacet
  facet normal -0.751839 0.659347 0
    outer loop
      vertex -3.22449 3.22449 4.71
      vertex -3.61778 2.77603 4.65
      vertex -3.61778 2.77603 4.71
    endloop
  endfacet
  facet normal -0.751839 -0.659347 0
    outer loop
      vertex -3.22449 -3.22449 4.65
      vertex -3.61778 -2.77603 4.71
      vertex -3.61778 -2.77603 4.65
    endloop
  endfacet
  facet normal -0.751839 -0.659347 0
    outer loop
      vertex -3.61778 -2.77603 4.71
      vertex -3.22449 -3.22449 4.65
      vertex -3.22449 -3.22449 4.71
    endloop
  endfacet
  facet normal -0.980789 0.195071 0
    outer loop
      vertex -4.5211 0.5952 4.65
      vertex -4.40474 1.18024 4.71
      vertex -4.40474 1.18024 4.65
    endloop
  endfacet
  facet normal -0.980789 0.195071 0
    outer loop
      vertex -4.40474 1.18024 4.71
      vertex -4.5211 0.5952 4.65
      vertex -4.5211 0.5952 4.71
    endloop
  endfacet
  facet normal 0.997857 0.0654341 0
    outer loop
      vertex 4.56013 0 4.71
      vertex 4.5211 0.5952 4.65
      vertex 4.5211 0.5952 4.71
    endloop
  endfacet
  facet normal 0.997857 0.0654341 0
    outer loop
      vertex 4.5211 0.5952 4.65
      vertex 4.56013 0 4.71
      vertex 4.56013 0 4.65
    endloop
  endfacet
  facet normal 0.195071 -0.980789 0
    outer loop
      vertex 0.5952 -4.5211 4.65
      vertex 1.18024 -4.40474 4.71
      vertex 0.5952 -4.5211 4.71
    endloop
  endfacet
  facet normal 0.195071 -0.980789 0
    outer loop
      vertex 1.18024 -4.40474 4.71
      vertex 0.5952 -4.5211 4.65
      vertex 1.18024 -4.40474 4.65
    endloop
  endfacet
  facet normal 0.997857 -0.0654341 0
    outer loop
      vertex 4.5211 -0.5952 4.71
      vertex 4.56013 0 4.65
      vertex 4.56013 0 4.71
    endloop
  endfacet
  facet normal 0.997857 -0.0654341 0
    outer loop
      vertex 4.56013 0 4.65
      vertex 4.5211 -0.5952 4.71
      vertex 4.5211 -0.5952 4.65
    endloop
  endfacet
  facet normal -0.997857 -0.0654341 0
    outer loop
      vertex -4.5211 -0.5952 4.65
      vertex -4.56013 0 4.71
      vertex -4.56013 0 4.65
    endloop
  endfacet
  facet normal -0.997857 -0.0654341 0
    outer loop
      vertex -4.56013 0 4.71
      vertex -4.5211 -0.5952 4.65
      vertex -4.5211 -0.5952 4.71
    endloop
  endfacet
  facet normal -0.321434 0.946932 0
    outer loop
      vertex -1.18024 4.40474 4.65
      vertex -1.74507 4.21301 4.71
      vertex -1.18024 4.40474 4.71
    endloop
  endfacet
  facet normal -0.321434 0.946932 0
    outer loop
      vertex -1.74507 4.21301 4.71
      vertex -1.18024 4.40474 4.65
      vertex -1.74507 4.21301 4.65
    endloop
  endfacet
  facet normal 0.321434 0.946932 -0
    outer loop
      vertex 1.74507 4.21301 4.65
      vertex 1.18024 4.40474 4.71
      vertex 1.74507 4.21301 4.71
    endloop
  endfacet
  facet normal 0.321434 0.946932 0
    outer loop
      vertex 1.18024 4.40474 4.71
      vertex 1.74507 4.21301 4.65
      vertex 1.18024 4.40474 4.65
    endloop
  endfacet
  facet normal 0.980789 -0.195071 0
    outer loop
      vertex 4.40474 -1.18024 4.71
      vertex 4.5211 -0.5952 4.65
      vertex 4.5211 -0.5952 4.71
    endloop
  endfacet
  facet normal 0.980789 -0.195071 0
    outer loop
      vertex 4.5211 -0.5952 4.65
      vertex 4.40474 -1.18024 4.71
      vertex 4.40474 -1.18024 4.65
    endloop
  endfacet
  facet normal -0.659347 0.751839 0
    outer loop
      vertex -2.77603 3.61778 4.65
      vertex -3.22449 3.22449 4.71
      vertex -2.77603 3.61778 4.71
    endloop
  endfacet
  facet normal -0.659347 0.751839 0
    outer loop
      vertex -3.22449 3.22449 4.71
      vertex -2.77603 3.61778 4.65
      vertex -3.22449 3.22449 4.65
    endloop
  endfacet
  facet normal -0.659347 -0.751839 0
    outer loop
      vertex -3.22449 -3.22449 4.65
      vertex -2.77603 -3.61778 4.71
      vertex -3.22449 -3.22449 4.71
    endloop
  endfacet
  facet normal -0.659347 -0.751839 -0
    outer loop
      vertex -2.77603 -3.61778 4.71
      vertex -3.22449 -3.22449 4.65
      vertex -2.77603 -3.61778 4.65
    endloop
  endfacet
  facet normal -0.555586 -0.831459 0
    outer loop
      vertex -2.77603 -3.61778 4.65
      vertex -2.28006 -3.94919 4.71
      vertex -2.77603 -3.61778 4.71
    endloop
  endfacet
  facet normal -0.555586 -0.831459 -0
    outer loop
      vertex -2.28006 -3.94919 4.71
      vertex -2.77603 -3.61778 4.65
      vertex -2.28006 -3.94919 4.65
    endloop
  endfacet
  facet normal -0.946932 -0.321434 0
    outer loop
      vertex -4.21301 -1.74507 4.65
      vertex -4.40474 -1.18024 4.71
      vertex -4.40474 -1.18024 4.65
    endloop
  endfacet
  facet normal -0.946932 -0.321434 0
    outer loop
      vertex -4.40474 -1.18024 4.71
      vertex -4.21301 -1.74507 4.65
      vertex -4.21301 -1.74507 4.71
    endloop
  endfacet
  facet normal 0.0654341 -0.997857 0
    outer loop
      vertex 0 -4.56013 4.65
      vertex 0.5952 -4.5211 4.71
      vertex 0 -4.56013 4.71
    endloop
  endfacet
  facet normal 0.0654341 -0.997857 0
    outer loop
      vertex 0.5952 -4.5211 4.71
      vertex 0 -4.56013 4.65
      vertex 0.5952 -4.5211 4.65
    endloop
  endfacet
  facet normal 0.321434 -0.946932 0
    outer loop
      vertex 1.18024 -4.40474 4.65
      vertex 1.74507 -4.21301 4.71
      vertex 1.18024 -4.40474 4.71
    endloop
  endfacet
  facet normal 0.321434 -0.946932 0
    outer loop
      vertex 1.74507 -4.21301 4.71
      vertex 1.18024 -4.40474 4.65
      vertex 1.74507 -4.21301 4.65
    endloop
  endfacet
  facet normal -0.831459 -0.555586 0
    outer loop
      vertex -3.61778 -2.77603 4.65
      vertex -3.94919 -2.28006 4.71
      vertex -3.94919 -2.28006 4.65
    endloop
  endfacet
  facet normal -0.831459 -0.555586 0
    outer loop
      vertex -3.94919 -2.28006 4.71
      vertex -3.61778 -2.77603 4.65
      vertex -3.61778 -2.77603 4.71
    endloop
  endfacet
  facet normal 0.831459 -0.555586 0
    outer loop
      vertex 3.61778 -2.77603 4.71
      vertex 3.94919 -2.28006 4.65
      vertex 3.94919 -2.28006 4.71
    endloop
  endfacet
  facet normal 0.831459 -0.555586 0
    outer loop
      vertex 3.94919 -2.28006 4.65
      vertex 3.61778 -2.77603 4.71
      vertex 3.61778 -2.77603 4.65
    endloop
  endfacet
  facet normal 0.442278 -0.896878 0
    outer loop
      vertex 1.74507 -4.21301 4.65
      vertex 2.28006 -3.94919 4.71
      vertex 1.74507 -4.21301 4.71
    endloop
  endfacet
  facet normal 0.442278 -0.896878 0
    outer loop
      vertex 2.28006 -3.94919 4.71
      vertex 1.74507 -4.21301 4.65
      vertex 2.28006 -3.94919 4.65
    endloop
  endfacet
  facet normal 0.555586 0.831459 -0
    outer loop
      vertex 2.77603 3.61778 4.65
      vertex 2.28006 3.94919 4.71
      vertex 2.77603 3.61778 4.71
    endloop
  endfacet
  facet normal 0.555586 0.831459 0
    outer loop
      vertex 2.28006 3.94919 4.71
      vertex 2.77603 3.61778 4.65
      vertex 2.28006 3.94919 4.65
    endloop
  endfacet
  facet normal 0.980789 0.195071 0
    outer loop
      vertex 4.5211 0.5952 4.71
      vertex 4.40474 1.18024 4.65
      vertex 4.40474 1.18024 4.71
    endloop
  endfacet
  facet normal 0.980789 0.195071 0
    outer loop
      vertex 4.40474 1.18024 4.65
      vertex 4.5211 0.5952 4.71
      vertex 4.5211 0.5952 4.65
    endloop
  endfacet
  facet normal -0.321434 -0.946932 0
    outer loop
      vertex -1.74507 -4.21301 4.65
      vertex -1.18024 -4.40474 4.71
      vertex -1.74507 -4.21301 4.71
    endloop
  endfacet
  facet normal -0.321434 -0.946932 -0
    outer loop
      vertex -1.18024 -4.40474 4.71
      vertex -1.74507 -4.21301 4.65
      vertex -1.18024 -4.40474 4.65
    endloop
  endfacet
  facet normal -0.0654341 0.997857 0
    outer loop
      vertex 0 4.56013 4.65
      vertex -0.5952 4.5211 4.71
      vertex 0 4.56013 4.71
    endloop
  endfacet
  facet normal -0.0654341 0.997857 0
    outer loop
      vertex -0.5952 4.5211 4.71
      vertex 0 4.56013 4.65
      vertex -0.5952 4.5211 4.65
    endloop
  endfacet
  facet normal -0.195071 0.980789 0
    outer loop
      vertex -0.5952 4.5211 4.65
      vertex -1.18024 4.40474 4.71
      vertex -0.5952 4.5211 4.71
    endloop
  endfacet
  facet normal -0.195071 0.980789 0
    outer loop
      vertex -1.18024 4.40474 4.71
      vertex -0.5952 4.5211 4.65
      vertex -1.18024 4.40474 4.65
    endloop
  endfacet
  facet normal 0.659347 -0.751839 0
    outer loop
      vertex 2.77603 -3.61778 4.65
      vertex 3.22449 -3.22449 4.71
      vertex 2.77603 -3.61778 4.71
    endloop
  endfacet
  facet normal 0.659347 -0.751839 0
    outer loop
      vertex 3.22449 -3.22449 4.71
      vertex 2.77603 -3.61778 4.65
      vertex 3.22449 -3.22449 4.65
    endloop
  endfacet
  facet normal 0.555586 -0.831459 0
    outer loop
      vertex 2.28006 -3.94919 4.65
      vertex 2.77603 -3.61778 4.71
      vertex 2.28006 -3.94919 4.71
    endloop
  endfacet
  facet normal 0.555586 -0.831459 0
    outer loop
      vertex 2.77603 -3.61778 4.71
      vertex 2.28006 -3.94919 4.65
      vertex 2.77603 -3.61778 4.65
    endloop
  endfacet
  facet normal 0.751839 -0.659347 0
    outer loop
      vertex 3.22449 -3.22449 4.71
      vertex 3.61778 -2.77603 4.65
      vertex 3.61778 -2.77603 4.71
    endloop
  endfacet
  facet normal 0.751839 -0.659347 0
    outer loop
      vertex 3.61778 -2.77603 4.65
      vertex 3.22449 -3.22449 4.71
      vertex 3.22449 -3.22449 4.65
    endloop
  endfacet
  facet normal -0.997857 0.0654341 0
    outer loop
      vertex -4.56013 0 4.65
      vertex -4.5211 0.5952 4.71
      vertex -4.5211 0.5952 4.65
    endloop
  endfacet
  facet normal -0.997857 0.0654341 0
    outer loop
      vertex -4.5211 0.5952 4.71
      vertex -4.56013 0 4.65
      vertex -4.56013 0 4.71
    endloop
  endfacet
  facet normal -0.946932 0.321434 0
    outer loop
      vertex -4.40474 1.18024 4.65
      vertex -4.21301 1.74507 4.71
      vertex -4.21301 1.74507 4.65
    endloop
  endfacet
  facet normal -0.946932 0.321434 0
    outer loop
      vertex -4.21301 1.74507 4.71
      vertex -4.40474 1.18024 4.65
      vertex -4.40474 1.18024 4.71
    endloop
  endfacet
  facet normal 0.946932 0.321434 0
    outer loop
      vertex 4.40474 1.18024 4.71
      vertex 4.21301 1.74507 4.65
      vertex 4.21301 1.74507 4.71
    endloop
  endfacet
  facet normal 0.946932 0.321434 0
    outer loop
      vertex 4.21301 1.74507 4.65
      vertex 4.40474 1.18024 4.71
      vertex 4.40474 1.18024 4.65
    endloop
  endfacet
  facet normal 0.896878 -0.442278 0
    outer loop
      vertex 3.94919 -2.28006 4.71
      vertex 4.21301 -1.74507 4.65
      vertex 4.21301 -1.74507 4.71
    endloop
  endfacet
  facet normal 0.896878 -0.442278 0
    outer loop
      vertex 4.21301 -1.74507 4.65
      vertex 3.94919 -2.28006 4.71
      vertex 3.94919 -2.28006 4.65
    endloop
  endfacet
  facet normal 0.659347 0.751839 -0
    outer loop
      vertex 3.22449 3.22449 4.65
      vertex 2.77603 3.61778 4.71
      vertex 3.22449 3.22449 4.71
    endloop
  endfacet
  facet normal 0.659347 0.751839 0
    outer loop
      vertex 2.77603 3.61778 4.71
      vertex 3.22449 3.22449 4.65
      vertex 2.77603 3.61778 4.65
    endloop
  endfacet
  facet normal 0.751839 0.659347 0
    outer loop
      vertex 3.61778 2.77603 4.71
      vertex 3.22449 3.22449 4.65
      vertex 3.22449 3.22449 4.71
    endloop
  endfacet
  facet normal 0.751839 0.659347 0
    outer loop
      vertex 3.22449 3.22449 4.65
      vertex 3.61778 2.77603 4.71
      vertex 3.61778 2.77603 4.65
    endloop
  endfacet
  facet normal 0.997859 0.0654064 0
    outer loop
      vertex 4.5 0 4.65
      vertex 4.4615 0.587367 0.490001
      vertex 4.4615 0.587367 4.65
    endloop
  endfacet
  facet normal 0.997859 0.0654064 0
    outer loop
      vertex 4.4615 0.587367 0.490001
      vertex 4.5 0 4.65
      vertex 4.5 0 0.490001
    endloop
  endfacet
  facet normal -0.980787 0.195079 0
    outer loop
      vertex -4.4615 0.587367 0.490001
      vertex -4.34667 1.16469 4.65
      vertex -4.34667 1.16469 0.490001
    endloop
  endfacet
  facet normal -0.980787 0.195079 0
    outer loop
      vertex -4.34667 1.16469 4.65
      vertex -4.4615 0.587367 0.490001
      vertex -4.4615 0.587367 4.65
    endloop
  endfacet
  facet normal -0.65935 0.751836 0
    outer loop
      vertex -2.73943 3.57009 0.490001
      vertex -3.18198 3.18198 4.65
      vertex -2.73943 3.57009 4.65
    endloop
  endfacet
  facet normal -0.65935 0.751836 0
    outer loop
      vertex -3.18198 3.18198 4.65
      vertex -2.73943 3.57009 0.490001
      vertex -3.18198 3.18198 0.490001
    endloop
  endfacet
  facet normal -0.751836 -0.65935 0
    outer loop
      vertex -3.18198 -3.18198 0.490001
      vertex -3.57009 -2.73943 4.65
      vertex -3.57009 -2.73943 0.490001
    endloop
  endfacet
  facet normal -0.751836 -0.65935 0
    outer loop
      vertex -3.57009 -2.73943 4.65
      vertex -3.18198 -3.18198 0.490001
      vertex -3.18198 -3.18198 4.65
    endloop
  endfacet
  facet normal -0.946928 -0.321447 0
    outer loop
      vertex -4.15746 -1.72207 0.490001
      vertex -4.34667 -1.16469 4.65
      vertex -4.34667 -1.16469 0.490001
    endloop
  endfacet
  facet normal -0.946928 -0.321447 0
    outer loop
      vertex -4.34667 -1.16469 4.65
      vertex -4.15746 -1.72207 0.490001
      vertex -4.15746 -1.72207 4.65
    endloop
  endfacet
  facet normal 0.195079 0.980787 -0
    outer loop
      vertex 1.16469 4.34667 0.490001
      vertex 0.587367 4.4615 4.65
      vertex 1.16469 4.34667 4.65
    endloop
  endfacet
  facet normal 0.195079 0.980787 0
    outer loop
      vertex 0.587367 4.4615 4.65
      vertex 1.16469 4.34667 0.490001
      vertex 0.587367 4.4615 0.490001
    endloop
  endfacet
  facet normal -0.997859 0.0654064 0
    outer loop
      vertex -4.5 0 0.490001
      vertex -4.4615 0.587367 4.65
      vertex -4.4615 0.587367 0.490001
    endloop
  endfacet
  facet normal -0.997859 0.0654064 0
    outer loop
      vertex -4.4615 0.587367 4.65
      vertex -4.5 0 0.490001
      vertex -4.5 0 4.65
    endloop
  endfacet
  facet normal 0.321447 0.946928 -0
    outer loop
      vertex 1.72207 4.15746 0.490001
      vertex 1.16469 4.34667 4.65
      vertex 1.72207 4.15746 4.65
    endloop
  endfacet
  facet normal 0.321447 0.946928 0
    outer loop
      vertex 1.16469 4.34667 4.65
      vertex 1.72207 4.15746 0.490001
      vertex 1.16469 4.34667 0.490001
    endloop
  endfacet
  facet normal -0.751836 0.65935 0
    outer loop
      vertex -3.57009 2.73943 0.490001
      vertex -3.18198 3.18198 4.65
      vertex -3.18198 3.18198 0.490001
    endloop
  endfacet
  facet normal -0.751836 0.65935 0
    outer loop
      vertex -3.18198 3.18198 4.65
      vertex -3.57009 2.73943 0.490001
      vertex -3.57009 2.73943 4.65
    endloop
  endfacet
  facet normal 0.0654064 0.997859 -0
    outer loop
      vertex 0.587367 4.4615 0.490001
      vertex 0 4.5 4.65
      vertex 0.587367 4.4615 4.65
    endloop
  endfacet
  facet normal 0.0654064 0.997859 0
    outer loop
      vertex 0 4.5 4.65
      vertex 0.587367 4.4615 0.490001
      vertex 0 4.5 0.490001
    endloop
  endfacet
  facet normal 0.946928 0.321447 0
    outer loop
      vertex 4.34667 1.16469 4.65
      vertex 4.15746 1.72207 0.490001
      vertex 4.15746 1.72207 4.65
    endloop
  endfacet
  facet normal 0.946928 0.321447 0
    outer loop
      vertex 4.15746 1.72207 0.490001
      vertex 4.34667 1.16469 4.65
      vertex 4.34667 1.16469 0.490001
    endloop
  endfacet
  facet normal 0.89687 0.442294 0
    outer loop
      vertex 4.15746 1.72207 4.65
      vertex 3.89711 2.25 0.490001
      vertex 3.89711 2.25 4.65
    endloop
  endfacet
  facet normal 0.89687 0.442294 0
    outer loop
      vertex 3.89711 2.25 0.490001
      vertex 4.15746 1.72207 4.65
      vertex 4.15746 1.72207 0.490001
    endloop
  endfacet
  facet normal -0.195079 0.980787 0
    outer loop
      vertex -0.587367 4.4615 0.490001
      vertex -1.16469 4.34667 4.65
      vertex -0.587367 4.4615 4.65
    endloop
  endfacet
  facet normal -0.195079 0.980787 0
    outer loop
      vertex -1.16469 4.34667 4.65
      vertex -0.587367 4.4615 0.490001
      vertex -1.16469 4.34667 0.490001
    endloop
  endfacet
  facet normal 0.555562 0.831475 -0
    outer loop
      vertex 2.73943 3.57009 0.490001
      vertex 2.25 3.89711 4.65
      vertex 2.73943 3.57009 4.65
    endloop
  endfacet
  facet normal 0.555562 0.831475 0
    outer loop
      vertex 2.25 3.89711 4.65
      vertex 2.73943 3.57009 0.490001
      vertex 2.25 3.89711 0.490001
    endloop
  endfacet
  facet normal 0.831475 0.555562 0
    outer loop
      vertex 3.89711 2.25 4.65
      vertex 3.57009 2.73943 0.490001
      vertex 3.57009 2.73943 4.65
    endloop
  endfacet
  facet normal 0.831475 0.555562 0
    outer loop
      vertex 3.57009 2.73943 0.490001
      vertex 3.89711 2.25 4.65
      vertex 3.89711 2.25 0.490001
    endloop
  endfacet
  facet normal -0.997859 -0.0654064 0
    outer loop
      vertex -4.4615 -0.587367 0.490001
      vertex -4.5 0 4.65
      vertex -4.5 0 0.490001
    endloop
  endfacet
  facet normal -0.997859 -0.0654064 0
    outer loop
      vertex -4.5 0 4.65
      vertex -4.4615 -0.587367 0.490001
      vertex -4.4615 -0.587367 4.65
    endloop
  endfacet
  facet normal -0.831475 0.555562 0
    outer loop
      vertex -3.89711 2.25 0.490001
      vertex -3.57009 2.73943 4.65
      vertex -3.57009 2.73943 0.490001
    endloop
  endfacet
  facet normal -0.831475 0.555562 0
    outer loop
      vertex -3.57009 2.73943 4.65
      vertex -3.89711 2.25 0.490001
      vertex -3.89711 2.25 4.65
    endloop
  endfacet
  facet normal 0.65935 0.751836 -0
    outer loop
      vertex 3.18198 3.18198 0.490001
      vertex 2.73943 3.57009 4.65
      vertex 3.18198 3.18198 4.65
    endloop
  endfacet
  facet normal 0.65935 0.751836 0
    outer loop
      vertex 2.73943 3.57009 4.65
      vertex 3.18198 3.18198 0.490001
      vertex 2.73943 3.57009 0.490001
    endloop
  endfacet
  facet normal 0.980787 0.195079 0
    outer loop
      vertex 4.4615 0.587367 4.65
      vertex 4.34667 1.16469 0.490001
      vertex 4.34667 1.16469 4.65
    endloop
  endfacet
  facet normal 0.980787 0.195079 0
    outer loop
      vertex 4.34667 1.16469 0.490001
      vertex 4.4615 0.587367 4.65
      vertex 4.4615 0.587367 0.490001
    endloop
  endfacet
  facet normal -0.89687 -0.442294 0
    outer loop
      vertex -3.89711 -2.25 0.490001
      vertex -4.15746 -1.72207 4.65
      vertex -4.15746 -1.72207 0.490001
    endloop
  endfacet
  facet normal -0.89687 -0.442294 0
    outer loop
      vertex -4.15746 -1.72207 4.65
      vertex -3.89711 -2.25 0.490001
      vertex -3.89711 -2.25 4.65
    endloop
  endfacet
  facet normal -0.0654064 0.997859 0
    outer loop
      vertex 0 4.5 0.490001
      vertex -0.587367 4.4615 4.65
      vertex 0 4.5 4.65
    endloop
  endfacet
  facet normal -0.0654064 0.997859 0
    outer loop
      vertex -0.587367 4.4615 4.65
      vertex 0 4.5 0.490001
      vertex -0.587367 4.4615 0.490001
    endloop
  endfacet
  facet normal -0.321447 0.946928 0
    outer loop
      vertex -1.16469 4.34667 0.490001
      vertex -1.72207 4.15746 4.65
      vertex -1.16469 4.34667 4.65
    endloop
  endfacet
  facet normal -0.321447 0.946928 0
    outer loop
      vertex -1.72207 4.15746 4.65
      vertex -1.16469 4.34667 0.490001
      vertex -1.72207 4.15746 0.490001
    endloop
  endfacet
  facet normal -0.946928 0.321447 0
    outer loop
      vertex -4.34667 1.16469 0.490001
      vertex -4.15746 1.72207 4.65
      vertex -4.15746 1.72207 0.490001
    endloop
  endfacet
  facet normal -0.946928 0.321447 0
    outer loop
      vertex -4.15746 1.72207 4.65
      vertex -4.34667 1.16469 0.490001
      vertex -4.34667 1.16469 4.65
    endloop
  endfacet
  facet normal -0.321447 -0.946928 0
    outer loop
      vertex -1.72207 -4.15746 0.490001
      vertex -1.16469 -4.34667 4.65
      vertex -1.72207 -4.15746 4.65
    endloop
  endfacet
  facet normal -0.321447 -0.946928 -0
    outer loop
      vertex -1.16469 -4.34667 4.65
      vertex -1.72207 -4.15746 0.490001
      vertex -1.16469 -4.34667 0.490001
    endloop
  endfacet
  facet normal 0.65935 -0.751836 0
    outer loop
      vertex 2.73943 -3.57009 0.490001
      vertex 3.18198 -3.18198 4.65
      vertex 2.73943 -3.57009 4.65
    endloop
  endfacet
  facet normal 0.65935 -0.751836 0
    outer loop
      vertex 3.18198 -3.18198 4.65
      vertex 2.73943 -3.57009 0.490001
      vertex 3.18198 -3.18198 0.490001
    endloop
  endfacet
  facet normal 0.555562 -0.831475 0
    outer loop
      vertex 2.25 -3.89711 0.490001
      vertex 2.73943 -3.57009 4.65
      vertex 2.25 -3.89711 4.65
    endloop
  endfacet
  facet normal 0.555562 -0.831475 0
    outer loop
      vertex 2.73943 -3.57009 4.65
      vertex 2.25 -3.89711 0.490001
      vertex 2.73943 -3.57009 0.490001
    endloop
  endfacet
  facet normal 0.751836 0.65935 0
    outer loop
      vertex 3.57009 2.73943 4.65
      vertex 3.18198 3.18198 0.490001
      vertex 3.18198 3.18198 4.65
    endloop
  endfacet
  facet normal 0.751836 0.65935 0
    outer loop
      vertex 3.18198 3.18198 0.490001
      vertex 3.57009 2.73943 4.65
      vertex 3.57009 2.73943 0.490001
    endloop
  endfacet
  facet normal 0.980787 -0.195079 0
    outer loop
      vertex 4.34667 -1.16469 4.65
      vertex 4.4615 -0.587367 0.490001
      vertex 4.4615 -0.587367 4.65
    endloop
  endfacet
  facet normal 0.980787 -0.195079 0
    outer loop
      vertex 4.4615 -0.587367 0.490001
      vertex 4.34667 -1.16469 4.65
      vertex 4.34667 -1.16469 0.490001
    endloop
  endfacet
  facet normal 0.442294 0.89687 -0
    outer loop
      vertex 2.25 3.89711 0.490001
      vertex 1.72207 4.15746 4.65
      vertex 2.25 3.89711 4.65
    endloop
  endfacet
  facet normal 0.442294 0.89687 0
    outer loop
      vertex 1.72207 4.15746 4.65
      vertex 2.25 3.89711 0.490001
      vertex 1.72207 4.15746 0.490001
    endloop
  endfacet
  facet normal 0 0 1
    outer loop
      vertex 2 0 9.6
      vertex 5.70258 0 9.6
      vertex 5.65378 0.744324 9.6
    endloop
  endfacet
  facet normal 0 0 1
    outer loop
      vertex 1.98289 0.261052 9.6
      vertex 5.65378 0.744324 9.6
      vertex 5.50827 1.47591 9.6
    endloop
  endfacet
  facet normal 0 0 1
    outer loop
      vertex 5.70258 0 9.6
      vertex 2 0 9.6
      vertex 5.65378 -0.744324 9.6
    endloop
  endfacet
  facet normal 0 0 1
    outer loop
      vertex 1.93185 0.517637 9.6
      vertex 5.50827 1.47591 9.6
      vertex 5.26849 2.18227 9.6
    endloop
  endfacet
  facet normal -0 0 1
    outer loop
      vertex 1.98289 -0.261052 9.6
      vertex 5.65378 -0.744324 9.6
      vertex 2 0 9.6
    endloop
  endfacet
  facet normal 0 0 1
    outer loop
      vertex 1.84776 0.765367 9.6
      vertex 5.26849 2.18227 9.6
      vertex 4.93857 2.85129 9.6
    endloop
  endfacet
  facet normal 0 0 1
    outer loop
      vertex 5.65378 -0.744324 9.6
      vertex 1.98289 -0.261052 9.6
      vertex 5.50827 -1.47591 9.6
    endloop
  endfacet
  facet normal 0 0 1
    outer loop
      vertex 1.73205 1 9.6
      vertex 4.93857 2.85129 9.6
      vertex 4.52415 3.47151 9.6
    endloop
  endfacet
  facet normal -0 0 1
    outer loop
      vertex 1.93185 -0.517637 9.6
      vertex 5.50827 -1.47591 9.6
      vertex 1.98289 -0.261052 9.6
    endloop
  endfacet
  facet normal 0 0 1
    outer loop
      vertex 1.58671 1.21752 9.6
      vertex 4.52415 3.47151 9.6
      vertex 4.03232 4.03232 9.6
    endloop
  endfacet
  facet normal 0 0 1
    outer loop
      vertex 5.50827 -1.47591 9.6
      vertex 1.93185 -0.517637 9.6
      vertex 5.26849 -2.18227 9.6
    endloop
  endfacet
  facet normal 0 0 1
    outer loop
      vertex 1.41421 1.41421 9.6
      vertex 4.03232 4.03232 9.6
      vertex 3.47151 4.52415 9.6
    endloop
  endfacet
  facet normal -0 0 1
    outer loop
      vertex 1.84776 -0.765367 9.6
      vertex 5.26849 -2.18227 9.6
      vertex 1.93185 -0.517637 9.6
    endloop
  endfacet
  facet normal 0 0 1
    outer loop
      vertex 1.21752 1.58671 9.6
      vertex 3.47151 4.52415 9.6
      vertex 2.85129 4.93857 9.6
    endloop
  endfacet
  facet normal 0 0 1
    outer loop
      vertex 5.26849 -2.18227 9.6
      vertex 1.84776 -0.765367 9.6
      vertex 4.93857 -2.85129 9.6
    endloop
  endfacet
  facet normal 0 0 1
    outer loop
      vertex 1 1.73205 9.6
      vertex 2.85129 4.93857 9.6
      vertex 2.18227 5.26849 9.6
    endloop
  endfacet
  facet normal -0 0 1
    outer loop
      vertex 1.73205 -1 9.6
      vertex 4.93857 -2.85129 9.6
      vertex 1.84776 -0.765367 9.6
    endloop
  endfacet
  facet normal 0 0 1
    outer loop
      vertex 4.93857 -2.85129 9.6
      vertex 1.73205 -1 9.6
      vertex 4.52415 -3.47151 9.6
    endloop
  endfacet
  facet normal 0 0 1
    outer loop
      vertex 5.65378 0.744324 9.6
      vertex 1.98289 0.261052 9.6
      vertex 2 0 9.6
    endloop
  endfacet
  facet normal 0 0 1
    outer loop
      vertex 5.50827 1.47591 9.6
      vertex 1.93185 0.517637 9.6
      vertex 1.98289 0.261052 9.6
    endloop
  endfacet
  facet normal 0 0 1
    outer loop
      vertex 5.26849 2.18227 9.6
      vertex 1.84776 0.765367 9.6
      vertex 1.93185 0.517637 9.6
    endloop
  endfacet
  facet normal 0 0 1
    outer loop
      vertex 4.93857 2.85129 9.6
      vertex 1.73205 1 9.6
      vertex 1.84776 0.765367 9.6
    endloop
  endfacet
  facet normal 0 0 1
    outer loop
      vertex 4.52415 3.47151 9.6
      vertex 1.58671 1.21752 9.6
      vertex 1.73205 1 9.6
    endloop
  endfacet
  facet normal 0 0 1
    outer loop
      vertex 0.765367 1.84776 9.6
      vertex 2.18227 5.26849 9.6
      vertex 1.47591 5.50827 9.6
    endloop
  endfacet
  facet normal 0 0 1
    outer loop
      vertex 4.03232 4.03232 9.6
      vertex 1.41421 1.41421 9.6
      vertex 1.58671 1.21752 9.6
    endloop
  endfacet
  facet normal 0 0 1
    outer loop
      vertex 3.47151 4.52415 9.6
      vertex 1.21752 1.58671 9.6
      vertex 1.41421 1.41421 9.6
    endloop
  endfacet
  facet normal 0 0 1
    outer loop
      vertex 2.85129 4.93857 9.6
      vertex 1 1.73205 9.6
      vertex 1.21752 1.58671 9.6
    endloop
  endfacet
  facet normal 0 0 1
    outer loop
      vertex 2.18227 5.26849 9.6
      vertex 0.765367 1.84776 9.6
      vertex 1 1.73205 9.6
    endloop
  endfacet
  facet normal 0 0 1
    outer loop
      vertex 0.517637 1.93185 9.6
      vertex 1.47591 5.50827 9.6
      vertex 0.744324 5.65378 9.6
    endloop
  endfacet
  facet normal 0 0 1
    outer loop
      vertex 1.47591 5.50827 9.6
      vertex 0.517637 1.93185 9.6
      vertex 0.765367 1.84776 9.6
    endloop
  endfacet
  facet normal 0 0 1
    outer loop
      vertex 0.744324 5.65378 9.6
      vertex 0.261052 1.98289 9.6
      vertex 0.517637 1.93185 9.6
    endloop
  endfacet
  facet normal 0 0 1
    outer loop
      vertex 0 5.70258 9.6
      vertex 0.261052 1.98289 9.6
      vertex 0.744324 5.65378 9.6
    endloop
  endfacet
  facet normal 0 0 1
    outer loop
      vertex 0 5.70258 9.6
      vertex 0 2 9.6
      vertex 0.261052 1.98289 9.6
    endloop
  endfacet
  facet normal 0 0 1
    outer loop
      vertex 0 5.70258 9.6
      vertex -0.261052 1.98289 9.6
      vertex 0 2 9.6
    endloop
  endfacet
  facet normal -0 0 1
    outer loop
      vertex -0.744324 5.65378 9.6
      vertex -0.261052 1.98289 9.6
      vertex 0 5.70258 9.6
    endloop
  endfacet
  facet normal 0 0 1
    outer loop
      vertex -0.261052 1.98289 9.6
      vertex -0.744324 5.65378 9.6
      vertex -0.517637 1.93185 9.6
    endloop
  endfacet
  facet normal -0 0 1
    outer loop
      vertex -1.47591 5.50827 9.6
      vertex -0.517637 1.93185 9.6
      vertex -0.744324 5.65378 9.6
    endloop
  endfacet
  facet normal 0 0 1
    outer loop
      vertex -0.517637 1.93185 9.6
      vertex -1.47591 5.50827 9.6
      vertex -0.765367 1.84776 9.6
    endloop
  endfacet
  facet normal -0 0 1
    outer loop
      vertex -2.18227 5.26849 9.6
      vertex -0.765367 1.84776 9.6
      vertex -1.47591 5.50827 9.6
    endloop
  endfacet
  facet normal 0 0 1
    outer loop
      vertex -0.765367 1.84776 9.6
      vertex -2.18227 5.26849 9.6
      vertex -1 1.73205 9.6
    endloop
  endfacet
  facet normal -0 0 1
    outer loop
      vertex -2.85129 4.93857 9.6
      vertex -1 1.73205 9.6
      vertex -2.18227 5.26849 9.6
    endloop
  endfacet
  facet normal 0 0 1
    outer loop
      vertex -1 1.73205 9.6
      vertex -2.85129 4.93857 9.6
      vertex -1.21752 1.58671 9.6
    endloop
  endfacet
  facet normal -0 0 1
    outer loop
      vertex -3.47151 4.52415 9.6
      vertex -1.21752 1.58671 9.6
      vertex -2.85129 4.93857 9.6
    endloop
  endfacet
  facet normal 0 0 1
    outer loop
      vertex -1.21752 1.58671 9.6
      vertex -3.47151 4.52415 9.6
      vertex -1.41421 1.41421 9.6
    endloop
  endfacet
  facet normal -0 0 1
    outer loop
      vertex -4.03232 4.03232 9.6
      vertex -1.41421 1.41421 9.6
      vertex -3.47151 4.52415 9.6
    endloop
  endfacet
  facet normal 0 0 1
    outer loop
      vertex -1.41421 1.41421 9.6
      vertex -4.03232 4.03232 9.6
      vertex -1.58671 1.21752 9.6
    endloop
  endfacet
  facet normal 0 0 1
    outer loop
      vertex -1.58671 1.21752 9.6
      vertex -4.52415 3.47151 9.6
      vertex -1.73205 1 9.6
    endloop
  endfacet
  facet normal -0 0 1
    outer loop
      vertex -4.52415 3.47151 9.6
      vertex -1.58671 1.21752 9.6
      vertex -4.03232 4.03232 9.6
    endloop
  endfacet
  facet normal -0 0 1
    outer loop
      vertex 1.58671 -1.21752 9.6
      vertex 4.52415 -3.47151 9.6
      vertex 1.73205 -1 9.6
    endloop
  endfacet
  facet normal 0 0 1
    outer loop
      vertex 4.52415 -3.47151 9.6
      vertex 1.58671 -1.21752 9.6
      vertex 4.03232 -4.03232 9.6
    endloop
  endfacet
  facet normal -0 0 1
    outer loop
      vertex 1.41421 -1.41421 9.6
      vertex 4.03232 -4.03232 9.6
      vertex 1.58671 -1.21752 9.6
    endloop
  endfacet
  facet normal 0 0 1
    outer loop
      vertex 4.03232 -4.03232 9.6
      vertex 1.41421 -1.41421 9.6
      vertex 3.47151 -4.52415 9.6
    endloop
  endfacet
  facet normal -0 0 1
    outer loop
      vertex 1.21752 -1.58671 9.6
      vertex 3.47151 -4.52415 9.6
      vertex 1.41421 -1.41421 9.6
    endloop
  endfacet
  facet normal 0 0 1
    outer loop
      vertex 3.47151 -4.52415 9.6
      vertex 1.21752 -1.58671 9.6
      vertex 2.85129 -4.93857 9.6
    endloop
  endfacet
  facet normal -0 0 1
    outer loop
      vertex 1 -1.73205 9.6
      vertex 2.85129 -4.93857 9.6
      vertex 1.21752 -1.58671 9.6
    endloop
  endfacet
  facet normal 0 0 1
    outer loop
      vertex 2.85129 -4.93857 9.6
      vertex 1 -1.73205 9.6
      vertex 2.18227 -5.26849 9.6
    endloop
  endfacet
  facet normal -0 0 1
    outer loop
      vertex 0.765367 -1.84776 9.6
      vertex 2.18227 -5.26849 9.6
      vertex 1 -1.73205 9.6
    endloop
  endfacet
  facet normal 0 0 1
    outer loop
      vertex 2.18227 -5.26849 9.6
      vertex 0.765367 -1.84776 9.6
      vertex 1.47591 -5.50827 9.6
    endloop
  endfacet
  facet normal -0 0 1
    outer loop
      vertex 0.517637 -1.93185 9.6
      vertex 1.47591 -5.50827 9.6
      vertex 0.765367 -1.84776 9.6
    endloop
  endfacet
  facet normal 0 0 1
    outer loop
      vertex 1.47591 -5.50827 9.6
      vertex 0.517637 -1.93185 9.6
      vertex 0.744324 -5.65378 9.6
    endloop
  endfacet
  facet normal -0 0 1
    outer loop
      vertex 0.261052 -1.98289 9.6
      vertex 0.744324 -5.65378 9.6
      vertex 0.517637 -1.93185 9.6
    endloop
  endfacet
  facet normal -0 0 1
    outer loop
      vertex 0 -2 9.6
      vertex 0.744324 -5.65378 9.6
      vertex 0.261052 -1.98289 9.6
    endloop
  endfacet
  facet normal 0 0 1
    outer loop
      vertex 0 -2 9.6
      vertex 0 -5.70258 9.6
      vertex 0.744324 -5.65378 9.6
    endloop
  endfacet
  facet normal 0 0 1
    outer loop
      vertex -0.261052 -1.98289 9.6
      vertex 0 -5.70258 9.6
      vertex 0 -2 9.6
    endloop
  endfacet
  facet normal 0 0 1
    outer loop
      vertex -0.744324 -5.65378 9.6
      vertex -0.261052 -1.98289 9.6
      vertex -0.517637 -1.93185 9.6
    endloop
  endfacet
  facet normal 0 0 1
    outer loop
      vertex -0.261052 -1.98289 9.6
      vertex -0.744324 -5.65378 9.6
      vertex 0 -5.70258 9.6
    endloop
  endfacet
  facet normal 0 0 1
    outer loop
      vertex -1.47591 -5.50827 9.6
      vertex -0.517637 -1.93185 9.6
      vertex -0.765367 -1.84776 9.6
    endloop
  endfacet
  facet normal 0 0 1
    outer loop
      vertex -2.18227 -5.26849 9.6
      vertex -0.765367 -1.84776 9.6
      vertex -1 -1.73205 9.6
    endloop
  endfacet
  facet normal 0 0 1
    outer loop
      vertex -2.85129 -4.93857 9.6
      vertex -1 -1.73205 9.6
      vertex -1.21752 -1.58671 9.6
    endloop
  endfacet
  facet normal 0 0 1
    outer loop
      vertex -3.47151 -4.52415 9.6
      vertex -1.21752 -1.58671 9.6
      vertex -1.41421 -1.41421 9.6
    endloop
  endfacet
  facet normal 0 0 1
    outer loop
      vertex -0.517637 -1.93185 9.6
      vertex -1.47591 -5.50827 9.6
      vertex -0.744324 -5.65378 9.6
    endloop
  endfacet
  facet normal 0 0 1
    outer loop
      vertex -4.03232 -4.03232 9.6
      vertex -1.41421 -1.41421 9.6
      vertex -1.58671 -1.21752 9.6
    endloop
  endfacet
  facet normal 0 0 1
    outer loop
      vertex -4.52415 -3.47151 9.6
      vertex -1.58671 -1.21752 9.6
      vertex -1.73205 -1 9.6
    endloop
  endfacet
  facet normal 0 0 1
    outer loop
      vertex -4.93857 -2.85129 9.6
      vertex -1.73205 -1 9.6
      vertex -1.84776 -0.765367 9.6
    endloop
  endfacet
  facet normal 0 0 1
    outer loop
      vertex -5.26849 -2.18227 9.6
      vertex -1.84776 -0.765367 9.6
      vertex -1.93185 -0.517637 9.6
    endloop
  endfacet
  facet normal 0 0 1
    outer loop
      vertex -5.6427 -0.799999 9.6
      vertex -1.93185 -0.517637 9.6
      vertex -1.98289 -0.261052 9.6
    endloop
  endfacet
  facet normal 0 0 1
    outer loop
      vertex -0.765367 -1.84776 9.6
      vertex -2.18227 -5.26849 9.6
      vertex -1.47591 -5.50827 9.6
    endloop
  endfacet
  facet normal 0 0 1
    outer loop
      vertex -5.6427 -0.799999 9.6
      vertex -1.98289 -0.261052 9.6
      vertex -2 0 9.6
    endloop
  endfacet
  facet normal -0 0 1
    outer loop
      vertex -4.93857 2.85129 9.6
      vertex -1.73205 1 9.6
      vertex -4.52415 3.47151 9.6
    endloop
  endfacet
  facet normal 0 0 1
    outer loop
      vertex -1.73205 1 9.6
      vertex -4.93857 2.85129 9.6
      vertex -1.84776 0.765367 9.6
    endloop
  endfacet
  facet normal 0 0 1
    outer loop
      vertex -1 -1.73205 9.6
      vertex -2.85129 -4.93857 9.6
      vertex -2.18227 -5.26849 9.6
    endloop
  endfacet
  facet normal -0 0 1
    outer loop
      vertex -5.26849 2.18227 9.6
      vertex -1.84776 0.765367 9.6
      vertex -4.93857 2.85129 9.6
    endloop
  endfacet
  facet normal 0 0 1
    outer loop
      vertex -1.21752 -1.58671 9.6
      vertex -3.47151 -4.52415 9.6
      vertex -2.85129 -4.93857 9.6
    endloop
  endfacet
  facet normal 0 0 1
    outer loop
      vertex -1.84776 0.765367 9.6
      vertex -5.26849 2.18227 9.6
      vertex -1.93185 0.517637 9.6
    endloop
  endfacet
  facet normal 0 0 1
    outer loop
      vertex -1.41421 -1.41421 9.6
      vertex -4.03232 -4.03232 9.6
      vertex -3.47151 -4.52415 9.6
    endloop
  endfacet
  facet normal -0 0 1
    outer loop
      vertex -5.50827 1.47591 9.6
      vertex -1.93185 0.517637 9.6
      vertex -5.26849 2.18227 9.6
    endloop
  endfacet
  facet normal 0 0 1
    outer loop
      vertex -1.58671 -1.21752 9.6
      vertex -4.52415 -3.47151 9.6
      vertex -4.03232 -4.03232 9.6
    endloop
  endfacet
  facet normal -0 0 1
    outer loop
      vertex -5.6427 0.799999 9.6
      vertex -1.93185 0.517637 9.6
      vertex -5.50827 1.47591 9.6
    endloop
  endfacet
  facet normal 0 0 1
    outer loop
      vertex -1.73205 -1 9.6
      vertex -4.93857 -2.85129 9.6
      vertex -4.52415 -3.47151 9.6
    endloop
  endfacet
  facet normal 0 0 1
    outer loop
      vertex -1.93185 0.517637 9.6
      vertex -5.6427 0.799999 9.6
      vertex -1.98289 0.261052 9.6
    endloop
  endfacet
  facet normal 0 0 1
    outer loop
      vertex -1.84776 -0.765367 9.6
      vertex -5.26849 -2.18227 9.6
      vertex -4.93857 -2.85129 9.6
    endloop
  endfacet
  facet normal 0 0 1
    outer loop
      vertex -1.98289 0.261052 9.6
      vertex -5.6427 0.799999 9.6
      vertex -2 0 9.6
    endloop
  endfacet
  facet normal 0 0 1
    outer loop
      vertex -1.93185 -0.517637 9.6
      vertex -5.50827 -1.47591 9.6
      vertex -5.26849 -2.18227 9.6
    endloop
  endfacet
  facet normal 0 0 1
    outer loop
      vertex -5.6427 -0.799999 9.6
      vertex -2 0 9.6
      vertex -5.6427 0.799999 9.6
    endloop
  endfacet
  facet normal 0 0 1
    outer loop
      vertex -1.93185 -0.517637 9.6
      vertex -5.6427 -0.799999 9.6
      vertex -5.50827 -1.47591 9.6
    endloop
  endfacet
  facet normal -0 0 1
    outer loop
      vertex -6.7 0.799999 9.6
      vertex -5.6427 -0.799999 9.6
      vertex -5.6427 0.799999 9.6
    endloop
  endfacet
  facet normal 0 0 1
    outer loop
      vertex -5.6427 -0.799999 9.6
      vertex -6.7 0.799999 9.6
      vertex -6.7 -0.799999 9.6
    endloop
  endfacet
  facet normal -0.442294 0.89687 0
    outer loop
      vertex -1.72207 4.15746 0.490001
      vertex -2.25 3.89711 4.65
      vertex -1.72207 4.15746 4.65
    endloop
  endfacet
  facet normal -0.442294 0.89687 0
    outer loop
      vertex -2.25 3.89711 4.65
      vertex -1.72207 4.15746 0.490001
      vertex -2.25 3.89711 0.490001
    endloop
  endfacet
  facet normal -0.555562 0.831475 0
    outer loop
      vertex -2.25 3.89711 0.490001
      vertex -2.73943 3.57009 4.65
      vertex -2.25 3.89711 4.65
    endloop
  endfacet
  facet normal -0.555562 0.831475 0
    outer loop
      vertex -2.73943 3.57009 4.65
      vertex -2.25 3.89711 0.490001
      vertex -2.73943 3.57009 0.490001
    endloop
  endfacet
  facet normal -0.442294 -0.89687 0
    outer loop
      vertex -2.25 -3.89711 0.490001
      vertex -1.72207 -4.15746 4.65
      vertex -2.25 -3.89711 4.65
    endloop
  endfacet
  facet normal -0.442294 -0.89687 -0
    outer loop
      vertex -1.72207 -4.15746 4.65
      vertex -2.25 -3.89711 0.490001
      vertex -1.72207 -4.15746 0.490001
    endloop
  endfacet
  facet normal -0.555562 -0.831475 0
    outer loop
      vertex -2.73943 -3.57009 0.490001
      vertex -2.25 -3.89711 4.65
      vertex -2.73943 -3.57009 4.65
    endloop
  endfacet
  facet normal -0.555562 -0.831475 -0
    outer loop
      vertex -2.25 -3.89711 4.65
      vertex -2.73943 -3.57009 0.490001
      vertex -2.25 -3.89711 0.490001
    endloop
  endfacet
  facet normal -0.89687 0.442294 0
    outer loop
      vertex -4.15746 1.72207 0.490001
      vertex -3.89711 2.25 4.65
      vertex -3.89711 2.25 0.490001
    endloop
  endfacet
  facet normal -0.89687 0.442294 0
    outer loop
      vertex -3.89711 2.25 4.65
      vertex -4.15746 1.72207 0.490001
      vertex -4.15746 1.72207 4.65
    endloop
  endfacet
  facet normal -0.195079 -0.980787 0
    outer loop
      vertex -1.16469 -4.34667 0.490001
      vertex -0.587367 -4.4615 4.65
      vertex -1.16469 -4.34667 4.65
    endloop
  endfacet
  facet normal -0.195079 -0.980787 -0
    outer loop
      vertex -0.587367 -4.4615 4.65
      vertex -1.16469 -4.34667 0.490001
      vertex -0.587367 -4.4615 0.490001
    endloop
  endfacet
  facet normal -0.831475 -0.555562 0
    outer loop
      vertex -3.57009 -2.73943 0.490001
      vertex -3.89711 -2.25 4.65
      vertex -3.89711 -2.25 0.490001
    endloop
  endfacet
  facet normal -0.831475 -0.555562 0
    outer loop
      vertex -3.89711 -2.25 4.65
      vertex -3.57009 -2.73943 0.490001
      vertex -3.57009 -2.73943 4.65
    endloop
  endfacet
  facet normal -0.980787 -0.195079 0
    outer loop
      vertex -4.34667 -1.16469 0.490001
      vertex -4.4615 -0.587367 4.65
      vertex -4.4615 -0.587367 0.490001
    endloop
  endfacet
  facet normal -0.980787 -0.195079 0
    outer loop
      vertex -4.4615 -0.587367 4.65
      vertex -4.34667 -1.16469 0.490001
      vertex -4.34667 -1.16469 4.65
    endloop
  endfacet
  facet normal 0.831475 -0.555562 0
    outer loop
      vertex 3.57009 -2.73943 4.65
      vertex 3.89711 -2.25 0.490001
      vertex 3.89711 -2.25 4.65
    endloop
  endfacet
  facet normal 0.831475 -0.555562 0
    outer loop
      vertex 3.89711 -2.25 0.490001
      vertex 3.57009 -2.73943 4.65
      vertex 3.57009 -2.73943 0.490001
    endloop
  endfacet
  facet normal 0.751836 -0.65935 0
    outer loop
      vertex 3.18198 -3.18198 4.65
      vertex 3.57009 -2.73943 0.490001
      vertex 3.57009 -2.73943 4.65
    endloop
  endfacet
  facet normal 0.751836 -0.65935 0
    outer loop
      vertex 3.57009 -2.73943 0.490001
      vertex 3.18198 -3.18198 4.65
      vertex 3.18198 -3.18198 0.490001
    endloop
  endfacet
  facet normal -0.0654064 -0.997859 0
    outer loop
      vertex -0.587367 -4.4615 0.490001
      vertex 0 -4.5 4.65
      vertex -0.587367 -4.4615 4.65
    endloop
  endfacet
  facet normal -0.0654064 -0.997859 -0
    outer loop
      vertex 0 -4.5 4.65
      vertex -0.587367 -4.4615 0.490001
      vertex 0 -4.5 0.490001
    endloop
  endfacet
  facet normal 0.997859 -0.0654064 0
    outer loop
      vertex 4.4615 -0.587367 4.65
      vertex 4.5 0 0.490001
      vertex 4.5 0 4.65
    endloop
  endfacet
  facet normal 0.997859 -0.0654064 0
    outer loop
      vertex 4.5 0 0.490001
      vertex 4.4615 -0.587367 4.65
      vertex 4.4615 -0.587367 0.490001
    endloop
  endfacet
  facet normal 0.0654064 -0.997859 0
    outer loop
      vertex 0 -4.5 0.490001
      vertex 0.587367 -4.4615 4.65
      vertex 0 -4.5 4.65
    endloop
  endfacet
  facet normal 0.0654064 -0.997859 0
    outer loop
      vertex 0.587367 -4.4615 4.65
      vertex 0 -4.5 0.490001
      vertex 0.587367 -4.4615 0.490001
    endloop
  endfacet
  facet normal 0.195079 -0.980787 0
    outer loop
      vertex 0.587367 -4.4615 0.490001
      vertex 1.16469 -4.34667 4.65
      vertex 0.587367 -4.4615 4.65
    endloop
  endfacet
  facet normal 0.195079 -0.980787 0
    outer loop
      vertex 1.16469 -4.34667 4.65
      vertex 0.587367 -4.4615 0.490001
      vertex 1.16469 -4.34667 0.490001
    endloop
  endfacet
  facet normal 0.89687 -0.442294 0
    outer loop
      vertex 3.89711 -2.25 4.65
      vertex 4.15746 -1.72207 0.490001
      vertex 4.15746 -1.72207 4.65
    endloop
  endfacet
  facet normal 0.89687 -0.442294 0
    outer loop
      vertex 4.15746 -1.72207 0.490001
      vertex 3.89711 -2.25 4.65
      vertex 3.89711 -2.25 0.490001
    endloop
  endfacet
  facet normal 0.442294 -0.89687 0
    outer loop
      vertex 1.72207 -4.15746 0.490001
      vertex 2.25 -3.89711 4.65
      vertex 1.72207 -4.15746 4.65
    endloop
  endfacet
  facet normal 0.442294 -0.89687 0
    outer loop
      vertex 2.25 -3.89711 4.65
      vertex 1.72207 -4.15746 0.490001
      vertex 2.25 -3.89711 0.490001
    endloop
  endfacet
  facet normal 0.321447 -0.946928 0
    outer loop
      vertex 1.16469 -4.34667 0.490001
      vertex 1.72207 -4.15746 4.65
      vertex 1.16469 -4.34667 4.65
    endloop
  endfacet
  facet normal 0.321447 -0.946928 0
    outer loop
      vertex 1.72207 -4.15746 4.65
      vertex 1.16469 -4.34667 0.490001
      vertex 1.72207 -4.15746 0.490001
    endloop
  endfacet
  facet normal -0.65935 -0.751836 0
    outer loop
      vertex -3.18198 -3.18198 0.490001
      vertex -2.73943 -3.57009 4.65
      vertex -3.18198 -3.18198 4.65
    endloop
  endfacet
  facet normal -0.65935 -0.751836 -0
    outer loop
      vertex -2.73943 -3.57009 4.65
      vertex -3.18198 -3.18198 0.490001
      vertex -2.73943 -3.57009 0.490001
    endloop
  endfacet
  facet normal 0.946928 -0.321447 0
    outer loop
      vertex 4.15746 -1.72207 4.65
      vertex 4.34667 -1.16469 0.490001
      vertex 4.34667 -1.16469 4.65
    endloop
  endfacet
  facet normal 0.946928 -0.321447 0
    outer loop
      vertex 4.34667 -1.16469 0.490001
      vertex 4.15746 -1.72207 4.65
      vertex 4.15746 -1.72207 0.490001
    endloop
  endfacet
  facet normal 0 0 -1
    outer loop
      vertex 4.39978 0 0.490001
      vertex 4.5 0 0.490001
      vertex 4.4615 -0.587367 0.490001
    endloop
  endfacet
  facet normal 0 0 -1
    outer loop
      vertex 4.5 0 0.490001
      vertex 4.39978 0 0.490001
      vertex 4.4615 0.587367 0.490001
    endloop
  endfacet
  facet normal 0 0 -1
    outer loop
      vertex 4.4615 -0.587367 0.490001
      vertex 4.36212 -0.57431 0.490001
      vertex 4.39978 0 0.490001
    endloop
  endfacet
  facet normal 0 0 -1
    outer loop
      vertex 4.34667 -1.16469 0.490001
      vertex 4.36212 -0.57431 0.490001
      vertex 4.4615 -0.587367 0.490001
    endloop
  endfacet
  facet normal 0 0 -1
    outer loop
      vertex 4.34667 -1.16469 0.490001
      vertex 4.24986 -1.13872 0.490001
      vertex 4.36212 -0.57431 0.490001
    endloop
  endfacet
  facet normal 0 0 -1
    outer loop
      vertex 4.15746 -1.72207 0.490001
      vertex 4.24986 -1.13872 0.490001
      vertex 4.34667 -1.16469 0.490001
    endloop
  endfacet
  facet normal 0 0 -1
    outer loop
      vertex 4.15746 -1.72207 0.490001
      vertex 4.06487 -1.6837 0.490001
      vertex 4.24986 -1.13872 0.490001
    endloop
  endfacet
  facet normal 0 0 -1
    outer loop
      vertex 3.89711 -2.25 0.490001
      vertex 4.06487 -1.6837 0.490001
      vertex 4.15746 -1.72207 0.490001
    endloop
  endfacet
  facet normal 0 0 -1
    outer loop
      vertex 3.89711 -2.25 0.490001
      vertex 3.81029 -2.19994 0.490001
      vertex 4.06487 -1.6837 0.490001
    endloop
  endfacet
  facet normal 0 0 -1
    outer loop
      vertex 3.57009 -2.73943 0.490001
      vertex 3.81029 -2.19994 0.490001
      vertex 3.89711 -2.25 0.490001
    endloop
  endfacet
  facet normal 0 0 -1
    outer loop
      vertex 3.57009 -2.73943 0.490001
      vertex 3.49057 -2.67844 0.490001
      vertex 3.81029 -2.19994 0.490001
    endloop
  endfacet
  facet normal 0 0 -1
    outer loop
      vertex 3.18198 -3.18198 0.490001
      vertex 3.49057 -2.67844 0.490001
      vertex 3.57009 -2.73943 0.490001
    endloop
  endfacet
  facet normal 0 0 -1
    outer loop
      vertex 3.18198 -3.18198 0.490001
      vertex 3.11111 -3.11111 0.490001
      vertex 3.49057 -2.67844 0.490001
    endloop
  endfacet
  facet normal 0 0 -1
    outer loop
      vertex 2.73943 -3.57009 0.490001
      vertex 3.11111 -3.11111 0.490001
      vertex 3.18198 -3.18198 0.490001
    endloop
  endfacet
  facet normal 0 0 -1
    outer loop
      vertex 2.73943 -3.57009 0.490001
      vertex 2.67844 -3.49057 0.490001
      vertex 3.11111 -3.11111 0.490001
    endloop
  endfacet
  facet normal 0 0 -1
    outer loop
      vertex 2.25 -3.89711 0.490001
      vertex 2.67844 -3.49057 0.490001
      vertex 2.73943 -3.57009 0.490001
    endloop
  endfacet
  facet normal 0 0 -1
    outer loop
      vertex 2.25 -3.89711 0.490001
      vertex 2.19994 -3.81029 0.490001
      vertex 2.67844 -3.49057 0.490001
    endloop
  endfacet
  facet normal 0 0 -1
    outer loop
      vertex 1.72207 -4.15746 0.490001
      vertex 2.19994 -3.81029 0.490001
      vertex 2.25 -3.89711 0.490001
    endloop
  endfacet
  facet normal 0 0 -1
    outer loop
      vertex 1.72207 -4.15746 0.490001
      vertex 1.6837 -4.06487 0.490001
      vertex 2.19994 -3.81029 0.490001
    endloop
  endfacet
  facet normal 0 0 -1
    outer loop
      vertex 1.16469 -4.34667 0.490001
      vertex 1.6837 -4.06487 0.490001
      vertex 1.72207 -4.15746 0.490001
    endloop
  endfacet
  facet normal 0 0 -1
    outer loop
      vertex 1.16469 -4.34667 0.490001
      vertex 1.13872 -4.24986 0.490001
      vertex 1.6837 -4.06487 0.490001
    endloop
  endfacet
  facet normal 0 0 -1
    outer loop
      vertex 0.587367 -4.4615 0.490001
      vertex 1.13872 -4.24986 0.490001
      vertex 1.16469 -4.34667 0.490001
    endloop
  endfacet
  facet normal 0 0 -1
    outer loop
      vertex 0.587367 -4.4615 0.490001
      vertex 0.57431 -4.36212 0.490001
      vertex 1.13872 -4.24986 0.490001
    endloop
  endfacet
  facet normal 0 0 -1
    outer loop
      vertex 0 -4.5 0.490001
      vertex 0.57431 -4.36212 0.490001
      vertex 0.587367 -4.4615 0.490001
    endloop
  endfacet
  facet normal 0 0 -1
    outer loop
      vertex 0 -4.5 0.490001
      vertex 0 -4.39978 0.490001
      vertex 0.57431 -4.36212 0.490001
    endloop
  endfacet
  facet normal 0 0 -1
    outer loop
      vertex 0 -4.5 0.490001
      vertex -0.57431 -4.36212 0.490001
      vertex 0 -4.39978 0.490001
    endloop
  endfacet
  facet normal 0 0 -1
    outer loop
      vertex -0.587367 -4.4615 0.490001
      vertex -0.57431 -4.36212 0.490001
      vertex 0 -4.5 0.490001
    endloop
  endfacet
  facet normal 0 0 -1
    outer loop
      vertex -0.587367 -4.4615 0.490001
      vertex -1.13872 -4.24986 0.490001
      vertex -0.57431 -4.36212 0.490001
    endloop
  endfacet
  facet normal 0 0 -1
    outer loop
      vertex -1.16469 -4.34667 0.490001
      vertex -1.13872 -4.24986 0.490001
      vertex -0.587367 -4.4615 0.490001
    endloop
  endfacet
  facet normal 0 0 -1
    outer loop
      vertex -1.16469 -4.34667 0.490001
      vertex -1.6837 -4.06487 0.490001
      vertex -1.13872 -4.24986 0.490001
    endloop
  endfacet
  facet normal 0 0 -1
    outer loop
      vertex -1.72207 -4.15746 0.490001
      vertex -1.6837 -4.06487 0.490001
      vertex -1.16469 -4.34667 0.490001
    endloop
  endfacet
  facet normal 0 0 -1
    outer loop
      vertex -1.72207 -4.15746 0.490001
      vertex -2.19994 -3.81029 0.490001
      vertex -1.6837 -4.06487 0.490001
    endloop
  endfacet
  facet normal 0 0 -1
    outer loop
      vertex -2.25 -3.89711 0.490001
      vertex -2.19994 -3.81029 0.490001
      vertex -1.72207 -4.15746 0.490001
    endloop
  endfacet
  facet normal 0 0 -1
    outer loop
      vertex -2.25 -3.89711 0.490001
      vertex -2.67844 -3.49057 0.490001
      vertex -2.19994 -3.81029 0.490001
    endloop
  endfacet
  facet normal 0 0 -1
    outer loop
      vertex -2.73943 -3.57009 0.490001
      vertex -2.67844 -3.49057 0.490001
      vertex -2.25 -3.89711 0.490001
    endloop
  endfacet
  facet normal 0 0 -1
    outer loop
      vertex -2.73943 -3.57009 0.490001
      vertex -3.11111 -3.11111 0.490001
      vertex -2.67844 -3.49057 0.490001
    endloop
  endfacet
  facet normal 0 0 -1
    outer loop
      vertex -3.18198 -3.18198 0.490001
      vertex -3.11111 -3.11111 0.490001
      vertex -2.73943 -3.57009 0.490001
    endloop
  endfacet
  facet normal 0 0 -1
    outer loop
      vertex -3.18198 -3.18198 0.490001
      vertex -3.49057 -2.67844 0.490001
      vertex -3.11111 -3.11111 0.490001
    endloop
  endfacet
  facet normal 0 0 -1
    outer loop
      vertex -3.57009 -2.73943 0.490001
      vertex -3.49057 -2.67844 0.490001
      vertex -3.18198 -3.18198 0.490001
    endloop
  endfacet
  facet normal 0 0 -1
    outer loop
      vertex -3.57009 -2.73943 0.490001
      vertex -3.81029 -2.19994 0.490001
      vertex -3.49057 -2.67844 0.490001
    endloop
  endfacet
  facet normal 0 0 -1
    outer loop
      vertex -3.89711 -2.25 0.490001
      vertex -3.81029 -2.19994 0.490001
      vertex -3.57009 -2.73943 0.490001
    endloop
  endfacet
  facet normal 0 0 -1
    outer loop
      vertex -3.89711 -2.25 0.490001
      vertex -4.06487 -1.6837 0.490001
      vertex -3.81029 -2.19994 0.490001
    endloop
  endfacet
  facet normal 0 0 -1
    outer loop
      vertex -4.15746 -1.72207 0.490001
      vertex -4.06487 -1.6837 0.490001
      vertex -3.89711 -2.25 0.490001
    endloop
  endfacet
  facet normal 0 0 -1
    outer loop
      vertex -4.15746 -1.72207 0.490001
      vertex -4.24986 -1.13872 0.490001
      vertex -4.06487 -1.6837 0.490001
    endloop
  endfacet
  facet normal 0 0 -1
    outer loop
      vertex -4.34667 -1.16469 0.490001
      vertex -4.24986 -1.13872 0.490001
      vertex -4.15746 -1.72207 0.490001
    endloop
  endfacet
  facet normal 0 0 -1
    outer loop
      vertex -4.34667 -1.16469 0.490001
      vertex -4.36212 -0.57431 0.490001
      vertex -4.24986 -1.13872 0.490001
    endloop
  endfacet
  facet normal 0 0 -1
    outer loop
      vertex -4.4615 -0.587367 0.490001
      vertex -4.36212 -0.57431 0.490001
      vertex -4.34667 -1.16469 0.490001
    endloop
  endfacet
  facet normal -0 0 -1
    outer loop
      vertex -4.36212 -0.57431 0.490001
      vertex -4.4615 -0.587367 0.490001
      vertex -4.39978 0 0.490001
    endloop
  endfacet
  facet normal 0 0 -1
    outer loop
      vertex 4.36212 0.57431 0.490001
      vertex 4.4615 0.587367 0.490001
      vertex 4.39978 0 0.490001
    endloop
  endfacet
  facet normal 0 0 -1
    outer loop
      vertex 4.36212 0.57431 0.490001
      vertex 4.34667 1.16469 0.490001
      vertex 4.4615 0.587367 0.490001
    endloop
  endfacet
  facet normal 0 0 -1
    outer loop
      vertex 4.24986 1.13872 0.490001
      vertex 4.34667 1.16469 0.490001
      vertex 4.36212 0.57431 0.490001
    endloop
  endfacet
  facet normal 0 0 -1
    outer loop
      vertex 4.24986 1.13872 0.490001
      vertex 4.15746 1.72207 0.490001
      vertex 4.34667 1.16469 0.490001
    endloop
  endfacet
  facet normal 0 0 -1
    outer loop
      vertex 4.06487 1.6837 0.490001
      vertex 4.15746 1.72207 0.490001
      vertex 4.24986 1.13872 0.490001
    endloop
  endfacet
  facet normal 0 0 -1
    outer loop
      vertex 4.06487 1.6837 0.490001
      vertex 3.89711 2.25 0.490001
      vertex 4.15746 1.72207 0.490001
    endloop
  endfacet
  facet normal 0 0 -1
    outer loop
      vertex 3.81029 2.19994 0.490001
      vertex 3.89711 2.25 0.490001
      vertex 4.06487 1.6837 0.490001
    endloop
  endfacet
  facet normal 0 0 -1
    outer loop
      vertex 3.81029 2.19994 0.490001
      vertex 3.57009 2.73943 0.490001
      vertex 3.89711 2.25 0.490001
    endloop
  endfacet
  facet normal 0 0 -1
    outer loop
      vertex 3.49057 2.67844 0.490001
      vertex 3.57009 2.73943 0.490001
      vertex 3.81029 2.19994 0.490001
    endloop
  endfacet
  facet normal 0 0 -1
    outer loop
      vertex 3.49057 2.67844 0.490001
      vertex 3.18198 3.18198 0.490001
      vertex 3.57009 2.73943 0.490001
    endloop
  endfacet
  facet normal 0 0 -1
    outer loop
      vertex 3.11111 3.11111 0.490001
      vertex 3.18198 3.18198 0.490001
      vertex 3.49057 2.67844 0.490001
    endloop
  endfacet
  facet normal 0 0 -1
    outer loop
      vertex 3.11111 3.11111 0.490001
      vertex 2.73943 3.57009 0.490001
      vertex 3.18198 3.18198 0.490001
    endloop
  endfacet
  facet normal 0 0 -1
    outer loop
      vertex 2.67844 3.49057 0.490001
      vertex 2.73943 3.57009 0.490001
      vertex 3.11111 3.11111 0.490001
    endloop
  endfacet
  facet normal 0 0 -1
    outer loop
      vertex 2.67844 3.49057 0.490001
      vertex 2.25 3.89711 0.490001
      vertex 2.73943 3.57009 0.490001
    endloop
  endfacet
  facet normal 0 0 -1
    outer loop
      vertex 2.19994 3.81029 0.490001
      vertex 2.25 3.89711 0.490001
      vertex 2.67844 3.49057 0.490001
    endloop
  endfacet
  facet normal 0 0 -1
    outer loop
      vertex 2.19994 3.81029 0.490001
      vertex 1.72207 4.15746 0.490001
      vertex 2.25 3.89711 0.490001
    endloop
  endfacet
  facet normal 0 0 -1
    outer loop
      vertex 1.6837 4.06487 0.490001
      vertex 1.72207 4.15746 0.490001
      vertex 2.19994 3.81029 0.490001
    endloop
  endfacet
  facet normal 0 0 -1
    outer loop
      vertex 1.6837 4.06487 0.490001
      vertex 1.16469 4.34667 0.490001
      vertex 1.72207 4.15746 0.490001
    endloop
  endfacet
  facet normal 0 0 -1
    outer loop
      vertex 1.13872 4.24986 0.490001
      vertex 1.16469 4.34667 0.490001
      vertex 1.6837 4.06487 0.490001
    endloop
  endfacet
  facet normal 0 0 -1
    outer loop
      vertex 1.13872 4.24986 0.490001
      vertex 0.587367 4.4615 0.490001
      vertex 1.16469 4.34667 0.490001
    endloop
  endfacet
  facet normal 0 0 -1
    outer loop
      vertex 0.57431 4.36212 0.490001
      vertex 0.587367 4.4615 0.490001
      vertex 1.13872 4.24986 0.490001
    endloop
  endfacet
  facet normal 0 0 -1
    outer loop
      vertex 0 4.39978 0.490001
      vertex 0.587367 4.4615 0.490001
      vertex 0.57431 4.36212 0.490001
    endloop
  endfacet
  facet normal 0 0 -1
    outer loop
      vertex 0 4.39978 0.490001
      vertex 0 4.5 0.490001
      vertex 0.587367 4.4615 0.490001
    endloop
  endfacet
  facet normal 0 0 -1
    outer loop
      vertex -0.57431 4.36212 0.490001
      vertex 0 4.5 0.490001
      vertex 0 4.39978 0.490001
    endloop
  endfacet
  facet normal 0 0 -1
    outer loop
      vertex -0.57431 4.36212 0.490001
      vertex -0.587367 4.4615 0.490001
      vertex 0 4.5 0.490001
    endloop
  endfacet
  facet normal 0 0 -1
    outer loop
      vertex -1.13872 4.24986 0.490001
      vertex -0.587367 4.4615 0.490001
      vertex -0.57431 4.36212 0.490001
    endloop
  endfacet
  facet normal 0 0 -1
    outer loop
      vertex -1.13872 4.24986 0.490001
      vertex -1.16469 4.34667 0.490001
      vertex -0.587367 4.4615 0.490001
    endloop
  endfacet
  facet normal 0 0 -1
    outer loop
      vertex -1.6837 4.06487 0.490001
      vertex -1.16469 4.34667 0.490001
      vertex -1.13872 4.24986 0.490001
    endloop
  endfacet
  facet normal 0 0 -1
    outer loop
      vertex -1.6837 4.06487 0.490001
      vertex -1.72207 4.15746 0.490001
      vertex -1.16469 4.34667 0.490001
    endloop
  endfacet
  facet normal 0 0 -1
    outer loop
      vertex -2.19994 3.81029 0.490001
      vertex -1.72207 4.15746 0.490001
      vertex -1.6837 4.06487 0.490001
    endloop
  endfacet
  facet normal 0 0 -1
    outer loop
      vertex -2.19994 3.81029 0.490001
      vertex -2.25 3.89711 0.490001
      vertex -1.72207 4.15746 0.490001
    endloop
  endfacet
  facet normal 0 0 -1
    outer loop
      vertex -2.67844 3.49057 0.490001
      vertex -2.25 3.89711 0.490001
      vertex -2.19994 3.81029 0.490001
    endloop
  endfacet
  facet normal 0 0 -1
    outer loop
      vertex -2.67844 3.49057 0.490001
      vertex -2.73943 3.57009 0.490001
      vertex -2.25 3.89711 0.490001
    endloop
  endfacet
  facet normal 0 0 -1
    outer loop
      vertex -3.11111 3.11111 0.490001
      vertex -2.73943 3.57009 0.490001
      vertex -2.67844 3.49057 0.490001
    endloop
  endfacet
  facet normal 0 0 -1
    outer loop
      vertex -3.11111 3.11111 0.490001
      vertex -3.18198 3.18198 0.490001
      vertex -2.73943 3.57009 0.490001
    endloop
  endfacet
  facet normal 0 0 -1
    outer loop
      vertex -3.49057 2.67844 0.490001
      vertex -3.18198 3.18198 0.490001
      vertex -3.11111 3.11111 0.490001
    endloop
  endfacet
  facet normal 0 0 -1
    outer loop
      vertex -3.49057 2.67844 0.490001
      vertex -3.57009 2.73943 0.490001
      vertex -3.18198 3.18198 0.490001
    endloop
  endfacet
  facet normal 0 0 -1
    outer loop
      vertex -3.81029 2.19994 0.490001
      vertex -3.57009 2.73943 0.490001
      vertex -3.49057 2.67844 0.490001
    endloop
  endfacet
  facet normal 0 0 -1
    outer loop
      vertex -3.81029 2.19994 0.490001
      vertex -3.89711 2.25 0.490001
      vertex -3.57009 2.73943 0.490001
    endloop
  endfacet
  facet normal 0 0 -1
    outer loop
      vertex -4.06487 1.6837 0.490001
      vertex -3.89711 2.25 0.490001
      vertex -3.81029 2.19994 0.490001
    endloop
  endfacet
  facet normal 0 0 -1
    outer loop
      vertex -4.06487 1.6837 0.490001
      vertex -4.15746 1.72207 0.490001
      vertex -3.89711 2.25 0.490001
    endloop
  endfacet
  facet normal 0 0 -1
    outer loop
      vertex -4.24986 1.13872 0.490001
      vertex -4.15746 1.72207 0.490001
      vertex -4.06487 1.6837 0.490001
    endloop
  endfacet
  facet normal 0 0 -1
    outer loop
      vertex -4.24986 1.13872 0.490001
      vertex -4.34667 1.16469 0.490001
      vertex -4.15746 1.72207 0.490001
    endloop
  endfacet
  facet normal 0 0 -1
    outer loop
      vertex -4.36212 0.57431 0.490001
      vertex -4.34667 1.16469 0.490001
      vertex -4.24986 1.13872 0.490001
    endloop
  endfacet
  facet normal 0 0 -1
    outer loop
      vertex -4.4615 0.587367 0.490001
      vertex -4.36212 0.57431 0.490001
      vertex -4.39978 0 0.490001
    endloop
  endfacet
  facet normal 0 0 -1
    outer loop
      vertex -4.5 0 0.490001
      vertex -4.39978 0 0.490001
      vertex -4.4615 -0.587367 0.490001
    endloop
  endfacet
  facet normal 0 0 -1
    outer loop
      vertex -4.36212 0.57431 0.490001
      vertex -4.4615 0.587367 0.490001
      vertex -4.34667 1.16469 0.490001
    endloop
  endfacet
  facet normal 0 0 -1
    outer loop
      vertex -4.39978 0 0.490001
      vertex -4.5 0 0.490001
      vertex -4.4615 0.587367 0.490001
    endloop
  endfacet
  facet normal -0.896875 0.442284 0
    outer loop
      vertex -5.26849 2.18227 5.79
      vertex -4.93857 2.85129 9.6
      vertex -4.93857 2.85129 5.79
    endloop
  endfacet
  facet normal -0.896875 0.442284 0
    outer loop
      vertex -4.93857 2.85129 9.6
      vertex -5.26849 2.18227 5.79
      vertex -5.26849 2.18227 9.6
    endloop
  endfacet
  facet normal 0.321443 0.946929 -0
    outer loop
      vertex 2.18227 5.26849 5.79
      vertex 1.47591 5.50827 9.6
      vertex 2.18227 5.26849 9.6
    endloop
  endfacet
  facet normal 0.321443 0.946929 0
    outer loop
      vertex 1.47591 5.50827 9.6
      vertex 2.18227 5.26849 5.79
      vertex 1.47591 5.50827 5.79
    endloop
  endfacet
  facet normal 0.195075 0.980788 -0
    outer loop
      vertex 1.47591 5.50827 5.79
      vertex 0.744324 5.65378 9.6
      vertex 1.47591 5.50827 9.6
    endloop
  endfacet
  facet normal 0.195075 0.980788 0
    outer loop
      vertex 0.744324 5.65378 9.6
      vertex 1.47591 5.50827 5.79
      vertex 0.744324 5.65378 5.79
    endloop
  endfacet
  facet normal -0.831468 0.555572 0
    outer loop
      vertex -4.93857 2.85129 5.79
      vertex -4.52415 3.47151 9.6
      vertex -4.52415 3.47151 5.79
    endloop
  endfacet
  facet normal -0.831468 0.555572 0
    outer loop
      vertex -4.52415 3.47151 9.6
      vertex -4.93857 2.85129 5.79
      vertex -4.93857 2.85129 9.6
    endloop
  endfacet
  facet normal 0.896875 0.442284 0
    outer loop
      vertex 5.26849 2.18227 9.6
      vertex 4.93857 2.85129 5.79
      vertex 4.93857 2.85129 9.6
    endloop
  endfacet
  facet normal 0.896875 0.442284 0
    outer loop
      vertex 4.93857 2.85129 5.79
      vertex 5.26849 2.18227 9.6
      vertex 5.26849 2.18227 5.79
    endloop
  endfacet
  facet normal -0.946929 -0.321443 0
    outer loop
      vertex -5.26849 -2.18227 5.79
      vertex -5.50827 -1.47591 9.6
      vertex -5.50827 -1.47591 5.79
    endloop
  endfacet
  facet normal -0.946929 -0.321443 0
    outer loop
      vertex -5.50827 -1.47591 9.6
      vertex -5.26849 -2.18227 5.79
      vertex -5.26849 -2.18227 9.6
    endloop
  endfacet
  facet normal -0.195075 0.980788 0
    outer loop
      vertex -0.744324 5.65378 5.79
      vertex -1.47591 5.50827 9.6
      vertex -0.744324 5.65378 9.6
    endloop
  endfacet
  facet normal -0.195075 0.980788 0
    outer loop
      vertex -1.47591 5.50827 9.6
      vertex -0.744324 5.65378 5.79
      vertex -1.47591 5.50827 5.79
    endloop
  endfacet
  facet normal -0.195075 -0.980788 0
    outer loop
      vertex -1.47591 -5.50827 5.79
      vertex -0.744324 -5.65378 9.6
      vertex -1.47591 -5.50827 9.6
    endloop
  endfacet
  facet normal -0.195075 -0.980788 -0
    outer loop
      vertex -0.744324 -5.65378 9.6
      vertex -1.47591 -5.50827 5.79
      vertex -0.744324 -5.65378 5.79
    endloop
  endfacet
  facet normal -0.98079 -0.195067 0
    outer loop
      vertex -5.50827 -1.47591 5.79
      vertex -5.6427 -0.799999 9.6
      vertex -5.6427 -0.799999 5.79
    endloop
  endfacet
  facet normal -0.98079 -0.195067 0
    outer loop
      vertex -5.6427 -0.799999 9.6
      vertex -5.50827 -1.47591 5.79
      vertex -5.50827 -1.47591 9.6
    endloop
  endfacet
  facet normal -0.555572 -0.831468 0
    outer loop
      vertex -3.47151 -4.52415 5.79
      vertex -2.85129 -4.93857 9.6
      vertex -3.47151 -4.52415 9.6
    endloop
  endfacet
  facet normal -0.555572 -0.831468 -0
    outer loop
      vertex -2.85129 -4.93857 9.6
      vertex -3.47151 -4.52415 5.79
      vertex -2.85129 -4.93857 5.79
    endloop
  endfacet
  facet normal -0.98079 0.195067 0
    outer loop
      vertex -5.6427 0.799999 5.79
      vertex -5.50827 1.47591 9.6
      vertex -5.50827 1.47591 5.79
    endloop
  endfacet
  facet normal -0.98079 0.195067 0
    outer loop
      vertex -5.50827 1.47591 9.6
      vertex -5.6427 0.799999 5.79
      vertex -5.6427 0.799999 9.6
    endloop
  endfacet
  facet normal 0.0654224 0.997858 -0
    outer loop
      vertex 0.744324 5.65378 5.79
      vertex 0 5.70258 9.6
      vertex 0.744324 5.65378 9.6
    endloop
  endfacet
  facet normal 0.0654224 0.997858 0
    outer loop
      vertex 0 5.70258 9.6
      vertex 0.744324 5.65378 5.79
      vertex 0 5.70258 5.79
    endloop
  endfacet
  facet normal 0.0654224 -0.997858 0
    outer loop
      vertex 0 -5.70258 5.79
      vertex 0.744324 -5.65378 9.6
      vertex 0 -5.70258 9.6
    endloop
  endfacet
  facet normal 0.0654224 -0.997858 0
    outer loop
      vertex 0.744324 -5.65378 9.6
      vertex 0 -5.70258 5.79
      vertex 0.744324 -5.65378 5.79
    endloop
  endfacet
  facet normal 0.980788 0.195075 0
    outer loop
      vertex 5.65378 0.744324 9.6
      vertex 5.50827 1.47591 5.79
      vertex 5.50827 1.47591 9.6
    endloop
  endfacet
  facet normal 0.980788 0.195075 0
    outer loop
      vertex 5.50827 1.47591 5.79
      vertex 5.65378 0.744324 9.6
      vertex 5.65378 0.744324 5.79
    endloop
  endfacet
  facet normal -0.751831 0.659356 0
    outer loop
      vertex -4.52415 3.47151 5.79
      vertex -4.03232 4.03232 9.6
      vertex -4.03232 4.03232 5.79
    endloop
  endfacet
  facet normal -0.751831 0.659356 0
    outer loop
      vertex -4.03232 4.03232 9.6
      vertex -4.52415 3.47151 5.79
      vertex -4.52415 3.47151 9.6
    endloop
  endfacet
  facet normal 0.659356 0.751831 -0
    outer loop
      vertex 4.03232 4.03232 5.79
      vertex 3.47151 4.52415 9.6
      vertex 4.03232 4.03232 9.6
    endloop
  endfacet
  facet normal 0.659356 0.751831 0
    outer loop
      vertex 3.47151 4.52415 9.6
      vertex 4.03232 4.03232 5.79
      vertex 3.47151 4.52415 5.79
    endloop
  endfacet
  facet normal -0.321443 -0.946929 0
    outer loop
      vertex -2.18227 -5.26849 5.79
      vertex -1.47591 -5.50827 9.6
      vertex -2.18227 -5.26849 9.6
    endloop
  endfacet
  facet normal -0.321443 -0.946929 -0
    outer loop
      vertex -1.47591 -5.50827 9.6
      vertex -2.18227 -5.26849 5.79
      vertex -1.47591 -5.50827 5.79
    endloop
  endfacet
  facet normal -0.946929 0.321443 0
    outer loop
      vertex -5.50827 1.47591 5.79
      vertex -5.26849 2.18227 9.6
      vertex -5.26849 2.18227 5.79
    endloop
  endfacet
  facet normal -0.946929 0.321443 0
    outer loop
      vertex -5.26849 2.18227 9.6
      vertex -5.50827 1.47591 5.79
      vertex -5.50827 1.47591 9.6
    endloop
  endfacet
  facet normal 0.659356 -0.751831 0
    outer loop
      vertex 3.47151 -4.52415 5.79
      vertex 4.03232 -4.03232 9.6
      vertex 3.47151 -4.52415 9.6
    endloop
  endfacet
  facet normal 0.659356 -0.751831 0
    outer loop
      vertex 4.03232 -4.03232 9.6
      vertex 3.47151 -4.52415 5.79
      vertex 4.03232 -4.03232 5.79
    endloop
  endfacet
  facet normal -0.442284 -0.896875 0
    outer loop
      vertex -2.85129 -4.93857 5.79
      vertex -2.18227 -5.26849 9.6
      vertex -2.85129 -4.93857 9.6
    endloop
  endfacet
  facet normal -0.442284 -0.896875 -0
    outer loop
      vertex -2.18227 -5.26849 9.6
      vertex -2.85129 -4.93857 5.79
      vertex -2.18227 -5.26849 5.79
    endloop
  endfacet
  facet normal -0.831468 -0.555572 0
    outer loop
      vertex -4.52415 -3.47151 5.79
      vertex -4.93857 -2.85129 9.6
      vertex -4.93857 -2.85129 5.79
    endloop
  endfacet
  facet normal -0.831468 -0.555572 0
    outer loop
      vertex -4.93857 -2.85129 9.6
      vertex -4.52415 -3.47151 5.79
      vertex -4.52415 -3.47151 9.6
    endloop
  endfacet
  facet normal -0.0654224 0.997858 0
    outer loop
      vertex 0 5.70258 5.79
      vertex -0.744324 5.65378 9.6
      vertex 0 5.70258 9.6
    endloop
  endfacet
  facet normal -0.0654224 0.997858 0
    outer loop
      vertex -0.744324 5.65378 9.6
      vertex 0 5.70258 5.79
      vertex -0.744324 5.65378 5.79
    endloop
  endfacet
  facet normal 0.997858 0.0654224 0
    outer loop
      vertex 5.70258 0 9.6
      vertex 5.65378 0.744324 5.79
      vertex 5.65378 0.744324 9.6
    endloop
  endfacet
  facet normal 0.997858 0.0654224 0
    outer loop
      vertex 5.65378 0.744324 5.79
      vertex 5.70258 0 9.6
      vertex 5.70258 0 5.79
    endloop
  endfacet
  facet normal 0.751831 0.659356 0
    outer loop
      vertex 4.52415 3.47151 9.6
      vertex 4.03232 4.03232 5.79
      vertex 4.03232 4.03232 9.6
    endloop
  endfacet
  facet normal 0.751831 0.659356 0
    outer loop
      vertex 4.03232 4.03232 5.79
      vertex 4.52415 3.47151 9.6
      vertex 4.52415 3.47151 5.79
    endloop
  endfacet
  facet normal -0.555572 0.831468 0
    outer loop
      vertex -2.85129 4.93857 5.79
      vertex -3.47151 4.52415 9.6
      vertex -2.85129 4.93857 9.6
    endloop
  endfacet
  facet normal -0.555572 0.831468 0
    outer loop
      vertex -3.47151 4.52415 9.6
      vertex -2.85129 4.93857 5.79
      vertex -3.47151 4.52415 5.79
    endloop
  endfacet
  facet normal -0.659356 -0.751831 0
    outer loop
      vertex -4.03232 -4.03232 5.79
      vertex -3.47151 -4.52415 9.6
      vertex -4.03232 -4.03232 9.6
    endloop
  endfacet
  facet normal -0.659356 -0.751831 -0
    outer loop
      vertex -3.47151 -4.52415 9.6
      vertex -4.03232 -4.03232 5.79
      vertex -3.47151 -4.52415 5.79
    endloop
  endfacet
  facet normal -0.896875 -0.442284 0
    outer loop
      vertex -4.93857 -2.85129 5.79
      vertex -5.26849 -2.18227 9.6
      vertex -5.26849 -2.18227 5.79
    endloop
  endfacet
  facet normal -0.896875 -0.442284 0
    outer loop
      vertex -5.26849 -2.18227 9.6
      vertex -4.93857 -2.85129 5.79
      vertex -4.93857 -2.85129 9.6
    endloop
  endfacet
  facet normal -0.321443 0.946929 0
    outer loop
      vertex -1.47591 5.50827 5.79
      vertex -2.18227 5.26849 9.6
      vertex -1.47591 5.50827 9.6
    endloop
  endfacet
  facet normal -0.321443 0.946929 0
    outer loop
      vertex -2.18227 5.26849 9.6
      vertex -1.47591 5.50827 5.79
      vertex -2.18227 5.26849 5.79
    endloop
  endfacet
  facet normal 0.195075 -0.980788 0
    outer loop
      vertex 0.744324 -5.65378 5.79
      vertex 1.47591 -5.50827 9.6
      vertex 0.744324 -5.65378 9.6
    endloop
  endfacet
  facet normal 0.195075 -0.980788 0
    outer loop
      vertex 1.47591 -5.50827 9.6
      vertex 0.744324 -5.65378 5.79
      vertex 1.47591 -5.50827 5.79
    endloop
  endfacet
  facet normal -0.659356 0.751831 0
    outer loop
      vertex -3.47151 4.52415 5.79
      vertex -4.03232 4.03232 9.6
      vertex -3.47151 4.52415 9.6
    endloop
  endfacet
  facet normal -0.659356 0.751831 0
    outer loop
      vertex -4.03232 4.03232 9.6
      vertex -3.47151 4.52415 5.79
      vertex -4.03232 4.03232 5.79
    endloop
  endfacet
  facet normal 0.946929 0.321443 0
    outer loop
      vertex 5.50827 1.47591 9.6
      vertex 5.26849 2.18227 5.79
      vertex 5.26849 2.18227 9.6
    endloop
  endfacet
  facet normal 0.946929 0.321443 0
    outer loop
      vertex 5.26849 2.18227 5.79
      vertex 5.50827 1.47591 9.6
      vertex 5.50827 1.47591 5.79
    endloop
  endfacet
  facet normal 0 0 -1
    outer loop
      vertex 5.64244 0 5.79
      vertex 5.70258 0 5.79
      vertex 5.65378 -0.744324 5.79
    endloop
  endfacet
  facet normal 0 0 -1
    outer loop
      vertex 5.70258 0 5.79
      vertex 5.64244 0 5.79
      vertex 5.65378 0.744324 5.79
    endloop
  endfacet
  facet normal 0 0 -1
    outer loop
      vertex 5.65378 -0.744324 5.79
      vertex 5.59416 -0.736481 5.79
      vertex 5.64244 0 5.79
    endloop
  endfacet
  facet normal 0 0 -1
    outer loop
      vertex 5.50827 -1.47591 5.79
      vertex 5.59416 -0.736481 5.79
      vertex 5.65378 -0.744324 5.79
    endloop
  endfacet
  facet normal 0 0 -1
    outer loop
      vertex 5.50827 -1.47591 5.79
      vertex 5.45018 -1.46034 5.79
      vertex 5.59416 -0.736481 5.79
    endloop
  endfacet
  facet normal 0 0 -1
    outer loop
      vertex 5.26849 -2.18227 5.79
      vertex 5.45018 -1.46034 5.79
      vertex 5.50827 -1.47591 5.79
    endloop
  endfacet
  facet normal 0 0 -1
    outer loop
      vertex 5.26849 -2.18227 5.79
      vertex 5.21294 -2.15926 5.79
      vertex 5.45018 -1.46034 5.79
    endloop
  endfacet
  facet normal 0 0 -1
    outer loop
      vertex 4.93857 -2.85129 5.79
      vertex 5.21294 -2.15926 5.79
      vertex 5.26849 -2.18227 5.79
    endloop
  endfacet
  facet normal 0 0 -1
    outer loop
      vertex 4.93857 -2.85129 5.79
      vertex 4.88651 -2.82123 5.79
      vertex 5.21294 -2.15926 5.79
    endloop
  endfacet
  facet normal 0 0 -1
    outer loop
      vertex 4.52415 -3.47151 5.79
      vertex 4.88651 -2.82123 5.79
      vertex 4.93857 -2.85129 5.79
    endloop
  endfacet
  facet normal 0 0 -1
    outer loop
      vertex 4.52415 -3.47151 5.79
      vertex 4.47644 -3.43491 5.79
      vertex 4.88651 -2.82123 5.79
    endloop
  endfacet
  facet normal 0 0 -1
    outer loop
      vertex 4.03232 -4.03232 5.79
      vertex 4.47644 -3.43491 5.79
      vertex 4.52415 -3.47151 5.79
    endloop
  endfacet
  facet normal 0 0 -1
    outer loop
      vertex 4.03232 -4.03232 5.79
      vertex 3.98981 -3.98981 5.79
      vertex 4.47644 -3.43491 5.79
    endloop
  endfacet
  facet normal 0 0 -1
    outer loop
      vertex 3.47151 -4.52415 5.79
      vertex 3.98981 -3.98981 5.79
      vertex 4.03232 -4.03232 5.79
    endloop
  endfacet
  facet normal 0 0 -1
    outer loop
      vertex 3.47151 -4.52415 5.79
      vertex 3.43491 -4.47644 5.79
      vertex 3.98981 -3.98981 5.79
    endloop
  endfacet
  facet normal 0 0 -1
    outer loop
      vertex 2.85129 -4.93857 5.79
      vertex 3.43491 -4.47644 5.79
      vertex 3.47151 -4.52415 5.79
    endloop
  endfacet
  facet normal 0 0 -1
    outer loop
      vertex 2.85129 -4.93857 5.79
      vertex 2.82123 -4.88651 5.79
      vertex 3.43491 -4.47644 5.79
    endloop
  endfacet
  facet normal 0 0 -1
    outer loop
      vertex 2.18227 -5.26849 5.79
      vertex 2.82123 -4.88651 5.79
      vertex 2.85129 -4.93857 5.79
    endloop
  endfacet
  facet normal 0 0 -1
    outer loop
      vertex 2.18227 -5.26849 5.79
      vertex 2.15926 -5.21294 5.79
      vertex 2.82123 -4.88651 5.79
    endloop
  endfacet
  facet normal 0 0 -1
    outer loop
      vertex 1.47591 -5.50827 5.79
      vertex 2.15926 -5.21294 5.79
      vertex 2.18227 -5.26849 5.79
    endloop
  endfacet
  facet normal 0 0 -1
    outer loop
      vertex 1.47591 -5.50827 5.79
      vertex 1.46034 -5.45018 5.79
      vertex 2.15926 -5.21294 5.79
    endloop
  endfacet
  facet normal 0 0 -1
    outer loop
      vertex 0.744324 -5.65378 5.79
      vertex 1.46034 -5.45018 5.79
      vertex 1.47591 -5.50827 5.79
    endloop
  endfacet
  facet normal 0 0 -1
    outer loop
      vertex 0.744324 -5.65378 5.79
      vertex 0.736481 -5.59416 5.79
      vertex 1.46034 -5.45018 5.79
    endloop
  endfacet
  facet normal 0 0 -1
    outer loop
      vertex 0 -5.70258 5.79
      vertex 0.736481 -5.59416 5.79
      vertex 0.744324 -5.65378 5.79
    endloop
  endfacet
  facet normal 0 0 -1
    outer loop
      vertex 0 -5.70258 5.79
      vertex 0 -5.64244 5.79
      vertex 0.736481 -5.59416 5.79
    endloop
  endfacet
  facet normal 0 0 -1
    outer loop
      vertex 0 -5.70258 5.79
      vertex -0.736481 -5.59416 5.79
      vertex 0 -5.64244 5.79
    endloop
  endfacet
  facet normal 0 0 -1
    outer loop
      vertex -0.744324 -5.65378 5.79
      vertex -0.736481 -5.59416 5.79
      vertex 0 -5.70258 5.79
    endloop
  endfacet
  facet normal 0 0 -1
    outer loop
      vertex -0.744324 -5.65378 5.79
      vertex -1.46034 -5.45018 5.79
      vertex -0.736481 -5.59416 5.79
    endloop
  endfacet
  facet normal 0 0 -1
    outer loop
      vertex -1.47591 -5.50827 5.79
      vertex -1.46034 -5.45018 5.79
      vertex -0.744324 -5.65378 5.79
    endloop
  endfacet
  facet normal 0 0 -1
    outer loop
      vertex -1.47591 -5.50827 5.79
      vertex -2.15926 -5.21294 5.79
      vertex -1.46034 -5.45018 5.79
    endloop
  endfacet
  facet normal 0 0 -1
    outer loop
      vertex -2.18227 -5.26849 5.79
      vertex -2.15926 -5.21294 5.79
      vertex -1.47591 -5.50827 5.79
    endloop
  endfacet
  facet normal 0 0 -1
    outer loop
      vertex -2.18227 -5.26849 5.79
      vertex -2.82123 -4.88651 5.79
      vertex -2.15926 -5.21294 5.79
    endloop
  endfacet
  facet normal 0 0 -1
    outer loop
      vertex -2.85129 -4.93857 5.79
      vertex -2.82123 -4.88651 5.79
      vertex -2.18227 -5.26849 5.79
    endloop
  endfacet
  facet normal 0 0 -1
    outer loop
      vertex -2.85129 -4.93857 5.79
      vertex -3.43491 -4.47644 5.79
      vertex -2.82123 -4.88651 5.79
    endloop
  endfacet
  facet normal 0 0 -1
    outer loop
      vertex -3.47151 -4.52415 5.79
      vertex -3.43491 -4.47644 5.79
      vertex -2.85129 -4.93857 5.79
    endloop
  endfacet
  facet normal 0 0 -1
    outer loop
      vertex -3.47151 -4.52415 5.79
      vertex -3.98981 -3.98981 5.79
      vertex -3.43491 -4.47644 5.79
    endloop
  endfacet
  facet normal 0 0 -1
    outer loop
      vertex -4.03232 -4.03232 5.79
      vertex -3.98981 -3.98981 5.79
      vertex -3.47151 -4.52415 5.79
    endloop
  endfacet
  facet normal 0 0 -1
    outer loop
      vertex -4.03232 -4.03232 5.79
      vertex -4.47644 -3.43491 5.79
      vertex -3.98981 -3.98981 5.79
    endloop
  endfacet
  facet normal 0 0 -1
    outer loop
      vertex -4.52415 -3.47151 5.79
      vertex -4.47644 -3.43491 5.79
      vertex -4.03232 -4.03232 5.79
    endloop
  endfacet
  facet normal 0 0 -1
    outer loop
      vertex -4.52415 -3.47151 5.79
      vertex -4.88651 -2.82123 5.79
      vertex -4.47644 -3.43491 5.79
    endloop
  endfacet
  facet normal 0 0 -1
    outer loop
      vertex -4.93857 -2.85129 5.79
      vertex -4.88651 -2.82123 5.79
      vertex -4.52415 -3.47151 5.79
    endloop
  endfacet
  facet normal 0 0 -1
    outer loop
      vertex -4.93857 -2.85129 5.79
      vertex -5.21294 -2.15926 5.79
      vertex -4.88651 -2.82123 5.79
    endloop
  endfacet
  facet normal 0 0 -1
    outer loop
      vertex -5.26849 -2.18227 5.79
      vertex -5.21294 -2.15926 5.79
      vertex -4.93857 -2.85129 5.79
    endloop
  endfacet
  facet normal 0 0 -1
    outer loop
      vertex -5.26849 -2.18227 5.79
      vertex -5.45018 -1.46034 5.79
      vertex -5.21294 -2.15926 5.79
    endloop
  endfacet
  facet normal 0 0 -1
    outer loop
      vertex -5.50827 -1.47591 5.79
      vertex -5.45018 -1.46034 5.79
      vertex -5.26849 -2.18227 5.79
    endloop
  endfacet
  facet normal 0 0 -1
    outer loop
      vertex -5.50827 -1.47591 5.79
      vertex -5.58153 -0.799999 5.79
      vertex -5.45018 -1.46034 5.79
    endloop
  endfacet
  facet normal -0 -0 -1
    outer loop
      vertex -5.58153 -0.799999 5.79
      vertex -5.50827 -1.47591 5.79
      vertex -5.6427 -0.799999 5.79
    endloop
  endfacet
  facet normal 0 0 -1
    outer loop
      vertex 5.59416 0.736481 5.79
      vertex 5.65378 0.744324 5.79
      vertex 5.64244 0 5.79
    endloop
  endfacet
  facet normal 0 0 -1
    outer loop
      vertex 5.59416 0.736481 5.79
      vertex 5.50827 1.47591 5.79
      vertex 5.65378 0.744324 5.79
    endloop
  endfacet
  facet normal 0 0 -1
    outer loop
      vertex 5.45018 1.46034 5.79
      vertex 5.50827 1.47591 5.79
      vertex 5.59416 0.736481 5.79
    endloop
  endfacet
  facet normal 0 0 -1
    outer loop
      vertex 5.45018 1.46034 5.79
      vertex 5.26849 2.18227 5.79
      vertex 5.50827 1.47591 5.79
    endloop
  endfacet
  facet normal 0 0 -1
    outer loop
      vertex 5.21294 2.15926 5.79
      vertex 5.26849 2.18227 5.79
      vertex 5.45018 1.46034 5.79
    endloop
  endfacet
  facet normal 0 0 -1
    outer loop
      vertex 5.21294 2.15926 5.79
      vertex 4.93857 2.85129 5.79
      vertex 5.26849 2.18227 5.79
    endloop
  endfacet
  facet normal 0 0 -1
    outer loop
      vertex 4.88651 2.82123 5.79
      vertex 4.93857 2.85129 5.79
      vertex 5.21294 2.15926 5.79
    endloop
  endfacet
  facet normal 0 0 -1
    outer loop
      vertex 4.88651 2.82123 5.79
      vertex 4.52415 3.47151 5.79
      vertex 4.93857 2.85129 5.79
    endloop
  endfacet
  facet normal 0 0 -1
    outer loop
      vertex 4.47644 3.43491 5.79
      vertex 4.52415 3.47151 5.79
      vertex 4.88651 2.82123 5.79
    endloop
  endfacet
  facet normal 0 0 -1
    outer loop
      vertex 4.47644 3.43491 5.79
      vertex 4.03232 4.03232 5.79
      vertex 4.52415 3.47151 5.79
    endloop
  endfacet
  facet normal 0 0 -1
    outer loop
      vertex 3.98981 3.98981 5.79
      vertex 4.03232 4.03232 5.79
      vertex 4.47644 3.43491 5.79
    endloop
  endfacet
  facet normal 0 0 -1
    outer loop
      vertex 3.98981 3.98981 5.79
      vertex 3.47151 4.52415 5.79
      vertex 4.03232 4.03232 5.79
    endloop
  endfacet
  facet normal 0 0 -1
    outer loop
      vertex 3.43491 4.47644 5.79
      vertex 3.47151 4.52415 5.79
      vertex 3.98981 3.98981 5.79
    endloop
  endfacet
  facet normal 0 0 -1
    outer loop
      vertex 3.43491 4.47644 5.79
      vertex 2.85129 4.93857 5.79
      vertex 3.47151 4.52415 5.79
    endloop
  endfacet
  facet normal 0 0 -1
    outer loop
      vertex 2.82123 4.88651 5.79
      vertex 2.85129 4.93857 5.79
      vertex 3.43491 4.47644 5.79
    endloop
  endfacet
  facet normal 0 0 -1
    outer loop
      vertex 2.82123 4.88651 5.79
      vertex 2.18227 5.26849 5.79
      vertex 2.85129 4.93857 5.79
    endloop
  endfacet
  facet normal 0 0 -1
    outer loop
      vertex 2.15926 5.21294 5.79
      vertex 2.18227 5.26849 5.79
      vertex 2.82123 4.88651 5.79
    endloop
  endfacet
  facet normal 0 0 -1
    outer loop
      vertex 2.15926 5.21294 5.79
      vertex 1.47591 5.50827 5.79
      vertex 2.18227 5.26849 5.79
    endloop
  endfacet
  facet normal 0 0 -1
    outer loop
      vertex 1.46034 5.45018 5.79
      vertex 1.47591 5.50827 5.79
      vertex 2.15926 5.21294 5.79
    endloop
  endfacet
  facet normal 0 0 -1
    outer loop
      vertex 1.46034 5.45018 5.79
      vertex 0.744324 5.65378 5.79
      vertex 1.47591 5.50827 5.79
    endloop
  endfacet
  facet normal 0 0 -1
    outer loop
      vertex 0.736481 5.59416 5.79
      vertex 0.744324 5.65378 5.79
      vertex 1.46034 5.45018 5.79
    endloop
  endfacet
  facet normal 0 0 -1
    outer loop
      vertex 0 5.64244 5.79
      vertex 0.744324 5.65378 5.79
      vertex 0.736481 5.59416 5.79
    endloop
  endfacet
  facet normal 0 0 -1
    outer loop
      vertex 0 5.64244 5.79
      vertex 0 5.70258 5.79
      vertex 0.744324 5.65378 5.79
    endloop
  endfacet
  facet normal 0 0 -1
    outer loop
      vertex -0.736481 5.59416 5.79
      vertex 0 5.70258 5.79
      vertex 0 5.64244 5.79
    endloop
  endfacet
  facet normal 0 0 -1
    outer loop
      vertex -0.736481 5.59416 5.79
      vertex -0.744324 5.65378 5.79
      vertex 0 5.70258 5.79
    endloop
  endfacet
  facet normal 0 0 -1
    outer loop
      vertex -1.46034 5.45018 5.79
      vertex -0.744324 5.65378 5.79
      vertex -0.736481 5.59416 5.79
    endloop
  endfacet
  facet normal 0 0 -1
    outer loop
      vertex -1.46034 5.45018 5.79
      vertex -1.47591 5.50827 5.79
      vertex -0.744324 5.65378 5.79
    endloop
  endfacet
  facet normal 0 0 -1
    outer loop
      vertex -2.15926 5.21294 5.79
      vertex -1.47591 5.50827 5.79
      vertex -1.46034 5.45018 5.79
    endloop
  endfacet
  facet normal 0 0 -1
    outer loop
      vertex -2.15926 5.21294 5.79
      vertex -2.18227 5.26849 5.79
      vertex -1.47591 5.50827 5.79
    endloop
  endfacet
  facet normal 0 0 -1
    outer loop
      vertex -2.82123 4.88651 5.79
      vertex -2.18227 5.26849 5.79
      vertex -2.15926 5.21294 5.79
    endloop
  endfacet
  facet normal 0 0 -1
    outer loop
      vertex -2.82123 4.88651 5.79
      vertex -2.85129 4.93857 5.79
      vertex -2.18227 5.26849 5.79
    endloop
  endfacet
  facet normal 0 0 -1
    outer loop
      vertex -3.43491 4.47644 5.79
      vertex -2.85129 4.93857 5.79
      vertex -2.82123 4.88651 5.79
    endloop
  endfacet
  facet normal 0 0 -1
    outer loop
      vertex -3.43491 4.47644 5.79
      vertex -3.47151 4.52415 5.79
      vertex -2.85129 4.93857 5.79
    endloop
  endfacet
  facet normal 0 0 -1
    outer loop
      vertex -3.98981 3.98981 5.79
      vertex -3.47151 4.52415 5.79
      vertex -3.43491 4.47644 5.79
    endloop
  endfacet
  facet normal 0 0 -1
    outer loop
      vertex -3.98981 3.98981 5.79
      vertex -4.03232 4.03232 5.79
      vertex -3.47151 4.52415 5.79
    endloop
  endfacet
  facet normal 0 0 -1
    outer loop
      vertex -4.47644 3.43491 5.79
      vertex -4.03232 4.03232 5.79
      vertex -3.98981 3.98981 5.79
    endloop
  endfacet
  facet normal 0 0 -1
    outer loop
      vertex -4.47644 3.43491 5.79
      vertex -4.52415 3.47151 5.79
      vertex -4.03232 4.03232 5.79
    endloop
  endfacet
  facet normal 0 0 -1
    outer loop
      vertex -4.88651 2.82123 5.79
      vertex -4.52415 3.47151 5.79
      vertex -4.47644 3.43491 5.79
    endloop
  endfacet
  facet normal 0 0 -1
    outer loop
      vertex -4.88651 2.82123 5.79
      vertex -4.93857 2.85129 5.79
      vertex -4.52415 3.47151 5.79
    endloop
  endfacet
  facet normal 0 0 -1
    outer loop
      vertex -5.21294 2.15926 5.79
      vertex -4.93857 2.85129 5.79
      vertex -4.88651 2.82123 5.79
    endloop
  endfacet
  facet normal 0 0 -1
    outer loop
      vertex -5.21294 2.15926 5.79
      vertex -5.26849 2.18227 5.79
      vertex -4.93857 2.85129 5.79
    endloop
  endfacet
  facet normal 0 0 -1
    outer loop
      vertex -5.45018 1.46034 5.79
      vertex -5.26849 2.18227 5.79
      vertex -5.21294 2.15926 5.79
    endloop
  endfacet
  facet normal 0 0 -1
    outer loop
      vertex -5.45018 1.46034 5.79
      vertex -5.50827 1.47591 5.79
      vertex -5.26849 2.18227 5.79
    endloop
  endfacet
  facet normal 0 0 -1
    outer loop
      vertex -5.58153 0.799999 5.79
      vertex -5.50827 1.47591 5.79
      vertex -5.45018 1.46034 5.79
    endloop
  endfacet
  facet normal 0 0 -1
    outer loop
      vertex -5.50827 1.47591 5.79
      vertex -5.58153 0.799999 5.79
      vertex -5.6427 0.799999 5.79
    endloop
  endfacet
  facet normal -0.751831 -0.659356 0
    outer loop
      vertex -4.03232 -4.03232 5.79
      vertex -4.52415 -3.47151 9.6
      vertex -4.52415 -3.47151 5.79
    endloop
  endfacet
  facet normal -0.751831 -0.659356 0
    outer loop
      vertex -4.52415 -3.47151 9.6
      vertex -4.03232 -4.03232 5.79
      vertex -4.03232 -4.03232 9.6
    endloop
  endfacet
  facet normal -0.0654224 -0.997858 0
    outer loop
      vertex -0.744324 -5.65378 5.79
      vertex 0 -5.70258 9.6
      vertex -0.744324 -5.65378 9.6
    endloop
  endfacet
  facet normal -0.0654224 -0.997858 -0
    outer loop
      vertex 0 -5.70258 9.6
      vertex -0.744324 -5.65378 5.79
      vertex 0 -5.70258 5.79
    endloop
  endfacet
  facet normal 0.831468 0.555572 0
    outer loop
      vertex 4.93857 2.85129 9.6
      vertex 4.52415 3.47151 5.79
      vertex 4.52415 3.47151 9.6
    endloop
  endfacet
  facet normal 0.831468 0.555572 0
    outer loop
      vertex 4.52415 3.47151 5.79
      vertex 4.93857 2.85129 9.6
      vertex 4.93857 2.85129 5.79
    endloop
  endfacet
  facet normal 0.997858 -0.0654224 0
    outer loop
      vertex 5.65378 -0.744324 9.6
      vertex 5.70258 0 5.79
      vertex 5.70258 0 9.6
    endloop
  endfacet
  facet normal 0.997858 -0.0654224 0
    outer loop
      vertex 5.70258 0 5.79
      vertex 5.65378 -0.744324 9.6
      vertex 5.65378 -0.744324 5.79
    endloop
  endfacet
  facet normal 0.831468 -0.555572 0
    outer loop
      vertex 4.52415 -3.47151 9.6
      vertex 4.93857 -2.85129 5.79
      vertex 4.93857 -2.85129 9.6
    endloop
  endfacet
  facet normal 0.831468 -0.555572 0
    outer loop
      vertex 4.93857 -2.85129 5.79
      vertex 4.52415 -3.47151 9.6
      vertex 4.52415 -3.47151 5.79
    endloop
  endfacet
  facet normal -0.442284 0.896875 0
    outer loop
      vertex -2.18227 5.26849 5.79
      vertex -2.85129 4.93857 9.6
      vertex -2.18227 5.26849 9.6
    endloop
  endfacet
  facet normal -0.442284 0.896875 0
    outer loop
      vertex -2.85129 4.93857 9.6
      vertex -2.18227 5.26849 5.79
      vertex -2.85129 4.93857 5.79
    endloop
  endfacet
  facet normal 0.946929 -0.321443 0
    outer loop
      vertex 5.26849 -2.18227 9.6
      vertex 5.50827 -1.47591 5.79
      vertex 5.50827 -1.47591 9.6
    endloop
  endfacet
  facet normal 0.946929 -0.321443 0
    outer loop
      vertex 5.50827 -1.47591 5.79
      vertex 5.26849 -2.18227 9.6
      vertex 5.26849 -2.18227 5.79
    endloop
  endfacet
  facet normal 0.555572 -0.831468 0
    outer loop
      vertex 2.85129 -4.93857 5.79
      vertex 3.47151 -4.52415 9.6
      vertex 2.85129 -4.93857 9.6
    endloop
  endfacet
  facet normal 0.555572 -0.831468 0
    outer loop
      vertex 3.47151 -4.52415 9.6
      vertex 2.85129 -4.93857 5.79
      vertex 3.47151 -4.52415 5.79
    endloop
  endfacet
  facet normal 0.751831 -0.659356 0
    outer loop
      vertex 4.03232 -4.03232 9.6
      vertex 4.52415 -3.47151 5.79
      vertex 4.52415 -3.47151 9.6
    endloop
  endfacet
  facet normal 0.751831 -0.659356 0
    outer loop
      vertex 4.52415 -3.47151 5.79
      vertex 4.03232 -4.03232 9.6
      vertex 4.03232 -4.03232 5.79
    endloop
  endfacet
  facet normal 0.321443 -0.946929 0
    outer loop
      vertex 1.47591 -5.50827 5.79
      vertex 2.18227 -5.26849 9.6
      vertex 1.47591 -5.50827 9.6
    endloop
  endfacet
  facet normal 0.321443 -0.946929 0
    outer loop
      vertex 2.18227 -5.26849 9.6
      vertex 1.47591 -5.50827 5.79
      vertex 2.18227 -5.26849 5.79
    endloop
  endfacet
  facet normal 0.442284 -0.896875 0
    outer loop
      vertex 2.18227 -5.26849 5.79
      vertex 2.85129 -4.93857 9.6
      vertex 2.18227 -5.26849 9.6
    endloop
  endfacet
  facet normal 0.442284 -0.896875 0
    outer loop
      vertex 2.85129 -4.93857 9.6
      vertex 2.18227 -5.26849 5.79
      vertex 2.85129 -4.93857 5.79
    endloop
  endfacet
  facet normal 0.896875 -0.442284 0
    outer loop
      vertex 4.93857 -2.85129 9.6
      vertex 5.26849 -2.18227 5.79
      vertex 5.26849 -2.18227 9.6
    endloop
  endfacet
  facet normal 0.896875 -0.442284 0
    outer loop
      vertex 5.26849 -2.18227 5.79
      vertex 4.93857 -2.85129 9.6
      vertex 4.93857 -2.85129 5.79
    endloop
  endfacet
  facet normal 0.980788 -0.195075 0
    outer loop
      vertex 5.50827 -1.47591 9.6
      vertex 5.65378 -0.744324 5.79
      vertex 5.65378 -0.744324 9.6
    endloop
  endfacet
  facet normal 0.980788 -0.195075 0
    outer loop
      vertex 5.65378 -0.744324 5.79
      vertex 5.50827 -1.47591 9.6
      vertex 5.50827 -1.47591 5.79
    endloop
  endfacet
  facet normal 0.555572 0.831468 -0
    outer loop
      vertex 3.47151 4.52415 5.79
      vertex 2.85129 4.93857 9.6
      vertex 3.47151 4.52415 9.6
    endloop
  endfacet
  facet normal 0.555572 0.831468 0
    outer loop
      vertex 2.85129 4.93857 9.6
      vertex 3.47151 4.52415 5.79
      vertex 2.85129 4.93857 5.79
    endloop
  endfacet
  facet normal 0.442284 0.896875 -0
    outer loop
      vertex 2.85129 4.93857 5.79
      vertex 2.18227 5.26849 9.6
      vertex 2.85129 4.93857 9.6
    endloop
  endfacet
  facet normal 0.442284 0.896875 0
    outer loop
      vertex 2.18227 5.26849 9.6
      vertex 2.85129 4.93857 5.79
      vertex 2.18227 5.26849 5.79
    endloop
  endfacet
  facet normal 1 0 0
    outer loop
      vertex -5.2 -0.32862 5.37
      vertex -5.2 -0.799999 5.37
      vertex -5.2 -0.32862 5.31
    endloop
  endfacet
  facet normal 1 0 0
    outer loop
      vertex -5.2 0.32862 5.31
      vertex -5.2 0.799999 5.37
      vertex -5.2 0.32862 5.37
    endloop
  endfacet
  facet normal 1 0 0
    outer loop
      vertex -5.2 0.799999 5.37
      vertex -5.2 0.32862 5.31
      vertex -5.2 0.799999 5.1
    endloop
  endfacet
  facet normal 1 -0 0
    outer loop
      vertex -5.2 -0.32862 5.31
      vertex -5.2 0.799999 5.1
      vertex -5.2 0.32862 5.31
    endloop
  endfacet
  facet normal 1 0 0
    outer loop
      vertex -5.2 -0.799999 5.1
      vertex -5.2 -0.32862 5.31
      vertex -5.2 -0.799999 5.37
    endloop
  endfacet
  facet normal 1 0 0
    outer loop
      vertex -5.2 -0.32862 5.31
      vertex -5.2 -0.799999 5.1
      vertex -5.2 0.799999 5.1
    endloop
  endfacet
  facet normal 0 -1 0
    outer loop
      vertex -6.7 -0.799999 5.8
      vertex -5.6427 -0.799999 9.6
      vertex -6.7 -0.799999 9.6
    endloop
  endfacet
  facet normal 0 -1 0
    outer loop
      vertex -6.7 -0.799999 5.8
      vertex -5.6427 -0.799999 5.79
      vertex -5.6427 -0.799999 9.6
    endloop
  endfacet
  facet normal 0 -1 0
    outer loop
      vertex -5.6427 -0.799999 5.79
      vertex -5.58153 -0.799999 5.73
      vertex -5.58153 -0.799999 5.79
    endloop
  endfacet
  facet normal 0 -1 0
    outer loop
      vertex -5.7 -0.799999 5.1
      vertex -5.6427 -0.799999 5.79
      vertex -6.7 -0.799999 5.8
    endloop
  endfacet
  facet normal 0 -1 0
    outer loop
      vertex -5.58153 -0.799999 5.73
      vertex -5.52035 -0.799999 5.67
      vertex -5.52035 -0.799999 5.73
    endloop
  endfacet
  facet normal 0 -1 -0
    outer loop
      vertex -5.6427 -0.799999 5.79
      vertex -5.7 -0.799999 5.1
      vertex -5.58153 -0.799999 5.73
    endloop
  endfacet
  facet normal 0 -1 0
    outer loop
      vertex -5.52035 -0.799999 5.67
      vertex -5.45917 -0.799999 5.61
      vertex -5.45917 -0.799999 5.67
    endloop
  endfacet
  facet normal 0 -1 -0
    outer loop
      vertex -5.58153 -0.799999 5.73
      vertex -5.7 -0.799999 5.1
      vertex -5.52035 -0.799999 5.67
    endloop
  endfacet
  facet normal 0 -1 0
    outer loop
      vertex -5.45917 -0.799999 5.61
      vertex -5.398 -0.799999 5.55
      vertex -5.398 -0.799999 5.61
    endloop
  endfacet
  facet normal 0 -1 -0
    outer loop
      vertex -5.52035 -0.799999 5.67
      vertex -5.7 -0.799999 5.1
      vertex -5.45917 -0.799999 5.61
    endloop
  endfacet
  facet normal 0 -1 0
    outer loop
      vertex -5.398 -0.799999 5.55
      vertex -5.33682 -0.799999 5.49
      vertex -5.33682 -0.799999 5.55
    endloop
  endfacet
  facet normal 0 -1 -0
    outer loop
      vertex -5.45917 -0.799999 5.61
      vertex -5.7 -0.799999 5.1
      vertex -5.398 -0.799999 5.55
    endloop
  endfacet
  facet normal 0 -1 0
    outer loop
      vertex -5.33682 -0.799999 5.49
      vertex -5.27564 -0.799999 5.43
      vertex -5.27564 -0.799999 5.49
    endloop
  endfacet
  facet normal 0 -1 -0
    outer loop
      vertex -5.398 -0.799999 5.55
      vertex -5.7 -0.799999 5.1
      vertex -5.33682 -0.799999 5.49
    endloop
  endfacet
  facet normal 0 -1 0
    outer loop
      vertex -5.27564 -0.799999 5.43
      vertex -5.21447 -0.799999 5.37
      vertex -5.21447 -0.799999 5.43
    endloop
  endfacet
  facet normal 0 -1 -0
    outer loop
      vertex -5.33682 -0.799999 5.49
      vertex -5.7 -0.799999 5.1
      vertex -5.27564 -0.799999 5.43
    endloop
  endfacet
  facet normal 0 -1 0
    outer loop
      vertex -5.2 -0.799999 5.1
      vertex -5.27564 -0.799999 5.43
      vertex -5.7 -0.799999 5.1
    endloop
  endfacet
  facet normal 0 -1 0
    outer loop
      vertex -5.27564 -0.799999 5.43
      vertex -5.2 -0.799999 5.1
      vertex -5.21447 -0.799999 5.37
    endloop
  endfacet
  facet normal 0 -1 0
    outer loop
      vertex -5.21447 -0.799999 5.37
      vertex -5.2 -0.799999 5.1
      vertex -5.2 -0.799999 5.37
    endloop
  endfacet
  facet normal -0.573462 0 -0.819232
    outer loop
      vertex -6.7 -0.799999 5.8
      vertex -5.7 0.799999 5.1
      vertex -5.7 -0.799999 5.1
    endloop
  endfacet
  facet normal -0.573462 0 -0.819232
    outer loop
      vertex -5.7 0.799999 5.1
      vertex -6.7 -0.799999 5.8
      vertex -6.7 0.799999 5.8
    endloop
  endfacet
  facet normal 0 0 -1
    outer loop
      vertex -5.7 -0.799999 5.1
      vertex -5.2 0.799999 5.1
      vertex -5.2 -0.799999 5.1
    endloop
  endfacet
  facet normal -0 0 -1
    outer loop
      vertex -5.2 0.799999 5.1
      vertex -5.7 -0.799999 5.1
      vertex -5.7 0.799999 5.1
    endloop
  endfacet
  facet normal -1 0 0
    outer loop
      vertex -6.7 -0.799999 5.8
      vertex -6.7 0.799999 9.6
      vertex -6.7 0.799999 5.8
    endloop
  endfacet
  facet normal -1 -0 0
    outer loop
      vertex -6.7 0.799999 9.6
      vertex -6.7 -0.799999 5.8
      vertex -6.7 -0.799999 9.6
    endloop
  endfacet
  facet normal 0 1 0
    outer loop
      vertex -5.2 0.799999 5.37
      vertex -5.2 0.799999 5.1
      vertex -5.21447 0.799999 5.37
    endloop
  endfacet
  facet normal 0 1 0
    outer loop
      vertex -5.21447 0.799999 5.43
      vertex -5.21447 0.799999 5.37
      vertex -5.27564 0.799999 5.43
    endloop
  endfacet
  facet normal 0 1 0
    outer loop
      vertex -5.27564 0.799999 5.49
      vertex -5.27564 0.799999 5.43
      vertex -5.33682 0.799999 5.49
    endloop
  endfacet
  facet normal 0 1 0
    outer loop
      vertex -5.33682 0.799999 5.55
      vertex -5.33682 0.799999 5.49
      vertex -5.398 0.799999 5.55
    endloop
  endfacet
  facet normal 0 1 0
    outer loop
      vertex -5.398 0.799999 5.61
      vertex -5.398 0.799999 5.55
      vertex -5.45917 0.799999 5.61
    endloop
  endfacet
  facet normal 0 1 0
    outer loop
      vertex -5.45917 0.799999 5.67
      vertex -5.45917 0.799999 5.61
      vertex -5.52035 0.799999 5.67
    endloop
  endfacet
  facet normal 0 1 0
    outer loop
      vertex -5.52035 0.799999 5.73
      vertex -5.52035 0.799999 5.67
      vertex -5.58153 0.799999 5.73
    endloop
  endfacet
  facet normal 0 1 0
    outer loop
      vertex -5.58153 0.799999 5.79
      vertex -5.58153 0.799999 5.73
      vertex -5.6427 0.799999 5.79
    endloop
  endfacet
  facet normal 0 1 0
    outer loop
      vertex -5.6427 0.799999 9.6
      vertex -6.7 0.799999 5.8
      vertex -6.7 0.799999 9.6
    endloop
  endfacet
  facet normal 0 1 -0
    outer loop
      vertex -5.6427 0.799999 5.79
      vertex -6.7 0.799999 5.8
      vertex -5.6427 0.799999 9.6
    endloop
  endfacet
  facet normal 0 1 0
    outer loop
      vertex -5.7 0.799999 5.1
      vertex -5.6427 0.799999 5.79
      vertex -5.58153 0.799999 5.73
    endloop
  endfacet
  facet normal 0 1 0
    outer loop
      vertex -5.7 0.799999 5.1
      vertex -5.58153 0.799999 5.73
      vertex -5.52035 0.799999 5.67
    endloop
  endfacet
  facet normal 0 1 0
    outer loop
      vertex -5.7 0.799999 5.1
      vertex -5.52035 0.799999 5.67
      vertex -5.45917 0.799999 5.61
    endloop
  endfacet
  facet normal 0 1 0
    outer loop
      vertex -5.7 0.799999 5.1
      vertex -5.45917 0.799999 5.61
      vertex -5.398 0.799999 5.55
    endloop
  endfacet
  facet normal 0 1 0
    outer loop
      vertex -5.7 0.799999 5.1
      vertex -5.398 0.799999 5.55
      vertex -5.33682 0.799999 5.49
    endloop
  endfacet
  facet normal 0 1 0
    outer loop
      vertex -5.7 0.799999 5.1
      vertex -5.33682 0.799999 5.49
      vertex -5.27564 0.799999 5.43
    endloop
  endfacet
  facet normal 0 1 0
    outer loop
      vertex -5.2 0.799999 5.1
      vertex -5.27564 0.799999 5.43
      vertex -5.21447 0.799999 5.37
    endloop
  endfacet
  facet normal 0 1 0
    outer loop
      vertex -5.27564 0.799999 5.43
      vertex -5.2 0.799999 5.1
      vertex -5.7 0.799999 5.1
    endloop
  endfacet
  facet normal 0 1 0
    outer loop
      vertex -5.6427 0.799999 5.79
      vertex -5.7 0.799999 5.1
      vertex -6.7 0.799999 5.8
    endloop
  endfacet
  facet normal 0.980784 -0.195098 0
    outer loop
      vertex 1.93185 -0.517637 10.95
      vertex 1.98289 -0.261052 9.6
      vertex 1.98289 -0.261052 10.95
    endloop
  endfacet
  facet normal 0.980784 -0.195098 0
    outer loop
      vertex 1.98289 -0.261052 9.6
      vertex 1.93185 -0.517637 10.95
      vertex 1.93185 -0.517637 9.6
    endloop
  endfacet
  facet normal 0.997859 -0.0654022 0
    outer loop
      vertex 1.98289 -0.261052 10.95
      vertex 2 0 9.6
      vertex 2 0 10.95
    endloop
  endfacet
  facet normal 0.997859 -0.0654022 0
    outer loop
      vertex 2 0 9.6
      vertex 1.98289 -0.261052 10.95
      vertex 1.98289 -0.261052 9.6
    endloop
  endfacet
  facet normal 0.0654022 -0.997859 0
    outer loop
      vertex 0 -2 9.6
      vertex 0.261052 -1.98289 10.95
      vertex 0 -2 10.95
    endloop
  endfacet
  facet normal 0.0654022 -0.997859 0
    outer loop
      vertex 0.261052 -1.98289 10.95
      vertex 0 -2 9.6
      vertex 0.261052 -1.98289 9.6
    endloop
  endfacet
  facet normal -0.195098 -0.980784 0
    outer loop
      vertex -0.517637 -1.93185 9.6
      vertex -0.261052 -1.98289 10.95
      vertex -0.517637 -1.93185 10.95
    endloop
  endfacet
  facet normal -0.195098 -0.980784 -0
    outer loop
      vertex -0.261052 -1.98289 10.95
      vertex -0.517637 -1.93185 9.6
      vertex -0.261052 -1.98289 9.6
    endloop
  endfacet
  facet normal -0.946934 0.321429 0
    outer loop
      vertex -1.93185 0.517637 9.6
      vertex -1.84776 0.765367 10.95
      vertex -1.84776 0.765367 9.6
    endloop
  endfacet
  facet normal -0.946934 0.321429 0
    outer loop
      vertex -1.84776 0.765367 10.95
      vertex -1.93185 0.517637 9.6
      vertex -1.93185 0.517637 10.95
    endloop
  endfacet
  facet normal 0.555564 0.831474 -0
    outer loop
      vertex 1.21752 1.58671 9.6
      vertex 1 1.73205 10.95
      vertex 1.21752 1.58671 10.95
    endloop
  endfacet
  facet normal 0.555564 0.831474 0
    outer loop
      vertex 1 1.73205 10.95
      vertex 1.21752 1.58671 9.6
      vertex 1 1.73205 9.6
    endloop
  endfacet
  facet normal -0.89687 -0.442294 0
    outer loop
      vertex -1.73205 -1 9.6
      vertex -1.84776 -0.765367 10.95
      vertex -1.84776 -0.765367 9.6
    endloop
  endfacet
  facet normal -0.89687 -0.442294 0
    outer loop
      vertex -1.84776 -0.765367 10.95
      vertex -1.73205 -1 9.6
      vertex -1.73205 -1 10.95
    endloop
  endfacet
  facet normal -0.946934 -0.321429 0
    outer loop
      vertex -1.84776 -0.765367 9.6
      vertex -1.93185 -0.517637 10.95
      vertex -1.93185 -0.517637 9.6
    endloop
  endfacet
  facet normal -0.946934 -0.321429 0
    outer loop
      vertex -1.93185 -0.517637 10.95
      vertex -1.84776 -0.765367 9.6
      vertex -1.84776 -0.765367 10.95
    endloop
  endfacet
  facet normal -0.321429 -0.946934 0
    outer loop
      vertex -0.765367 -1.84776 9.6
      vertex -0.517637 -1.93185 10.95
      vertex -0.765367 -1.84776 10.95
    endloop
  endfacet
  facet normal -0.321429 -0.946934 -0
    outer loop
      vertex -0.517637 -1.93185 10.95
      vertex -0.765367 -1.84776 9.6
      vertex -0.517637 -1.93185 9.6
    endloop
  endfacet
  facet normal 0.997859 0.0654022 0
    outer loop
      vertex 2 0 10.95
      vertex 1.98289 0.261052 9.6
      vertex 1.98289 0.261052 10.95
    endloop
  endfacet
  facet normal 0.997859 0.0654022 0
    outer loop
      vertex 1.98289 0.261052 9.6
      vertex 2 0 10.95
      vertex 2 0 9.6
    endloop
  endfacet
  facet normal -0.831474 -0.555564 0
    outer loop
      vertex -1.58671 -1.21752 9.6
      vertex -1.73205 -1 10.95
      vertex -1.73205 -1 9.6
    endloop
  endfacet
  facet normal -0.831474 -0.555564 0
    outer loop
      vertex -1.73205 -1 10.95
      vertex -1.58671 -1.21752 9.6
      vertex -1.58671 -1.21752 10.95
    endloop
  endfacet
  facet normal -0.980784 -0.195098 0
    outer loop
      vertex -1.93185 -0.517637 9.6
      vertex -1.98289 -0.261052 10.95
      vertex -1.98289 -0.261052 9.6
    endloop
  endfacet
  facet normal -0.980784 -0.195098 0
    outer loop
      vertex -1.98289 -0.261052 10.95
      vertex -1.93185 -0.517637 9.6
      vertex -1.93185 -0.517637 10.95
    endloop
  endfacet
  facet normal 0.946934 0.321429 0
    outer loop
      vertex 1.93185 0.517637 10.95
      vertex 1.84776 0.765367 9.6
      vertex 1.84776 0.765367 10.95
    endloop
  endfacet
  facet normal 0.946934 0.321429 0
    outer loop
      vertex 1.84776 0.765367 9.6
      vertex 1.93185 0.517637 10.95
      vertex 1.93185 0.517637 9.6
    endloop
  endfacet
  facet normal 0.659362 0.751826 -0
    outer loop
      vertex 1.41421 1.41421 9.6
      vertex 1.21752 1.58671 10.95
      vertex 1.41421 1.41421 10.95
    endloop
  endfacet
  facet normal 0.659362 0.751826 0
    outer loop
      vertex 1.21752 1.58671 10.95
      vertex 1.41421 1.41421 9.6
      vertex 1.21752 1.58671 9.6
    endloop
  endfacet
  facet normal 0.321429 -0.946934 0
    outer loop
      vertex 0.517637 -1.93185 9.6
      vertex 0.765367 -1.84776 10.95
      vertex 0.517637 -1.93185 10.95
    endloop
  endfacet
  facet normal 0.321429 -0.946934 0
    outer loop
      vertex 0.765367 -1.84776 10.95
      vertex 0.517637 -1.93185 9.6
      vertex 0.765367 -1.84776 9.6
    endloop
  endfacet
  facet normal -0.751826 0.659362 0
    outer loop
      vertex -1.58671 1.21752 9.6
      vertex -1.41421 1.41421 10.95
      vertex -1.41421 1.41421 9.6
    endloop
  endfacet
  facet normal -0.751826 0.659362 0
    outer loop
      vertex -1.41421 1.41421 10.95
      vertex -1.58671 1.21752 9.6
      vertex -1.58671 1.21752 10.95
    endloop
  endfacet
  facet normal -0.659362 -0.751826 0
    outer loop
      vertex -1.41421 -1.41421 9.6
      vertex -1.21752 -1.58671 10.95
      vertex -1.41421 -1.41421 10.95
    endloop
  endfacet
  facet normal -0.659362 -0.751826 -0
    outer loop
      vertex -1.21752 -1.58671 10.95
      vertex -1.41421 -1.41421 9.6
      vertex -1.21752 -1.58671 9.6
    endloop
  endfacet
  facet normal -0.997859 -0.0654022 0
    outer loop
      vertex -1.98289 -0.261052 9.6
      vertex -2 0 10.95
      vertex -2 0 9.6
    endloop
  endfacet
  facet normal -0.997859 -0.0654022 0
    outer loop
      vertex -2 0 10.95
      vertex -1.98289 -0.261052 9.6
      vertex -1.98289 -0.261052 10.95
    endloop
  endfacet
  facet normal 0.555564 -0.831474 0
    outer loop
      vertex 1 -1.73205 9.6
      vertex 1.21752 -1.58671 10.95
      vertex 1 -1.73205 10.95
    endloop
  endfacet
  facet normal 0.555564 -0.831474 0
    outer loop
      vertex 1.21752 -1.58671 10.95
      vertex 1 -1.73205 9.6
      vertex 1.21752 -1.58671 9.6
    endloop
  endfacet
  facet normal 0.831474 0.555564 0
    outer loop
      vertex 1.73205 1 10.95
      vertex 1.58671 1.21752 9.6
      vertex 1.58671 1.21752 10.95
    endloop
  endfacet
  facet normal 0.831474 0.555564 0
    outer loop
      vertex 1.58671 1.21752 9.6
      vertex 1.73205 1 10.95
      vertex 1.73205 1 9.6
    endloop
  endfacet
  facet normal 0.831474 -0.555564 0
    outer loop
      vertex 1.58671 -1.21752 10.95
      vertex 1.73205 -1 9.6
      vertex 1.73205 -1 10.95
    endloop
  endfacet
  facet normal 0.831474 -0.555564 0
    outer loop
      vertex 1.73205 -1 9.6
      vertex 1.58671 -1.21752 10.95
      vertex 1.58671 -1.21752 9.6
    endloop
  endfacet
  facet normal -0.751826 -0.659362 0
    outer loop
      vertex -1.41421 -1.41421 9.6
      vertex -1.58671 -1.21752 10.95
      vertex -1.58671 -1.21752 9.6
    endloop
  endfacet
  facet normal -0.751826 -0.659362 0
    outer loop
      vertex -1.58671 -1.21752 10.95
      vertex -1.41421 -1.41421 9.6
      vertex -1.41421 -1.41421 10.95
    endloop
  endfacet
  facet normal 0.321429 0.946934 -0
    outer loop
      vertex 0.765367 1.84776 9.6
      vertex 0.517637 1.93185 10.95
      vertex 0.765367 1.84776 10.95
    endloop
  endfacet
  facet normal 0.321429 0.946934 0
    outer loop
      vertex 0.517637 1.93185 10.95
      vertex 0.765367 1.84776 9.6
      vertex 0.517637 1.93185 9.6
    endloop
  endfacet
  facet normal 0.751826 -0.659362 0
    outer loop
      vertex 1.41421 -1.41421 10.95
      vertex 1.58671 -1.21752 9.6
      vertex 1.58671 -1.21752 10.95
    endloop
  endfacet
  facet normal 0.751826 -0.659362 0
    outer loop
      vertex 1.58671 -1.21752 9.6
      vertex 1.41421 -1.41421 10.95
      vertex 1.41421 -1.41421 9.6
    endloop
  endfacet
  facet normal 0.0654022 0.997859 -0
    outer loop
      vertex 0.261052 1.98289 9.6
      vertex 0 2 10.95
      vertex 0.261052 1.98289 10.95
    endloop
  endfacet
  facet normal 0.0654022 0.997859 0
    outer loop
      vertex 0 2 10.95
      vertex 0.261052 1.98289 9.6
      vertex 0 2 9.6
    endloop
  endfacet
  facet normal 0.659362 -0.751826 0
    outer loop
      vertex 1.21752 -1.58671 9.6
      vertex 1.41421 -1.41421 10.95
      vertex 1.21752 -1.58671 10.95
    endloop
  endfacet
  facet normal 0.659362 -0.751826 0
    outer loop
      vertex 1.41421 -1.41421 10.95
      vertex 1.21752 -1.58671 9.6
      vertex 1.41421 -1.41421 9.6
    endloop
  endfacet
  facet normal -0.997859 0.0654022 0
    outer loop
      vertex -2 0 9.6
      vertex -1.98289 0.261052 10.95
      vertex -1.98289 0.261052 9.6
    endloop
  endfacet
  facet normal -0.997859 0.0654022 0
    outer loop
      vertex -1.98289 0.261052 10.95
      vertex -2 0 9.6
      vertex -2 0 10.95
    endloop
  endfacet
  facet normal -0.659362 0.751826 0
    outer loop
      vertex -1.21752 1.58671 9.6
      vertex -1.41421 1.41421 10.95
      vertex -1.21752 1.58671 10.95
    endloop
  endfacet
  facet normal -0.659362 0.751826 0
    outer loop
      vertex -1.41421 1.41421 10.95
      vertex -1.21752 1.58671 9.6
      vertex -1.41421 1.41421 9.6
    endloop
  endfacet
  facet normal -0.555564 -0.831474 0
    outer loop
      vertex -1.21752 -1.58671 9.6
      vertex -1 -1.73205 10.95
      vertex -1.21752 -1.58671 10.95
    endloop
  endfacet
  facet normal -0.555564 -0.831474 -0
    outer loop
      vertex -1 -1.73205 10.95
      vertex -1.21752 -1.58671 9.6
      vertex -1 -1.73205 9.6
    endloop
  endfacet
  facet normal 0.89687 -0.442294 0
    outer loop
      vertex 1.73205 -1 10.95
      vertex 1.84776 -0.765367 9.6
      vertex 1.84776 -0.765367 10.95
    endloop
  endfacet
  facet normal 0.89687 -0.442294 0
    outer loop
      vertex 1.84776 -0.765367 9.6
      vertex 1.73205 -1 10.95
      vertex 1.73205 -1 9.6
    endloop
  endfacet
  facet normal -0.0654022 0.997859 0
    outer loop
      vertex 0 2 9.6
      vertex -0.261052 1.98289 10.95
      vertex 0 2 10.95
    endloop
  endfacet
  facet normal -0.0654022 0.997859 0
    outer loop
      vertex -0.261052 1.98289 10.95
      vertex 0 2 9.6
      vertex -0.261052 1.98289 9.6
    endloop
  endfacet
  facet normal 0.195098 0.980784 -0
    outer loop
      vertex 0.517637 1.93185 9.6
      vertex 0.261052 1.98289 10.95
      vertex 0.517637 1.93185 10.95
    endloop
  endfacet
  facet normal 0.195098 0.980784 0
    outer loop
      vertex 0.261052 1.98289 10.95
      vertex 0.517637 1.93185 9.6
      vertex 0.261052 1.98289 9.6
    endloop
  endfacet
  facet normal 0.442294 -0.89687 0
    outer loop
      vertex 0.765367 -1.84776 9.6
      vertex 1 -1.73205 10.95
      vertex 0.765367 -1.84776 10.95
    endloop
  endfacet
  facet normal 0.442294 -0.89687 0
    outer loop
      vertex 1 -1.73205 10.95
      vertex 0.765367 -1.84776 9.6
      vertex 1 -1.73205 9.6
    endloop
  endfacet
  facet normal 0.89687 0.442294 0
    outer loop
      vertex 1.84776 0.765367 10.95
      vertex 1.73205 1 9.6
      vertex 1.73205 1 10.95
    endloop
  endfacet
  facet normal 0.89687 0.442294 0
    outer loop
      vertex 1.73205 1 9.6
      vertex 1.84776 0.765367 10.95
      vertex 1.84776 0.765367 9.6
    endloop
  endfacet
  facet normal 0.980784 0.195098 0
    outer loop
      vertex 1.98289 0.261052 10.95
      vertex 1.93185 0.517637 9.6
      vertex 1.93185 0.517637 10.95
    endloop
  endfacet
  facet normal 0.980784 0.195098 0
    outer loop
      vertex 1.93185 0.517637 9.6
      vertex 1.98289 0.261052 10.95
      vertex 1.98289 0.261052 9.6
    endloop
  endfacet
  facet normal -0.980784 0.195098 0
    outer loop
      vertex -1.98289 0.261052 9.6
      vertex -1.93185 0.517637 10.95
      vertex -1.93185 0.517637 9.6
    endloop
  endfacet
  facet normal -0.980784 0.195098 0
    outer loop
      vertex -1.93185 0.517637 10.95
      vertex -1.98289 0.261052 9.6
      vertex -1.98289 0.261052 10.95
    endloop
  endfacet
  facet normal -0.195098 0.980784 0
    outer loop
      vertex -0.261052 1.98289 9.6
      vertex -0.517637 1.93185 10.95
      vertex -0.261052 1.98289 10.95
    endloop
  endfacet
  facet normal -0.195098 0.980784 0
    outer loop
      vertex -0.517637 1.93185 10.95
      vertex -0.261052 1.98289 9.6
      vertex -0.517637 1.93185 9.6
    endloop
  endfacet
  facet normal 0.195098 -0.980784 0
    outer loop
      vertex 0.261052 -1.98289 9.6
      vertex 0.517637 -1.93185 10.95
      vertex 0.261052 -1.98289 10.95
    endloop
  endfacet
  facet normal 0.195098 -0.980784 0
    outer loop
      vertex 0.517637 -1.93185 10.95
      vertex 0.261052 -1.98289 9.6
      vertex 0.517637 -1.93185 9.6
    endloop
  endfacet
  facet normal 0.946934 -0.321429 0
    outer loop
      vertex 1.84776 -0.765367 10.95
      vertex 1.93185 -0.517637 9.6
      vertex 1.93185 -0.517637 10.95
    endloop
  endfacet
  facet normal 0.946934 -0.321429 0
    outer loop
      vertex 1.93185 -0.517637 9.6
      vertex 1.84776 -0.765367 10.95
      vertex 1.84776 -0.765367 9.6
    endloop
  endfacet
  facet normal 0.442294 0.89687 -0
    outer loop
      vertex 1 1.73205 9.6
      vertex 0.765367 1.84776 10.95
      vertex 1 1.73205 10.95
    endloop
  endfacet
  facet normal 0.442294 0.89687 0
    outer loop
      vertex 0.765367 1.84776 10.95
      vertex 1 1.73205 9.6
      vertex 0.765367 1.84776 9.6
    endloop
  endfacet
  facet normal 0.751826 0.659362 0
    outer loop
      vertex 1.58671 1.21752 10.95
      vertex 1.41421 1.41421 9.6
      vertex 1.41421 1.41421 10.95
    endloop
  endfacet
  facet normal 0.751826 0.659362 0
    outer loop
      vertex 1.41421 1.41421 9.6
      vertex 1.58671 1.21752 10.95
      vertex 1.58671 1.21752 9.6
    endloop
  endfacet
  facet normal -0.831474 0.555564 0
    outer loop
      vertex -1.73205 1 9.6
      vertex -1.58671 1.21752 10.95
      vertex -1.58671 1.21752 9.6
    endloop
  endfacet
  facet normal -0.831474 0.555564 0
    outer loop
      vertex -1.58671 1.21752 10.95
      vertex -1.73205 1 9.6
      vertex -1.73205 1 10.95
    endloop
  endfacet
  facet normal -0.0654022 -0.997859 0
    outer loop
      vertex -0.261052 -1.98289 9.6
      vertex 0 -2 10.95
      vertex -0.261052 -1.98289 10.95
    endloop
  endfacet
  facet normal -0.0654022 -0.997859 -0
    outer loop
      vertex 0 -2 10.95
      vertex -0.261052 -1.98289 9.6
      vertex 0 -2 9.6
    endloop
  endfacet
  facet normal -0.321429 0.946934 0
    outer loop
      vertex -0.517637 1.93185 9.6
      vertex -0.765367 1.84776 10.95
      vertex -0.517637 1.93185 10.95
    endloop
  endfacet
  facet normal -0.321429 0.946934 0
    outer loop
      vertex -0.765367 1.84776 10.95
      vertex -0.517637 1.93185 9.6
      vertex -0.765367 1.84776 9.6
    endloop
  endfacet
  facet normal -0.442294 -0.89687 0
    outer loop
      vertex -1 -1.73205 9.6
      vertex -0.765367 -1.84776 10.95
      vertex -1 -1.73205 10.95
    endloop
  endfacet
  facet normal -0.442294 -0.89687 -0
    outer loop
      vertex -0.765367 -1.84776 10.95
      vertex -1 -1.73205 9.6
      vertex -0.765367 -1.84776 9.6
    endloop
  endfacet
  facet normal -0.442294 0.89687 0
    outer loop
      vertex -0.765367 1.84776 9.6
      vertex -1 1.73205 10.95
      vertex -0.765367 1.84776 10.95
    endloop
  endfacet
  facet normal -0.442294 0.89687 0
    outer loop
      vertex -1 1.73205 10.95
      vertex -0.765367 1.84776 9.6
      vertex -1 1.73205 9.6
    endloop
  endfacet
  facet normal -0.89687 0.442294 0
    outer loop
      vertex -1.84776 0.765367 9.6
      vertex -1.73205 1 10.95
      vertex -1.73205 1 9.6
    endloop
  endfacet
  facet normal -0.89687 0.442294 0
    outer loop
      vertex -1.73205 1 10.95
      vertex -1.84776 0.765367 9.6
      vertex -1.84776 0.765367 10.95
    endloop
  endfacet
  facet normal 0 0 1
    outer loop
      vertex 1.98289 0.261052 10.95
      vertex 1.98289 -0.261052 10.95
      vertex 2 0 10.95
    endloop
  endfacet
  facet normal 0 0 1
    outer loop
      vertex 1.93185 0.517637 10.95
      vertex 1.98289 -0.261052 10.95
      vertex 1.98289 0.261052 10.95
    endloop
  endfacet
  facet normal 0 0 1
    outer loop
      vertex 1.93185 0.517637 10.95
      vertex 1.93185 -0.517637 10.95
      vertex 1.98289 -0.261052 10.95
    endloop
  endfacet
  facet normal 0 0 1
    outer loop
      vertex 1.84776 0.765367 10.95
      vertex 1.93185 -0.517637 10.95
      vertex 1.93185 0.517637 10.95
    endloop
  endfacet
  facet normal 0 0 1
    outer loop
      vertex 1.84776 0.765367 10.95
      vertex 1.84776 -0.765367 10.95
      vertex 1.93185 -0.517637 10.95
    endloop
  endfacet
  facet normal 0 0 1
    outer loop
      vertex 1.73205 1 10.95
      vertex 1.84776 -0.765367 10.95
      vertex 1.84776 0.765367 10.95
    endloop
  endfacet
  facet normal 0 0 1
    outer loop
      vertex 1.73205 1 10.95
      vertex 1.73205 -1 10.95
      vertex 1.84776 -0.765367 10.95
    endloop
  endfacet
  facet normal 0 0 1
    outer loop
      vertex 1.58671 1.21752 10.95
      vertex 1.73205 -1 10.95
      vertex 1.73205 1 10.95
    endloop
  endfacet
  facet normal 0 0 1
    outer loop
      vertex 1.58671 1.21752 10.95
      vertex 1.58671 -1.21752 10.95
      vertex 1.73205 -1 10.95
    endloop
  endfacet
  facet normal 0 0 1
    outer loop
      vertex 1.41421 1.41421 10.95
      vertex 1.58671 -1.21752 10.95
      vertex 1.58671 1.21752 10.95
    endloop
  endfacet
  facet normal 0 0 1
    outer loop
      vertex 1.41421 1.41421 10.95
      vertex 1.41421 -1.41421 10.95
      vertex 1.58671 -1.21752 10.95
    endloop
  endfacet
  facet normal 0 0 1
    outer loop
      vertex 1.21752 1.58671 10.95
      vertex 1.41421 -1.41421 10.95
      vertex 1.41421 1.41421 10.95
    endloop
  endfacet
  facet normal 0 0 1
    outer loop
      vertex 1.21752 1.58671 10.95
      vertex 1.21752 -1.58671 10.95
      vertex 1.41421 -1.41421 10.95
    endloop
  endfacet
  facet normal 0 0 1
    outer loop
      vertex 1 1.73205 10.95
      vertex 1.21752 -1.58671 10.95
      vertex 1.21752 1.58671 10.95
    endloop
  endfacet
  facet normal 0 0 1
    outer loop
      vertex 1 1.73205 10.95
      vertex 1 -1.73205 10.95
      vertex 1.21752 -1.58671 10.95
    endloop
  endfacet
  facet normal 0 0 1
    outer loop
      vertex 0.765367 1.84776 10.95
      vertex 1 -1.73205 10.95
      vertex 1 1.73205 10.95
    endloop
  endfacet
  facet normal 0 0 1
    outer loop
      vertex 0.765367 1.84776 10.95
      vertex 0.765367 -1.84776 10.95
      vertex 1 -1.73205 10.95
    endloop
  endfacet
  facet normal 0 0 1
    outer loop
      vertex 0.517637 1.93185 10.95
      vertex 0.765367 -1.84776 10.95
      vertex 0.765367 1.84776 10.95
    endloop
  endfacet
  facet normal 0 0 1
    outer loop
      vertex 0.517637 1.93185 10.95
      vertex 0.517637 -1.93185 10.95
      vertex 0.765367 -1.84776 10.95
    endloop
  endfacet
  facet normal 0 0 1
    outer loop
      vertex 0.261052 1.98289 10.95
      vertex 0.517637 -1.93185 10.95
      vertex 0.517637 1.93185 10.95
    endloop
  endfacet
  facet normal 0 0 1
    outer loop
      vertex 0.261052 1.98289 10.95
      vertex 0.261052 -1.98289 10.95
      vertex 0.517637 -1.93185 10.95
    endloop
  endfacet
  facet normal 0 0 1
    outer loop
      vertex 0 2 10.95
      vertex 0.261052 -1.98289 10.95
      vertex 0.261052 1.98289 10.95
    endloop
  endfacet
  facet normal 0 0 1
    outer loop
      vertex 0 2 10.95
      vertex 0 -2 10.95
      vertex 0.261052 -1.98289 10.95
    endloop
  endfacet
  facet normal -0 0 1
    outer loop
      vertex -0.261052 1.98289 10.95
      vertex 0 -2 10.95
      vertex 0 2 10.95
    endloop
  endfacet
  facet normal 0 0 1
    outer loop
      vertex -0.261052 1.98289 10.95
      vertex -0.261052 -1.98289 10.95
      vertex 0 -2 10.95
    endloop
  endfacet
  facet normal -0 0 1
    outer loop
      vertex -0.517637 1.93185 10.95
      vertex -0.261052 -1.98289 10.95
      vertex -0.261052 1.98289 10.95
    endloop
  endfacet
  facet normal 0 0 1
    outer loop
      vertex -0.517637 1.93185 10.95
      vertex -0.517637 -1.93185 10.95
      vertex -0.261052 -1.98289 10.95
    endloop
  endfacet
  facet normal -0 0 1
    outer loop
      vertex -0.765367 1.84776 10.95
      vertex -0.517637 -1.93185 10.95
      vertex -0.517637 1.93185 10.95
    endloop
  endfacet
  facet normal 0 0 1
    outer loop
      vertex -0.765367 1.84776 10.95
      vertex -0.765367 -1.84776 10.95
      vertex -0.517637 -1.93185 10.95
    endloop
  endfacet
  facet normal -0 0 1
    outer loop
      vertex -1 1.73205 10.95
      vertex -0.765367 -1.84776 10.95
      vertex -0.765367 1.84776 10.95
    endloop
  endfacet
  facet normal 0 0 1
    outer loop
      vertex -1 1.73205 10.95
      vertex -1 -1.73205 10.95
      vertex -0.765367 -1.84776 10.95
    endloop
  endfacet
  facet normal -0 0 1
    outer loop
      vertex -1.21752 1.58671 10.95
      vertex -1 -1.73205 10.95
      vertex -1 1.73205 10.95
    endloop
  endfacet
  facet normal 0 0 1
    outer loop
      vertex -1.21752 1.58671 10.95
      vertex -1.21752 -1.58671 10.95
      vertex -1 -1.73205 10.95
    endloop
  endfacet
  facet normal -0 0 1
    outer loop
      vertex -1.41421 1.41421 10.95
      vertex -1.21752 -1.58671 10.95
      vertex -1.21752 1.58671 10.95
    endloop
  endfacet
  facet normal 0 0 1
    outer loop
      vertex -1.41421 1.41421 10.95
      vertex -1.41421 -1.41421 10.95
      vertex -1.21752 -1.58671 10.95
    endloop
  endfacet
  facet normal -0 0 1
    outer loop
      vertex -1.58671 1.21752 10.95
      vertex -1.41421 -1.41421 10.95
      vertex -1.41421 1.41421 10.95
    endloop
  endfacet
  facet normal 0 0 1
    outer loop
      vertex -1.58671 1.21752 10.95
      vertex -1.58671 -1.21752 10.95
      vertex -1.41421 -1.41421 10.95
    endloop
  endfacet
  facet normal -0 0 1
    outer loop
      vertex -1.73205 1 10.95
      vertex -1.58671 -1.21752 10.95
      vertex -1.58671 1.21752 10.95
    endloop
  endfacet
  facet normal 0 0 1
    outer loop
      vertex -1.73205 1 10.95
      vertex -1.73205 -1 10.95
      vertex -1.58671 -1.21752 10.95
    endloop
  endfacet
  facet normal -0 0 1
    outer loop
      vertex -1.84776 0.765367 10.95
      vertex -1.73205 -1 10.95
      vertex -1.73205 1 10.95
    endloop
  endfacet
  facet normal 0 0 1
    outer loop
      vertex -1.84776 0.765367 10.95
      vertex -1.84776 -0.765367 10.95
      vertex -1.73205 -1 10.95
    endloop
  endfacet
  facet normal -0 0 1
    outer loop
      vertex -1.93185 0.517637 10.95
      vertex -1.84776 -0.765367 10.95
      vertex -1.84776 0.765367 10.95
    endloop
  endfacet
  facet normal 0 0 1
    outer loop
      vertex -1.93185 0.517637 10.95
      vertex -1.93185 -0.517637 10.95
      vertex -1.84776 -0.765367 10.95
    endloop
  endfacet
  facet normal -0 0 1
    outer loop
      vertex -1.98289 0.261052 10.95
      vertex -1.93185 -0.517637 10.95
      vertex -1.93185 0.517637 10.95
    endloop
  endfacet
  facet normal 0 0 1
    outer loop
      vertex -1.98289 0.261052 10.95
      vertex -1.98289 -0.261052 10.95
      vertex -1.93185 -0.517637 10.95
    endloop
  endfacet
  facet normal 0 -0 1
    outer loop
      vertex -1.98289 -0.261052 10.95
      vertex -1.98289 0.261052 10.95
      vertex -2 0 10.95
    endloop
  endfacet
  facet normal -0.555564 0.831474 0
    outer loop
      vertex -1 1.73205 9.6
      vertex -1.21752 1.58671 10.95
      vertex -1 1.73205 10.95
    endloop
  endfacet
  facet normal -0.555564 0.831474 0
    outer loop
      vertex -1.21752 1.58671 10.95
      vertex -1 1.73205 9.6
      vertex -1.21752 1.58671 9.6
    endloop
  endfacet
  facet normal 0 0 -1
    outer loop
      vertex 0.78627 -1.71805 0.6
      vertex 0.505081 -0.126236 0.6
      vertex 1.52498 -1.71805 0.6
    endloop
  endfacet
  facet normal 0 -0 -1
    outer loop
      vertex 0.505081 -0.126236 0.6
      vertex 0.78627 -1.71805 0.6
      vertex 0.0404205 -0.531342 0.6
    endloop
  endfacet
  facet normal 0 0 -1
    outer loop
      vertex 0.505081 -0.126236 0.6
      vertex 0.883957 1.6395 0.6
      vertex 1.62268 1.6395 0.6
    endloop
  endfacet
  facet normal 0 0 -1
    outer loop
      vertex 0.0404205 0.302658 0.6
      vertex 0.505081 -0.126236 0.6
      vertex 0.0404205 -0.531342 0.6
    endloop
  endfacet
  facet normal 0 0 -1
    outer loop
      vertex 0.505081 -0.126236 0.6
      vertex 0.0404205 0.302658 0.6
      vertex 0.883957 1.6395 0.6
    endloop
  endfacet
  facet normal 0 0 -1
    outer loop
      vertex 0.0404205 -0.531342 0.6
      vertex -0.383728 -0.126236 0.6
      vertex 0.0404205 0.302658 0.6
    endloop
  endfacet
  facet normal 0 0 -1
    outer loop
      vertex -0.705444 -1.71805 0.6
      vertex -0.383728 -0.126236 0.6
      vertex 0.0404205 -0.531342 0.6
    endloop
  endfacet
  facet normal 0 0 -1
    outer loop
      vertex -0.383728 -0.126236 0.6
      vertex -0.705444 -1.71805 0.6
      vertex -1.4489 -1.71805 0.6
    endloop
  endfacet
  facet normal 0 0 -1
    outer loop
      vertex -0.383728 -0.126236 0.6
      vertex -0.803131 1.6395 0.6
      vertex 0.0404205 0.302658 0.6
    endloop
  endfacet
  facet normal -0 -0 -1
    outer loop
      vertex -0.803131 1.6395 0.6
      vertex -0.383728 -0.126236 0.6
      vertex -1.54659 1.6395 0.6
    endloop
  endfacet
  facet normal 0.845713 -0.533638 0
    outer loop
      vertex 0.0404205 0.302658 0.6
      vertex 0.883957 1.6395 -0.00999935
      vertex 0.883957 1.6395 0.6
    endloop
  endfacet
  facet normal 0.845713 -0.533638 0
    outer loop
      vertex 0.883957 1.6395 -0.00999935
      vertex 0.0404205 0.302658 0.6
      vertex 0.0404205 0.302658 -0.00999935
    endloop
  endfacet
  facet normal 0 -1 0
    outer loop
      vertex 0.883957 1.6395 -0.00999935
      vertex 1.62268 1.6395 0.6
      vertex 0.883957 1.6395 0.6
    endloop
  endfacet
  facet normal 0 -1 -0
    outer loop
      vertex 1.62268 1.6395 0.6
      vertex 0.883957 1.6395 -0.00999935
      vertex 1.62268 1.6395 -0.00999935
    endloop
  endfacet
  facet normal -0.844971 0.534813 0
    outer loop
      vertex 0.505081 -0.126236 -0.00999935
      vertex 1.62268 1.6395 0.6
      vertex 1.62268 1.6395 -0.00999935
    endloop
  endfacet
  facet normal -0.844971 0.534813 0
    outer loop
      vertex 1.62268 1.6395 0.6
      vertex 0.505081 -0.126236 -0.00999935
      vertex 0.505081 -0.126236 0.6
    endloop
  endfacet
  facet normal -0.841998 -0.539481 0
    outer loop
      vertex 1.52498 -1.71805 -0.00999935
      vertex 0.505081 -0.126236 0.6
      vertex 0.505081 -0.126236 -0.00999935
    endloop
  endfacet
  facet normal -0.841998 -0.539481 0
    outer loop
      vertex 0.505081 -0.126236 0.6
      vertex 1.52498 -1.71805 -0.00999935
      vertex 1.52498 -1.71805 0.6
    endloop
  endfacet
  facet normal 0 1 -0
    outer loop
      vertex 1.52498 -1.71805 -0.00999935
      vertex 0.78627 -1.71805 0.6
      vertex 1.52498 -1.71805 0.6
    endloop
  endfacet
  facet normal 0 1 0
    outer loop
      vertex 0.78627 -1.71805 0.6
      vertex 1.52498 -1.71805 -0.00999935
      vertex 0.78627 -1.71805 -0.00999935
    endloop
  endfacet
  facet normal 0.846663 0.53213 0
    outer loop
      vertex 0.78627 -1.71805 0.6
      vertex 0.0404205 -0.531342 -0.00999935
      vertex 0.0404205 -0.531342 0.6
    endloop
  endfacet
  facet normal 0.846663 0.53213 0
    outer loop
      vertex 0.0404205 -0.531342 -0.00999935
      vertex 0.78627 -1.71805 0.6
      vertex 0.78627 -1.71805 -0.00999935
    endloop
  endfacet
  facet normal -0.846658 0.532138 0
    outer loop
      vertex -0.705444 -1.71805 -0.00999935
      vertex 0.0404205 -0.531342 0.6
      vertex 0.0404205 -0.531342 -0.00999935
    endloop
  endfacet
  facet normal -0.846658 0.532138 0
    outer loop
      vertex 0.0404205 -0.531342 0.6
      vertex -0.705444 -1.71805 -0.00999935
      vertex -0.705444 -1.71805 0.6
    endloop
  endfacet
  facet normal 0 1 -0
    outer loop
      vertex -0.705444 -1.71805 -0.00999935
      vertex -1.4489 -1.71805 0.6
      vertex -0.705444 -1.71805 0.6
    endloop
  endfacet
  facet normal 0 1 0
    outer loop
      vertex -1.4489 -1.71805 0.6
      vertex -0.705444 -1.71805 -0.00999935
      vertex -1.4489 -1.71805 -0.00999935
    endloop
  endfacet
  facet normal 0.831094 -0.556132 0
    outer loop
      vertex -1.4489 -1.71805 0.6
      vertex -0.383728 -0.126236 -0.00999935
      vertex -0.383728 -0.126236 0.6
    endloop
  endfacet
  facet normal 0.831094 -0.556132 0
    outer loop
      vertex -0.383728 -0.126236 -0.00999935
      vertex -1.4489 -1.71805 0.6
      vertex -1.4489 -1.71805 -0.00999935
    endloop
  endfacet
  facet normal 0.835158 0.55001 0
    outer loop
      vertex -0.383728 -0.126236 0.6
      vertex -1.54659 1.6395 -0.00999935
      vertex -1.54659 1.6395 0.6
    endloop
  endfacet
  facet normal 0.835158 0.55001 0
    outer loop
      vertex -1.54659 1.6395 -0.00999935
      vertex -0.383728 -0.126236 0.6
      vertex -0.383728 -0.126236 -0.00999935
    endloop
  endfacet
  facet normal 0 -1 0
    outer loop
      vertex -1.54659 1.6395 -0.00999935
      vertex -0.803131 1.6395 0.6
      vertex -1.54659 1.6395 0.6
    endloop
  endfacet
  facet normal 0 -1 -0
    outer loop
      vertex -0.803131 1.6395 0.6
      vertex -1.54659 1.6395 -0.00999935
      vertex -0.803131 1.6395 -0.00999935
    endloop
  endfacet
  facet normal -0.845709 -0.533645 0
    outer loop
      vertex 0.0404205 0.302658 -0.00999935
      vertex -0.803131 1.6395 0.6
      vertex -0.803131 1.6395 -0.00999935
    endloop
  endfacet
  facet normal -0.845709 -0.533645 0
    outer loop
      vertex -0.803131 1.6395 0.6
      vertex 0.0404205 0.302658 -0.00999935
      vertex 0.0404205 0.302658 0.6
    endloop
  endfacet
endsolid OpenSCAD_Model
