solid OpenSCAD_Model
  facet normal 0.442237 0.896898 -0
    outer loop
      vertex -67.7 -21.2287 2.2
      vertex -68.0754 -21.0436 3.7
      vertex -67.7 -21.2287 3.7
    endloop
  endfacet
  facet normal 0.442237 0.896898 0
    outer loop
      vertex -68.0754 -21.0436 3.7
      vertex -67.7 -21.2287 2.2
      vertex -68.0754 -21.0436 2.2
    endloop
  endfacet
  facet normal 0.442237 0.896898 -0
    outer loop
      vertex -67.7 -21.2287 1.8
      vertex -68.0754 -21.0436 1.99
      vertex -67.7 -21.2287 1.99
    endloop
  endfacet
  facet normal 0.442237 0.896898 0
    outer loop
      vertex -68.0754 -21.0436 1.99
      vertex -67.7 -21.2287 1.8
      vertex -68.0754 -21.0436 1.8
    endloop
  endfacet
  facet normal -0.659367 0.751821 0
    outer loop
      vertex -71.248 -21.4613 3.19
      vertex -71.5627 -21.7373 3.7
      vertex -71.248 -21.4613 3.7
    endloop
  endfacet
  facet normal -0.659367 0.751821 0
    outer loop
      vertex -71.5627 -21.7373 3.7
      vertex -71.248 -21.4613 3.19
      vertex -71.5627 -21.7373 3.19
    endloop
  endfacet
  facet normal -0.442237 0.896898 -3.90701e-05
    outer loop
      vertex -70.5246 -21.0436 3.7
      vertex -70.6 -21.0808 3.19
      vertex -70.9 -21.2287 3.7
    endloop
  endfacet
  facet normal -0.44245 0.896793 0
    outer loop
      vertex -70.5246 -21.0436 2.2
      vertex -70.6 -21.0808 3.19
      vertex -70.5246 -21.0436 3.7
    endloop
  endfacet
  facet normal -0.44245 0.896793 0
    outer loop
      vertex -70.6 -21.0808 3.19
      vertex -70.5246 -21.0436 2.2
      vertex -70.6 -21.0808 2.2
    endloop
  endfacet
  facet normal -0.442184 0.896924 0
    outer loop
      vertex -70.9 -21.2287 3.7
      vertex -70.6 -21.0808 3.19
      vertex -70.9 -21.2287 3.19
    endloop
  endfacet
  facet normal -0.44245 0.896793 0
    outer loop
      vertex -70.5246 -21.0436 1.8
      vertex -70.6 -21.0808 1.99
      vertex -70.5246 -21.0436 1.99
    endloop
  endfacet
  facet normal -0.44245 0.896793 0
    outer loop
      vertex -70.6 -21.0808 1.99
      vertex -70.5246 -21.0436 1.8
      vertex -70.6 -21.0808 1.8
    endloop
  endfacet
  facet normal -0.194967 0.98081 -1.61517e-05
    outer loop
      vertex -69.7177 -20.8274 3.7
      vertex -70.0828 -20.9 2.2
      vertex -70.1282 -20.909 3.7
    endloop
  endfacet
  facet normal -0.195031 0.980797 0
    outer loop
      vertex -69.7177 -20.8274 1.8
      vertex -70.0828 -20.9 2.2
      vertex -69.7177 -20.8274 3.7
    endloop
  endfacet
  facet normal -0.195031 0.980797 0
    outer loop
      vertex -70.0828 -20.9 2.2
      vertex -69.7177 -20.8274 1.8
      vertex -70.0828 -20.9 1.99
    endloop
  endfacet
  facet normal -0.194967 0.98081 0.000127513
    outer loop
      vertex -70.1282 -20.909 1.8
      vertex -70.0828 -20.9 1.99
      vertex -69.7177 -20.8274 1.8
    endloop
  endfacet
  facet normal -0.194454 0.980912 0
    outer loop
      vertex -70.0828 -20.9 1.99
      vertex -70.1282 -20.909 1.8
      vertex -70.1282 -20.909 1.99
    endloop
  endfacet
  facet normal -0.194454 0.980912 0
    outer loop
      vertex -70.1282 -20.909 3.7
      vertex -70.0828 -20.9 2.2
      vertex -70.1282 -20.909 2.2
    endloop
  endfacet
  facet normal -0.0654566 -0.997855 0
    outer loop
      vertex -69.7177 -27.1726 1.8
      vertex -69.3 -27.2 3.7
      vertex -69.7177 -27.1726 3.7
    endloop
  endfacet
  facet normal -0.0654566 -0.997855 -0
    outer loop
      vertex -69.3 -27.2 3.7
      vertex -69.7177 -27.1726 1.8
      vertex -69.3 -27.2 1.8
    endloop
  endfacet
  facet normal -0.0654566 0.997855 0
    outer loop
      vertex -69.3 -20.8 1.8
      vertex -69.7177 -20.8274 3.7
      vertex -69.3 -20.8 3.7
    endloop
  endfacet
  facet normal -0.0654566 0.997855 0
    outer loop
      vertex -69.7177 -20.8274 3.7
      vertex -69.3 -20.8 1.8
      vertex -69.7177 -20.8274 1.8
    endloop
  endfacet
  facet normal -0.555692 -0.831388 0
    outer loop
      vertex -71.248 -26.5387 3.19
      vertex -70.9 -26.7713 3.7
      vertex -71.248 -26.5387 3.7
    endloop
  endfacet
  facet normal -0.555692 -0.831388 -0
    outer loop
      vertex -70.9 -26.7713 3.7
      vertex -71.248 -26.5387 3.19
      vertex -70.9 -26.7713 3.19
    endloop
  endfacet
  facet normal 0.555468 -0.831538 0
    outer loop
      vertex -67.7 -26.7713 1.99
      vertex -67.7 -26.7713 1.8
      vertex -67.6 -26.7045 1.99
    endloop
  endfacet
  facet normal 0.555468 -0.831538 0
    outer loop
      vertex -67.6 -26.7045 2.2
      vertex -67.7 -26.7713 3.7
      vertex -67.7 -26.7713 2.2
    endloop
  endfacet
  facet normal 0.555692 -0.831388 2.16607e-05
    outer loop
      vertex -67.7 -26.7713 3.7
      vertex -67.6 -26.7045 2.2
      vertex -67.352 -26.5387 3.7
    endloop
  endfacet
  facet normal 0.555783 -0.831328 0
    outer loop
      vertex -67.352 -26.5387 1.8
      vertex -67.6 -26.7045 2.2
      vertex -67.6 -26.7045 1.99
    endloop
  endfacet
  facet normal 0.555783 -0.831328 0
    outer loop
      vertex -67.6 -26.7045 2.2
      vertex -67.352 -26.5387 1.8
      vertex -67.352 -26.5387 3.7
    endloop
  endfacet
  facet normal 0.555692 -0.831388 -0.000171005
    outer loop
      vertex -67.352 -26.5387 1.8
      vertex -67.6 -26.7045 1.99
      vertex -67.7 -26.7713 1.8
    endloop
  endfacet
  facet normal -0.442237 -0.896898 0
    outer loop
      vertex -70.9 -26.7713 3.19
      vertex -70.5246 -26.9564 3.7
      vertex -70.9 -26.7713 3.7
    endloop
  endfacet
  facet normal -0.442237 -0.896898 -0
    outer loop
      vertex -70.5246 -26.9564 3.7
      vertex -70.9 -26.7713 3.19
      vertex -70.5246 -26.9564 3.19
    endloop
  endfacet
  facet normal 0.0654566 -0.997855 0
    outer loop
      vertex -69.3 -27.2 1.8
      vertex -68.8823 -27.1726 3.7
      vertex -69.3 -27.2 3.7
    endloop
  endfacet
  facet normal 0.0654566 -0.997855 0
    outer loop
      vertex -68.8823 -27.1726 3.7
      vertex -69.3 -27.2 1.8
      vertex -68.8823 -27.1726 1.8
    endloop
  endfacet
  facet normal -0.321526 0.946901 0
    outer loop
      vertex -70.1282 -20.909 2.2
      vertex -70.5246 -21.0436 3.7
      vertex -70.1282 -20.909 3.7
    endloop
  endfacet
  facet normal -0.321526 0.946901 0
    outer loop
      vertex -70.5246 -21.0436 3.7
      vertex -70.1282 -20.909 2.2
      vertex -70.5246 -21.0436 2.2
    endloop
  endfacet
  facet normal -0.321526 0.946901 0
    outer loop
      vertex -70.1282 -20.909 1.8
      vertex -70.5246 -21.0436 1.99
      vertex -70.1282 -20.909 1.99
    endloop
  endfacet
  facet normal -0.321526 0.946901 0
    outer loop
      vertex -70.5246 -21.0436 1.99
      vertex -70.1282 -20.909 1.8
      vertex -70.5246 -21.0436 1.8
    endloop
  endfacet
  facet normal 0.194967 -0.98081 -1.61517e-05
    outer loop
      vertex -68.8823 -27.1726 3.7
      vertex -68.5172 -27.1 2.2
      vertex -68.4718 -27.091 3.7
    endloop
  endfacet
  facet normal 0.195031 -0.980797 0
    outer loop
      vertex -68.8823 -27.1726 1.8
      vertex -68.5172 -27.1 2.2
      vertex -68.8823 -27.1726 3.7
    endloop
  endfacet
  facet normal 0.195031 -0.980797 0
    outer loop
      vertex -68.5172 -27.1 2.2
      vertex -68.8823 -27.1726 1.8
      vertex -68.5172 -27.1 1.99
    endloop
  endfacet
  facet normal 0.194967 -0.98081 0.000127513
    outer loop
      vertex -68.4718 -27.091 1.8
      vertex -68.5172 -27.1 1.99
      vertex -68.8823 -27.1726 1.8
    endloop
  endfacet
  facet normal 0.194454 -0.980912 0
    outer loop
      vertex -68.5172 -27.1 1.99
      vertex -68.4718 -27.091 1.8
      vertex -68.4718 -27.091 1.99
    endloop
  endfacet
  facet normal 0.194454 -0.980912 0
    outer loop
      vertex -68.4718 -27.091 3.7
      vertex -68.5172 -27.1 2.2
      vertex -68.4718 -27.091 2.2
    endloop
  endfacet
  facet normal -0.555692 0.831388 0
    outer loop
      vertex -70.9 -21.2287 3.19
      vertex -71.248 -21.4613 3.7
      vertex -70.9 -21.2287 3.7
    endloop
  endfacet
  facet normal -0.555692 0.831388 0
    outer loop
      vertex -71.248 -21.4613 3.7
      vertex -70.9 -21.2287 3.19
      vertex -71.248 -21.4613 3.19
    endloop
  endfacet
  facet normal 0.321526 -0.946901 0
    outer loop
      vertex -68.4718 -27.091 2.2
      vertex -68.0754 -26.9564 3.7
      vertex -68.4718 -27.091 3.7
    endloop
  endfacet
  facet normal 0.321526 -0.946901 0
    outer loop
      vertex -68.0754 -26.9564 3.7
      vertex -68.4718 -27.091 2.2
      vertex -68.0754 -26.9564 2.2
    endloop
  endfacet
  facet normal 0.321526 -0.946901 0
    outer loop
      vertex -68.4718 -27.091 1.8
      vertex -68.0754 -26.9564 1.99
      vertex -68.4718 -27.091 1.99
    endloop
  endfacet
  facet normal 0.321526 -0.946901 0
    outer loop
      vertex -68.0754 -26.9564 1.99
      vertex -68.4718 -27.091 1.8
      vertex -68.0754 -26.9564 1.8
    endloop
  endfacet
  facet normal -0.321526 -0.946901 0
    outer loop
      vertex -70.5246 -26.9564 3.19
      vertex -70.1282 -27.091 3.7
      vertex -70.5246 -26.9564 3.7
    endloop
  endfacet
  facet normal -0.321526 -0.946901 -0
    outer loop
      vertex -70.1282 -27.091 3.7
      vertex -70.5246 -26.9564 3.19
      vertex -70.1282 -27.091 3.19
    endloop
  endfacet
  facet normal 0.0654566 0.997855 -0
    outer loop
      vertex -68.8823 -20.8274 1.8
      vertex -69.3 -20.8 3.7
      vertex -68.8823 -20.8274 3.7
    endloop
  endfacet
  facet normal 0.0654566 0.997855 0
    outer loop
      vertex -69.3 -20.8 3.7
      vertex -68.8823 -20.8274 1.8
      vertex -69.3 -20.8 1.8
    endloop
  endfacet
  facet normal 0.65918 0.751985 -0
    outer loop
      vertex -67.1 -21.6822 1.8
      vertex -67.352 -21.4613 3.7
      vertex -67.1 -21.6822 3.7
    endloop
  endfacet
  facet normal 0.65918 0.751985 0
    outer loop
      vertex -67.352 -21.4613 3.7
      vertex -67.1 -21.6822 1.8
      vertex -67.352 -21.4613 1.8
    endloop
  endfacet
  facet normal 0.555692 0.831388 2.16607e-05
    outer loop
      vertex -67.352 -21.4613 3.7
      vertex -67.6 -21.2955 2.2
      vertex -67.7 -21.2287 3.7
    endloop
  endfacet
  facet normal 0.555783 0.831328 -0
    outer loop
      vertex -67.352 -21.4613 1.8
      vertex -67.6 -21.2955 2.2
      vertex -67.352 -21.4613 3.7
    endloop
  endfacet
  facet normal 0.555783 0.831328 0
    outer loop
      vertex -67.6 -21.2955 2.2
      vertex -67.352 -21.4613 1.8
      vertex -67.6 -21.2955 1.99
    endloop
  endfacet
  facet normal 0.555692 0.831388 -0.000171005
    outer loop
      vertex -67.7 -21.2287 1.8
      vertex -67.6 -21.2955 1.99
      vertex -67.352 -21.4613 1.8
    endloop
  endfacet
  facet normal 0.555468 0.831538 0
    outer loop
      vertex -67.6 -21.2955 1.99
      vertex -67.7 -21.2287 1.8
      vertex -67.7 -21.2287 1.99
    endloop
  endfacet
  facet normal 0.555468 0.831538 0
    outer loop
      vertex -67.7 -21.2287 3.7
      vertex -67.6 -21.2955 2.2
      vertex -67.7 -21.2287 2.2
    endloop
  endfacet
  facet normal -0.195068 -0.98079 0
    outer loop
      vertex -69.7682 -27.1626 3.19
      vertex -70.1282 -27.091 3.7
      vertex -70.1282 -27.091 3.19
    endloop
  endfacet
  facet normal -0.194967 -0.98081 7.40216e-05
    outer loop
      vertex -70.1282 -27.091 3.7
      vertex -69.7682 -27.1626 3.19
      vertex -69.7177 -27.1726 3.7
    endloop
  endfacet
  facet normal -0.194248 -0.980952 0
    outer loop
      vertex -69.7177 -27.1726 1.8
      vertex -69.7682 -27.1626 3.19
      vertex -69.7682 -27.1626 1.8
    endloop
  endfacet
  facet normal -0.194248 -0.980952 0
    outer loop
      vertex -69.7682 -27.1626 3.19
      vertex -69.7177 -27.1726 1.8
      vertex -69.7177 -27.1726 3.7
    endloop
  endfacet
  facet normal -0.65929 -0.751889 0
    outer loop
      vertex -71.5257 -26.2952 3.19
      vertex -71.248 -26.5387 3.7
      vertex -71.5257 -26.2952 3.7
    endloop
  endfacet
  facet normal -0.65929 -0.751889 -0
    outer loop
      vertex -71.248 -26.5387 3.7
      vertex -71.5257 -26.2952 3.19
      vertex -71.248 -26.5387 3.19
    endloop
  endfacet
  facet normal 0.321526 0.946901 -0
    outer loop
      vertex -68.0754 -21.0436 2.2
      vertex -68.4718 -20.909 3.7
      vertex -68.0754 -21.0436 3.7
    endloop
  endfacet
  facet normal 0.321526 0.946901 0
    outer loop
      vertex -68.4718 -20.909 3.7
      vertex -68.0754 -21.0436 2.2
      vertex -68.4718 -20.909 2.2
    endloop
  endfacet
  facet normal 0.321526 0.946901 -0
    outer loop
      vertex -68.0754 -21.0436 1.8
      vertex -68.4718 -20.909 1.99
      vertex -68.0754 -21.0436 1.99
    endloop
  endfacet
  facet normal 0.321526 0.946901 0
    outer loop
      vertex -68.4718 -20.909 1.99
      vertex -68.0754 -21.0436 1.8
      vertex -68.4718 -20.909 1.8
    endloop
  endfacet
  facet normal 0.194454 0.980912 0
    outer loop
      vertex -68.4718 -20.909 1.99
      vertex -68.4718 -20.909 1.8
      vertex -68.5172 -20.9 1.99
    endloop
  endfacet
  facet normal 0.194454 0.980912 0
    outer loop
      vertex -68.5172 -20.9 2.2
      vertex -68.4718 -20.909 3.7
      vertex -68.4718 -20.909 2.2
    endloop
  endfacet
  facet normal 0.194967 0.98081 -1.61517e-05
    outer loop
      vertex -68.4718 -20.909 3.7
      vertex -68.5172 -20.9 2.2
      vertex -68.8823 -20.8274 3.7
    endloop
  endfacet
  facet normal 0.195031 0.980797 0
    outer loop
      vertex -68.8823 -20.8274 1.8
      vertex -68.5172 -20.9 2.2
      vertex -68.5172 -20.9 1.99
    endloop
  endfacet
  facet normal 0.195031 0.980797 0
    outer loop
      vertex -68.5172 -20.9 2.2
      vertex -68.8823 -20.8274 1.8
      vertex -68.8823 -20.8274 3.7
    endloop
  endfacet
  facet normal 0.194967 0.98081 0.000127513
    outer loop
      vertex -68.8823 -20.8274 1.8
      vertex -68.5172 -20.9 1.99
      vertex -68.4718 -20.909 1.8
    endloop
  endfacet
  facet normal 0.442237 -0.896898 0
    outer loop
      vertex -68.0754 -26.9564 2.2
      vertex -67.7 -26.7713 3.7
      vertex -68.0754 -26.9564 3.7
    endloop
  endfacet
  facet normal 0.442237 -0.896898 0
    outer loop
      vertex -67.7 -26.7713 3.7
      vertex -68.0754 -26.9564 2.2
      vertex -67.7 -26.7713 2.2
    endloop
  endfacet
  facet normal 0.442237 -0.896898 0
    outer loop
      vertex -68.0754 -26.9564 1.8
      vertex -67.7 -26.7713 1.99
      vertex -68.0754 -26.9564 1.99
    endloop
  endfacet
  facet normal 0.442237 -0.896898 0
    outer loop
      vertex -67.7 -26.7713 1.99
      vertex -68.0754 -26.9564 1.8
      vertex -67.7 -26.7713 1.8
    endloop
  endfacet
  facet normal -0.751733 0.659468 0
    outer loop
      vertex -71.8 -22.0078 3.19
      vertex -71.5627 -21.7373 3.7
      vertex -71.5627 -21.7373 3.19
    endloop
  endfacet
  facet normal -0.751733 0.659468 0
    outer loop
      vertex -71.5627 -21.7373 3.7
      vertex -71.8 -22.0078 3.19
      vertex -71.8 -22.0078 3.7
    endloop
  endfacet
  facet normal 0.65918 -0.751985 0
    outer loop
      vertex -67.352 -26.5387 1.8
      vertex -67.1 -26.3178 3.7
      vertex -67.352 -26.5387 3.7
    endloop
  endfacet
  facet normal 0.65918 -0.751985 0
    outer loop
      vertex -67.1 -26.3178 3.7
      vertex -67.352 -26.5387 1.8
      vertex -67.1 -26.3178 1.8
    endloop
  endfacet
  facet normal 0 0 1
    outer loop
      vertex -68.2651 -22.6513 3.7
      vertex -67.1 -21.6822 3.7
      vertex -67.352 -21.4613 3.7
    endloop
  endfacet
  facet normal 0 0 1
    outer loop
      vertex -67.1 -21.6822 3.7
      vertex -67.6 -24 3.7
      vertex -67.1 -26.3178 3.7
    endloop
  endfacet
  facet normal -0 0 1
    outer loop
      vertex -67.6145 -24.2219 3.7
      vertex -67.1 -26.3178 3.7
      vertex -67.6 -24 3.7
    endloop
  endfacet
  facet normal 0 0 1
    outer loop
      vertex -67.1 -21.6822 3.7
      vertex -67.6145 -23.7781 3.7
      vertex -67.6 -24 3.7
    endloop
  endfacet
  facet normal 0 0 1
    outer loop
      vertex -67.1 -21.6822 3.7
      vertex -67.6579 -23.56 3.7
      vertex -67.6145 -23.7781 3.7
    endloop
  endfacet
  facet normal 0 0 1
    outer loop
      vertex -68.2651 -22.6513 3.7
      vertex -67.352 -21.4613 3.7
      vertex -67.7 -21.2287 3.7
    endloop
  endfacet
  facet normal 0 0 1
    outer loop
      vertex -67.1 -21.6822 3.7
      vertex -67.7294 -23.3494 3.7
      vertex -67.6579 -23.56 3.7
    endloop
  endfacet
  facet normal 0 0 1
    outer loop
      vertex -67.1 -21.6822 3.7
      vertex -67.8278 -23.15 3.7
      vertex -67.7294 -23.3494 3.7
    endloop
  endfacet
  facet normal 0 0 1
    outer loop
      vertex -67.1 -21.6822 3.7
      vertex -67.9513 -22.9651 3.7
      vertex -67.8278 -23.15 3.7
    endloop
  endfacet
  facet normal 0 0 1
    outer loop
      vertex -68.45 -22.5278 3.7
      vertex -67.7 -21.2287 3.7
      vertex -68.0754 -21.0436 3.7
    endloop
  endfacet
  facet normal 0 0 1
    outer loop
      vertex -67.1 -21.6822 3.7
      vertex -68.0979 -22.7979 3.7
      vertex -67.9513 -22.9651 3.7
    endloop
  endfacet
  facet normal 0 0 1
    outer loop
      vertex -67.1 -21.6822 3.7
      vertex -68.2651 -22.6513 3.7
      vertex -68.0979 -22.7979 3.7
    endloop
  endfacet
  facet normal 0 0 1
    outer loop
      vertex -67.7 -21.2287 3.7
      vertex -68.45 -22.5278 3.7
      vertex -68.2651 -22.6513 3.7
    endloop
  endfacet
  facet normal 0 0 1
    outer loop
      vertex -68.6494 -22.4294 3.7
      vertex -68.0754 -21.0436 3.7
      vertex -68.4718 -20.909 3.7
    endloop
  endfacet
  facet normal 0 0 1
    outer loop
      vertex -68.0754 -21.0436 3.7
      vertex -68.6494 -22.4294 3.7
      vertex -68.45 -22.5278 3.7
    endloop
  endfacet
  facet normal 0 0 1
    outer loop
      vertex -68.4718 -20.909 3.7
      vertex -68.86 -22.3579 3.7
      vertex -68.6494 -22.4294 3.7
    endloop
  endfacet
  facet normal 0 0 1
    outer loop
      vertex -68.8823 -20.8274 3.7
      vertex -68.86 -22.3579 3.7
      vertex -68.4718 -20.909 3.7
    endloop
  endfacet
  facet normal 0 0 1
    outer loop
      vertex -68.8823 -20.8274 3.7
      vertex -69.0781 -22.3145 3.7
      vertex -68.86 -22.3579 3.7
    endloop
  endfacet
  facet normal 0 0 1
    outer loop
      vertex -69.3 -20.8 3.7
      vertex -69.0781 -22.3145 3.7
      vertex -68.8823 -20.8274 3.7
    endloop
  endfacet
  facet normal 0 0 1
    outer loop
      vertex -69.3 -20.8 3.7
      vertex -69.3 -22.3 3.7
      vertex -69.0781 -22.3145 3.7
    endloop
  endfacet
  facet normal 0 0 1
    outer loop
      vertex -69.3 -20.8 3.7
      vertex -69.5219 -22.3145 3.7
      vertex -69.3 -22.3 3.7
    endloop
  endfacet
  facet normal -0 0 1
    outer loop
      vertex -69.7177 -20.8274 3.7
      vertex -69.5219 -22.3145 3.7
      vertex -69.3 -20.8 3.7
    endloop
  endfacet
  facet normal 0 0 1
    outer loop
      vertex -69.7177 -20.8274 3.7
      vertex -69.74 -22.3579 3.7
      vertex -69.5219 -22.3145 3.7
    endloop
  endfacet
  facet normal -0 0 1
    outer loop
      vertex -70.1282 -20.909 3.7
      vertex -69.74 -22.3579 3.7
      vertex -69.7177 -20.8274 3.7
    endloop
  endfacet
  facet normal 0 0 1
    outer loop
      vertex -69.74 -22.3579 3.7
      vertex -70.1282 -20.909 3.7
      vertex -69.9506 -22.4294 3.7
    endloop
  endfacet
  facet normal -0 0 1
    outer loop
      vertex -70.5246 -21.0436 3.7
      vertex -69.9506 -22.4294 3.7
      vertex -70.1282 -20.909 3.7
    endloop
  endfacet
  facet normal 0 0 1
    outer loop
      vertex -69.9506 -22.4294 3.7
      vertex -70.5246 -21.0436 3.7
      vertex -70.15 -22.5278 3.7
    endloop
  endfacet
  facet normal -0 0 1
    outer loop
      vertex -70.9 -21.2287 3.7
      vertex -70.15 -22.5278 3.7
      vertex -70.5246 -21.0436 3.7
    endloop
  endfacet
  facet normal 0 0 1
    outer loop
      vertex -70.15 -22.5278 3.7
      vertex -70.9 -21.2287 3.7
      vertex -70.3349 -22.6513 3.7
    endloop
  endfacet
  facet normal -0 0 1
    outer loop
      vertex -71.248 -21.4613 3.7
      vertex -70.3349 -22.6513 3.7
      vertex -70.9 -21.2287 3.7
    endloop
  endfacet
  facet normal 0 0 1
    outer loop
      vertex -70.3349 -22.6513 3.7
      vertex -71.248 -21.4613 3.7
      vertex -70.5021 -22.7979 3.7
    endloop
  endfacet
  facet normal -0 0 1
    outer loop
      vertex -71.5627 -21.7373 3.7
      vertex -70.5021 -22.7979 3.7
      vertex -71.248 -21.4613 3.7
    endloop
  endfacet
  facet normal -0 0 1
    outer loop
      vertex -71.8 -22.0078 3.7
      vertex -70.5021 -22.7979 3.7
      vertex -71.5627 -21.7373 3.7
    endloop
  endfacet
  facet normal 0 0 1
    outer loop
      vertex -70.5021 -22.7979 3.7
      vertex -71.8 -22.0078 3.7
      vertex -70.6487 -22.9651 3.7
    endloop
  endfacet
  facet normal 0 0 1
    outer loop
      vertex -70.6487 -22.9651 3.7
      vertex -71.8 -22.0078 3.7
      vertex -70.7722 -23.15 3.7
    endloop
  endfacet
  facet normal 0 0 1
    outer loop
      vertex -70.7722 -23.15 3.7
      vertex -71.8 -22.0078 3.7
      vertex -70.8706 -23.3494 3.7
    endloop
  endfacet
  facet normal 0 0 1
    outer loop
      vertex -70.8706 -23.3494 3.7
      vertex -71.8 -22.0078 3.7
      vertex -70.9421 -23.56 3.7
    endloop
  endfacet
  facet normal -0 0 1
    outer loop
      vertex -67.6579 -24.44 3.7
      vertex -67.1 -26.3178 3.7
      vertex -67.6145 -24.2219 3.7
    endloop
  endfacet
  facet normal -0 0 1
    outer loop
      vertex -67.7294 -24.6506 3.7
      vertex -67.1 -26.3178 3.7
      vertex -67.6579 -24.44 3.7
    endloop
  endfacet
  facet normal -0 0 1
    outer loop
      vertex -67.8278 -24.85 3.7
      vertex -67.1 -26.3178 3.7
      vertex -67.7294 -24.6506 3.7
    endloop
  endfacet
  facet normal -0 0 1
    outer loop
      vertex -67.9513 -25.0349 3.7
      vertex -67.1 -26.3178 3.7
      vertex -67.8278 -24.85 3.7
    endloop
  endfacet
  facet normal -0 0 1
    outer loop
      vertex -68.0979 -25.2021 3.7
      vertex -67.1 -26.3178 3.7
      vertex -67.9513 -25.0349 3.7
    endloop
  endfacet
  facet normal -0 0 1
    outer loop
      vertex -68.2651 -25.3487 3.7
      vertex -67.1 -26.3178 3.7
      vertex -68.0979 -25.2021 3.7
    endloop
  endfacet
  facet normal 0 0 1
    outer loop
      vertex -67.1 -26.3178 3.7
      vertex -68.2651 -25.3487 3.7
      vertex -67.352 -26.5387 3.7
    endloop
  endfacet
  facet normal 0 0 1
    outer loop
      vertex -67.352 -26.5387 3.7
      vertex -68.2651 -25.3487 3.7
      vertex -67.7 -26.7713 3.7
    endloop
  endfacet
  facet normal -0 0 1
    outer loop
      vertex -68.45 -25.4722 3.7
      vertex -67.7 -26.7713 3.7
      vertex -68.2651 -25.3487 3.7
    endloop
  endfacet
  facet normal 0 0 1
    outer loop
      vertex -67.7 -26.7713 3.7
      vertex -68.45 -25.4722 3.7
      vertex -68.0754 -26.9564 3.7
    endloop
  endfacet
  facet normal -0 0 1
    outer loop
      vertex -68.6494 -25.5706 3.7
      vertex -68.0754 -26.9564 3.7
      vertex -68.45 -25.4722 3.7
    endloop
  endfacet
  facet normal 0 0 1
    outer loop
      vertex -68.0754 -26.9564 3.7
      vertex -68.6494 -25.5706 3.7
      vertex -68.4718 -27.091 3.7
    endloop
  endfacet
  facet normal -0 0 1
    outer loop
      vertex -68.86 -25.6421 3.7
      vertex -68.4718 -27.091 3.7
      vertex -68.6494 -25.5706 3.7
    endloop
  endfacet
  facet normal 0 0 1
    outer loop
      vertex -68.86 -25.6421 3.7
      vertex -68.8823 -27.1726 3.7
      vertex -68.4718 -27.091 3.7
    endloop
  endfacet
  facet normal -0 0 1
    outer loop
      vertex -69.0781 -25.6855 3.7
      vertex -68.8823 -27.1726 3.7
      vertex -68.86 -25.6421 3.7
    endloop
  endfacet
  facet normal -0 0 1
    outer loop
      vertex -69.3 -25.7 3.7
      vertex -68.8823 -27.1726 3.7
      vertex -69.0781 -25.6855 3.7
    endloop
  endfacet
  facet normal 0 0 1
    outer loop
      vertex -69.3 -25.7 3.7
      vertex -69.3 -27.2 3.7
      vertex -68.8823 -27.1726 3.7
    endloop
  endfacet
  facet normal 0 0 1
    outer loop
      vertex -69.5219 -25.6855 3.7
      vertex -69.3 -27.2 3.7
      vertex -69.3 -25.7 3.7
    endloop
  endfacet
  facet normal 0 0 1
    outer loop
      vertex -69.5219 -25.6855 3.7
      vertex -69.7177 -27.1726 3.7
      vertex -69.3 -27.2 3.7
    endloop
  endfacet
  facet normal 0 0 1
    outer loop
      vertex -69.74 -25.6421 3.7
      vertex -69.7177 -27.1726 3.7
      vertex -69.5219 -25.6855 3.7
    endloop
  endfacet
  facet normal 0 0 1
    outer loop
      vertex -70.1282 -27.091 3.7
      vertex -69.74 -25.6421 3.7
      vertex -69.9506 -25.5706 3.7
    endloop
  endfacet
  facet normal 0 0 1
    outer loop
      vertex -69.74 -25.6421 3.7
      vertex -70.1282 -27.091 3.7
      vertex -69.7177 -27.1726 3.7
    endloop
  endfacet
  facet normal 0 0 1
    outer loop
      vertex -70.5246 -26.9564 3.7
      vertex -69.9506 -25.5706 3.7
      vertex -70.15 -25.4722 3.7
    endloop
  endfacet
  facet normal 0 0 1
    outer loop
      vertex -70.9 -26.7713 3.7
      vertex -70.15 -25.4722 3.7
      vertex -70.3349 -25.3487 3.7
    endloop
  endfacet
  facet normal 0 0 1
    outer loop
      vertex -71.6092 -26.0494 3.7
      vertex -70.3349 -25.3487 3.7
      vertex -70.5021 -25.2021 3.7
    endloop
  endfacet
  facet normal 0 0 1
    outer loop
      vertex -69.9506 -25.5706 3.7
      vertex -70.5246 -26.9564 3.7
      vertex -70.1282 -27.091 3.7
    endloop
  endfacet
  facet normal 0 0 1
    outer loop
      vertex -71.6092 -26.0494 3.7
      vertex -70.5021 -25.2021 3.7
      vertex -70.6487 -25.0349 3.7
    endloop
  endfacet
  facet normal 0 0 1
    outer loop
      vertex -71.7521 -25.3309 3.7
      vertex -70.6487 -25.0349 3.7
      vertex -70.7722 -24.85 3.7
    endloop
  endfacet
  facet normal 0 0 1
    outer loop
      vertex -71.7521 -25.3309 3.7
      vertex -70.7722 -24.85 3.7
      vertex -70.8706 -24.6506 3.7
    endloop
  endfacet
  facet normal 0 0 1
    outer loop
      vertex -70.15 -25.4722 3.7
      vertex -70.9 -26.7713 3.7
      vertex -70.5246 -26.9564 3.7
    endloop
  endfacet
  facet normal -0 0 1
    outer loop
      vertex -71.8 -24.6 3.7
      vertex -70.8706 -24.6506 3.7
      vertex -70.9421 -24.44 3.7
    endloop
  endfacet
  facet normal 0 0 1
    outer loop
      vertex -71.8 -24.6 3.7
      vertex -70.9421 -24.44 3.7
      vertex -70.9855 -24.2219 3.7
    endloop
  endfacet
  facet normal 0 0 1
    outer loop
      vertex -71.8 -24.6 3.7
      vertex -70.9855 -24.2219 3.7
      vertex -71 -24 3.7
    endloop
  endfacet
  facet normal 0 0 1
    outer loop
      vertex -71.8 -24.6 3.7
      vertex -70.9421 -23.56 3.7
      vertex -71.8 -22.0078 3.7
    endloop
  endfacet
  facet normal 0 0 1
    outer loop
      vertex -70.8706 -24.6506 3.7
      vertex -71.8 -24.6 3.7
      vertex -71.7521 -25.3309 3.7
    endloop
  endfacet
  facet normal 0 0 1
    outer loop
      vertex -70.6487 -25.0349 3.7
      vertex -71.7521 -25.3309 3.7
      vertex -71.6092 -26.0494 3.7
    endloop
  endfacet
  facet normal 0 0 1
    outer loop
      vertex -70.9421 -23.56 3.7
      vertex -71.8 -24.6 3.7
      vertex -70.9855 -23.7781 3.7
    endloop
  endfacet
  facet normal 0 0 1
    outer loop
      vertex -70.3349 -25.3487 3.7
      vertex -71.248 -26.5387 3.7
      vertex -70.9 -26.7713 3.7
    endloop
  endfacet
  facet normal 0 0 1
    outer loop
      vertex -70.3349 -25.3487 3.7
      vertex -71.6092 -26.0494 3.7
      vertex -71.248 -26.5387 3.7
    endloop
  endfacet
  facet normal 0 0 1
    outer loop
      vertex -70.9855 -23.7781 3.7
      vertex -71.8 -24.6 3.7
      vertex -71 -24 3.7
    endloop
  endfacet
  facet normal 0 0 1
    outer loop
      vertex -71.248 -26.5387 3.7
      vertex -71.6092 -26.0494 3.7
      vertex -71.5257 -26.2952 3.7
    endloop
  endfacet
  facet normal -0.194967 0.98081 7.40216e-05
    outer loop
      vertex -69.7177 27.1726 3.7
      vertex -69.7682 27.1626 3.19
      vertex -70.1282 27.091 3.7
    endloop
  endfacet
  facet normal -0.194248 0.980952 0
    outer loop
      vertex -69.7177 27.1726 1.8
      vertex -69.7682 27.1626 3.19
      vertex -69.7177 27.1726 3.7
    endloop
  endfacet
  facet normal -0.194248 0.980952 0
    outer loop
      vertex -69.7682 27.1626 3.19
      vertex -69.7177 27.1726 1.8
      vertex -69.7682 27.1626 1.8
    endloop
  endfacet
  facet normal -0.195068 0.98079 0
    outer loop
      vertex -70.1282 27.091 3.7
      vertex -69.7682 27.1626 3.19
      vertex -70.1282 27.091 3.19
    endloop
  endfacet
  facet normal 0.442237 0.896898 -0
    outer loop
      vertex -67.7 26.7713 2.2
      vertex -68.0754 26.9564 3.7
      vertex -67.7 26.7713 3.7
    endloop
  endfacet
  facet normal 0.442237 0.896898 0
    outer loop
      vertex -68.0754 26.9564 3.7
      vertex -67.7 26.7713 2.2
      vertex -68.0754 26.9564 2.2
    endloop
  endfacet
  facet normal 0.442237 0.896898 -0
    outer loop
      vertex -67.7 26.7713 1.8
      vertex -68.0754 26.9564 1.99
      vertex -67.7 26.7713 1.99
    endloop
  endfacet
  facet normal 0.442237 0.896898 0
    outer loop
      vertex -68.0754 26.9564 1.99
      vertex -67.7 26.7713 1.8
      vertex -68.0754 26.9564 1.8
    endloop
  endfacet
  facet normal 0.0654566 -0.997855 0
    outer loop
      vertex -69.3 20.8 1.8
      vertex -68.8823 20.8274 3.7
      vertex -69.3 20.8 3.7
    endloop
  endfacet
  facet normal 0.0654566 -0.997855 0
    outer loop
      vertex -68.8823 20.8274 3.7
      vertex -69.3 20.8 1.8
      vertex -68.8823 20.8274 1.8
    endloop
  endfacet
  facet normal 0.321526 -0.946901 0
    outer loop
      vertex -68.4718 20.909 2.2
      vertex -68.0754 21.0436 3.7
      vertex -68.4718 20.909 3.7
    endloop
  endfacet
  facet normal 0.321526 -0.946901 0
    outer loop
      vertex -68.0754 21.0436 3.7
      vertex -68.4718 20.909 2.2
      vertex -68.0754 21.0436 2.2
    endloop
  endfacet
  facet normal 0.321526 -0.946901 0
    outer loop
      vertex -68.4718 20.909 1.8
      vertex -68.0754 21.0436 1.99
      vertex -68.4718 20.909 1.99
    endloop
  endfacet
  facet normal 0.321526 -0.946901 0
    outer loop
      vertex -68.0754 21.0436 1.99
      vertex -68.4718 20.909 1.8
      vertex -68.0754 21.0436 1.8
    endloop
  endfacet
  facet normal 0.442237 -0.896898 0
    outer loop
      vertex -68.0754 21.0436 2.2
      vertex -67.7 21.2287 3.7
      vertex -68.0754 21.0436 3.7
    endloop
  endfacet
  facet normal 0.442237 -0.896898 0
    outer loop
      vertex -67.7 21.2287 3.7
      vertex -68.0754 21.0436 2.2
      vertex -67.7 21.2287 2.2
    endloop
  endfacet
  facet normal 0.442237 -0.896898 0
    outer loop
      vertex -68.0754 21.0436 1.8
      vertex -67.7 21.2287 1.99
      vertex -68.0754 21.0436 1.99
    endloop
  endfacet
  facet normal 0.442237 -0.896898 0
    outer loop
      vertex -67.7 21.2287 1.99
      vertex -68.0754 21.0436 1.8
      vertex -67.7 21.2287 1.8
    endloop
  endfacet
  facet normal -0.0654566 -0.997855 0
    outer loop
      vertex -69.7177 20.8274 1.8
      vertex -69.3 20.8 3.7
      vertex -69.7177 20.8274 3.7
    endloop
  endfacet
  facet normal -0.0654566 -0.997855 -0
    outer loop
      vertex -69.3 20.8 3.7
      vertex -69.7177 20.8274 1.8
      vertex -69.3 20.8 1.8
    endloop
  endfacet
  facet normal -0.442237 0.896898 0
    outer loop
      vertex -70.5246 26.9564 3.19
      vertex -70.9 26.7713 3.7
      vertex -70.5246 26.9564 3.7
    endloop
  endfacet
  facet normal -0.442237 0.896898 0
    outer loop
      vertex -70.9 26.7713 3.7
      vertex -70.5246 26.9564 3.19
      vertex -70.9 26.7713 3.19
    endloop
  endfacet
  facet normal -0.659367 -0.751821 0
    outer loop
      vertex -71.5627 21.7373 3.19
      vertex -71.248 21.4613 3.7
      vertex -71.5627 21.7373 3.7
    endloop
  endfacet
  facet normal -0.659367 -0.751821 -0
    outer loop
      vertex -71.248 21.4613 3.7
      vertex -71.5627 21.7373 3.19
      vertex -71.248 21.4613 3.19
    endloop
  endfacet
  facet normal -0.0654566 0.997855 0
    outer loop
      vertex -69.3 27.2 1.8
      vertex -69.7177 27.1726 3.7
      vertex -69.3 27.2 3.7
    endloop
  endfacet
  facet normal -0.0654566 0.997855 0
    outer loop
      vertex -69.7177 27.1726 3.7
      vertex -69.3 27.2 1.8
      vertex -69.7177 27.1726 1.8
    endloop
  endfacet
  facet normal 0.555692 0.831388 2.16607e-05
    outer loop
      vertex -67.352 26.5387 3.7
      vertex -67.6 26.7045 2.2
      vertex -67.7 26.7713 3.7
    endloop
  endfacet
  facet normal 0.555783 0.831328 -0
    outer loop
      vertex -67.352 26.5387 1.8
      vertex -67.6 26.7045 2.2
      vertex -67.352 26.5387 3.7
    endloop
  endfacet
  facet normal 0.555783 0.831328 0
    outer loop
      vertex -67.6 26.7045 2.2
      vertex -67.352 26.5387 1.8
      vertex -67.6 26.7045 1.99
    endloop
  endfacet
  facet normal 0.555692 0.831388 -0.000171005
    outer loop
      vertex -67.7 26.7713 1.8
      vertex -67.6 26.7045 1.99
      vertex -67.352 26.5387 1.8
    endloop
  endfacet
  facet normal 0.555468 0.831538 0
    outer loop
      vertex -67.6 26.7045 1.99
      vertex -67.7 26.7713 1.8
      vertex -67.7 26.7713 1.99
    endloop
  endfacet
  facet normal 0.555468 0.831538 0
    outer loop
      vertex -67.7 26.7713 3.7
      vertex -67.6 26.7045 2.2
      vertex -67.7 26.7713 2.2
    endloop
  endfacet
  facet normal 0.65918 0.751985 -0
    outer loop
      vertex -67.1 26.3178 1.8
      vertex -67.352 26.5387 3.7
      vertex -67.1 26.3178 3.7
    endloop
  endfacet
  facet normal 0.65918 0.751985 0
    outer loop
      vertex -67.352 26.5387 3.7
      vertex -67.1 26.3178 1.8
      vertex -67.352 26.5387 1.8
    endloop
  endfacet
  facet normal -0.65929 0.751889 0
    outer loop
      vertex -71.248 26.5387 3.19
      vertex -71.5257 26.2952 3.7
      vertex -71.248 26.5387 3.7
    endloop
  endfacet
  facet normal -0.65929 0.751889 0
    outer loop
      vertex -71.5257 26.2952 3.7
      vertex -71.248 26.5387 3.19
      vertex -71.5257 26.2952 3.19
    endloop
  endfacet
  facet normal 0.65918 -0.751985 0
    outer loop
      vertex -67.352 21.4613 1.8
      vertex -67.1 21.6822 3.7
      vertex -67.352 21.4613 3.7
    endloop
  endfacet
  facet normal 0.65918 -0.751985 0
    outer loop
      vertex -67.1 21.6822 3.7
      vertex -67.352 21.4613 1.8
      vertex -67.1 21.6822 1.8
    endloop
  endfacet
  facet normal -0.321526 -0.946901 0
    outer loop
      vertex -70.5246 21.0436 2.2
      vertex -70.1282 20.909 3.7
      vertex -70.5246 21.0436 3.7
    endloop
  endfacet
  facet normal -0.321526 -0.946901 -0
    outer loop
      vertex -70.1282 20.909 3.7
      vertex -70.5246 21.0436 2.2
      vertex -70.1282 20.909 2.2
    endloop
  endfacet
  facet normal -0.321526 -0.946901 0
    outer loop
      vertex -70.5246 21.0436 1.8
      vertex -70.1282 20.909 1.99
      vertex -70.5246 21.0436 1.99
    endloop
  endfacet
  facet normal -0.321526 -0.946901 -0
    outer loop
      vertex -70.1282 20.909 1.99
      vertex -70.5246 21.0436 1.8
      vertex -70.1282 20.909 1.8
    endloop
  endfacet
  facet normal 0.555468 -0.831538 0
    outer loop
      vertex -67.7 21.2287 1.99
      vertex -67.7 21.2287 1.8
      vertex -67.6 21.2955 1.99
    endloop
  endfacet
  facet normal 0.555468 -0.831538 0
    outer loop
      vertex -67.6 21.2955 2.2
      vertex -67.7 21.2287 3.7
      vertex -67.7 21.2287 2.2
    endloop
  endfacet
  facet normal 0.555692 -0.831388 2.16607e-05
    outer loop
      vertex -67.7 21.2287 3.7
      vertex -67.6 21.2955 2.2
      vertex -67.352 21.4613 3.7
    endloop
  endfacet
  facet normal 0.555783 -0.831328 0
    outer loop
      vertex -67.352 21.4613 1.8
      vertex -67.6 21.2955 2.2
      vertex -67.6 21.2955 1.99
    endloop
  endfacet
  facet normal 0.555783 -0.831328 0
    outer loop
      vertex -67.6 21.2955 2.2
      vertex -67.352 21.4613 1.8
      vertex -67.352 21.4613 3.7
    endloop
  endfacet
  facet normal 0.555692 -0.831388 -0.000171005
    outer loop
      vertex -67.352 21.4613 1.8
      vertex -67.6 21.2955 1.99
      vertex -67.7 21.2287 1.8
    endloop
  endfacet
  facet normal 0.321526 0.946901 -0
    outer loop
      vertex -68.0754 26.9564 2.2
      vertex -68.4718 27.091 3.7
      vertex -68.0754 26.9564 3.7
    endloop
  endfacet
  facet normal 0.321526 0.946901 0
    outer loop
      vertex -68.4718 27.091 3.7
      vertex -68.0754 26.9564 2.2
      vertex -68.4718 27.091 2.2
    endloop
  endfacet
  facet normal 0.321526 0.946901 -0
    outer loop
      vertex -68.0754 26.9564 1.8
      vertex -68.4718 27.091 1.99
      vertex -68.0754 26.9564 1.99
    endloop
  endfacet
  facet normal 0.321526 0.946901 0
    outer loop
      vertex -68.4718 27.091 1.99
      vertex -68.0754 26.9564 1.8
      vertex -68.4718 27.091 1.8
    endloop
  endfacet
  facet normal 0.194454 0.980912 0
    outer loop
      vertex -68.4718 27.091 1.99
      vertex -68.4718 27.091 1.8
      vertex -68.5172 27.1 1.99
    endloop
  endfacet
  facet normal 0.194454 0.980912 0
    outer loop
      vertex -68.5172 27.1 2.2
      vertex -68.4718 27.091 3.7
      vertex -68.4718 27.091 2.2
    endloop
  endfacet
  facet normal 0.194967 0.98081 -1.61517e-05
    outer loop
      vertex -68.4718 27.091 3.7
      vertex -68.5172 27.1 2.2
      vertex -68.8823 27.1726 3.7
    endloop
  endfacet
  facet normal 0.195031 0.980797 0
    outer loop
      vertex -68.8823 27.1726 1.8
      vertex -68.5172 27.1 2.2
      vertex -68.5172 27.1 1.99
    endloop
  endfacet
  facet normal 0.195031 0.980797 0
    outer loop
      vertex -68.5172 27.1 2.2
      vertex -68.8823 27.1726 1.8
      vertex -68.8823 27.1726 3.7
    endloop
  endfacet
  facet normal 0.194967 0.98081 0.000127513
    outer loop
      vertex -68.8823 27.1726 1.8
      vertex -68.5172 27.1 1.99
      vertex -68.4718 27.091 1.8
    endloop
  endfacet
  facet normal 0.194967 -0.98081 -1.61517e-05
    outer loop
      vertex -68.8823 20.8274 3.7
      vertex -68.5172 20.9 2.2
      vertex -68.4718 20.909 3.7
    endloop
  endfacet
  facet normal 0.195031 -0.980797 0
    outer loop
      vertex -68.8823 20.8274 1.8
      vertex -68.5172 20.9 2.2
      vertex -68.8823 20.8274 3.7
    endloop
  endfacet
  facet normal 0.195031 -0.980797 0
    outer loop
      vertex -68.5172 20.9 2.2
      vertex -68.8823 20.8274 1.8
      vertex -68.5172 20.9 1.99
    endloop
  endfacet
  facet normal 0.194967 -0.98081 0.000127513
    outer loop
      vertex -68.4718 20.909 1.8
      vertex -68.5172 20.9 1.99
      vertex -68.8823 20.8274 1.8
    endloop
  endfacet
  facet normal 0.194454 -0.980912 0
    outer loop
      vertex -68.5172 20.9 1.99
      vertex -68.4718 20.909 1.8
      vertex -68.4718 20.909 1.99
    endloop
  endfacet
  facet normal 0.194454 -0.980912 0
    outer loop
      vertex -68.4718 20.909 3.7
      vertex -68.5172 20.9 2.2
      vertex -68.4718 20.909 2.2
    endloop
  endfacet
  facet normal -0.321526 0.946901 0
    outer loop
      vertex -70.1282 27.091 3.19
      vertex -70.5246 26.9564 3.7
      vertex -70.1282 27.091 3.7
    endloop
  endfacet
  facet normal -0.321526 0.946901 0
    outer loop
      vertex -70.5246 26.9564 3.7
      vertex -70.1282 27.091 3.19
      vertex -70.5246 26.9564 3.19
    endloop
  endfacet
  facet normal -0.751733 -0.659468 0
    outer loop
      vertex -71.5627 21.7373 3.19
      vertex -71.8 22.0078 3.7
      vertex -71.8 22.0078 3.19
    endloop
  endfacet
  facet normal -0.751733 -0.659468 0
    outer loop
      vertex -71.8 22.0078 3.7
      vertex -71.5627 21.7373 3.19
      vertex -71.5627 21.7373 3.7
    endloop
  endfacet
  facet normal -0.194454 -0.980912 -0
    outer loop
      vertex -70.1282 20.909 1.99
      vertex -70.1282 20.909 1.8
      vertex -70.0828 20.9 1.99
    endloop
  endfacet
  facet normal -0.194454 -0.980912 0
    outer loop
      vertex -70.0828 20.9 2.2
      vertex -70.1282 20.909 3.7
      vertex -70.1282 20.909 2.2
    endloop
  endfacet
  facet normal -0.194967 -0.98081 -1.61517e-05
    outer loop
      vertex -70.1282 20.909 3.7
      vertex -70.0828 20.9 2.2
      vertex -69.7177 20.8274 3.7
    endloop
  endfacet
  facet normal -0.195031 -0.980797 0
    outer loop
      vertex -69.7177 20.8274 1.8
      vertex -70.0828 20.9 2.2
      vertex -70.0828 20.9 1.99
    endloop
  endfacet
  facet normal -0.195031 -0.980797 0
    outer loop
      vertex -70.0828 20.9 2.2
      vertex -69.7177 20.8274 1.8
      vertex -69.7177 20.8274 3.7
    endloop
  endfacet
  facet normal -0.194967 -0.98081 0.000127513
    outer loop
      vertex -69.7177 20.8274 1.8
      vertex -70.0828 20.9 1.99
      vertex -70.1282 20.909 1.8
    endloop
  endfacet
  facet normal 0.0654566 0.997855 -0
    outer loop
      vertex -68.8823 27.1726 1.8
      vertex -69.3 27.2 3.7
      vertex -68.8823 27.1726 3.7
    endloop
  endfacet
  facet normal 0.0654566 0.997855 0
    outer loop
      vertex -69.3 27.2 3.7
      vertex -68.8823 27.1726 1.8
      vertex -69.3 27.2 1.8
    endloop
  endfacet
  facet normal -0.555692 0.831388 0
    outer loop
      vertex -70.9 26.7713 3.19
      vertex -71.248 26.5387 3.7
      vertex -70.9 26.7713 3.7
    endloop
  endfacet
  facet normal -0.555692 0.831388 0
    outer loop
      vertex -71.248 26.5387 3.7
      vertex -70.9 26.7713 3.19
      vertex -71.248 26.5387 3.19
    endloop
  endfacet
  facet normal -0.442184 -0.896924 0
    outer loop
      vertex -70.6 21.0808 3.19
      vertex -70.9 21.2287 3.7
      vertex -70.9 21.2287 3.19
    endloop
  endfacet
  facet normal -0.442237 -0.896898 -3.90701e-05
    outer loop
      vertex -70.9 21.2287 3.7
      vertex -70.6 21.0808 3.19
      vertex -70.5246 21.0436 3.7
    endloop
  endfacet
  facet normal -0.44245 -0.896793 0
    outer loop
      vertex -70.5246 21.0436 2.2
      vertex -70.6 21.0808 3.19
      vertex -70.6 21.0808 2.2
    endloop
  endfacet
  facet normal -0.44245 -0.896793 0
    outer loop
      vertex -70.6 21.0808 3.19
      vertex -70.5246 21.0436 2.2
      vertex -70.5246 21.0436 3.7
    endloop
  endfacet
  facet normal -0.44245 -0.896793 0
    outer loop
      vertex -70.6 21.0808 1.8
      vertex -70.5246 21.0436 1.99
      vertex -70.6 21.0808 1.99
    endloop
  endfacet
  facet normal -0.44245 -0.896793 -0
    outer loop
      vertex -70.5246 21.0436 1.99
      vertex -70.6 21.0808 1.8
      vertex -70.5246 21.0436 1.8
    endloop
  endfacet
  facet normal -0.555692 -0.831388 0
    outer loop
      vertex -71.248 21.4613 3.19
      vertex -70.9 21.2287 3.7
      vertex -71.248 21.4613 3.7
    endloop
  endfacet
  facet normal -0.555692 -0.831388 -0
    outer loop
      vertex -70.9 21.2287 3.7
      vertex -71.248 21.4613 3.19
      vertex -70.9 21.2287 3.19
    endloop
  endfacet
  facet normal 0 0 1
    outer loop
      vertex -68.2651 25.3487 3.7
      vertex -67.1 26.3178 3.7
      vertex -67.352 26.5387 3.7
    endloop
  endfacet
  facet normal 0 0 1
    outer loop
      vertex -67.1 26.3178 3.7
      vertex -67.6 24 3.7
      vertex -67.1 21.6822 3.7
    endloop
  endfacet
  facet normal -0 0 1
    outer loop
      vertex -67.6145 23.7781 3.7
      vertex -67.1 21.6822 3.7
      vertex -67.6 24 3.7
    endloop
  endfacet
  facet normal 0 0 1
    outer loop
      vertex -67.1 26.3178 3.7
      vertex -67.6145 24.2219 3.7
      vertex -67.6 24 3.7
    endloop
  endfacet
  facet normal 0 0 1
    outer loop
      vertex -67.1 26.3178 3.7
      vertex -67.6579 24.44 3.7
      vertex -67.6145 24.2219 3.7
    endloop
  endfacet
  facet normal 0 0 1
    outer loop
      vertex -68.2651 25.3487 3.7
      vertex -67.352 26.5387 3.7
      vertex -67.7 26.7713 3.7
    endloop
  endfacet
  facet normal 0 0 1
    outer loop
      vertex -67.1 26.3178 3.7
      vertex -67.7294 24.6506 3.7
      vertex -67.6579 24.44 3.7
    endloop
  endfacet
  facet normal 0 0 1
    outer loop
      vertex -67.1 26.3178 3.7
      vertex -67.8278 24.85 3.7
      vertex -67.7294 24.6506 3.7
    endloop
  endfacet
  facet normal 0 0 1
    outer loop
      vertex -67.1 26.3178 3.7
      vertex -67.9513 25.0349 3.7
      vertex -67.8278 24.85 3.7
    endloop
  endfacet
  facet normal 0 0 1
    outer loop
      vertex -68.45 25.4722 3.7
      vertex -67.7 26.7713 3.7
      vertex -68.0754 26.9564 3.7
    endloop
  endfacet
  facet normal 0 0 1
    outer loop
      vertex -67.1 26.3178 3.7
      vertex -68.0979 25.2021 3.7
      vertex -67.9513 25.0349 3.7
    endloop
  endfacet
  facet normal 0 0 1
    outer loop
      vertex -67.1 26.3178 3.7
      vertex -68.2651 25.3487 3.7
      vertex -68.0979 25.2021 3.7
    endloop
  endfacet
  facet normal 0 0 1
    outer loop
      vertex -67.7 26.7713 3.7
      vertex -68.45 25.4722 3.7
      vertex -68.2651 25.3487 3.7
    endloop
  endfacet
  facet normal 0 0 1
    outer loop
      vertex -68.6494 25.5706 3.7
      vertex -68.0754 26.9564 3.7
      vertex -68.4718 27.091 3.7
    endloop
  endfacet
  facet normal 0 0 1
    outer loop
      vertex -68.0754 26.9564 3.7
      vertex -68.6494 25.5706 3.7
      vertex -68.45 25.4722 3.7
    endloop
  endfacet
  facet normal 0 0 1
    outer loop
      vertex -68.4718 27.091 3.7
      vertex -68.86 25.6421 3.7
      vertex -68.6494 25.5706 3.7
    endloop
  endfacet
  facet normal 0 0 1
    outer loop
      vertex -68.8823 27.1726 3.7
      vertex -68.86 25.6421 3.7
      vertex -68.4718 27.091 3.7
    endloop
  endfacet
  facet normal 0 0 1
    outer loop
      vertex -68.8823 27.1726 3.7
      vertex -69.0781 25.6855 3.7
      vertex -68.86 25.6421 3.7
    endloop
  endfacet
  facet normal 0 0 1
    outer loop
      vertex -69.3 27.2 3.7
      vertex -69.0781 25.6855 3.7
      vertex -68.8823 27.1726 3.7
    endloop
  endfacet
  facet normal 0 0 1
    outer loop
      vertex -69.3 27.2 3.7
      vertex -69.3 25.7 3.7
      vertex -69.0781 25.6855 3.7
    endloop
  endfacet
  facet normal 0 0 1
    outer loop
      vertex -69.3 27.2 3.7
      vertex -69.5219 25.6855 3.7
      vertex -69.3 25.7 3.7
    endloop
  endfacet
  facet normal -0 0 1
    outer loop
      vertex -69.7177 27.1726 3.7
      vertex -69.5219 25.6855 3.7
      vertex -69.3 27.2 3.7
    endloop
  endfacet
  facet normal 0 0 1
    outer loop
      vertex -69.7177 27.1726 3.7
      vertex -69.74 25.6421 3.7
      vertex -69.5219 25.6855 3.7
    endloop
  endfacet
  facet normal -0 0 1
    outer loop
      vertex -70.1282 27.091 3.7
      vertex -69.74 25.6421 3.7
      vertex -69.7177 27.1726 3.7
    endloop
  endfacet
  facet normal 0 0 1
    outer loop
      vertex -69.74 25.6421 3.7
      vertex -70.1282 27.091 3.7
      vertex -69.9506 25.5706 3.7
    endloop
  endfacet
  facet normal -0 0 1
    outer loop
      vertex -70.5246 26.9564 3.7
      vertex -69.9506 25.5706 3.7
      vertex -70.1282 27.091 3.7
    endloop
  endfacet
  facet normal 0 0 1
    outer loop
      vertex -69.9506 25.5706 3.7
      vertex -70.5246 26.9564 3.7
      vertex -70.15 25.4722 3.7
    endloop
  endfacet
  facet normal -0 0 1
    outer loop
      vertex -70.9 26.7713 3.7
      vertex -70.15 25.4722 3.7
      vertex -70.5246 26.9564 3.7
    endloop
  endfacet
  facet normal 0 0 1
    outer loop
      vertex -70.15 25.4722 3.7
      vertex -70.9 26.7713 3.7
      vertex -70.3349 25.3487 3.7
    endloop
  endfacet
  facet normal -0 0 1
    outer loop
      vertex -71.248 26.5387 3.7
      vertex -70.3349 25.3487 3.7
      vertex -70.9 26.7713 3.7
    endloop
  endfacet
  facet normal -0 0 1
    outer loop
      vertex -71.6092 26.0494 3.7
      vertex -70.3349 25.3487 3.7
      vertex -71.248 26.5387 3.7
    endloop
  endfacet
  facet normal 0 0 1
    outer loop
      vertex -70.3349 25.3487 3.7
      vertex -71.6092 26.0494 3.7
      vertex -70.5021 25.2021 3.7
    endloop
  endfacet
  facet normal 0 0 1
    outer loop
      vertex -70.5021 25.2021 3.7
      vertex -71.6092 26.0494 3.7
      vertex -70.6487 25.0349 3.7
    endloop
  endfacet
  facet normal -0 0 1
    outer loop
      vertex -71.7521 25.3309 3.7
      vertex -70.6487 25.0349 3.7
      vertex -71.6092 26.0494 3.7
    endloop
  endfacet
  facet normal 0 0 1
    outer loop
      vertex -70.6487 25.0349 3.7
      vertex -71.7521 25.3309 3.7
      vertex -70.7722 24.85 3.7
    endloop
  endfacet
  facet normal 0 0 1
    outer loop
      vertex -70.7722 24.85 3.7
      vertex -71.7521 25.3309 3.7
      vertex -70.8706 24.6506 3.7
    endloop
  endfacet
  facet normal 0 0 1
    outer loop
      vertex -71.8 24.6 3.7
      vertex -70.8706 24.6506 3.7
      vertex -71.7521 25.3309 3.7
    endloop
  endfacet
  facet normal -0 0 1
    outer loop
      vertex -67.6579 23.56 3.7
      vertex -67.1 21.6822 3.7
      vertex -67.6145 23.7781 3.7
    endloop
  endfacet
  facet normal -0 0 1
    outer loop
      vertex -67.7294 23.3494 3.7
      vertex -67.1 21.6822 3.7
      vertex -67.6579 23.56 3.7
    endloop
  endfacet
  facet normal -0 0 1
    outer loop
      vertex -67.8278 23.15 3.7
      vertex -67.1 21.6822 3.7
      vertex -67.7294 23.3494 3.7
    endloop
  endfacet
  facet normal -0 0 1
    outer loop
      vertex -67.9513 22.9651 3.7
      vertex -67.1 21.6822 3.7
      vertex -67.8278 23.15 3.7
    endloop
  endfacet
  facet normal -0 0 1
    outer loop
      vertex -68.0979 22.7979 3.7
      vertex -67.1 21.6822 3.7
      vertex -67.9513 22.9651 3.7
    endloop
  endfacet
  facet normal -0 0 1
    outer loop
      vertex -68.2651 22.6513 3.7
      vertex -67.1 21.6822 3.7
      vertex -68.0979 22.7979 3.7
    endloop
  endfacet
  facet normal 0 0 1
    outer loop
      vertex -67.1 21.6822 3.7
      vertex -68.2651 22.6513 3.7
      vertex -67.352 21.4613 3.7
    endloop
  endfacet
  facet normal 0 0 1
    outer loop
      vertex -67.352 21.4613 3.7
      vertex -68.2651 22.6513 3.7
      vertex -67.7 21.2287 3.7
    endloop
  endfacet
  facet normal -0 0 1
    outer loop
      vertex -68.45 22.5278 3.7
      vertex -67.7 21.2287 3.7
      vertex -68.2651 22.6513 3.7
    endloop
  endfacet
  facet normal 0 0 1
    outer loop
      vertex -67.7 21.2287 3.7
      vertex -68.45 22.5278 3.7
      vertex -68.0754 21.0436 3.7
    endloop
  endfacet
  facet normal -0 0 1
    outer loop
      vertex -68.6494 22.4294 3.7
      vertex -68.0754 21.0436 3.7
      vertex -68.45 22.5278 3.7
    endloop
  endfacet
  facet normal 0 0 1
    outer loop
      vertex -68.0754 21.0436 3.7
      vertex -68.6494 22.4294 3.7
      vertex -68.4718 20.909 3.7
    endloop
  endfacet
  facet normal -0 0 1
    outer loop
      vertex -68.86 22.3579 3.7
      vertex -68.4718 20.909 3.7
      vertex -68.6494 22.4294 3.7
    endloop
  endfacet
  facet normal 0 0 1
    outer loop
      vertex -68.86 22.3579 3.7
      vertex -68.8823 20.8274 3.7
      vertex -68.4718 20.909 3.7
    endloop
  endfacet
  facet normal -0 0 1
    outer loop
      vertex -69.0781 22.3145 3.7
      vertex -68.8823 20.8274 3.7
      vertex -68.86 22.3579 3.7
    endloop
  endfacet
  facet normal -0 0 1
    outer loop
      vertex -69.3 22.3 3.7
      vertex -68.8823 20.8274 3.7
      vertex -69.0781 22.3145 3.7
    endloop
  endfacet
  facet normal 0 0 1
    outer loop
      vertex -69.3 22.3 3.7
      vertex -69.3 20.8 3.7
      vertex -68.8823 20.8274 3.7
    endloop
  endfacet
  facet normal 0 0 1
    outer loop
      vertex -69.5219 22.3145 3.7
      vertex -69.3 20.8 3.7
      vertex -69.3 22.3 3.7
    endloop
  endfacet
  facet normal 0 0 1
    outer loop
      vertex -69.5219 22.3145 3.7
      vertex -69.7177 20.8274 3.7
      vertex -69.3 20.8 3.7
    endloop
  endfacet
  facet normal 0 0 1
    outer loop
      vertex -69.74 22.3579 3.7
      vertex -69.7177 20.8274 3.7
      vertex -69.5219 22.3145 3.7
    endloop
  endfacet
  facet normal 0 0 1
    outer loop
      vertex -70.1282 20.909 3.7
      vertex -69.74 22.3579 3.7
      vertex -69.9506 22.4294 3.7
    endloop
  endfacet
  facet normal 0 0 1
    outer loop
      vertex -69.74 22.3579 3.7
      vertex -70.1282 20.909 3.7
      vertex -69.7177 20.8274 3.7
    endloop
  endfacet
  facet normal 0 0 1
    outer loop
      vertex -70.5246 21.0436 3.7
      vertex -69.9506 22.4294 3.7
      vertex -70.15 22.5278 3.7
    endloop
  endfacet
  facet normal 0 0 1
    outer loop
      vertex -70.9 21.2287 3.7
      vertex -70.15 22.5278 3.7
      vertex -70.3349 22.6513 3.7
    endloop
  endfacet
  facet normal 0 0 1
    outer loop
      vertex -71.248 21.4613 3.7
      vertex -70.3349 22.6513 3.7
      vertex -70.5021 22.7979 3.7
    endloop
  endfacet
  facet normal 0 0 1
    outer loop
      vertex -69.9506 22.4294 3.7
      vertex -70.5246 21.0436 3.7
      vertex -70.1282 20.909 3.7
    endloop
  endfacet
  facet normal 0 0 1
    outer loop
      vertex -71.8 22.0078 3.7
      vertex -70.5021 22.7979 3.7
      vertex -70.6487 22.9651 3.7
    endloop
  endfacet
  facet normal 0 0 1
    outer loop
      vertex -71.8 22.0078 3.7
      vertex -70.6487 22.9651 3.7
      vertex -70.7722 23.15 3.7
    endloop
  endfacet
  facet normal 0 0 1
    outer loop
      vertex -71.8 22.0078 3.7
      vertex -70.7722 23.15 3.7
      vertex -70.8706 23.3494 3.7
    endloop
  endfacet
  facet normal 0 0 1
    outer loop
      vertex -70.15 22.5278 3.7
      vertex -70.9 21.2287 3.7
      vertex -70.5246 21.0436 3.7
    endloop
  endfacet
  facet normal 0 0 1
    outer loop
      vertex -71.8 22.0078 3.7
      vertex -70.8706 23.3494 3.7
      vertex -70.9421 23.56 3.7
    endloop
  endfacet
  facet normal 0 0 1
    outer loop
      vertex -71.8 24.6 3.7
      vertex -70.9421 23.56 3.7
      vertex -70.9855 23.7781 3.7
    endloop
  endfacet
  facet normal 0 0 1
    outer loop
      vertex -71.8 24.6 3.7
      vertex -70.9855 23.7781 3.7
      vertex -71 24 3.7
    endloop
  endfacet
  facet normal 0 0 1
    outer loop
      vertex -70.9421 24.44 3.7
      vertex -71.8 24.6 3.7
      vertex -70.9855 24.2219 3.7
    endloop
  endfacet
  facet normal 0 0 1
    outer loop
      vertex -70.9421 23.56 3.7
      vertex -71.8 24.6 3.7
      vertex -71.8 22.0078 3.7
    endloop
  endfacet
  facet normal 0 0 1
    outer loop
      vertex -71.6092 26.0494 3.7
      vertex -71.248 26.5387 3.7
      vertex -71.5257 26.2952 3.7
    endloop
  endfacet
  facet normal 0 0 1
    outer loop
      vertex -70.3349 22.6513 3.7
      vertex -71.248 21.4613 3.7
      vertex -70.9 21.2287 3.7
    endloop
  endfacet
  facet normal 0 0 1
    outer loop
      vertex -70.8706 24.6506 3.7
      vertex -71.8 24.6 3.7
      vertex -70.9421 24.44 3.7
    endloop
  endfacet
  facet normal 0 0 1
    outer loop
      vertex -70.9855 24.2219 3.7
      vertex -71.8 24.6 3.7
      vertex -71 24 3.7
    endloop
  endfacet
  facet normal 0 0 1
    outer loop
      vertex -70.5021 22.7979 3.7
      vertex -71.5627 21.7373 3.7
      vertex -71.248 21.4613 3.7
    endloop
  endfacet
  facet normal 0 0 1
    outer loop
      vertex -70.5021 22.7979 3.7
      vertex -71.8 22.0078 3.7
      vertex -71.5627 21.7373 3.7
    endloop
  endfacet
  facet normal 0.442184 0.896924 0
    outer loop
      vertex 70.6 -21.0808 3.19
      vertex 70.9 -21.2287 3.7
      vertex 70.9 -21.2287 3.19
    endloop
  endfacet
  facet normal 0.442237 0.896898 -3.90701e-05
    outer loop
      vertex 70.9 -21.2287 3.7
      vertex 70.6 -21.0808 3.19
      vertex 70.5246 -21.0436 3.7
    endloop
  endfacet
  facet normal 0.44245 0.896793 0
    outer loop
      vertex 70.5246 -21.0436 2.2
      vertex 70.6 -21.0808 3.19
      vertex 70.6 -21.0808 2.2
    endloop
  endfacet
  facet normal 0.44245 0.896793 0
    outer loop
      vertex 70.6 -21.0808 3.19
      vertex 70.5246 -21.0436 2.2
      vertex 70.5246 -21.0436 3.7
    endloop
  endfacet
  facet normal 0.44245 0.896793 -0
    outer loop
      vertex 70.6 -21.0808 1.8
      vertex 70.5246 -21.0436 1.99
      vertex 70.6 -21.0808 1.99
    endloop
  endfacet
  facet normal 0.44245 0.896793 0
    outer loop
      vertex 70.5246 -21.0436 1.99
      vertex 70.6 -21.0808 1.8
      vertex 70.5246 -21.0436 1.8
    endloop
  endfacet
  facet normal 0.194454 0.980912 0
    outer loop
      vertex 70.1282 -20.909 1.99
      vertex 70.1282 -20.909 1.8
      vertex 70.0828 -20.9 1.99
    endloop
  endfacet
  facet normal 0.194454 0.980912 0
    outer loop
      vertex 70.0828 -20.9 2.2
      vertex 70.1282 -20.909 3.7
      vertex 70.1282 -20.909 2.2
    endloop
  endfacet
  facet normal 0.194967 0.98081 -1.61517e-05
    outer loop
      vertex 70.1282 -20.909 3.7
      vertex 70.0828 -20.9 2.2
      vertex 69.7177 -20.8274 3.7
    endloop
  endfacet
  facet normal 0.195031 0.980797 0
    outer loop
      vertex 69.7177 -20.8274 1.8
      vertex 70.0828 -20.9 2.2
      vertex 70.0828 -20.9 1.99
    endloop
  endfacet
  facet normal 0.195031 0.980797 0
    outer loop
      vertex 70.0828 -20.9 2.2
      vertex 69.7177 -20.8274 1.8
      vertex 69.7177 -20.8274 3.7
    endloop
  endfacet
  facet normal 0.194967 0.98081 0.000127513
    outer loop
      vertex 69.7177 -20.8274 1.8
      vertex 70.0828 -20.9 1.99
      vertex 70.1282 -20.909 1.8
    endloop
  endfacet
  facet normal -0.946901 -0.321526 0
    outer loop
      vertex 66.3436 -25.2246 1.8
      vertex 66.209 -24.8282 3.7
      vertex 66.209 -24.8282 1.8
    endloop
  endfacet
  facet normal -0.946901 -0.321526 0
    outer loop
      vertex 66.209 -24.8282 3.7
      vertex 66.3436 -25.2246 1.8
      vertex 66.3436 -25.2246 3.7
    endloop
  endfacet
  facet normal 0.321526 -0.946901 0
    outer loop
      vertex 70.1282 -27.091 3.19
      vertex 70.5246 -26.9564 3.7
      vertex 70.1282 -27.091 3.7
    endloop
  endfacet
  facet normal 0.321526 -0.946901 0
    outer loop
      vertex 70.5246 -26.9564 3.7
      vertex 70.1282 -27.091 3.19
      vertex 70.5246 -26.9564 3.19
    endloop
  endfacet
  facet normal 0.194967 -0.98081 7.40216e-05
    outer loop
      vertex 69.7177 -27.1726 3.7
      vertex 69.7682 -27.1626 3.19
      vertex 70.1282 -27.091 3.7
    endloop
  endfacet
  facet normal 0.194248 -0.980952 0
    outer loop
      vertex 69.7177 -27.1726 1.8
      vertex 69.7682 -27.1626 3.19
      vertex 69.7177 -27.1726 3.7
    endloop
  endfacet
  facet normal 0.194248 -0.980952 0
    outer loop
      vertex 69.7682 -27.1626 3.19
      vertex 69.7177 -27.1726 1.8
      vertex 69.7682 -27.1626 1.8
    endloop
  endfacet
  facet normal 0.195068 -0.98079 0
    outer loop
      vertex 70.1282 -27.091 3.7
      vertex 69.7682 -27.1626 3.19
      vertex 70.1282 -27.091 3.19
    endloop
  endfacet
  facet normal -0.997855 0.0654566 0
    outer loop
      vertex 66.1 -24 1.8
      vertex 66.1274 -23.5823 3.7
      vertex 66.1274 -23.5823 1.8
    endloop
  endfacet
  facet normal -0.997855 0.0654566 0
    outer loop
      vertex 66.1274 -23.5823 3.7
      vertex 66.1 -24 1.8
      vertex 66.1 -24 3.7
    endloop
  endfacet
  facet normal -0.194967 0.98081 -1.61517e-05
    outer loop
      vertex 68.8823 -20.8274 3.7
      vertex 68.5172 -20.9 2.2
      vertex 68.4718 -20.909 3.7
    endloop
  endfacet
  facet normal -0.195031 0.980797 0
    outer loop
      vertex 68.8823 -20.8274 1.8
      vertex 68.5172 -20.9 2.2
      vertex 68.8823 -20.8274 3.7
    endloop
  endfacet
  facet normal -0.195031 0.980797 0
    outer loop
      vertex 68.5172 -20.9 2.2
      vertex 68.8823 -20.8274 1.8
      vertex 68.5172 -20.9 1.99
    endloop
  endfacet
  facet normal -0.194967 0.98081 0.000127513
    outer loop
      vertex 68.4718 -20.909 1.8
      vertex 68.5172 -20.9 1.99
      vertex 68.8823 -20.8274 1.8
    endloop
  endfacet
  facet normal -0.194454 0.980912 0
    outer loop
      vertex 68.5172 -20.9 1.99
      vertex 68.4718 -20.909 1.8
      vertex 68.4718 -20.909 1.99
    endloop
  endfacet
  facet normal -0.194454 0.980912 0
    outer loop
      vertex 68.4718 -20.909 3.7
      vertex 68.5172 -20.9 2.2
      vertex 68.4718 -20.909 2.2
    endloop
  endfacet
  facet normal -0.659367 -0.751821 0
    outer loop
      vertex 67.0373 -26.2627 1.8
      vertex 67.352 -26.5387 3.7
      vertex 67.0373 -26.2627 3.7
    endloop
  endfacet
  facet normal -0.659367 -0.751821 -0
    outer loop
      vertex 67.352 -26.5387 3.7
      vertex 67.0373 -26.2627 1.8
      vertex 67.352 -26.5387 1.8
    endloop
  endfacet
  facet normal -0.896898 -0.442237 0
    outer loop
      vertex 66.5287 -25.6 1.8
      vertex 66.3436 -25.2246 3.7
      vertex 66.3436 -25.2246 1.8
    endloop
  endfacet
  facet normal -0.896898 -0.442237 0
    outer loop
      vertex 66.3436 -25.2246 3.7
      vertex 66.5287 -25.6 1.8
      vertex 66.5287 -25.6 3.7
    endloop
  endfacet
  facet normal -0.321526 0.946901 0
    outer loop
      vertex 68.4718 -20.909 2.2
      vertex 68.0754 -21.0436 3.7
      vertex 68.4718 -20.909 3.7
    endloop
  endfacet
  facet normal -0.321526 0.946901 0
    outer loop
      vertex 68.0754 -21.0436 3.7
      vertex 68.4718 -20.909 2.2
      vertex 68.0754 -21.0436 2.2
    endloop
  endfacet
  facet normal -0.321526 0.946901 0
    outer loop
      vertex 68.4718 -20.909 1.8
      vertex 68.0754 -21.0436 1.99
      vertex 68.4718 -20.909 1.99
    endloop
  endfacet
  facet normal -0.321526 0.946901 0
    outer loop
      vertex 68.0754 -21.0436 1.99
      vertex 68.4718 -20.909 1.8
      vertex 68.0754 -21.0436 1.8
    endloop
  endfacet
  facet normal -0.194454 -0.980912 -0
    outer loop
      vertex 68.4718 -27.091 1.99
      vertex 68.4718 -27.091 1.8
      vertex 68.5172 -27.1 1.99
    endloop
  endfacet
  facet normal -0.194454 -0.980912 0
    outer loop
      vertex 68.5172 -27.1 2.2
      vertex 68.4718 -27.091 3.7
      vertex 68.4718 -27.091 2.2
    endloop
  endfacet
  facet normal -0.194967 -0.98081 -1.61517e-05
    outer loop
      vertex 68.4718 -27.091 3.7
      vertex 68.5172 -27.1 2.2
      vertex 68.8823 -27.1726 3.7
    endloop
  endfacet
  facet normal -0.195031 -0.980797 0
    outer loop
      vertex 68.8823 -27.1726 1.8
      vertex 68.5172 -27.1 2.2
      vertex 68.5172 -27.1 1.99
    endloop
  endfacet
  facet normal -0.195031 -0.980797 0
    outer loop
      vertex 68.5172 -27.1 2.2
      vertex 68.8823 -27.1726 1.8
      vertex 68.8823 -27.1726 3.7
    endloop
  endfacet
  facet normal -0.194967 -0.98081 0.000127513
    outer loop
      vertex 68.8823 -27.1726 1.8
      vertex 68.5172 -27.1 1.99
      vertex 68.4718 -27.091 1.8
    endloop
  endfacet
  facet normal 0.555692 -0.831388 0
    outer loop
      vertex 70.9 -26.7713 3.19
      vertex 71.248 -26.5387 3.7
      vertex 70.9 -26.7713 3.7
    endloop
  endfacet
  facet normal 0.555692 -0.831388 0
    outer loop
      vertex 71.248 -26.5387 3.7
      vertex 70.9 -26.7713 3.19
      vertex 71.248 -26.5387 3.19
    endloop
  endfacet
  facet normal -0.0654566 0.997855 0
    outer loop
      vertex 69.3 -20.8 1.8
      vertex 68.8823 -20.8274 3.7
      vertex 69.3 -20.8 3.7
    endloop
  endfacet
  facet normal -0.0654566 0.997855 0
    outer loop
      vertex 68.8823 -20.8274 3.7
      vertex 69.3 -20.8 1.8
      vertex 68.8823 -20.8274 1.8
    endloop
  endfacet
  facet normal -0.831388 0.555692 0
    outer loop
      vertex 66.5287 -22.4 1.8
      vertex 66.7613 -22.052 3.7
      vertex 66.7613 -22.052 1.8
    endloop
  endfacet
  facet normal -0.831388 0.555692 0
    outer loop
      vertex 66.7613 -22.052 3.7
      vertex 66.5287 -22.4 1.8
      vertex 66.5287 -22.4 3.7
    endloop
  endfacet
  facet normal 0.555692 0.831388 -0
    outer loop
      vertex 71.248 -21.4613 3.19
      vertex 70.9 -21.2287 3.7
      vertex 71.248 -21.4613 3.7
    endloop
  endfacet
  facet normal 0.555692 0.831388 0
    outer loop
      vertex 70.9 -21.2287 3.7
      vertex 71.248 -21.4613 3.19
      vertex 70.9 -21.2287 3.19
    endloop
  endfacet
  facet normal 0.65929 -0.751889 0
    outer loop
      vertex 71.248 -26.5387 3.19
      vertex 71.5257 -26.2952 3.7
      vertex 71.248 -26.5387 3.7
    endloop
  endfacet
  facet normal 0.65929 -0.751889 0
    outer loop
      vertex 71.5257 -26.2952 3.7
      vertex 71.248 -26.5387 3.19
      vertex 71.5257 -26.2952 3.19
    endloop
  endfacet
  facet normal -0.896898 0.442237 0
    outer loop
      vertex 66.3436 -22.7754 1.8
      vertex 66.5287 -22.4 3.7
      vertex 66.5287 -22.4 1.8
    endloop
  endfacet
  facet normal -0.896898 0.442237 0
    outer loop
      vertex 66.5287 -22.4 3.7
      vertex 66.3436 -22.7754 1.8
      vertex 66.3436 -22.7754 3.7
    endloop
  endfacet
  facet normal 0.0654566 -0.997855 0
    outer loop
      vertex 69.3 -27.2 1.8
      vertex 69.7177 -27.1726 3.7
      vertex 69.3 -27.2 3.7
    endloop
  endfacet
  facet normal 0.0654566 -0.997855 0
    outer loop
      vertex 69.7177 -27.1726 3.7
      vertex 69.3 -27.2 1.8
      vertex 69.7177 -27.1726 1.8
    endloop
  endfacet
  facet normal 0.659367 0.751821 -0
    outer loop
      vertex 71.5627 -21.7373 3.19
      vertex 71.248 -21.4613 3.7
      vertex 71.5627 -21.7373 3.7
    endloop
  endfacet
  facet normal 0.659367 0.751821 0
    outer loop
      vertex 71.248 -21.4613 3.7
      vertex 71.5627 -21.7373 3.19
      vertex 71.248 -21.4613 3.19
    endloop
  endfacet
  facet normal -0.555468 0.831538 0
    outer loop
      vertex 67.7 -21.2287 1.99
      vertex 67.7 -21.2287 1.8
      vertex 67.6 -21.2955 1.99
    endloop
  endfacet
  facet normal -0.555468 0.831538 0
    outer loop
      vertex 67.6 -21.2955 2.2
      vertex 67.7 -21.2287 3.7
      vertex 67.7 -21.2287 2.2
    endloop
  endfacet
  facet normal -0.555692 0.831388 2.16607e-05
    outer loop
      vertex 67.7 -21.2287 3.7
      vertex 67.6 -21.2955 2.2
      vertex 67.352 -21.4613 3.7
    endloop
  endfacet
  facet normal -0.555783 0.831328 0
    outer loop
      vertex 67.352 -21.4613 1.8
      vertex 67.6 -21.2955 2.2
      vertex 67.6 -21.2955 1.99
    endloop
  endfacet
  facet normal -0.555783 0.831328 0
    outer loop
      vertex 67.6 -21.2955 2.2
      vertex 67.352 -21.4613 1.8
      vertex 67.352 -21.4613 3.7
    endloop
  endfacet
  facet normal -0.555692 0.831388 -0.000171005
    outer loop
      vertex 67.352 -21.4613 1.8
      vertex 67.6 -21.2955 1.99
      vertex 67.7 -21.2287 1.8
    endloop
  endfacet
  facet normal 0.442237 -0.896898 0
    outer loop
      vertex 70.5246 -26.9564 3.19
      vertex 70.9 -26.7713 3.7
      vertex 70.5246 -26.9564 3.7
    endloop
  endfacet
  facet normal 0.442237 -0.896898 0
    outer loop
      vertex 70.9 -26.7713 3.7
      vertex 70.5246 -26.9564 3.19
      vertex 70.9 -26.7713 3.19
    endloop
  endfacet
  facet normal -0.946901 0.321526 0
    outer loop
      vertex 66.209 -23.1718 1.8
      vertex 66.3436 -22.7754 3.7
      vertex 66.3436 -22.7754 1.8
    endloop
  endfacet
  facet normal -0.946901 0.321526 0
    outer loop
      vertex 66.3436 -22.7754 3.7
      vertex 66.209 -23.1718 1.8
      vertex 66.209 -23.1718 3.7
    endloop
  endfacet
  facet normal -0 0 1
    outer loop
      vertex 70.9421 -23.56 3.7
      vertex 71.8 -24.6 3.7
      vertex 71.8 -22.0078 3.7
    endloop
  endfacet
  facet normal -0 -0 1
    outer loop
      vertex 71 -24 3.7
      vertex 71.8 -24.6 3.7
      vertex 70.9855 -23.7781 3.7
    endloop
  endfacet
  facet normal 0 0 1
    outer loop
      vertex 70.5021 -22.7979 3.7
      vertex 71.8 -22.0078 3.7
      vertex 71.5627 -21.7373 3.7
    endloop
  endfacet
  facet normal -0 0 1
    outer loop
      vertex 70.9421 -24.44 3.7
      vertex 71.8 -24.6 3.7
      vertex 70.9855 -24.2219 3.7
    endloop
  endfacet
  facet normal 0 0 1
    outer loop
      vertex 70.5021 -22.7979 3.7
      vertex 71.5627 -21.7373 3.7
      vertex 71.248 -21.4613 3.7
    endloop
  endfacet
  facet normal 0 0 1
    outer loop
      vertex 70.8706 -24.6506 3.7
      vertex 71.8 -24.6 3.7
      vertex 70.9421 -24.44 3.7
    endloop
  endfacet
  facet normal 0 0 1
    outer loop
      vertex 71.8 -24.6 3.7
      vertex 70.8706 -24.6506 3.7
      vertex 71.7521 -25.3309 3.7
    endloop
  endfacet
  facet normal -0 0 1
    outer loop
      vertex 70.9855 -24.2219 3.7
      vertex 71.8 -24.6 3.7
      vertex 71 -24 3.7
    endloop
  endfacet
  facet normal 0 0 1
    outer loop
      vertex 71.8 -24.6 3.7
      vertex 70.9421 -23.56 3.7
      vertex 70.9855 -23.7781 3.7
    endloop
  endfacet
  facet normal 0 0 1
    outer loop
      vertex 70.3349 -22.6513 3.7
      vertex 71.248 -21.4613 3.7
      vertex 70.9 -21.2287 3.7
    endloop
  endfacet
  facet normal 0 0 1
    outer loop
      vertex 71.8 -22.0078 3.7
      vertex 70.8706 -23.3494 3.7
      vertex 70.9421 -23.56 3.7
    endloop
  endfacet
  facet normal 0 0 1
    outer loop
      vertex 71.8 -22.0078 3.7
      vertex 70.7722 -23.15 3.7
      vertex 70.8706 -23.3494 3.7
    endloop
  endfacet
  facet normal 0 0 1
    outer loop
      vertex 71.8 -22.0078 3.7
      vertex 70.6487 -22.9651 3.7
      vertex 70.7722 -23.15 3.7
    endloop
  endfacet
  facet normal 0 0 1
    outer loop
      vertex 70.15 -22.5278 3.7
      vertex 70.9 -21.2287 3.7
      vertex 70.5246 -21.0436 3.7
    endloop
  endfacet
  facet normal 0 0 1
    outer loop
      vertex 71.8 -22.0078 3.7
      vertex 70.5021 -22.7979 3.7
      vertex 70.6487 -22.9651 3.7
    endloop
  endfacet
  facet normal 0 0 1
    outer loop
      vertex 71.248 -21.4613 3.7
      vertex 70.3349 -22.6513 3.7
      vertex 70.5021 -22.7979 3.7
    endloop
  endfacet
  facet normal 0 0 1
    outer loop
      vertex 70.9 -21.2287 3.7
      vertex 70.15 -22.5278 3.7
      vertex 70.3349 -22.6513 3.7
    endloop
  endfacet
  facet normal 0 0 1
    outer loop
      vertex 69.9506 -22.4294 3.7
      vertex 70.5246 -21.0436 3.7
      vertex 70.1282 -20.909 3.7
    endloop
  endfacet
  facet normal 0 0 1
    outer loop
      vertex 70.5246 -21.0436 3.7
      vertex 69.9506 -22.4294 3.7
      vertex 70.15 -22.5278 3.7
    endloop
  endfacet
  facet normal 0 0 1
    outer loop
      vertex 70.1282 -20.909 3.7
      vertex 69.74 -22.3579 3.7
      vertex 69.9506 -22.4294 3.7
    endloop
  endfacet
  facet normal 0 0 1
    outer loop
      vertex 69.7177 -20.8274 3.7
      vertex 69.74 -22.3579 3.7
      vertex 70.1282 -20.909 3.7
    endloop
  endfacet
  facet normal 0 0 1
    outer loop
      vertex 69.7177 -20.8274 3.7
      vertex 69.5219 -22.3145 3.7
      vertex 69.74 -22.3579 3.7
    endloop
  endfacet
  facet normal 0 0 1
    outer loop
      vertex 69.3 -20.8 3.7
      vertex 69.5219 -22.3145 3.7
      vertex 69.7177 -20.8274 3.7
    endloop
  endfacet
  facet normal 0 0 1
    outer loop
      vertex 69.3 -20.8 3.7
      vertex 69.3 -22.3 3.7
      vertex 69.5219 -22.3145 3.7
    endloop
  endfacet
  facet normal 0 0 1
    outer loop
      vertex 69.3 -20.8 3.7
      vertex 69.0781 -22.3145 3.7
      vertex 69.3 -22.3 3.7
    endloop
  endfacet
  facet normal -0 0 1
    outer loop
      vertex 68.8823 -20.8274 3.7
      vertex 69.0781 -22.3145 3.7
      vertex 69.3 -20.8 3.7
    endloop
  endfacet
  facet normal 0 0 1
    outer loop
      vertex 68.8823 -20.8274 3.7
      vertex 68.86 -22.3579 3.7
      vertex 69.0781 -22.3145 3.7
    endloop
  endfacet
  facet normal -0 0 1
    outer loop
      vertex 68.4718 -20.909 3.7
      vertex 68.86 -22.3579 3.7
      vertex 68.8823 -20.8274 3.7
    endloop
  endfacet
  facet normal 0 0 1
    outer loop
      vertex 68.86 -22.3579 3.7
      vertex 68.4718 -20.909 3.7
      vertex 68.6494 -22.4294 3.7
    endloop
  endfacet
  facet normal -0 0 1
    outer loop
      vertex 68.0754 -21.0436 3.7
      vertex 68.6494 -22.4294 3.7
      vertex 68.4718 -20.909 3.7
    endloop
  endfacet
  facet normal 0 0 1
    outer loop
      vertex 68.6494 -22.4294 3.7
      vertex 68.0754 -21.0436 3.7
      vertex 68.45 -22.5278 3.7
    endloop
  endfacet
  facet normal -0 0 1
    outer loop
      vertex 67.7 -21.2287 3.7
      vertex 68.45 -22.5278 3.7
      vertex 68.0754 -21.0436 3.7
    endloop
  endfacet
  facet normal 0 0 1
    outer loop
      vertex 68.45 -22.5278 3.7
      vertex 67.7 -21.2287 3.7
      vertex 68.2651 -22.6513 3.7
    endloop
  endfacet
  facet normal -0 0 1
    outer loop
      vertex 67.352 -21.4613 3.7
      vertex 68.2651 -22.6513 3.7
      vertex 67.7 -21.2287 3.7
    endloop
  endfacet
  facet normal 0 0 1
    outer loop
      vertex 68.2651 -22.6513 3.7
      vertex 67.352 -21.4613 3.7
      vertex 68.0979 -22.7979 3.7
    endloop
  endfacet
  facet normal -0 0 1
    outer loop
      vertex 67.0373 -21.7373 3.7
      vertex 68.0979 -22.7979 3.7
      vertex 67.352 -21.4613 3.7
    endloop
  endfacet
  facet normal 0 0 1
    outer loop
      vertex 68.0979 -22.7979 3.7
      vertex 67.0373 -21.7373 3.7
      vertex 67.9513 -22.9651 3.7
    endloop
  endfacet
  facet normal -0 0 1
    outer loop
      vertex 66.7613 -22.052 3.7
      vertex 67.9513 -22.9651 3.7
      vertex 67.0373 -21.7373 3.7
    endloop
  endfacet
  facet normal 0 0 1
    outer loop
      vertex 67.9513 -22.9651 3.7
      vertex 66.7613 -22.052 3.7
      vertex 67.8278 -23.15 3.7
    endloop
  endfacet
  facet normal -0 0 1
    outer loop
      vertex 66.5287 -22.4 3.7
      vertex 67.8278 -23.15 3.7
      vertex 66.7613 -22.052 3.7
    endloop
  endfacet
  facet normal 0 0 1
    outer loop
      vertex 67.8278 -23.15 3.7
      vertex 66.5287 -22.4 3.7
      vertex 67.7294 -23.3494 3.7
    endloop
  endfacet
  facet normal -0 0 1
    outer loop
      vertex 70.7722 -24.85 3.7
      vertex 71.7521 -25.3309 3.7
      vertex 70.8706 -24.6506 3.7
    endloop
  endfacet
  facet normal -0 0 1
    outer loop
      vertex 70.6487 -25.0349 3.7
      vertex 71.7521 -25.3309 3.7
      vertex 70.7722 -24.85 3.7
    endloop
  endfacet
  facet normal 0 0 1
    outer loop
      vertex 71.7521 -25.3309 3.7
      vertex 70.6487 -25.0349 3.7
      vertex 71.6092 -26.0494 3.7
    endloop
  endfacet
  facet normal -0 0 1
    outer loop
      vertex 70.5021 -25.2021 3.7
      vertex 71.6092 -26.0494 3.7
      vertex 70.6487 -25.0349 3.7
    endloop
  endfacet
  facet normal -0 0 1
    outer loop
      vertex 70.3349 -25.3487 3.7
      vertex 71.6092 -26.0494 3.7
      vertex 70.5021 -25.2021 3.7
    endloop
  endfacet
  facet normal 0 -0 1
    outer loop
      vertex 71.248 -26.5387 3.7
      vertex 71.6092 -26.0494 3.7
      vertex 70.3349 -25.3487 3.7
    endloop
  endfacet
  facet normal 0 0 1
    outer loop
      vertex 71.6092 -26.0494 3.7
      vertex 71.248 -26.5387 3.7
      vertex 71.5257 -26.2952 3.7
    endloop
  endfacet
  facet normal 0 0 1
    outer loop
      vertex 71.248 -26.5387 3.7
      vertex 70.3349 -25.3487 3.7
      vertex 70.9 -26.7713 3.7
    endloop
  endfacet
  facet normal -0 0 1
    outer loop
      vertex 70.15 -25.4722 3.7
      vertex 70.9 -26.7713 3.7
      vertex 70.3349 -25.3487 3.7
    endloop
  endfacet
  facet normal 0 0 1
    outer loop
      vertex 70.9 -26.7713 3.7
      vertex 70.15 -25.4722 3.7
      vertex 70.5246 -26.9564 3.7
    endloop
  endfacet
  facet normal -0 0 1
    outer loop
      vertex 69.9506 -25.5706 3.7
      vertex 70.5246 -26.9564 3.7
      vertex 70.15 -25.4722 3.7
    endloop
  endfacet
  facet normal 0 0 1
    outer loop
      vertex 70.5246 -26.9564 3.7
      vertex 69.9506 -25.5706 3.7
      vertex 70.1282 -27.091 3.7
    endloop
  endfacet
  facet normal -0 0 1
    outer loop
      vertex 69.74 -25.6421 3.7
      vertex 70.1282 -27.091 3.7
      vertex 69.9506 -25.5706 3.7
    endloop
  endfacet
  facet normal 0 0 1
    outer loop
      vertex 69.74 -25.6421 3.7
      vertex 69.7177 -27.1726 3.7
      vertex 70.1282 -27.091 3.7
    endloop
  endfacet
  facet normal -0 0 1
    outer loop
      vertex 69.5219 -25.6855 3.7
      vertex 69.7177 -27.1726 3.7
      vertex 69.74 -25.6421 3.7
    endloop
  endfacet
  facet normal -0 0 1
    outer loop
      vertex 69.3 -25.7 3.7
      vertex 69.7177 -27.1726 3.7
      vertex 69.5219 -25.6855 3.7
    endloop
  endfacet
  facet normal 0 0 1
    outer loop
      vertex 69.3 -25.7 3.7
      vertex 69.3 -27.2 3.7
      vertex 69.7177 -27.1726 3.7
    endloop
  endfacet
  facet normal 0 0 1
    outer loop
      vertex 69.0781 -25.6855 3.7
      vertex 69.3 -27.2 3.7
      vertex 69.3 -25.7 3.7
    endloop
  endfacet
  facet normal 0 0 1
    outer loop
      vertex 69.0781 -25.6855 3.7
      vertex 68.8823 -27.1726 3.7
      vertex 69.3 -27.2 3.7
    endloop
  endfacet
  facet normal 0 0 1
    outer loop
      vertex 68.86 -25.6421 3.7
      vertex 68.8823 -27.1726 3.7
      vertex 69.0781 -25.6855 3.7
    endloop
  endfacet
  facet normal 0 0 1
    outer loop
      vertex 68.4718 -27.091 3.7
      vertex 68.86 -25.6421 3.7
      vertex 68.6494 -25.5706 3.7
    endloop
  endfacet
  facet normal 0 0 1
    outer loop
      vertex 68.86 -25.6421 3.7
      vertex 68.4718 -27.091 3.7
      vertex 68.8823 -27.1726 3.7
    endloop
  endfacet
  facet normal 0 0 1
    outer loop
      vertex 68.0754 -26.9564 3.7
      vertex 68.6494 -25.5706 3.7
      vertex 68.45 -25.4722 3.7
    endloop
  endfacet
  facet normal 0 0 1
    outer loop
      vertex 67.7 -26.7713 3.7
      vertex 68.45 -25.4722 3.7
      vertex 68.2651 -25.3487 3.7
    endloop
  endfacet
  facet normal 0 0 1
    outer loop
      vertex 67.352 -26.5387 3.7
      vertex 68.2651 -25.3487 3.7
      vertex 68.0979 -25.2021 3.7
    endloop
  endfacet
  facet normal 0 0 1
    outer loop
      vertex 68.6494 -25.5706 3.7
      vertex 68.0754 -26.9564 3.7
      vertex 68.4718 -27.091 3.7
    endloop
  endfacet
  facet normal 0 0 1
    outer loop
      vertex 67.0373 -26.2627 3.7
      vertex 68.0979 -25.2021 3.7
      vertex 67.9513 -25.0349 3.7
    endloop
  endfacet
  facet normal 0 0 1
    outer loop
      vertex 66.7613 -25.948 3.7
      vertex 67.9513 -25.0349 3.7
      vertex 67.8278 -24.85 3.7
    endloop
  endfacet
  facet normal 0 0 1
    outer loop
      vertex 66.5287 -25.6 3.7
      vertex 67.8278 -24.85 3.7
      vertex 67.7294 -24.6506 3.7
    endloop
  endfacet
  facet normal 0 0 1
    outer loop
      vertex 68.45 -25.4722 3.7
      vertex 67.7 -26.7713 3.7
      vertex 68.0754 -26.9564 3.7
    endloop
  endfacet
  facet normal 0 0 1
    outer loop
      vertex 66.3436 -25.2246 3.7
      vertex 67.7294 -24.6506 3.7
      vertex 67.6579 -24.44 3.7
    endloop
  endfacet
  facet normal 0 0 1
    outer loop
      vertex 66.209 -24.8282 3.7
      vertex 67.6579 -24.44 3.7
      vertex 67.6145 -24.2219 3.7
    endloop
  endfacet
  facet normal 0 0 1
    outer loop
      vertex 66.1274 -24.4177 3.7
      vertex 67.6145 -24.2219 3.7
      vertex 67.6 -24 3.7
    endloop
  endfacet
  facet normal -0 0 1
    outer loop
      vertex 66.3436 -22.7754 3.7
      vertex 67.7294 -23.3494 3.7
      vertex 66.5287 -22.4 3.7
    endloop
  endfacet
  facet normal 0 0 1
    outer loop
      vertex 68.2651 -25.3487 3.7
      vertex 67.352 -26.5387 3.7
      vertex 67.7 -26.7713 3.7
    endloop
  endfacet
  facet normal 0 0 1
    outer loop
      vertex 67.7294 -23.3494 3.7
      vertex 66.3436 -22.7754 3.7
      vertex 67.6579 -23.56 3.7
    endloop
  endfacet
  facet normal 0 0 1
    outer loop
      vertex 68.0979 -25.2021 3.7
      vertex 67.0373 -26.2627 3.7
      vertex 67.352 -26.5387 3.7
    endloop
  endfacet
  facet normal -0 0 1
    outer loop
      vertex 66.209 -23.1718 3.7
      vertex 67.6579 -23.56 3.7
      vertex 66.3436 -22.7754 3.7
    endloop
  endfacet
  facet normal 0 0 1
    outer loop
      vertex 67.9513 -25.0349 3.7
      vertex 66.7613 -25.948 3.7
      vertex 67.0373 -26.2627 3.7
    endloop
  endfacet
  facet normal 0 0 1
    outer loop
      vertex 67.6579 -23.56 3.7
      vertex 66.209 -23.1718 3.7
      vertex 67.6145 -23.7781 3.7
    endloop
  endfacet
  facet normal 0 0 1
    outer loop
      vertex 67.8278 -24.85 3.7
      vertex 66.5287 -25.6 3.7
      vertex 66.7613 -25.948 3.7
    endloop
  endfacet
  facet normal -0 0 1
    outer loop
      vertex 66.1274 -23.5823 3.7
      vertex 67.6145 -23.7781 3.7
      vertex 66.209 -23.1718 3.7
    endloop
  endfacet
  facet normal 0 0 1
    outer loop
      vertex 67.7294 -24.6506 3.7
      vertex 66.3436 -25.2246 3.7
      vertex 66.5287 -25.6 3.7
    endloop
  endfacet
  facet normal 0 0 1
    outer loop
      vertex 67.6145 -23.7781 3.7
      vertex 66.1274 -23.5823 3.7
      vertex 67.6 -24 3.7
    endloop
  endfacet
  facet normal 0 0 1
    outer loop
      vertex 67.6579 -24.44 3.7
      vertex 66.209 -24.8282 3.7
      vertex 66.3436 -25.2246 3.7
    endloop
  endfacet
  facet normal 0 0 1
    outer loop
      vertex 66.1 -24 3.7
      vertex 67.6 -24 3.7
      vertex 66.1274 -23.5823 3.7
    endloop
  endfacet
  facet normal 0 0 1
    outer loop
      vertex 67.6145 -24.2219 3.7
      vertex 66.1274 -24.4177 3.7
      vertex 66.209 -24.8282 3.7
    endloop
  endfacet
  facet normal 0 0 1
    outer loop
      vertex 67.6 -24 3.7
      vertex 66.1 -24 3.7
      vertex 66.1274 -24.4177 3.7
    endloop
  endfacet
  facet normal -0.751821 0.659367 0
    outer loop
      vertex 66.7613 -22.052 1.8
      vertex 67.0373 -21.7373 3.7
      vertex 67.0373 -21.7373 1.8
    endloop
  endfacet
  facet normal -0.751821 0.659367 0
    outer loop
      vertex 67.0373 -21.7373 3.7
      vertex 66.7613 -22.052 1.8
      vertex 66.7613 -22.052 3.7
    endloop
  endfacet
  facet normal -0.442237 -0.896898 0
    outer loop
      vertex 67.7 -26.7713 2.2
      vertex 68.0754 -26.9564 3.7
      vertex 67.7 -26.7713 3.7
    endloop
  endfacet
  facet normal -0.442237 -0.896898 -0
    outer loop
      vertex 68.0754 -26.9564 3.7
      vertex 67.7 -26.7713 2.2
      vertex 68.0754 -26.9564 2.2
    endloop
  endfacet
  facet normal -0.442237 -0.896898 0
    outer loop
      vertex 67.7 -26.7713 1.8
      vertex 68.0754 -26.9564 1.99
      vertex 67.7 -26.7713 1.99
    endloop
  endfacet
  facet normal -0.442237 -0.896898 -0
    outer loop
      vertex 68.0754 -26.9564 1.99
      vertex 67.7 -26.7713 1.8
      vertex 68.0754 -26.9564 1.8
    endloop
  endfacet
  facet normal -0.321526 -0.946901 0
    outer loop
      vertex 68.0754 -26.9564 2.2
      vertex 68.4718 -27.091 3.7
      vertex 68.0754 -26.9564 3.7
    endloop
  endfacet
  facet normal -0.321526 -0.946901 -0
    outer loop
      vertex 68.4718 -27.091 3.7
      vertex 68.0754 -26.9564 2.2
      vertex 68.4718 -27.091 2.2
    endloop
  endfacet
  facet normal -0.321526 -0.946901 0
    outer loop
      vertex 68.0754 -26.9564 1.8
      vertex 68.4718 -27.091 1.99
      vertex 68.0754 -26.9564 1.99
    endloop
  endfacet
  facet normal -0.321526 -0.946901 -0
    outer loop
      vertex 68.4718 -27.091 1.99
      vertex 68.0754 -26.9564 1.8
      vertex 68.4718 -27.091 1.8
    endloop
  endfacet
  facet normal -0.442237 0.896898 0
    outer loop
      vertex 68.0754 -21.0436 2.2
      vertex 67.7 -21.2287 3.7
      vertex 68.0754 -21.0436 3.7
    endloop
  endfacet
  facet normal -0.442237 0.896898 0
    outer loop
      vertex 67.7 -21.2287 3.7
      vertex 68.0754 -21.0436 2.2
      vertex 67.7 -21.2287 2.2
    endloop
  endfacet
  facet normal -0.442237 0.896898 0
    outer loop
      vertex 68.0754 -21.0436 1.8
      vertex 67.7 -21.2287 1.99
      vertex 68.0754 -21.0436 1.99
    endloop
  endfacet
  facet normal -0.442237 0.896898 0
    outer loop
      vertex 67.7 -21.2287 1.99
      vertex 68.0754 -21.0436 1.8
      vertex 67.7 -21.2287 1.8
    endloop
  endfacet
  facet normal -0.997855 -0.0654566 0
    outer loop
      vertex 66.1274 -24.4177 1.8
      vertex 66.1 -24 3.7
      vertex 66.1 -24 1.8
    endloop
  endfacet
  facet normal -0.997855 -0.0654566 0
    outer loop
      vertex 66.1 -24 3.7
      vertex 66.1274 -24.4177 1.8
      vertex 66.1274 -24.4177 3.7
    endloop
  endfacet
  facet normal -0.831388 -0.555692 0
    outer loop
      vertex 66.7613 -25.948 1.8
      vertex 66.5287 -25.6 3.7
      vertex 66.5287 -25.6 1.8
    endloop
  endfacet
  facet normal -0.831388 -0.555692 0
    outer loop
      vertex 66.5287 -25.6 3.7
      vertex 66.7613 -25.948 1.8
      vertex 66.7613 -25.948 3.7
    endloop
  endfacet
  facet normal -0.659367 0.751821 0
    outer loop
      vertex 67.352 -21.4613 1.8
      vertex 67.0373 -21.7373 3.7
      vertex 67.352 -21.4613 3.7
    endloop
  endfacet
  facet normal -0.659367 0.751821 0
    outer loop
      vertex 67.0373 -21.7373 3.7
      vertex 67.352 -21.4613 1.8
      vertex 67.0373 -21.7373 1.8
    endloop
  endfacet
  facet normal 0.321526 0.946901 -0
    outer loop
      vertex 70.5246 -21.0436 2.2
      vertex 70.1282 -20.909 3.7
      vertex 70.5246 -21.0436 3.7
    endloop
  endfacet
  facet normal 0.321526 0.946901 0
    outer loop
      vertex 70.1282 -20.909 3.7
      vertex 70.5246 -21.0436 2.2
      vertex 70.1282 -20.909 2.2
    endloop
  endfacet
  facet normal 0.321526 0.946901 -0
    outer loop
      vertex 70.5246 -21.0436 1.8
      vertex 70.1282 -20.909 1.99
      vertex 70.5246 -21.0436 1.99
    endloop
  endfacet
  facet normal 0.321526 0.946901 0
    outer loop
      vertex 70.1282 -20.909 1.99
      vertex 70.5246 -21.0436 1.8
      vertex 70.1282 -20.909 1.8
    endloop
  endfacet
  facet normal -0.98081 0.194967 0
    outer loop
      vertex 66.1274 -23.5823 1.8
      vertex 66.209 -23.1718 3.7
      vertex 66.209 -23.1718 1.8
    endloop
  endfacet
  facet normal -0.98081 0.194967 0
    outer loop
      vertex 66.209 -23.1718 3.7
      vertex 66.1274 -23.5823 1.8
      vertex 66.1274 -23.5823 3.7
    endloop
  endfacet
  facet normal 0.0654566 0.997855 -0
    outer loop
      vertex 69.7177 -20.8274 1.8
      vertex 69.3 -20.8 3.7
      vertex 69.7177 -20.8274 3.7
    endloop
  endfacet
  facet normal 0.0654566 0.997855 0
    outer loop
      vertex 69.3 -20.8 3.7
      vertex 69.7177 -20.8274 1.8
      vertex 69.3 -20.8 1.8
    endloop
  endfacet
  facet normal -0.0654566 -0.997855 0
    outer loop
      vertex 68.8823 -27.1726 1.8
      vertex 69.3 -27.2 3.7
      vertex 68.8823 -27.1726 3.7
    endloop
  endfacet
  facet normal -0.0654566 -0.997855 -0
    outer loop
      vertex 69.3 -27.2 3.7
      vertex 68.8823 -27.1726 1.8
      vertex 69.3 -27.2 1.8
    endloop
  endfacet
  facet normal -0.555692 -0.831388 2.16607e-05
    outer loop
      vertex 67.352 -26.5387 3.7
      vertex 67.6 -26.7045 2.2
      vertex 67.7 -26.7713 3.7
    endloop
  endfacet
  facet normal -0.555783 -0.831328 0
    outer loop
      vertex 67.352 -26.5387 1.8
      vertex 67.6 -26.7045 2.2
      vertex 67.352 -26.5387 3.7
    endloop
  endfacet
  facet normal -0.555783 -0.831328 -0
    outer loop
      vertex 67.6 -26.7045 2.2
      vertex 67.352 -26.5387 1.8
      vertex 67.6 -26.7045 1.99
    endloop
  endfacet
  facet normal -0.555692 -0.831388 -0.000171005
    outer loop
      vertex 67.7 -26.7713 1.8
      vertex 67.6 -26.7045 1.99
      vertex 67.352 -26.5387 1.8
    endloop
  endfacet
  facet normal -0.555468 -0.831538 0
    outer loop
      vertex 67.6 -26.7045 1.99
      vertex 67.7 -26.7713 1.8
      vertex 67.7 -26.7713 1.99
    endloop
  endfacet
  facet normal -0.555468 -0.831538 -0
    outer loop
      vertex 67.7 -26.7713 3.7
      vertex 67.6 -26.7045 2.2
      vertex 67.7 -26.7713 2.2
    endloop
  endfacet
  facet normal -0.98081 -0.194967 0
    outer loop
      vertex 66.209 -24.8282 1.8
      vertex 66.1274 -24.4177 3.7
      vertex 66.1274 -24.4177 1.8
    endloop
  endfacet
  facet normal -0.98081 -0.194967 0
    outer loop
      vertex 66.1274 -24.4177 3.7
      vertex 66.209 -24.8282 1.8
      vertex 66.209 -24.8282 3.7
    endloop
  endfacet
  facet normal 0.751733 0.659468 0
    outer loop
      vertex 71.8 -22.0078 3.7
      vertex 71.5627 -21.7373 3.19
      vertex 71.5627 -21.7373 3.7
    endloop
  endfacet
  facet normal 0.751733 0.659468 0
    outer loop
      vertex 71.5627 -21.7373 3.19
      vertex 71.8 -22.0078 3.7
      vertex 71.8 -22.0078 3.19
    endloop
  endfacet
  facet normal -0.751821 -0.659367 0
    outer loop
      vertex 67.0373 -26.2627 1.8
      vertex 66.7613 -25.948 3.7
      vertex 66.7613 -25.948 1.8
    endloop
  endfacet
  facet normal -0.751821 -0.659367 0
    outer loop
      vertex 66.7613 -25.948 3.7
      vertex 67.0373 -26.2627 1.8
      vertex 67.0373 -26.2627 3.7
    endloop
  endfacet
  facet normal -0.831388 0.555692 0
    outer loop
      vertex 66.5287 25.6 1.8
      vertex 66.7613 25.948 3.7
      vertex 66.7613 25.948 1.8
    endloop
  endfacet
  facet normal -0.831388 0.555692 0
    outer loop
      vertex 66.7613 25.948 3.7
      vertex 66.5287 25.6 1.8
      vertex 66.5287 25.6 3.7
    endloop
  endfacet
  facet normal 0.195068 0.98079 0
    outer loop
      vertex 69.7682 27.1626 3.19
      vertex 70.1282 27.091 3.7
      vertex 70.1282 27.091 3.19
    endloop
  endfacet
  facet normal 0.194967 0.98081 7.40216e-05
    outer loop
      vertex 70.1282 27.091 3.7
      vertex 69.7682 27.1626 3.19
      vertex 69.7177 27.1726 3.7
    endloop
  endfacet
  facet normal 0.194248 0.980952 0
    outer loop
      vertex 69.7177 27.1726 1.8
      vertex 69.7682 27.1626 3.19
      vertex 69.7682 27.1626 1.8
    endloop
  endfacet
  facet normal 0.194248 0.980952 0
    outer loop
      vertex 69.7682 27.1626 3.19
      vertex 69.7177 27.1726 1.8
      vertex 69.7177 27.1726 3.7
    endloop
  endfacet
  facet normal -0.896898 -0.442237 0
    outer loop
      vertex 66.5287 22.4 1.8
      vertex 66.3436 22.7754 3.7
      vertex 66.3436 22.7754 1.8
    endloop
  endfacet
  facet normal -0.896898 -0.442237 0
    outer loop
      vertex 66.3436 22.7754 3.7
      vertex 66.5287 22.4 1.8
      vertex 66.5287 22.4 3.7
    endloop
  endfacet
  facet normal 0.659367 -0.751821 0
    outer loop
      vertex 71.248 21.4613 3.19
      vertex 71.5627 21.7373 3.7
      vertex 71.248 21.4613 3.7
    endloop
  endfacet
  facet normal 0.659367 -0.751821 0
    outer loop
      vertex 71.5627 21.7373 3.7
      vertex 71.248 21.4613 3.19
      vertex 71.5627 21.7373 3.19
    endloop
  endfacet
  facet normal -0.194967 0.98081 -1.61517e-05
    outer loop
      vertex 68.8823 27.1726 3.7
      vertex 68.5172 27.1 2.2
      vertex 68.4718 27.091 3.7
    endloop
  endfacet
  facet normal -0.195031 0.980797 0
    outer loop
      vertex 68.8823 27.1726 1.8
      vertex 68.5172 27.1 2.2
      vertex 68.8823 27.1726 3.7
    endloop
  endfacet
  facet normal -0.195031 0.980797 0
    outer loop
      vertex 68.5172 27.1 2.2
      vertex 68.8823 27.1726 1.8
      vertex 68.5172 27.1 1.99
    endloop
  endfacet
  facet normal -0.194967 0.98081 0.000127513
    outer loop
      vertex 68.4718 27.091 1.8
      vertex 68.5172 27.1 1.99
      vertex 68.8823 27.1726 1.8
    endloop
  endfacet
  facet normal -0.194454 0.980912 0
    outer loop
      vertex 68.5172 27.1 1.99
      vertex 68.4718 27.091 1.8
      vertex 68.4718 27.091 1.99
    endloop
  endfacet
  facet normal -0.194454 0.980912 0
    outer loop
      vertex 68.4718 27.091 3.7
      vertex 68.5172 27.1 2.2
      vertex 68.4718 27.091 2.2
    endloop
  endfacet
  facet normal 0.442237 0.896898 -0
    outer loop
      vertex 70.9 26.7713 3.19
      vertex 70.5246 26.9564 3.7
      vertex 70.9 26.7713 3.7
    endloop
  endfacet
  facet normal 0.442237 0.896898 0
    outer loop
      vertex 70.5246 26.9564 3.7
      vertex 70.9 26.7713 3.19
      vertex 70.5246 26.9564 3.19
    endloop
  endfacet
  facet normal 0.321526 -0.946901 0
    outer loop
      vertex 70.1282 20.909 2.2
      vertex 70.5246 21.0436 3.7
      vertex 70.1282 20.909 3.7
    endloop
  endfacet
  facet normal 0.321526 -0.946901 0
    outer loop
      vertex 70.5246 21.0436 3.7
      vertex 70.1282 20.909 2.2
      vertex 70.5246 21.0436 2.2
    endloop
  endfacet
  facet normal 0.321526 -0.946901 0
    outer loop
      vertex 70.1282 20.909 1.8
      vertex 70.5246 21.0436 1.99
      vertex 70.1282 20.909 1.99
    endloop
  endfacet
  facet normal 0.321526 -0.946901 0
    outer loop
      vertex 70.5246 21.0436 1.99
      vertex 70.1282 20.909 1.8
      vertex 70.5246 21.0436 1.8
    endloop
  endfacet
  facet normal -0.194454 -0.980912 -0
    outer loop
      vertex 68.4718 20.909 1.99
      vertex 68.4718 20.909 1.8
      vertex 68.5172 20.9 1.99
    endloop
  endfacet
  facet normal -0.194454 -0.980912 0
    outer loop
      vertex 68.5172 20.9 2.2
      vertex 68.4718 20.909 3.7
      vertex 68.4718 20.909 2.2
    endloop
  endfacet
  facet normal -0.194967 -0.98081 -1.61517e-05
    outer loop
      vertex 68.4718 20.909 3.7
      vertex 68.5172 20.9 2.2
      vertex 68.8823 20.8274 3.7
    endloop
  endfacet
  facet normal -0.195031 -0.980797 0
    outer loop
      vertex 68.8823 20.8274 1.8
      vertex 68.5172 20.9 2.2
      vertex 68.5172 20.9 1.99
    endloop
  endfacet
  facet normal -0.195031 -0.980797 0
    outer loop
      vertex 68.5172 20.9 2.2
      vertex 68.8823 20.8274 1.8
      vertex 68.8823 20.8274 3.7
    endloop
  endfacet
  facet normal -0.194967 -0.98081 0.000127513
    outer loop
      vertex 68.8823 20.8274 1.8
      vertex 68.5172 20.9 1.99
      vertex 68.4718 20.909 1.8
    endloop
  endfacet
  facet normal -0.0654566 0.997855 0
    outer loop
      vertex 69.3 27.2 1.8
      vertex 68.8823 27.1726 3.7
      vertex 69.3 27.2 3.7
    endloop
  endfacet
  facet normal -0.0654566 0.997855 0
    outer loop
      vertex 68.8823 27.1726 3.7
      vertex 69.3 27.2 1.8
      vertex 68.8823 27.1726 1.8
    endloop
  endfacet
  facet normal -0.442237 -0.896898 0
    outer loop
      vertex 67.7 21.2287 2.2
      vertex 68.0754 21.0436 3.7
      vertex 67.7 21.2287 3.7
    endloop
  endfacet
  facet normal -0.442237 -0.896898 -0
    outer loop
      vertex 68.0754 21.0436 3.7
      vertex 67.7 21.2287 2.2
      vertex 68.0754 21.0436 2.2
    endloop
  endfacet
  facet normal -0.442237 -0.896898 0
    outer loop
      vertex 67.7 21.2287 1.8
      vertex 68.0754 21.0436 1.99
      vertex 67.7 21.2287 1.99
    endloop
  endfacet
  facet normal -0.442237 -0.896898 -0
    outer loop
      vertex 68.0754 21.0436 1.99
      vertex 67.7 21.2287 1.8
      vertex 68.0754 21.0436 1.8
    endloop
  endfacet
  facet normal 0.555692 -0.831388 0
    outer loop
      vertex 70.9 21.2287 3.19
      vertex 71.248 21.4613 3.7
      vertex 70.9 21.2287 3.7
    endloop
  endfacet
  facet normal 0.555692 -0.831388 0
    outer loop
      vertex 71.248 21.4613 3.7
      vertex 70.9 21.2287 3.19
      vertex 71.248 21.4613 3.19
    endloop
  endfacet
  facet normal -0.896898 0.442237 0
    outer loop
      vertex 66.3436 25.2246 1.8
      vertex 66.5287 25.6 3.7
      vertex 66.5287 25.6 1.8
    endloop
  endfacet
  facet normal -0.896898 0.442237 0
    outer loop
      vertex 66.5287 25.6 3.7
      vertex 66.3436 25.2246 1.8
      vertex 66.3436 25.2246 3.7
    endloop
  endfacet
  facet normal 0.442237 -0.896898 -3.90701e-05
    outer loop
      vertex 70.5246 21.0436 3.7
      vertex 70.6 21.0808 3.19
      vertex 70.9 21.2287 3.7
    endloop
  endfacet
  facet normal 0.44245 -0.896793 0
    outer loop
      vertex 70.5246 21.0436 2.2
      vertex 70.6 21.0808 3.19
      vertex 70.5246 21.0436 3.7
    endloop
  endfacet
  facet normal 0.44245 -0.896793 0
    outer loop
      vertex 70.6 21.0808 3.19
      vertex 70.5246 21.0436 2.2
      vertex 70.6 21.0808 2.2
    endloop
  endfacet
  facet normal 0.442184 -0.896924 0
    outer loop
      vertex 70.9 21.2287 3.7
      vertex 70.6 21.0808 3.19
      vertex 70.9 21.2287 3.19
    endloop
  endfacet
  facet normal 0.44245 -0.896793 0
    outer loop
      vertex 70.5246 21.0436 1.8
      vertex 70.6 21.0808 1.99
      vertex 70.5246 21.0436 1.99
    endloop
  endfacet
  facet normal 0.44245 -0.896793 0
    outer loop
      vertex 70.6 21.0808 1.99
      vertex 70.5246 21.0436 1.8
      vertex 70.6 21.0808 1.8
    endloop
  endfacet
  facet normal 0.194967 -0.98081 -1.61517e-05
    outer loop
      vertex 69.7177 20.8274 3.7
      vertex 70.0828 20.9 2.2
      vertex 70.1282 20.909 3.7
    endloop
  endfacet
  facet normal 0.195031 -0.980797 0
    outer loop
      vertex 69.7177 20.8274 1.8
      vertex 70.0828 20.9 2.2
      vertex 69.7177 20.8274 3.7
    endloop
  endfacet
  facet normal 0.195031 -0.980797 0
    outer loop
      vertex 70.0828 20.9 2.2
      vertex 69.7177 20.8274 1.8
      vertex 70.0828 20.9 1.99
    endloop
  endfacet
  facet normal 0.194967 -0.98081 0.000127513
    outer loop
      vertex 70.1282 20.909 1.8
      vertex 70.0828 20.9 1.99
      vertex 69.7177 20.8274 1.8
    endloop
  endfacet
  facet normal 0.194454 -0.980912 0
    outer loop
      vertex 70.0828 20.9 1.99
      vertex 70.1282 20.909 1.8
      vertex 70.1282 20.909 1.99
    endloop
  endfacet
  facet normal 0.194454 -0.980912 0
    outer loop
      vertex 70.1282 20.909 3.7
      vertex 70.0828 20.9 2.2
      vertex 70.1282 20.909 2.2
    endloop
  endfacet
  facet normal -0.946901 -0.321526 0
    outer loop
      vertex 66.3436 22.7754 1.8
      vertex 66.209 23.1718 3.7
      vertex 66.209 23.1718 1.8
    endloop
  endfacet
  facet normal -0.946901 -0.321526 0
    outer loop
      vertex 66.209 23.1718 3.7
      vertex 66.3436 22.7754 1.8
      vertex 66.3436 22.7754 3.7
    endloop
  endfacet
  facet normal 0.555692 0.831388 -0
    outer loop
      vertex 71.248 26.5387 3.19
      vertex 70.9 26.7713 3.7
      vertex 71.248 26.5387 3.7
    endloop
  endfacet
  facet normal 0.555692 0.831388 0
    outer loop
      vertex 70.9 26.7713 3.7
      vertex 71.248 26.5387 3.19
      vertex 70.9 26.7713 3.19
    endloop
  endfacet
  facet normal -0.321526 0.946901 0
    outer loop
      vertex 68.4718 27.091 2.2
      vertex 68.0754 26.9564 3.7
      vertex 68.4718 27.091 3.7
    endloop
  endfacet
  facet normal -0.321526 0.946901 0
    outer loop
      vertex 68.0754 26.9564 3.7
      vertex 68.4718 27.091 2.2
      vertex 68.0754 26.9564 2.2
    endloop
  endfacet
  facet normal -0.321526 0.946901 0
    outer loop
      vertex 68.4718 27.091 1.8
      vertex 68.0754 26.9564 1.99
      vertex 68.4718 27.091 1.99
    endloop
  endfacet
  facet normal -0.321526 0.946901 0
    outer loop
      vertex 68.0754 26.9564 1.99
      vertex 68.4718 27.091 1.8
      vertex 68.0754 26.9564 1.8
    endloop
  endfacet
  facet normal -0.321526 -0.946901 0
    outer loop
      vertex 68.0754 21.0436 2.2
      vertex 68.4718 20.909 3.7
      vertex 68.0754 21.0436 3.7
    endloop
  endfacet
  facet normal -0.321526 -0.946901 -0
    outer loop
      vertex 68.4718 20.909 3.7
      vertex 68.0754 21.0436 2.2
      vertex 68.4718 20.909 2.2
    endloop
  endfacet
  facet normal -0.321526 -0.946901 0
    outer loop
      vertex 68.0754 21.0436 1.8
      vertex 68.4718 20.909 1.99
      vertex 68.0754 21.0436 1.99
    endloop
  endfacet
  facet normal -0.321526 -0.946901 -0
    outer loop
      vertex 68.4718 20.909 1.99
      vertex 68.0754 21.0436 1.8
      vertex 68.4718 20.909 1.8
    endloop
  endfacet
  facet normal -0.659367 -0.751821 0
    outer loop
      vertex 67.0373 21.7373 1.8
      vertex 67.352 21.4613 3.7
      vertex 67.0373 21.7373 3.7
    endloop
  endfacet
  facet normal -0.659367 -0.751821 -0
    outer loop
      vertex 67.352 21.4613 3.7
      vertex 67.0373 21.7373 1.8
      vertex 67.352 21.4613 1.8
    endloop
  endfacet
  facet normal -0.997855 0.0654566 0
    outer loop
      vertex 66.1 24 1.8
      vertex 66.1274 24.4177 3.7
      vertex 66.1274 24.4177 1.8
    endloop
  endfacet
  facet normal -0.997855 0.0654566 0
    outer loop
      vertex 66.1274 24.4177 3.7
      vertex 66.1 24 1.8
      vertex 66.1 24 3.7
    endloop
  endfacet
  facet normal 0.0654566 -0.997855 0
    outer loop
      vertex 69.3 20.8 1.8
      vertex 69.7177 20.8274 3.7
      vertex 69.3 20.8 3.7
    endloop
  endfacet
  facet normal 0.0654566 -0.997855 0
    outer loop
      vertex 69.7177 20.8274 3.7
      vertex 69.3 20.8 1.8
      vertex 69.7177 20.8274 1.8
    endloop
  endfacet
  facet normal 0.65929 0.751889 -0
    outer loop
      vertex 71.5257 26.2952 3.19
      vertex 71.248 26.5387 3.7
      vertex 71.5257 26.2952 3.7
    endloop
  endfacet
  facet normal 0.65929 0.751889 0
    outer loop
      vertex 71.248 26.5387 3.7
      vertex 71.5257 26.2952 3.19
      vertex 71.248 26.5387 3.19
    endloop
  endfacet
  facet normal -0.555468 0.831538 0
    outer loop
      vertex 67.7 26.7713 1.99
      vertex 67.7 26.7713 1.8
      vertex 67.6 26.7045 1.99
    endloop
  endfacet
  facet normal -0.555468 0.831538 0
    outer loop
      vertex 67.6 26.7045 2.2
      vertex 67.7 26.7713 3.7
      vertex 67.7 26.7713 2.2
    endloop
  endfacet
  facet normal -0.555692 0.831388 2.16607e-05
    outer loop
      vertex 67.7 26.7713 3.7
      vertex 67.6 26.7045 2.2
      vertex 67.352 26.5387 3.7
    endloop
  endfacet
  facet normal -0.555783 0.831328 0
    outer loop
      vertex 67.352 26.5387 1.8
      vertex 67.6 26.7045 2.2
      vertex 67.6 26.7045 1.99
    endloop
  endfacet
  facet normal -0.555783 0.831328 0
    outer loop
      vertex 67.6 26.7045 2.2
      vertex 67.352 26.5387 1.8
      vertex 67.352 26.5387 3.7
    endloop
  endfacet
  facet normal -0.555692 0.831388 -0.000171005
    outer loop
      vertex 67.352 26.5387 1.8
      vertex 67.6 26.7045 1.99
      vertex 67.7 26.7713 1.8
    endloop
  endfacet
  facet normal -0.751821 0.659367 0
    outer loop
      vertex 66.7613 25.948 1.8
      vertex 67.0373 26.2627 3.7
      vertex 67.0373 26.2627 1.8
    endloop
  endfacet
  facet normal -0.751821 0.659367 0
    outer loop
      vertex 67.0373 26.2627 3.7
      vertex 66.7613 25.948 1.8
      vertex 66.7613 25.948 3.7
    endloop
  endfacet
  facet normal -0.442237 0.896898 0
    outer loop
      vertex 68.0754 26.9564 2.2
      vertex 67.7 26.7713 3.7
      vertex 68.0754 26.9564 3.7
    endloop
  endfacet
  facet normal -0.442237 0.896898 0
    outer loop
      vertex 67.7 26.7713 3.7
      vertex 68.0754 26.9564 2.2
      vertex 67.7 26.7713 2.2
    endloop
  endfacet
  facet normal -0.442237 0.896898 0
    outer loop
      vertex 68.0754 26.9564 1.8
      vertex 67.7 26.7713 1.99
      vertex 68.0754 26.9564 1.99
    endloop
  endfacet
  facet normal -0.442237 0.896898 0
    outer loop
      vertex 67.7 26.7713 1.99
      vertex 68.0754 26.9564 1.8
      vertex 67.7 26.7713 1.8
    endloop
  endfacet
  facet normal -0.997855 -0.0654566 0
    outer loop
      vertex 66.1274 23.5823 1.8
      vertex 66.1 24 3.7
      vertex 66.1 24 1.8
    endloop
  endfacet
  facet normal -0.997855 -0.0654566 0
    outer loop
      vertex 66.1 24 3.7
      vertex 66.1274 23.5823 1.8
      vertex 66.1274 23.5823 3.7
    endloop
  endfacet
  facet normal -0.831388 -0.555692 0
    outer loop
      vertex 66.7613 22.052 1.8
      vertex 66.5287 22.4 3.7
      vertex 66.5287 22.4 1.8
    endloop
  endfacet
  facet normal -0.831388 -0.555692 0
    outer loop
      vertex 66.5287 22.4 3.7
      vertex 66.7613 22.052 1.8
      vertex 66.7613 22.052 3.7
    endloop
  endfacet
  facet normal -0.659367 0.751821 0
    outer loop
      vertex 67.352 26.5387 1.8
      vertex 67.0373 26.2627 3.7
      vertex 67.352 26.5387 3.7
    endloop
  endfacet
  facet normal -0.659367 0.751821 0
    outer loop
      vertex 67.0373 26.2627 3.7
      vertex 67.352 26.5387 1.8
      vertex 67.0373 26.2627 1.8
    endloop
  endfacet
  facet normal 0.321526 0.946901 -0
    outer loop
      vertex 70.5246 26.9564 3.19
      vertex 70.1282 27.091 3.7
      vertex 70.5246 26.9564 3.7
    endloop
  endfacet
  facet normal 0.321526 0.946901 0
    outer loop
      vertex 70.1282 27.091 3.7
      vertex 70.5246 26.9564 3.19
      vertex 70.1282 27.091 3.19
    endloop
  endfacet
  facet normal -0.98081 0.194967 0
    outer loop
      vertex 66.1274 24.4177 1.8
      vertex 66.209 24.8282 3.7
      vertex 66.209 24.8282 1.8
    endloop
  endfacet
  facet normal -0.98081 0.194967 0
    outer loop
      vertex 66.209 24.8282 3.7
      vertex 66.1274 24.4177 1.8
      vertex 66.1274 24.4177 3.7
    endloop
  endfacet
  facet normal -0.946901 0.321526 0
    outer loop
      vertex 66.209 24.8282 1.8
      vertex 66.3436 25.2246 3.7
      vertex 66.3436 25.2246 1.8
    endloop
  endfacet
  facet normal -0.946901 0.321526 0
    outer loop
      vertex 66.3436 25.2246 3.7
      vertex 66.209 24.8282 1.8
      vertex 66.209 24.8282 3.7
    endloop
  endfacet
  facet normal 0.0654566 0.997855 -0
    outer loop
      vertex 69.7177 27.1726 1.8
      vertex 69.3 27.2 3.7
      vertex 69.7177 27.1726 3.7
    endloop
  endfacet
  facet normal 0.0654566 0.997855 0
    outer loop
      vertex 69.3 27.2 3.7
      vertex 69.7177 27.1726 1.8
      vertex 69.3 27.2 1.8
    endloop
  endfacet
  facet normal -0.0654566 -0.997855 0
    outer loop
      vertex 68.8823 20.8274 1.8
      vertex 69.3 20.8 3.7
      vertex 68.8823 20.8274 3.7
    endloop
  endfacet
  facet normal -0.0654566 -0.997855 -0
    outer loop
      vertex 69.3 20.8 3.7
      vertex 68.8823 20.8274 1.8
      vertex 69.3 20.8 1.8
    endloop
  endfacet
  facet normal 0.751733 -0.659468 0
    outer loop
      vertex 71.5627 21.7373 3.7
      vertex 71.8 22.0078 3.19
      vertex 71.8 22.0078 3.7
    endloop
  endfacet
  facet normal 0.751733 -0.659468 0
    outer loop
      vertex 71.8 22.0078 3.19
      vertex 71.5627 21.7373 3.7
      vertex 71.5627 21.7373 3.19
    endloop
  endfacet
  facet normal -0.555692 -0.831388 2.16607e-05
    outer loop
      vertex 67.352 21.4613 3.7
      vertex 67.6 21.2955 2.2
      vertex 67.7 21.2287 3.7
    endloop
  endfacet
  facet normal -0.555783 -0.831328 0
    outer loop
      vertex 67.352 21.4613 1.8
      vertex 67.6 21.2955 2.2
      vertex 67.352 21.4613 3.7
    endloop
  endfacet
  facet normal -0.555783 -0.831328 -0
    outer loop
      vertex 67.6 21.2955 2.2
      vertex 67.352 21.4613 1.8
      vertex 67.6 21.2955 1.99
    endloop
  endfacet
  facet normal -0.555692 -0.831388 -0.000171005
    outer loop
      vertex 67.7 21.2287 1.8
      vertex 67.6 21.2955 1.99
      vertex 67.352 21.4613 1.8
    endloop
  endfacet
  facet normal -0.555468 -0.831538 0
    outer loop
      vertex 67.6 21.2955 1.99
      vertex 67.7 21.2287 1.8
      vertex 67.7 21.2287 1.99
    endloop
  endfacet
  facet normal -0.555468 -0.831538 -0
    outer loop
      vertex 67.7 21.2287 3.7
      vertex 67.6 21.2955 2.2
      vertex 67.7 21.2287 2.2
    endloop
  endfacet
  facet normal -0.98081 -0.194967 0
    outer loop
      vertex 66.209 23.1718 1.8
      vertex 66.1274 23.5823 3.7
      vertex 66.1274 23.5823 1.8
    endloop
  endfacet
  facet normal -0.98081 -0.194967 0
    outer loop
      vertex 66.1274 23.5823 3.7
      vertex 66.209 23.1718 1.8
      vertex 66.209 23.1718 3.7
    endloop
  endfacet
  facet normal -0.751821 -0.659367 0
    outer loop
      vertex 67.0373 21.7373 1.8
      vertex 66.7613 22.052 3.7
      vertex 66.7613 22.052 1.8
    endloop
  endfacet
  facet normal -0.751821 -0.659367 0
    outer loop
      vertex 66.7613 22.052 3.7
      vertex 67.0373 21.7373 1.8
      vertex 67.0373 21.7373 3.7
    endloop
  endfacet
  facet normal -0 0 1
    outer loop
      vertex 70.8706 24.6506 3.7
      vertex 71.8 24.6 3.7
      vertex 71.7521 25.3309 3.7
    endloop
  endfacet
  facet normal 0 0 1
    outer loop
      vertex 70.6487 25.0349 3.7
      vertex 71.7521 25.3309 3.7
      vertex 71.6092 26.0494 3.7
    endloop
  endfacet
  facet normal 0 0 1
    outer loop
      vertex 71.8 24.6 3.7
      vertex 71 24 3.7
      vertex 70.9855 23.7781 3.7
    endloop
  endfacet
  facet normal 0 0 1
    outer loop
      vertex 71.248 26.5387 3.7
      vertex 71.6092 26.0494 3.7
      vertex 71.5257 26.2952 3.7
    endloop
  endfacet
  facet normal 0 0 1
    outer loop
      vertex 71.6092 26.0494 3.7
      vertex 71.248 26.5387 3.7
      vertex 70.3349 25.3487 3.7
    endloop
  endfacet
  facet normal 0 0 1
    outer loop
      vertex 70.9421 23.56 3.7
      vertex 71.8 24.6 3.7
      vertex 70.9855 23.7781 3.7
    endloop
  endfacet
  facet normal 0 0 1
    outer loop
      vertex 71.8 24.6 3.7
      vertex 70.9421 23.56 3.7
      vertex 71.8 22.0078 3.7
    endloop
  endfacet
  facet normal 0 0 1
    outer loop
      vertex 71.8 24.6 3.7
      vertex 70.9855 24.2219 3.7
      vertex 71 24 3.7
    endloop
  endfacet
  facet normal 0 0 1
    outer loop
      vertex 71.8 24.6 3.7
      vertex 70.9421 24.44 3.7
      vertex 70.9855 24.2219 3.7
    endloop
  endfacet
  facet normal 0 0 1
    outer loop
      vertex 70.3349 25.3487 3.7
      vertex 71.248 26.5387 3.7
      vertex 70.9 26.7713 3.7
    endloop
  endfacet
  facet normal 0 0 1
    outer loop
      vertex 71.8 24.6 3.7
      vertex 70.8706 24.6506 3.7
      vertex 70.9421 24.44 3.7
    endloop
  endfacet
  facet normal 0 0 1
    outer loop
      vertex 71.7521 25.3309 3.7
      vertex 70.7722 24.85 3.7
      vertex 70.8706 24.6506 3.7
    endloop
  endfacet
  facet normal 0 0 1
    outer loop
      vertex 71.7521 25.3309 3.7
      vertex 70.6487 25.0349 3.7
      vertex 70.7722 24.85 3.7
    endloop
  endfacet
  facet normal 0 0 1
    outer loop
      vertex 70.15 25.4722 3.7
      vertex 70.9 26.7713 3.7
      vertex 70.5246 26.9564 3.7
    endloop
  endfacet
  facet normal 0 0 1
    outer loop
      vertex 71.6092 26.0494 3.7
      vertex 70.5021 25.2021 3.7
      vertex 70.6487 25.0349 3.7
    endloop
  endfacet
  facet normal 0 0 1
    outer loop
      vertex 71.6092 26.0494 3.7
      vertex 70.3349 25.3487 3.7
      vertex 70.5021 25.2021 3.7
    endloop
  endfacet
  facet normal 0 0 1
    outer loop
      vertex 70.9 26.7713 3.7
      vertex 70.15 25.4722 3.7
      vertex 70.3349 25.3487 3.7
    endloop
  endfacet
  facet normal 0 0 1
    outer loop
      vertex 69.9506 25.5706 3.7
      vertex 70.5246 26.9564 3.7
      vertex 70.1282 27.091 3.7
    endloop
  endfacet
  facet normal 0 0 1
    outer loop
      vertex 70.5246 26.9564 3.7
      vertex 69.9506 25.5706 3.7
      vertex 70.15 25.4722 3.7
    endloop
  endfacet
  facet normal 0 0 1
    outer loop
      vertex 70.1282 27.091 3.7
      vertex 69.74 25.6421 3.7
      vertex 69.9506 25.5706 3.7
    endloop
  endfacet
  facet normal 0 0 1
    outer loop
      vertex 69.7177 27.1726 3.7
      vertex 69.74 25.6421 3.7
      vertex 70.1282 27.091 3.7
    endloop
  endfacet
  facet normal 0 0 1
    outer loop
      vertex 69.7177 27.1726 3.7
      vertex 69.5219 25.6855 3.7
      vertex 69.74 25.6421 3.7
    endloop
  endfacet
  facet normal 0 0 1
    outer loop
      vertex 69.3 27.2 3.7
      vertex 69.5219 25.6855 3.7
      vertex 69.7177 27.1726 3.7
    endloop
  endfacet
  facet normal 0 0 1
    outer loop
      vertex 69.3 27.2 3.7
      vertex 69.3 25.7 3.7
      vertex 69.5219 25.6855 3.7
    endloop
  endfacet
  facet normal 0 0 1
    outer loop
      vertex 69.3 27.2 3.7
      vertex 69.0781 25.6855 3.7
      vertex 69.3 25.7 3.7
    endloop
  endfacet
  facet normal -0 0 1
    outer loop
      vertex 68.8823 27.1726 3.7
      vertex 69.0781 25.6855 3.7
      vertex 69.3 27.2 3.7
    endloop
  endfacet
  facet normal 0 0 1
    outer loop
      vertex 68.8823 27.1726 3.7
      vertex 68.86 25.6421 3.7
      vertex 69.0781 25.6855 3.7
    endloop
  endfacet
  facet normal -0 0 1
    outer loop
      vertex 68.4718 27.091 3.7
      vertex 68.86 25.6421 3.7
      vertex 68.8823 27.1726 3.7
    endloop
  endfacet
  facet normal 0 0 1
    outer loop
      vertex 68.86 25.6421 3.7
      vertex 68.4718 27.091 3.7
      vertex 68.6494 25.5706 3.7
    endloop
  endfacet
  facet normal -0 0 1
    outer loop
      vertex 68.0754 26.9564 3.7
      vertex 68.6494 25.5706 3.7
      vertex 68.4718 27.091 3.7
    endloop
  endfacet
  facet normal 0 0 1
    outer loop
      vertex 68.6494 25.5706 3.7
      vertex 68.0754 26.9564 3.7
      vertex 68.45 25.4722 3.7
    endloop
  endfacet
  facet normal -0 0 1
    outer loop
      vertex 67.7 26.7713 3.7
      vertex 68.45 25.4722 3.7
      vertex 68.0754 26.9564 3.7
    endloop
  endfacet
  facet normal 0 0 1
    outer loop
      vertex 68.45 25.4722 3.7
      vertex 67.7 26.7713 3.7
      vertex 68.2651 25.3487 3.7
    endloop
  endfacet
  facet normal -0 0 1
    outer loop
      vertex 67.352 26.5387 3.7
      vertex 68.2651 25.3487 3.7
      vertex 67.7 26.7713 3.7
    endloop
  endfacet
  facet normal 0 0 1
    outer loop
      vertex 68.2651 25.3487 3.7
      vertex 67.352 26.5387 3.7
      vertex 68.0979 25.2021 3.7
    endloop
  endfacet
  facet normal -0 0 1
    outer loop
      vertex 67.0373 26.2627 3.7
      vertex 68.0979 25.2021 3.7
      vertex 67.352 26.5387 3.7
    endloop
  endfacet
  facet normal 0 0 1
    outer loop
      vertex 68.0979 25.2021 3.7
      vertex 67.0373 26.2627 3.7
      vertex 67.9513 25.0349 3.7
    endloop
  endfacet
  facet normal -0 0 1
    outer loop
      vertex 66.7613 25.948 3.7
      vertex 67.9513 25.0349 3.7
      vertex 67.0373 26.2627 3.7
    endloop
  endfacet
  facet normal 0 0 1
    outer loop
      vertex 67.9513 25.0349 3.7
      vertex 66.7613 25.948 3.7
      vertex 67.8278 24.85 3.7
    endloop
  endfacet
  facet normal -0 0 1
    outer loop
      vertex 66.5287 25.6 3.7
      vertex 67.8278 24.85 3.7
      vertex 66.7613 25.948 3.7
    endloop
  endfacet
  facet normal 0 0 1
    outer loop
      vertex 67.8278 24.85 3.7
      vertex 66.5287 25.6 3.7
      vertex 67.7294 24.6506 3.7
    endloop
  endfacet
  facet normal -0 0 1
    outer loop
      vertex 70.8706 23.3494 3.7
      vertex 71.8 22.0078 3.7
      vertex 70.9421 23.56 3.7
    endloop
  endfacet
  facet normal -0 0 1
    outer loop
      vertex 70.7722 23.15 3.7
      vertex 71.8 22.0078 3.7
      vertex 70.8706 23.3494 3.7
    endloop
  endfacet
  facet normal -0 0 1
    outer loop
      vertex 70.6487 22.9651 3.7
      vertex 71.8 22.0078 3.7
      vertex 70.7722 23.15 3.7
    endloop
  endfacet
  facet normal -0 0 1
    outer loop
      vertex 70.5021 22.7979 3.7
      vertex 71.8 22.0078 3.7
      vertex 70.6487 22.9651 3.7
    endloop
  endfacet
  facet normal 0 0 1
    outer loop
      vertex 71.8 22.0078 3.7
      vertex 70.5021 22.7979 3.7
      vertex 71.5627 21.7373 3.7
    endloop
  endfacet
  facet normal 0 0 1
    outer loop
      vertex 71.5627 21.7373 3.7
      vertex 70.5021 22.7979 3.7
      vertex 71.248 21.4613 3.7
    endloop
  endfacet
  facet normal -0 0 1
    outer loop
      vertex 70.3349 22.6513 3.7
      vertex 71.248 21.4613 3.7
      vertex 70.5021 22.7979 3.7
    endloop
  endfacet
  facet normal 0 0 1
    outer loop
      vertex 71.248 21.4613 3.7
      vertex 70.3349 22.6513 3.7
      vertex 70.9 21.2287 3.7
    endloop
  endfacet
  facet normal -0 0 1
    outer loop
      vertex 70.15 22.5278 3.7
      vertex 70.9 21.2287 3.7
      vertex 70.3349 22.6513 3.7
    endloop
  endfacet
  facet normal 0 0 1
    outer loop
      vertex 70.9 21.2287 3.7
      vertex 70.15 22.5278 3.7
      vertex 70.5246 21.0436 3.7
    endloop
  endfacet
  facet normal -0 0 1
    outer loop
      vertex 69.9506 22.4294 3.7
      vertex 70.5246 21.0436 3.7
      vertex 70.15 22.5278 3.7
    endloop
  endfacet
  facet normal 0 0 1
    outer loop
      vertex 70.5246 21.0436 3.7
      vertex 69.9506 22.4294 3.7
      vertex 70.1282 20.909 3.7
    endloop
  endfacet
  facet normal -0 0 1
    outer loop
      vertex 69.74 22.3579 3.7
      vertex 70.1282 20.909 3.7
      vertex 69.9506 22.4294 3.7
    endloop
  endfacet
  facet normal 0 0 1
    outer loop
      vertex 69.74 22.3579 3.7
      vertex 69.7177 20.8274 3.7
      vertex 70.1282 20.909 3.7
    endloop
  endfacet
  facet normal -0 0 1
    outer loop
      vertex 69.5219 22.3145 3.7
      vertex 69.7177 20.8274 3.7
      vertex 69.74 22.3579 3.7
    endloop
  endfacet
  facet normal -0 0 1
    outer loop
      vertex 69.3 22.3 3.7
      vertex 69.7177 20.8274 3.7
      vertex 69.5219 22.3145 3.7
    endloop
  endfacet
  facet normal 0 0 1
    outer loop
      vertex 69.3 22.3 3.7
      vertex 69.3 20.8 3.7
      vertex 69.7177 20.8274 3.7
    endloop
  endfacet
  facet normal 0 0 1
    outer loop
      vertex 69.0781 22.3145 3.7
      vertex 69.3 20.8 3.7
      vertex 69.3 22.3 3.7
    endloop
  endfacet
  facet normal 0 0 1
    outer loop
      vertex 69.0781 22.3145 3.7
      vertex 68.8823 20.8274 3.7
      vertex 69.3 20.8 3.7
    endloop
  endfacet
  facet normal 0 0 1
    outer loop
      vertex 68.86 22.3579 3.7
      vertex 68.8823 20.8274 3.7
      vertex 69.0781 22.3145 3.7
    endloop
  endfacet
  facet normal 0 0 1
    outer loop
      vertex 68.4718 20.909 3.7
      vertex 68.86 22.3579 3.7
      vertex 68.6494 22.4294 3.7
    endloop
  endfacet
  facet normal 0 0 1
    outer loop
      vertex 68.86 22.3579 3.7
      vertex 68.4718 20.909 3.7
      vertex 68.8823 20.8274 3.7
    endloop
  endfacet
  facet normal 0 0 1
    outer loop
      vertex 68.0754 21.0436 3.7
      vertex 68.6494 22.4294 3.7
      vertex 68.45 22.5278 3.7
    endloop
  endfacet
  facet normal 0 0 1
    outer loop
      vertex 67.7 21.2287 3.7
      vertex 68.45 22.5278 3.7
      vertex 68.2651 22.6513 3.7
    endloop
  endfacet
  facet normal 0 0 1
    outer loop
      vertex 67.352 21.4613 3.7
      vertex 68.2651 22.6513 3.7
      vertex 68.0979 22.7979 3.7
    endloop
  endfacet
  facet normal 0 0 1
    outer loop
      vertex 68.6494 22.4294 3.7
      vertex 68.0754 21.0436 3.7
      vertex 68.4718 20.909 3.7
    endloop
  endfacet
  facet normal 0 0 1
    outer loop
      vertex 67.0373 21.7373 3.7
      vertex 68.0979 22.7979 3.7
      vertex 67.9513 22.9651 3.7
    endloop
  endfacet
  facet normal 0 0 1
    outer loop
      vertex 66.7613 22.052 3.7
      vertex 67.9513 22.9651 3.7
      vertex 67.8278 23.15 3.7
    endloop
  endfacet
  facet normal 0 0 1
    outer loop
      vertex 66.5287 22.4 3.7
      vertex 67.8278 23.15 3.7
      vertex 67.7294 23.3494 3.7
    endloop
  endfacet
  facet normal 0 0 1
    outer loop
      vertex 68.45 22.5278 3.7
      vertex 67.7 21.2287 3.7
      vertex 68.0754 21.0436 3.7
    endloop
  endfacet
  facet normal 0 0 1
    outer loop
      vertex 66.3436 22.7754 3.7
      vertex 67.7294 23.3494 3.7
      vertex 67.6579 23.56 3.7
    endloop
  endfacet
  facet normal 0 0 1
    outer loop
      vertex 66.209 23.1718 3.7
      vertex 67.6579 23.56 3.7
      vertex 67.6145 23.7781 3.7
    endloop
  endfacet
  facet normal 0 0 1
    outer loop
      vertex 66.1274 23.5823 3.7
      vertex 67.6145 23.7781 3.7
      vertex 67.6 24 3.7
    endloop
  endfacet
  facet normal -0 0 1
    outer loop
      vertex 66.3436 25.2246 3.7
      vertex 67.7294 24.6506 3.7
      vertex 66.5287 25.6 3.7
    endloop
  endfacet
  facet normal 0 0 1
    outer loop
      vertex 68.2651 22.6513 3.7
      vertex 67.352 21.4613 3.7
      vertex 67.7 21.2287 3.7
    endloop
  endfacet
  facet normal 0 0 1
    outer loop
      vertex 67.7294 24.6506 3.7
      vertex 66.3436 25.2246 3.7
      vertex 67.6579 24.44 3.7
    endloop
  endfacet
  facet normal 0 0 1
    outer loop
      vertex 68.0979 22.7979 3.7
      vertex 67.0373 21.7373 3.7
      vertex 67.352 21.4613 3.7
    endloop
  endfacet
  facet normal -0 0 1
    outer loop
      vertex 66.209 24.8282 3.7
      vertex 67.6579 24.44 3.7
      vertex 66.3436 25.2246 3.7
    endloop
  endfacet
  facet normal 0 0 1
    outer loop
      vertex 67.9513 22.9651 3.7
      vertex 66.7613 22.052 3.7
      vertex 67.0373 21.7373 3.7
    endloop
  endfacet
  facet normal 0 0 1
    outer loop
      vertex 67.6579 24.44 3.7
      vertex 66.209 24.8282 3.7
      vertex 67.6145 24.2219 3.7
    endloop
  endfacet
  facet normal 0 0 1
    outer loop
      vertex 67.8278 23.15 3.7
      vertex 66.5287 22.4 3.7
      vertex 66.7613 22.052 3.7
    endloop
  endfacet
  facet normal -0 0 1
    outer loop
      vertex 66.1274 24.4177 3.7
      vertex 67.6145 24.2219 3.7
      vertex 66.209 24.8282 3.7
    endloop
  endfacet
  facet normal 0 0 1
    outer loop
      vertex 67.7294 23.3494 3.7
      vertex 66.3436 22.7754 3.7
      vertex 66.5287 22.4 3.7
    endloop
  endfacet
  facet normal 0 0 1
    outer loop
      vertex 67.6145 24.2219 3.7
      vertex 66.1274 24.4177 3.7
      vertex 67.6 24 3.7
    endloop
  endfacet
  facet normal 0 0 1
    outer loop
      vertex 67.6579 23.56 3.7
      vertex 66.209 23.1718 3.7
      vertex 66.3436 22.7754 3.7
    endloop
  endfacet
  facet normal 0 0 1
    outer loop
      vertex 66.1 24 3.7
      vertex 67.6 24 3.7
      vertex 66.1274 24.4177 3.7
    endloop
  endfacet
  facet normal 0 0 1
    outer loop
      vertex 67.6145 23.7781 3.7
      vertex 66.1274 23.5823 3.7
      vertex 66.209 23.1718 3.7
    endloop
  endfacet
  facet normal 0 0 1
    outer loop
      vertex 67.6 24 3.7
      vertex 66.1 24 3.7
      vertex 66.1274 23.5823 3.7
    endloop
  endfacet
  facet normal -0.98079 0.195066 0
    outer loop
      vertex -71.7521 25.3309 2
      vertex -71.6092 26.0494 3.7
      vertex -71.6092 26.0494 2
    endloop
  endfacet
  facet normal -0.98079 0.195066 0
    outer loop
      vertex -71.6092 26.0494 3.7
      vertex -71.7521 25.3309 2
      vertex -71.7521 25.3309 3.7
    endloop
  endfacet
  facet normal 0.997859 -0.0653954 0
    outer loop
      vertex 71.7521 -25.3309 3.7
      vertex 71.8 -24.6 2
      vertex 71.8 -24.6 3.7
    endloop
  endfacet
  facet normal 0.997859 -0.0653954 0
    outer loop
      vertex 71.8 -24.6 2
      vertex 71.7521 -25.3309 3.7
      vertex 71.7521 -25.3309 2
    endloop
  endfacet
  facet normal -0.997859 0.0653954 0
    outer loop
      vertex -71.8 24.6 2
      vertex -71.7521 25.3309 3.7
      vertex -71.7521 25.3309 2
    endloop
  endfacet
  facet normal -0.997859 0.0653954 0
    outer loop
      vertex -71.7521 25.3309 3.7
      vertex -71.8 24.6 2
      vertex -71.8 24.6 3.7
    endloop
  endfacet
  facet normal 0.98079 -0.195066 0
    outer loop
      vertex 71.6092 -26.0494 3.7
      vertex 71.7521 -25.3309 2
      vertex 71.7521 -25.3309 3.7
    endloop
  endfacet
  facet normal 0.98079 -0.195066 0
    outer loop
      vertex 71.7521 -25.3309 2
      vertex 71.6092 -26.0494 3.7
      vertex 71.6092 -26.0494 2
    endloop
  endfacet
  facet normal -0.946939 0.321413 0
    outer loop
      vertex -71.6041 26.0642 2
      vertex -71.3737 26.743 3.19
      vertex -71.3737 26.743 1.8
    endloop
  endfacet
  facet normal -0.946939 0.321413 0
    outer loop
      vertex -71.6041 26.0642 2
      vertex -71.3737 26.743 1.8
      vertex -71.6041 26.0642 1.8
    endloop
  endfacet
  facet normal -0.946935 0.321425 -7.96099e-06
    outer loop
      vertex -71.3737 26.743 3.19
      vertex -71.6041 26.0642 2
      vertex -71.5257 26.2952 3.19
    endloop
  endfacet
  facet normal -0.94544 0.325794 -0.000954459
    outer loop
      vertex -71.6092 26.0494 2
      vertex -71.5257 26.2952 3.19
      vertex -71.6041 26.0642 2
    endloop
  endfacet
  facet normal -0.946857 0.321654 0
    outer loop
      vertex -71.5257 26.2952 3.19
      vertex -71.6092 26.0494 2
      vertex -71.6092 26.0494 3.7
    endloop
  endfacet
  facet normal -0.946857 0.321654 0
    outer loop
      vertex -71.5257 26.2952 3.19
      vertex -71.6092 26.0494 3.7
      vertex -71.5257 26.2952 3.7
    endloop
  endfacet
  facet normal -1 0 0
    outer loop
      vertex -71.8 22.1736 1.8
      vertex -71.8 22.0078 3.19
      vertex -71.8 22.1736 2
    endloop
  endfacet
  facet normal -1 0 0
    outer loop
      vertex -71.8 22.1736 1.8
      vertex -71.8 -22.0078 3.19
      vertex -71.8 22.0078 3.19
    endloop
  endfacet
  facet normal -1 0 0
    outer loop
      vertex -71.8 -22.1736 1.8
      vertex -71.8 -22.0078 3.19
      vertex -71.8 22.1736 1.8
    endloop
  endfacet
  facet normal -1 0 0
    outer loop
      vertex -71.8 -22.1736 2
      vertex -71.8 -22.0078 3.19
      vertex -71.8 -22.1736 1.8
    endloop
  endfacet
  facet normal -1 0 0
    outer loop
      vertex -71.8 -24.6 2
      vertex -71.8 -22.0078 3.19
      vertex -71.8 -22.1736 2
    endloop
  endfacet
  facet normal -1 -0 0
    outer loop
      vertex -71.8 -22.0078 3.19
      vertex -71.8 -24.6 2
      vertex -71.8 -24.6 3.7
    endloop
  endfacet
  facet normal -1 0 0
    outer loop
      vertex -71.8 -22.0078 3.19
      vertex -71.8 -24.6 3.7
      vertex -71.8 -22.0078 3.7
    endloop
  endfacet
  facet normal -1 0 0
    outer loop
      vertex -71.8 22.0078 3.19
      vertex -71.8 24.6 2
      vertex -71.8 22.1736 2
    endloop
  endfacet
  facet normal -1 0 0
    outer loop
      vertex -71.8 24.6 2
      vertex -71.8 22.0078 3.19
      vertex -71.8 24.6 3.7
    endloop
  endfacet
  facet normal -1 -0 0
    outer loop
      vertex -71.8 24.6 3.7
      vertex -71.8 22.0078 3.19
      vertex -71.8 22.0078 3.7
    endloop
  endfacet
  facet normal 0.946857 0.321654 0
    outer loop
      vertex 71.6092 26.0494 3.7
      vertex 71.5257 26.2952 3.19
      vertex 71.5257 26.2952 3.7
    endloop
  endfacet
  facet normal 0.946857 0.321654 -0
    outer loop
      vertex 71.6092 26.0494 2
      vertex 71.5257 26.2952 3.19
      vertex 71.6092 26.0494 3.7
    endloop
  endfacet
  facet normal 0.94544 0.325794 -0.000954459
    outer loop
      vertex 71.5257 26.2952 3.19
      vertex 71.6092 26.0494 2
      vertex 71.6041 26.0642 2
    endloop
  endfacet
  facet normal 0.946935 0.321425 -7.96099e-06
    outer loop
      vertex 71.6041 26.0642 2
      vertex 71.3737 26.743 3.19
      vertex 71.5257 26.2952 3.19
    endloop
  endfacet
  facet normal 0.946939 0.321413 0
    outer loop
      vertex 71.3737 26.743 3.19
      vertex 71.6041 26.0642 2
      vertex 71.3737 26.743 1.8
    endloop
  endfacet
  facet normal 0.946939 0.321413 0
    outer loop
      vertex 71.3737 26.743 1.8
      vertex 71.6041 26.0642 2
      vertex 71.6041 26.0642 1.8
    endloop
  endfacet
  facet normal 0.98079 0.195066 0
    outer loop
      vertex 71.7521 25.3309 3.7
      vertex 71.6092 26.0494 2
      vertex 71.6092 26.0494 3.7
    endloop
  endfacet
  facet normal 0.98079 0.195066 0
    outer loop
      vertex 71.6092 26.0494 2
      vertex 71.7521 25.3309 3.7
      vertex 71.7521 25.3309 2
    endloop
  endfacet
  facet normal -0.997859 -0.0653954 0
    outer loop
      vertex -71.7521 -25.3309 2
      vertex -71.8 -24.6 3.7
      vertex -71.8 -24.6 2
    endloop
  endfacet
  facet normal -0.997859 -0.0653954 0
    outer loop
      vertex -71.8 -24.6 3.7
      vertex -71.7521 -25.3309 2
      vertex -71.7521 -25.3309 3.7
    endloop
  endfacet
  facet normal 1 -0 0
    outer loop
      vertex 71.8 -24.6 3.7
      vertex 71.8 -22.0078 3.19
      vertex 71.8 -22.0078 3.7
    endloop
  endfacet
  facet normal 1 0 0
    outer loop
      vertex 71.8 -24.6 2
      vertex 71.8 -22.0078 3.19
      vertex 71.8 -24.6 3.7
    endloop
  endfacet
  facet normal 1 0 0
    outer loop
      vertex 71.8 -22.0078 3.19
      vertex 71.8 -24.6 2
      vertex 71.8 -22.1736 2
    endloop
  endfacet
  facet normal 1 -0 0
    outer loop
      vertex 71.8 22.0078 3.19
      vertex 71.8 24.6 2
      vertex 71.8 24.6 3.7
    endloop
  endfacet
  facet normal 1 0 0
    outer loop
      vertex 71.8 22.0078 3.19
      vertex 71.8 24.6 3.7
      vertex 71.8 22.0078 3.7
    endloop
  endfacet
  facet normal 1 0 0
    outer loop
      vertex 71.8 24.6 2
      vertex 71.8 22.0078 3.19
      vertex 71.8 22.1736 2
    endloop
  endfacet
  facet normal 1 0 0
    outer loop
      vertex 71.8 22.1736 2
      vertex 71.8 22.0078 3.19
      vertex 71.8 22.1736 1.8
    endloop
  endfacet
  facet normal 1 -0 0
    outer loop
      vertex 71.8 -22.0078 3.19
      vertex 71.8 22.1736 1.8
      vertex 71.8 22.0078 3.19
    endloop
  endfacet
  facet normal 1 0 0
    outer loop
      vertex 71.8 -22.1736 1.8
      vertex 71.8 -22.0078 3.19
      vertex 71.8 -22.1736 2
    endloop
  endfacet
  facet normal 1 0 0
    outer loop
      vertex 71.8 -22.0078 3.19
      vertex 71.8 -22.1736 1.8
      vertex 71.8 22.1736 1.8
    endloop
  endfacet
  facet normal 0.997859 0.0653954 0
    outer loop
      vertex 71.8 24.6 3.7
      vertex 71.7521 25.3309 2
      vertex 71.7521 25.3309 3.7
    endloop
  endfacet
  facet normal 0.997859 0.0653954 0
    outer loop
      vertex 71.7521 25.3309 2
      vertex 71.8 24.6 3.7
      vertex 71.8 24.6 2
    endloop
  endfacet
  facet normal -0.98079 -0.195066 0
    outer loop
      vertex -71.6092 -26.0494 2
      vertex -71.7521 -25.3309 3.7
      vertex -71.7521 -25.3309 2
    endloop
  endfacet
  facet normal -0.98079 -0.195066 0
    outer loop
      vertex -71.7521 -25.3309 3.7
      vertex -71.6092 -26.0494 2
      vertex -71.6092 -26.0494 3.7
    endloop
  endfacet
  facet normal -0.946939 -0.321413 0
    outer loop
      vertex -71.3737 -26.743 1.8
      vertex -71.6041 -26.0642 2
      vertex -71.6041 -26.0642 1.8
    endloop
  endfacet
  facet normal -0.946939 -0.321413 -0
    outer loop
      vertex -71.3737 -26.743 3.19
      vertex -71.6041 -26.0642 2
      vertex -71.3737 -26.743 1.8
    endloop
  endfacet
  facet normal -0.946935 -0.321425 -7.96099e-06
    outer loop
      vertex -71.6041 -26.0642 2
      vertex -71.3737 -26.743 3.19
      vertex -71.5257 -26.2952 3.19
    endloop
  endfacet
  facet normal -0.94544 -0.325794 -0.000954459
    outer loop
      vertex -71.5257 -26.2952 3.19
      vertex -71.6092 -26.0494 2
      vertex -71.6041 -26.0642 2
    endloop
  endfacet
  facet normal -0.946857 -0.321654 0
    outer loop
      vertex -71.6092 -26.0494 2
      vertex -71.5257 -26.2952 3.19
      vertex -71.6092 -26.0494 3.7
    endloop
  endfacet
  facet normal -0.946857 -0.321654 0
    outer loop
      vertex -71.6092 -26.0494 3.7
      vertex -71.5257 -26.2952 3.19
      vertex -71.5257 -26.2952 3.7
    endloop
  endfacet
  facet normal 0.946857 -0.321654 0
    outer loop
      vertex 71.5257 -26.2952 3.19
      vertex 71.6092 -26.0494 2
      vertex 71.6092 -26.0494 3.7
    endloop
  endfacet
  facet normal 0.946857 -0.321654 0
    outer loop
      vertex 71.5257 -26.2952 3.19
      vertex 71.6092 -26.0494 3.7
      vertex 71.5257 -26.2952 3.7
    endloop
  endfacet
  facet normal 0.94544 -0.325794 -0.000954459
    outer loop
      vertex 71.6092 -26.0494 2
      vertex 71.5257 -26.2952 3.19
      vertex 71.6041 -26.0642 2
    endloop
  endfacet
  facet normal 0.946935 -0.321425 -7.96099e-06
    outer loop
      vertex 71.3737 -26.743 3.19
      vertex 71.6041 -26.0642 2
      vertex 71.5257 -26.2952 3.19
    endloop
  endfacet
  facet normal 0.946939 -0.321413 0
    outer loop
      vertex 71.6041 -26.0642 2
      vertex 71.3737 -26.743 3.19
      vertex 71.3737 -26.743 1.8
    endloop
  endfacet
  facet normal 0.946939 -0.321413 0
    outer loop
      vertex 71.6041 -26.0642 2
      vertex 71.3737 -26.743 1.8
      vertex 71.6041 -26.0642 1.8
    endloop
  endfacet
  facet normal 0.138145 -0.694231 -0.706371
    outer loop
      vertex 67.1869 -32.096 0.43934
      vertex 67.1295 -31.6604 6.86646e-07
      vertex 68.1568 -31.903 0.43934
    endloop
  endfacet
  facet normal 0.788365 0.156855 -0.594876
    outer loop
      vertex 73.794 25.5998 0.54841
      vertex 73.5985 26.5824 0.54841
      vertex 73.6832 26.6051 0.666645
    endloop
  endfacet
  facet normal 0.0653415 -0.996649 -0.0492055
    outer loop
      vertex 67.2442 -32.5316 1.5
      vertex 66.2 -32.5928 1.35297
      vertex 67.2433 -32.5244 1.35297
    endloop
  endfacet
  facet normal 0.138089 -0.694322 -0.706292
    outer loop
      vertex 68.1568 -31.903 0.43934
      vertex 67.1295 -31.6604 6.86646e-07
      vertex 68.0431 -31.4787 6.86646e-07
    endloop
  endfacet
  facet normal -0.317942 0.936794 -0.146046
    outer loop
      vertex -68.2631 32.2996 1.20736
      vertex -69.2587 31.9844 1.35297
      vertex -68.2687 32.3204 1.35297
    endloop
  endfacet
  facet normal -0.437505 -0.887153 -0.146792
    outer loop
      vertex -69.2587 -31.9844 1.35297
      vertex -70.1856 -31.5032 1.20736
      vertex -69.2504 -31.9644 1.20736
    endloop
  endfacet
  facet normal 0.841719 0.167404 -0.513308
    outer loop
      vertex 73.9559 25.6211 0.792906
      vertex 73.6832 26.6051 0.666645
      vertex 73.7563 26.6247 0.792906
    endloop
  endfacet
  facet normal -0.0525988 0.802231 -0.594693
    outer loop
      vertex -67.1998 32.194 0.54841
      vertex -67.2112 32.2809 0.666645
      vertex -66.2 32.3472 0.666645
    endloop
  endfacet
  facet normal -0.0634569 -0.968021 -0.242711
    outer loop
      vertex -66.2 -32.5354 1.06457
      vertex -67.2404 -32.503 1.20736
      vertex -67.2358 -32.4675 1.06457
    endloop
  endfacet
  facet normal -0.318006 0.936658 -0.14678
    outer loop
      vertex -69.2504 31.9644 1.20736
      vertex -69.2587 31.9844 1.35297
      vertex -68.2631 32.2996 1.20736
    endloop
  endfacet
  facet normal 0.40005 -0.81115 -0.42661
    outer loop
      vertex 69.2178 -31.8855 0.925976
      vertex 69.1937 -31.8274 0.792906
      vertex 70.1114 -31.3748 0.792906
    endloop
  endfacet
  facet normal 0 -0.707138 -0.707075
    outer loop
      vertex -66.2 -31.7213 6.86646e-07
      vertex 66.2 -32.1606 0.43934
      vertex -66.2 -32.1606 0.43934
    endloop
  endfacet
  facet normal 0 -0.707138 -0.707075
    outer loop
      vertex 66.2 -32.1606 0.43934
      vertex -66.2 -31.7213 6.86646e-07
      vertex 66.2 -31.7213 6.86646e-07
    endloop
  endfacet
  facet normal 0.0484751 0.739929 -0.670936
    outer loop
      vertex 67.1998 32.194 0.54841
      vertex 66.2 32.1606 0.43934
      vertex 66.2 32.2595 0.54841
    endloop
  endfacet
  facet normal 0.72744 0.144753 -0.670729
    outer loop
      vertex 73.696 25.5869 0.43934
      vertex 73.503 26.5568 0.43934
      vertex 73.794 25.5998 0.54841
    endloop
  endfacet
  facet normal -0.554877 -0.8305 -0.0488017
    outer loop
      vertex -70.1964 -31.5219 1.35297
      vertex -71.0701 -30.9468 1.5
      vertex -71.0657 -30.9411 1.35297
    endloop
  endfacet
  facet normal -0.0616129 0.939892 -0.335867
    outer loop
      vertex -67.2293 32.4184 0.925976
      vertex -67.2358 32.4675 1.06457
      vertex -66.2 32.5354 1.06457
    endloop
  endfacet
  facet normal 0 -0.989176 -0.146736
    outer loop
      vertex -66.2 -32.5712 1.20736
      vertex 66.2 -32.5928 1.35297
      vertex -66.2 -32.5928 1.35297
    endloop
  endfacet
  facet normal 0 -0.989176 -0.146736
    outer loop
      vertex 66.2 -32.5928 1.35297
      vertex -66.2 -32.5712 1.20736
      vertex 66.2 -32.5712 1.20736
    endloop
  endfacet
  facet normal 0.189224 0.951425 -0.242868
    outer loop
      vertex 68.2538 32.265 1.06457
      vertex 67.2404 32.503 1.20736
      vertex 68.2631 32.2996 1.20736
    endloop
  endfacet
  facet normal -0.968021 -0.0634569 -0.242711
    outer loop
      vertex -74.103 -25.6404 1.20736
      vertex -74.1354 -24.6 1.06457
      vertex -74.0675 -25.6358 1.06457
    endloop
  endfacet
  facet normal 0.379603 0.769691 -0.513301
    outer loop
      vertex 70.1114 31.3748 0.792906
      vertex 69.1647 31.7575 0.666645
      vertex 69.1937 31.8274 0.792906
    endloop
  endfacet
  facet normal 0.895757 -0.441813 -0.0491995
    outer loop
      vertex 73.1282 -28.6 1.5
      vertex 73.1219 -28.5964 1.35297
      vertex 73.5844 -27.6587 1.35297
    endloop
  endfacet
  facet normal 0.167404 0.841719 -0.513308
    outer loop
      vertex 68.2051 32.0832 0.666645
      vertex 67.2211 32.3559 0.792906
      vertex 68.2247 32.1563 0.792906
    endloop
  endfacet
  facet normal 0.195124 -0.980779 0
    outer loop
      vertex 67.2442 -32.5316 1.5
      vertex 68.2706 -32.3274 1.8
      vertex 67.2442 -32.5316 1.8
    endloop
  endfacet
  facet normal 0.195124 -0.980779 0
    outer loop
      vertex 68.2706 -32.3274 1.8
      vertex 67.2442 -32.5316 1.5
      vertex 68.2706 -32.3274 1.5
    endloop
  endfacet
  facet normal -0.311861 -0.918557 -0.242891
    outer loop
      vertex -68.2631 -32.2996 1.20736
      vertex -69.2504 -31.9644 1.20736
      vertex -68.2538 -32.265 1.06457
    endloop
  endfacet
  facet normal 0.856456 -0.2907 -0.426587
    outer loop
      vertex 73.4855 -27.6178 0.925976
      vertex 73.4274 -27.5937 0.792906
      vertex 73.7563 -26.6247 0.792906
    endloop
  endfacet
  facet normal 0 -0.969978 -0.243191
    outer loop
      vertex -66.2 -32.5354 1.06457
      vertex 66.2 -32.5712 1.20736
      vertex -66.2 -32.5712 1.20736
    endloop
  endfacet
  facet normal 0 -0.969978 -0.243191
    outer loop
      vertex 66.2 -32.5712 1.20736
      vertex -66.2 -32.5354 1.06457
      vertex 66.2 -32.5354 1.06457
    endloop
  endfacet
  facet normal 0.0484463 -0.740118 -0.67073
    outer loop
      vertex 67.1998 -32.194 0.54841
      vertex 66.2 -32.1606 0.43934
      vertex 67.1869 -32.096 0.43934
    endloop
  endfacet
  facet normal 0.0525456 -0.802062 -0.594924
    outer loop
      vertex 67.1998 -32.194 0.54841
      vertex 66.2 -32.3472 0.666645
      vertex 66.2 -32.2595 0.54841
    endloop
  endfacet
  facet normal 0.979593 0.194887 -0.0491632
    outer loop
      vertex 74.1244 25.6433 1.35297
      vertex 73.9204 26.6687 1.35297
      vertex 74.1316 25.6442 1.5
    endloop
  endfacet
  facet normal 0 -1 0
    outer loop
      vertex -66.2 -32.6 1.5
      vertex 66.2 -32.6 1.8
      vertex -66.2 -32.6 1.8
    endloop
  endfacet
  facet normal 0 -1 -0
    outer loop
      vertex 66.2 -32.6 1.8
      vertex -66.2 -32.6 1.5
      vertex 66.2 -32.6 1.5
    endloop
  endfacet
  facet normal -0.379634 -0.769856 -0.51303
    outer loop
      vertex -69.1647 -31.7575 0.666645
      vertex -70.1114 -31.3748 0.792906
      vertex -70.0736 -31.3093 0.666645
    endloop
  endfacet
  facet normal 0.997861 -0.0653646 0
    outer loop
      vertex 74.1316 -25.6442 1.8
      vertex 74.2 -24.6 1.5
      vertex 74.2 -24.6 1.8
    endloop
  endfacet
  facet normal 0.997861 -0.0653646 0
    outer loop
      vertex 74.2 -24.6 1.5
      vertex 74.1316 -25.6442 1.8
      vertex 74.1316 -25.6442 1.5
    endloop
  endfacet
  facet normal 0 1 -0
    outer loop
      vertex 66.2 32.6 1.5
      vertex -66.2 32.6 1.8
      vertex 66.2 32.6 1.8
    endloop
  endfacet
  facet normal 0 1 0
    outer loop
      vertex -66.2 32.6 1.8
      vertex 66.2 32.6 1.5
      vertex -66.2 32.6 1.5
    endloop
  endfacet
  facet normal 0.639673 0.729459 -0.242297
    outer loop
      vertex 71.8365 30.2365 1.20736
      vertex 71.0308 30.8956 1.06457
      vertex 71.0525 30.924 1.20736
    endloop
  endfacet
  facet normal -0.437505 0.887153 -0.146792
    outer loop
      vertex -69.2504 31.9644 1.20736
      vertex -70.1856 31.5032 1.20736
      vertex -69.2587 31.9844 1.35297
    endloop
  endfacet
  facet normal -0.0462782 -0.706332 -0.706366
    outer loop
      vertex -66.2 -31.7213 6.86646e-07
      vertex -67.1869 -32.096 0.43934
      vertex -67.1295 -31.6604 6.86646e-07
    endloop
  endfacet
  facet normal 0.743767 0.652358 -0.145739
    outer loop
      vertex 72.5411 29.4657 1.35297
      vertex 71.8365 30.2365 1.20736
      vertex 71.8517 30.2517 1.35297
    endloop
  endfacet
  facet normal 0.195124 0.980779 -0
    outer loop
      vertex 68.2706 32.3274 1.5
      vertex 67.2442 32.5316 1.8
      vertex 68.2706 32.3274 1.8
    endloop
  endfacet
  facet normal 0.195124 0.980779 0
    outer loop
      vertex 67.2442 32.5316 1.8
      vertex 68.2706 32.3274 1.5
      vertex 67.2442 32.5316 1.5
    endloop
  endfacet
  facet normal -0.841719 -0.167404 -0.513308
    outer loop
      vertex -73.7563 -26.6247 0.792906
      vertex -73.9559 -25.6211 0.792906
      vertex -73.6832 -26.6051 0.666645
    endloop
  endfacet
  facet normal 0.90214 0.0591944 -0.427363
    outer loop
      vertex 74.0229 24.6 0.792906
      vertex 73.9559 25.6211 0.792906
      vertex 74.0184 25.6293 0.925976
    endloop
  endfacet
  facet normal -0.0591944 0.90214 -0.427363
    outer loop
      vertex -67.2211 32.3559 0.792906
      vertex -67.2293 32.4184 0.925976
      vertex -66.2 32.4229 0.792906
    endloop
  endfacet
  facet normal -0.189266 -0.951472 -0.242649
    outer loop
      vertex -67.2404 -32.503 1.20736
      vertex -68.2538 -32.265 1.06457
      vertex -67.2358 -32.4675 1.06457
    endloop
  endfacet
  facet normal -0.258383 -0.761267 -0.594735
    outer loop
      vertex -68.2051 -32.0832 0.666645
      vertex -69.1647 -31.7575 0.666645
      vertex -69.1312 -31.6765 0.54841
    endloop
  endfacet
  facet normal -0.604243 0.529932 -0.595032
    outer loop
      vertex -72.2767 29.2628 0.54841
      vertex -72.3463 29.3162 0.666645
      vertex -71.6781 30.0781 0.666645
    endloop
  endfacet
  facet normal 0.167445 -0.841799 -0.513164
    outer loop
      vertex 67.2211 -32.3559 0.792906
      vertex 67.2112 -32.2809 0.666645
      vertex 68.2051 -32.0832 0.666645
    endloop
  endfacet
  facet normal 0.0525988 -0.802231 -0.594693
    outer loop
      vertex 67.2112 -32.2809 0.666645
      vertex 66.2 -32.3472 0.666645
      vertex 67.1998 -32.194 0.54841
    endloop
  endfacet
  facet normal 0.0615353 -0.939738 -0.336313
    outer loop
      vertex 67.2293 -32.4184 0.925976
      vertex 66.2 -32.5354 1.06457
      vertex 66.2 -32.4858 0.925976
    endloop
  endfacet
  facet normal 0 -0.904088 -0.427347
    outer loop
      vertex -66.2 -32.4229 0.792906
      vertex 66.2 -32.4858 0.925976
      vertex -66.2 -32.4858 0.925976
    endloop
  endfacet
  facet normal 0 -0.904088 -0.427347
    outer loop
      vertex 66.2 -32.4858 0.925976
      vertex -66.2 -32.4229 0.792906
      vertex 66.2 -32.4229 0.792906
    endloop
  endfacet
  facet normal -0.539004 -0.806683 -0.242357
    outer loop
      vertex -70.1677 -31.4723 1.06457
      vertex -71.0525 -30.924 1.20736
      vertex -71.0308 -30.8956 1.06457
    endloop
  endfacet
  facet normal 0.0462782 -0.706332 -0.706366
    outer loop
      vertex 67.1869 -32.096 0.43934
      vertex 66.2 -31.7213 6.86646e-07
      vertex 67.1295 -31.6604 6.86646e-07
    endloop
  endfacet
  facet normal 0.659289 0.75189 -0
    outer loop
      vertex 71.8569 30.2569 1.5
      vertex 71.0701 30.9468 1.8
      vertex 71.8569 30.2569 1.8
    endloop
  endfacet
  facet normal 0.659289 0.75189 0
    outer loop
      vertex 71.0701 30.9468 1.8
      vertex 71.8569 30.2569 1.5
      vertex 71.0701 30.9468 1.5
    endloop
  endfacet
  facet normal -0.138089 -0.694322 -0.706292
    outer loop
      vertex -67.1295 -31.6604 6.86646e-07
      vertex -68.1568 -31.903 0.43934
      vertex -68.0431 -31.4787 6.86646e-07
    endloop
  endfacet
  facet normal 0.634863 -0.3131 -0.70634
    outer loop
      vertex 73.1851 -27.4933 0.43934
      vertex 72.3672 -28.1606 6.86646e-07
      vertex 72.7792 -27.3252 6.86646e-07
    endloop
  endfacet
  facet normal 0.980775 -0.195142 0
    outer loop
      vertex 73.9274 -26.6705 1.8
      vertex 74.1316 -25.6442 1.5
      vertex 74.1316 -25.6442 1.8
    endloop
  endfacet
  facet normal 0.980775 -0.195142 0
    outer loop
      vertex 74.1316 -25.6442 1.5
      vertex 73.9274 -26.6705 1.8
      vertex 73.9274 -26.6705 1.5
    endloop
  endfacet
  facet normal -0.523166 0.782969 -0.336538
    outer loop
      vertex -70.1429 31.4293 0.925976
      vertex -71.0006 30.8562 0.925976
      vertex -70.1677 31.4723 1.06457
    endloop
  endfacet
  facet normal 0.2276 -0.670336 -0.706292
    outer loop
      vertex 68.1568 -31.903 0.43934
      vertex 68.0431 -31.4787 6.86646e-07
      vertex 68.9252 -31.1792 6.86646e-07
    endloop
  endfacet
  facet normal -0.679929 0.596286 -0.426779
    outer loop
      vertex -71.7316 30.1316 0.792906
      vertex -72.4562 29.4006 0.925976
      vertex -71.7761 30.1761 0.925976
    endloop
  endfacet
  facet normal 0.437505 0.887153 -0.146792
    outer loop
      vertex 70.1856 31.5032 1.20736
      vertex 69.2504 31.9644 1.20736
      vertex 69.2587 31.9844 1.35297
    endloop
  endfacet
  facet normal 0.0647162 0.987112 -0.146363
    outer loop
      vertex 67.2404 32.503 1.20736
      vertex 66.2 32.5928 1.35297
      vertex 67.2433 32.5244 1.35297
    endloop
  endfacet
  facet normal 0.658578 0.750859 -0.0498475
    outer loop
      vertex 71.8517 30.2517 1.35297
      vertex 71.0657 30.9411 1.35297
      vertex 71.8569 30.2569 1.5
    endloop
  endfacet
  facet normal -0.311861 0.918557 -0.242891
    outer loop
      vertex -68.2538 32.265 1.06457
      vertex -69.2504 31.9644 1.20736
      vertex -68.2631 32.2996 1.20736
    endloop
  endfacet
  facet normal -0.0615353 0.939738 -0.336313
    outer loop
      vertex -66.2 32.4858 0.925976
      vertex -67.2293 32.4184 0.925976
      vertex -66.2 32.5354 1.06457
    endloop
  endfacet
  facet normal 0.275836 0.812662 -0.513318
    outer loop
      vertex 69.1937 31.8274 0.792906
      vertex 68.2051 32.0832 0.666645
      vertex 68.2247 32.1563 0.792906
    endloop
  endfacet
  facet normal 0 0.803172 -0.595747
    outer loop
      vertex 66.2 32.2595 0.54841
      vertex -66.2 32.3472 0.666645
      vertex 66.2 32.3472 0.666645
    endloop
  endfacet
  facet normal 0 0.803172 -0.595747
    outer loop
      vertex -66.2 32.3472 0.666645
      vertex 66.2 32.2595 0.54841
      vertex -66.2 32.2595 0.54841
    endloop
  endfacet
  facet normal -0.194888 0.979593 -0.0491562
    outer loop
      vertex -68.2687 32.3204 1.35297
      vertex -68.2706 32.3274 1.5
      vertex -67.2442 32.5316 1.5
    endloop
  endfacet
  facet normal 0.313073 -0.634879 -0.706338
    outer loop
      vertex 69.9803 -31.1477 0.43934
      vertex 69.0933 -31.5851 0.43934
      vertex 69.7607 -30.7672 6.86646e-07
    endloop
  endfacet
  facet normal 0.0616129 -0.939892 -0.335867
    outer loop
      vertex 67.2358 -32.4675 1.06457
      vertex 66.2 -32.5354 1.06457
      vertex 67.2293 -32.4184 0.925976
    endloop
  endfacet
  facet normal 0.806683 -0.539004 -0.242357
    outer loop
      vertex 72.524 -29.4525 1.20736
      vertex 72.4956 -29.4308 1.06457
      vertex 73.0723 -28.5677 1.06457
    endloop
  endfacet
  facet normal 0.856319 -0.2907 -0.426863
    outer loop
      vertex 73.8171 -26.641 0.925976
      vertex 73.4855 -27.6178 0.925976
      vertex 73.7563 -26.6247 0.792906
    endloop
  endfacet
  facet normal 0.489011 -0.557627 -0.670761
    outer loop
      vertex 71.6161 -30.0161 0.54841
      vertex 70.8026 -30.5983 0.43934
      vertex 71.5462 -29.9462 0.43934
    endloop
  endfacet
  facet normal 0.670336 0.2276 -0.706292
    outer loop
      vertex 73.0787 26.4431 6.86646e-07
      vertex 72.7792 27.3252 6.86646e-07
      vertex 73.503 26.5568 0.43934
    endloop
  endfacet
  facet normal 0.311824 0.91874 -0.242247
    outer loop
      vertex 69.2367 31.9314 1.06457
      vertex 68.2538 32.265 1.06457
      vertex 69.2504 31.9644 1.20736
    endloop
  endfacet
  facet normal 0.318006 -0.936658 -0.14678
    outer loop
      vertex 69.2587 -31.9844 1.35297
      vertex 68.2631 -32.2996 1.20736
      vertex 69.2504 -31.9644 1.20736
    endloop
  endfacet
  facet normal 0.0652867 -0.996672 -0.0488066
    outer loop
      vertex 67.2442 -32.5316 1.5
      vertex 66.2 -32.6 1.5
      vertex 66.2 -32.5928 1.35297
    endloop
  endfacet
  facet normal 0.0647162 -0.987112 -0.146363
    outer loop
      vertex 67.2433 -32.5244 1.35297
      vertex 66.2 -32.5928 1.35297
      vertex 67.2404 -32.503 1.20736
    endloop
  endfacet
  facet normal 0.0653646 -0.997861 0
    outer loop
      vertex 66.2 -32.6 1.5
      vertex 67.2442 -32.5316 1.8
      vertex 66.2 -32.6 1.8
    endloop
  endfacet
  facet normal 0.0653646 -0.997861 0
    outer loop
      vertex 67.2442 -32.5316 1.8
      vertex 66.2 -32.6 1.5
      vertex 67.2442 -32.5316 1.5
    endloop
  endfacet
  facet normal 0.416481 -0.844556 -0.336556
    outer loop
      vertex 70.1677 -31.4723 1.06457
      vertex 69.2178 -31.8855 0.925976
      vertex 70.1429 -31.4293 0.925976
    endloop
  endfacet
  facet normal 0.302644 -0.891693 -0.336585
    outer loop
      vertex 69.2367 -31.9314 1.06457
      vertex 68.2538 -32.265 1.06457
      vertex 69.2178 -31.8855 0.925976
    endloop
  endfacet
  facet normal 0.144753 -0.72744 -0.670729
    outer loop
      vertex 67.1998 -32.194 0.54841
      vertex 67.1869 -32.096 0.43934
      vertex 68.1568 -31.903 0.43934
    endloop
  endfacet
  facet normal 0.0590974 -0.902507 -0.4266
    outer loop
      vertex 67.2293 -32.4184 0.925976
      vertex 66.2 -32.4858 0.925976
      vertex 66.2 -32.4229 0.792906
    endloop
  endfacet
  facet normal -0.0484751 -0.739929 -0.670936
    outer loop
      vertex -66.2 -32.2595 0.54841
      vertex -67.1998 -32.194 0.54841
      vertex -66.2 -32.1606 0.43934
    endloop
  endfacet
  facet normal -0.238333 -0.702267 -0.670834
    outer loop
      vertex -68.1824 -31.9985 0.54841
      vertex -69.1312 -31.6765 0.54841
      vertex -68.1568 -31.903 0.43934
    endloop
  endfacet
  facet normal -0.0561545 -0.856461 -0.513148
    outer loop
      vertex -66.2 -32.3472 0.666645
      vertex -67.2211 -32.3559 0.792906
      vertex -67.2112 -32.2809 0.666645
    endloop
  endfacet
  facet normal 0.046238 -0.706382 -0.706319
    outer loop
      vertex 67.1869 -32.096 0.43934
      vertex 66.2 -32.1606 0.43934
      vertex 66.2 -31.7213 6.86646e-07
    endloop
  endfacet
  facet normal 0.429138 0.870187 -0.242106
    outer loop
      vertex 70.1677 31.4723 1.06457
      vertex 69.2504 31.9644 1.20736
      vertex 70.1856 31.5032 1.20736
    endloop
  endfacet
  facet normal 0.46675 -0.53218 -0.706349
    outer loop
      vertex 70.8026 -30.5983 0.43934
      vertex 70.5352 -30.2497 6.86646e-07
      vertex 71.2355 -29.6355 6.86646e-07
    endloop
  endfacet
  facet normal -0.46675 0.53218 -0.706349
    outer loop
      vertex -70.5352 30.2497 6.86646e-07
      vertex -71.2355 29.6355 6.86646e-07
      vertex -70.8026 30.5983 0.43934
    endloop
  endfacet
  facet normal -0.565914 -0.645261 -0.513206
    outer loop
      vertex -70.9623 -30.8063 0.792906
      vertex -71.7316 -30.1316 0.792906
      vertex -71.6781 -30.0781 0.666645
    endloop
  endfacet
  facet normal -0.393256 0.588595 -0.706332
    outer loop
      vertex -69.7607 30.7672 6.86646e-07
      vertex -70.8026 30.5983 0.43934
      vertex -69.9803 31.1477 0.43934
    endloop
  endfacet
  facet normal -0.302748 0.89181 -0.336182
    outer loop
      vertex -68.241 32.2171 0.925976
      vertex -69.2178 31.8855 0.925976
      vertex -68.2538 32.265 1.06457
    endloop
  endfacet
  facet normal -0.138089 0.694322 -0.706292
    outer loop
      vertex -68.0431 31.4787 6.86646e-07
      vertex -68.1568 31.903 0.43934
      vertex -67.1295 31.6604 6.86646e-07
    endloop
  endfacet
  facet normal 0.694322 -0.138089 -0.706292
    outer loop
      vertex 73.503 -26.5568 0.43934
      vertex 73.0787 -26.4431 6.86646e-07
      vertex 73.2604 -25.5295 6.86646e-07
    endloop
  endfacet
  facet normal -1 0 0
    outer loop
      vertex -74.2 -24.6 1.5
      vertex -74.2 24.6 1.8
      vertex -74.2 24.6 1.5
    endloop
  endfacet
  facet normal -1 -0 0
    outer loop
      vertex -74.2 24.6 1.8
      vertex -74.2 -24.6 1.5
      vertex -74.2 -24.6 1.8
    endloop
  endfacet
  facet normal 0.55491 -0.830456 -0.0491706
    outer loop
      vertex 70.2 -31.5282 1.5
      vertex 70.1964 -31.5219 1.35297
      vertex 71.0701 -30.9468 1.5
    endloop
  endfacet
  facet normal 0.227538 -0.670302 -0.706344
    outer loop
      vertex 69.0933 -31.5851 0.43934
      vertex 68.1568 -31.903 0.43934
      vertex 68.9252 -31.1792 6.86646e-07
    endloop
  endfacet
  facet normal 0.313069 -0.634877 -0.706342
    outer loop
      vertex 69.0933 -31.5851 0.43934
      vertex 68.9252 -31.1792 6.86646e-07
      vertex 69.7607 -30.7672 6.86646e-07
    endloop
  endfacet
  facet normal 0.0652867 0.996672 -0.0488066
    outer loop
      vertex 67.2442 32.5316 1.5
      vertex 66.2 32.5928 1.35297
      vertex 66.2 32.6 1.5
    endloop
  endfacet
  facet normal -0.442276 -0.896879 0
    outer loop
      vertex -70.2 -31.5282 1.5
      vertex -69.2615 -31.991 1.8
      vertex -70.2 -31.5282 1.8
    endloop
  endfacet
  facet normal -0.442276 -0.896879 -0
    outer loop
      vertex -69.2615 -31.991 1.8
      vertex -70.2 -31.5282 1.5
      vertex -69.2615 -31.991 1.5
    endloop
  endfacet
  facet normal -0.0653415 0.996649 -0.0492055
    outer loop
      vertex -67.2433 32.5244 1.35297
      vertex -67.2442 32.5316 1.5
      vertex -66.2 32.5928 1.35297
    endloop
  endfacet
  facet normal 0.167445 0.841799 -0.513164
    outer loop
      vertex 68.2051 32.0832 0.666645
      vertex 67.2112 32.2809 0.666645
      vertex 67.2211 32.3559 0.792906
    endloop
  endfacet
  facet normal 0.0561545 0.856461 -0.513148
    outer loop
      vertex 67.2112 32.2809 0.666645
      vertex 66.2 32.3472 0.666645
      vertex 67.2211 32.3559 0.792906
    endloop
  endfacet
  facet normal 0.176355 0.886723 -0.427341
    outer loop
      vertex 68.2247 32.1563 0.792906
      vertex 67.2211 32.3559 0.792906
      vertex 67.2293 32.4184 0.925976
    endloop
  endfacet
  facet normal 0.189266 0.951472 -0.242649
    outer loop
      vertex 68.2538 32.265 1.06457
      vertex 67.2358 32.4675 1.06457
      vertex 67.2404 32.503 1.20736
    endloop
  endfacet
  facet normal -0.320999 0.945802 -0.0491771
    outer loop
      vertex -68.2687 32.3204 1.35297
      vertex -69.2587 31.9844 1.35297
      vertex -68.2706 32.3274 1.5
    endloop
  endfacet
  facet normal -0.0647063 0.987103 -0.146428
    outer loop
      vertex -66.2 32.5712 1.20736
      vertex -67.2404 32.503 1.20736
      vertex -66.2 32.5928 1.35297
    endloop
  endfacet
  facet normal -0.870187 0.429138 -0.242106
    outer loop
      vertex -73.0723 28.5677 1.06457
      vertex -73.5644 27.6504 1.20736
      vertex -73.1032 28.5856 1.20736
    endloop
  endfacet
  facet normal 0.327879 -0.664903 -0.671118
    outer loop
      vertex 69.1312 -31.6765 0.54841
      vertex 69.0933 -31.5851 0.43934
      vertex 69.9803 -31.1477 0.43934
    endloop
  endfacet
  facet normal 0.557641 -0.489019 -0.670744
    outer loop
      vertex 72.2767 -29.2628 0.54841
      vertex 71.6161 -30.0161 0.54841
      vertex 72.1983 -29.2026 0.43934
    endloop
  endfacet
  facet normal 0.555582 -0.831462 0
    outer loop
      vertex 70.2 -31.5282 1.5
      vertex 71.0701 -30.9468 1.8
      vertex 70.2 -31.5282 1.8
    endloop
  endfacet
  facet normal 0.555582 -0.831462 0
    outer loop
      vertex 71.0701 -30.9468 1.8
      vertex 70.2 -31.5282 1.5
      vertex 71.0701 -30.9468 1.5
    endloop
  endfacet
  facet normal 0.844556 0.416481 -0.336556
    outer loop
      vertex 73.4855 27.6178 0.925976
      vertex 73.0293 28.5429 0.925976
      vertex 73.0723 28.5677 1.06457
    endloop
  endfacet
  facet normal 0 -0.803172 -0.595747
    outer loop
      vertex -66.2 -32.2595 0.54841
      vertex 66.2 -32.3472 0.666645
      vertex -66.2 -32.3472 0.666645
    endloop
  endfacet
  facet normal 0 -0.803172 -0.595747
    outer loop
      vertex 66.2 -32.3472 0.666645
      vertex -66.2 -32.2595 0.54841
      vertex 66.2 -32.2595 0.54841
    endloop
  endfacet
  facet normal -0.302644 -0.891693 -0.336585
    outer loop
      vertex -68.2538 -32.265 1.06457
      vertex -69.2367 -31.9314 1.06457
      vertex -69.2178 -31.8855 0.925976
    endloop
  endfacet
  facet normal 0.936794 0.317942 -0.146046
    outer loop
      vertex 73.8996 26.6631 1.20736
      vertex 73.5844 27.6587 1.35297
      vertex 73.9204 26.6687 1.35297
    endloop
  endfacet
  facet normal -0.998803 0 -0.048911
    outer loop
      vertex -74.1928 -24.6 1.35297
      vertex -74.2 24.6 1.5
      vertex -74.1928 24.6 1.35297
    endloop
  endfacet
  facet normal -0.998803 -0 -0.048911
    outer loop
      vertex -74.2 24.6 1.5
      vertex -74.1928 -24.6 1.35297
      vertex -74.2 -24.6 1.5
    endloop
  endfacet
  facet normal 0.588586 0.393227 -0.706356
    outer loop
      vertex 72.3672 28.1606 6.86646e-07
      vertex 71.8497 28.9352 6.86646e-07
      vertex 72.1983 29.2026 0.43934
    endloop
  endfacet
  facet normal 0.446515 0.668249 -0.595036
    outer loop
      vertex 70.8628 30.6767 0.54841
      vertex 70.0298 31.2333 0.54841
      vertex 70.9162 30.7463 0.666645
    endloop
  endfacet
  facet normal 0.761267 -0.258383 -0.594735
    outer loop
      vertex 73.3575 -27.5647 0.666645
      vertex 73.2765 -27.5312 0.54841
      vertex 73.6832 -26.6051 0.666645
    endloop
  endfacet
  facet normal -0.176475 -0.886932 -0.426858
    outer loop
      vertex -67.2293 -32.4184 0.925976
      vertex -68.241 -32.2171 0.925976
      vertex -68.2247 -32.1563 0.792906
    endloop
  endfacet
  facet normal 0.320999 0.945802 -0.0491771
    outer loop
      vertex 69.2587 31.9844 1.35297
      vertex 68.2687 32.3204 1.35297
      vertex 68.2706 32.3274 1.5
    endloop
  endfacet
  facet normal 0.466689 -0.532173 -0.706394
    outer loop
      vertex 71.5462 -29.9462 0.43934
      vertex 70.8026 -30.5983 0.43934
      vertex 71.2355 -29.6355 6.86646e-07
    endloop
  endfacet
  facet normal 0.970277 0.192974 -0.146023
    outer loop
      vertex 74.103 25.6404 1.20736
      vertex 73.8996 26.6631 1.20736
      vertex 73.9204 26.6687 1.35297
    endloop
  endfacet
  facet normal 0.7063 0.0463042 -0.706397
    outer loop
      vertex 73.7607 24.6 0.43934
      vertex 73.3213 24.6 6.86646e-07
      vertex 73.696 25.5869 0.43934
    endloop
  endfacet
  facet normal 0.856461 -0.0561545 -0.513148
    outer loop
      vertex 73.9559 -25.6211 0.792906
      vertex 73.8809 -25.6112 0.666645
      vertex 73.9472 -24.6 0.666645
    endloop
  endfacet
  facet normal 0.740266 0.0484971 -0.670563
    outer loop
      vertex 73.8595 24.6 0.54841
      vertex 73.7607 24.6 0.43934
      vertex 73.794 25.5998 0.54841
    endloop
  endfacet
  facet normal -0.782969 -0.523166 -0.336538
    outer loop
      vertex -72.4562 -29.4006 0.925976
      vertex -73.0723 -28.5677 1.06457
      vertex -73.0293 -28.5429 0.925976
    endloop
  endfacet
  facet normal -0.0525456 -0.802062 -0.594924
    outer loop
      vertex -66.2 -32.3472 0.666645
      vertex -67.1998 -32.194 0.54841
      vertex -66.2 -32.2595 0.54841
    endloop
  endfacet
  facet normal -0.0591944 -0.90214 -0.427363
    outer loop
      vertex -66.2 -32.4229 0.792906
      vertex -67.2293 -32.4184 0.925976
      vertex -67.2211 -32.3559 0.792906
    endloop
  endfacet
  facet normal 0 -0.998803 -0.048911
    outer loop
      vertex -66.2 -32.5928 1.35297
      vertex 66.2 -32.6 1.5
      vertex -66.2 -32.6 1.5
    endloop
  endfacet
  facet normal 0 -0.998803 -0.048911
    outer loop
      vertex 66.2 -32.6 1.5
      vertex -66.2 -32.5928 1.35297
      vertex 66.2 -32.5928 1.35297
    endloop
  endfacet
  facet normal 0.0634569 -0.968021 -0.242711
    outer loop
      vertex 67.2404 -32.503 1.20736
      vertex 66.2 -32.5354 1.06457
      vertex 67.2358 -32.4675 1.06457
    endloop
  endfacet
  facet normal 0.311824 -0.91874 -0.242247
    outer loop
      vertex 69.2504 -31.9644 1.20736
      vertex 68.2538 -32.265 1.06457
      vertex 69.2367 -31.9314 1.06457
    endloop
  endfacet
  facet normal 0.0561545 -0.856461 -0.513148
    outer loop
      vertex 67.2211 -32.3559 0.792906
      vertex 66.2 -32.3472 0.666645
      vertex 67.2112 -32.2809 0.666645
    endloop
  endfacet
  facet normal 0.302748 -0.89181 -0.336182
    outer loop
      vertex 68.2538 -32.265 1.06457
      vertex 68.241 -32.2171 0.925976
      vertex 69.2178 -31.8855 0.925976
    endloop
  endfacet
  facet normal 0.0561871 -0.856308 -0.513401
    outer loop
      vertex 67.2211 -32.3559 0.792906
      vertex 66.2 -32.4229 0.792906
      vertex 66.2 -32.3472 0.666645
    endloop
  endfacet
  facet normal 0.0591944 -0.90214 -0.427363
    outer loop
      vertex 67.2293 -32.4184 0.925976
      vertex 66.2 -32.4229 0.792906
      vertex 67.2211 -32.3559 0.792906
    endloop
  endfacet
  facet normal 0.227538 0.670302 -0.706344
    outer loop
      vertex 68.9252 31.1792 6.86646e-07
      vertex 68.1568 31.903 0.43934
      vertex 69.0933 31.5851 0.43934
    endloop
  endfacet
  facet normal 0.313073 0.634879 -0.706338
    outer loop
      vertex 69.7607 30.7672 6.86646e-07
      vertex 69.0933 31.5851 0.43934
      vertex 69.9803 31.1477 0.43934
    endloop
  endfacet
  facet normal 0 -0.7408 -0.671726
    outer loop
      vertex -66.2 -32.1606 0.43934
      vertex 66.2 -32.2595 0.54841
      vertex -66.2 -32.2595 0.54841
    endloop
  endfacet
  facet normal 0 -0.7408 -0.671726
    outer loop
      vertex 66.2 -32.2595 0.54841
      vertex -66.2 -32.1606 0.43934
      vertex 66.2 -32.1606 0.43934
    endloop
  endfacet
  facet normal 0.0484751 -0.739929 -0.670936
    outer loop
      vertex 67.1998 -32.194 0.54841
      vertex 66.2 -32.2595 0.54841
      vertex 66.2 -32.1606 0.43934
    endloop
  endfacet
  facet normal -0.895757 -0.441813 -0.0491995
    outer loop
      vertex -73.1282 -28.6 1.5
      vertex -73.5844 -27.6587 1.35297
      vertex -73.1219 -28.5964 1.35297
    endloop
  endfacet
  facet normal 0.668274 0.446479 -0.595034
    outer loop
      vertex 72.8333 28.4297 0.54841
      vertex 72.2767 29.2628 0.54841
      vertex 72.3463 29.3162 0.666645
    endloop
  endfacet
  facet normal -0.90214 0.0591944 -0.427363
    outer loop
      vertex -73.9559 25.6211 0.792906
      vertex -74.0229 24.6 0.792906
      vertex -74.0184 25.6293 0.925976
    endloop
  endfacet
  facet normal -0.788523 -0.156848 -0.594669
    outer loop
      vertex -73.6832 -26.6051 0.666645
      vertex -73.8809 -25.6112 0.666645
      vertex -73.794 -25.5998 0.54841
    endloop
  endfacet
  facet normal -0.227538 -0.670302 -0.706344
    outer loop
      vertex -68.1568 -31.903 0.43934
      vertex -69.0933 -31.5851 0.43934
      vertex -68.9252 -31.1792 6.86646e-07
    endloop
  endfacet
  facet normal 0.138145 0.694231 -0.706371
    outer loop
      vertex 68.1568 31.903 0.43934
      vertex 67.1295 31.6604 6.86646e-07
      vertex 67.1869 32.096 0.43934
    endloop
  endfacet
  facet normal -0.529932 -0.604243 -0.595032
    outer loop
      vertex -70.9162 -30.7463 0.666645
      vertex -71.6781 -30.0781 0.666645
      vertex -70.8628 -30.6767 0.54841
    endloop
  endfacet
  facet normal 0.0653646 0.997861 -0
    outer loop
      vertex 67.2442 32.5316 1.5
      vertex 66.2 32.6 1.8
      vertex 67.2442 32.5316 1.8
    endloop
  endfacet
  facet normal 0.0653646 0.997861 0
    outer loop
      vertex 66.2 32.6 1.8
      vertex 67.2442 32.5316 1.5
      vertex 66.2 32.6 1.5
    endloop
  endfacet
  facet normal 0.679968 -0.596353 -0.426623
    outer loop
      vertex 72.4562 -29.4006 0.925976
      vertex 71.7316 -30.1316 0.792906
      vertex 72.4063 -29.3623 0.792906
    endloop
  endfacet
  facet normal 0.238333 -0.702267 -0.670834
    outer loop
      vertex 68.1824 -31.9985 0.54841
      vertex 68.1568 -31.903 0.43934
      vertex 69.1312 -31.6765 0.54841
    endloop
  endfacet
  facet normal 0.979596 -0.194907 -0.049024
    outer loop
      vertex 73.9274 -26.6705 1.5
      vertex 73.9204 -26.6687 1.35297
      vertex 74.1316 -25.6442 1.5
    endloop
  endfacet
  facet normal 0.0653415 0.996649 -0.0492055
    outer loop
      vertex 67.2433 32.5244 1.35297
      vertex 66.2 32.5928 1.35297
      vertex 67.2442 32.5316 1.5
    endloop
  endfacet
  facet normal -0.0647162 0.987112 -0.146363
    outer loop
      vertex -67.2404 32.503 1.20736
      vertex -67.2433 32.5244 1.35297
      vertex -66.2 32.5928 1.35297
    endloop
  endfacet
  facet normal -0.0653646 0.997861 0
    outer loop
      vertex -66.2 32.6 1.5
      vertex -67.2442 32.5316 1.8
      vertex -66.2 32.6 1.8
    endloop
  endfacet
  facet normal -0.0653646 0.997861 0
    outer loop
      vertex -67.2442 32.5316 1.8
      vertex -66.2 32.6 1.5
      vertex -67.2442 32.5316 1.5
    endloop
  endfacet
  facet normal 0 0.989176 -0.146736
    outer loop
      vertex 66.2 32.5712 1.20736
      vertex -66.2 32.5928 1.35297
      vertex 66.2 32.5928 1.35297
    endloop
  endfacet
  facet normal 0 0.989176 -0.146736
    outer loop
      vertex -66.2 32.5928 1.35297
      vertex 66.2 32.5712 1.20736
      vertex -66.2 32.5712 1.20736
    endloop
  endfacet
  facet normal 0.0647063 0.987103 -0.146428
    outer loop
      vertex 67.2404 32.503 1.20736
      vertex 66.2 32.5712 1.20736
      vertex 66.2 32.5928 1.35297
    endloop
  endfacet
  facet normal 0.0525456 0.802062 -0.594924
    outer loop
      vertex 67.1998 32.194 0.54841
      vertex 66.2 32.2595 0.54841
      vertex 66.2 32.3472 0.666645
    endloop
  endfacet
  facet normal 0.144716 0.727356 -0.670828
    outer loop
      vertex 68.1568 31.903 0.43934
      vertex 67.1998 32.194 0.54841
      vertex 68.1824 31.9985 0.54841
    endloop
  endfacet
  facet normal -0.441813 0.895757 -0.0491995
    outer loop
      vertex -70.1964 31.5219 1.35297
      vertex -70.2 31.5282 1.5
      vertex -69.2587 31.9844 1.35297
    endloop
  endfacet
  facet normal 0.416482 -0.844575 -0.336505
    outer loop
      vertex 69.2367 -31.9314 1.06457
      vertex 69.2178 -31.8855 0.925976
      vertex 70.1677 -31.4723 1.06457
    endloop
  endfacet
  facet normal 0.35551 -0.720805 -0.595023
    outer loop
      vertex 70.0736 -31.3093 0.666645
      vertex 69.1312 -31.6765 0.54841
      vertex 70.0298 -31.2333 0.54841
    endloop
  endfacet
  facet normal -0.706332 -0.0462782 -0.706366
    outer loop
      vertex -73.2604 -25.5295 6.86646e-07
      vertex -73.696 -25.5869 0.43934
      vertex -73.3213 -24.6 6.86646e-07
    endloop
  endfacet
  facet normal -0.138145 0.694231 -0.706371
    outer loop
      vertex -67.1295 31.6604 6.86646e-07
      vertex -68.1568 31.903 0.43934
      vertex -67.1869 32.096 0.43934
    endloop
  endfacet
  facet normal 0.658578 -0.750859 -0.0498475
    outer loop
      vertex 71.8569 -30.2569 1.5
      vertex 71.0657 -30.9411 1.35297
      vertex 71.8517 -30.2517 1.35297
    endloop
  endfacet
  facet normal 0.193019 -0.970207 -0.146433
    outer loop
      vertex 67.2433 -32.5244 1.35297
      vertex 67.2404 -32.503 1.20736
      vertex 68.2687 -32.3204 1.35297
    endloop
  endfacet
  facet normal -0.896879 0.442276 0
    outer loop
      vertex -73.591 27.6615 1.5
      vertex -73.1282 28.6 1.8
      vertex -73.1282 28.6 1.5
    endloop
  endfacet
  facet normal -0.896879 0.442276 0
    outer loop
      vertex -73.1282 28.6 1.8
      vertex -73.591 27.6615 1.5
      vertex -73.591 27.6615 1.8
    endloop
  endfacet
  facet normal 0.902507 -0.0590974 -0.4266
    outer loop
      vertex 74.0858 -24.6 0.925976
      vertex 74.0184 -25.6293 0.925976
      vertex 74.0229 -24.6 0.792906
    endloop
  endfacet
  facet normal 0.752006 -0.502477 -0.426618
    outer loop
      vertex 72.4562 -29.4006 0.925976
      vertex 72.4063 -29.3623 0.792906
      vertex 73.0293 -28.5429 0.925976
    endloop
  endfacet
  facet normal -0.313073 -0.634879 -0.706338
    outer loop
      vertex -69.0933 -31.5851 0.43934
      vertex -69.9803 -31.1477 0.43934
      vertex -69.7607 -30.7672 6.86646e-07
    endloop
  endfacet
  facet normal -0.138145 -0.694231 -0.706371
    outer loop
      vertex -67.1869 -32.096 0.43934
      vertex -68.1568 -31.903 0.43934
      vertex -67.1295 -31.6604 6.86646e-07
    endloop
  endfacet
  facet normal 0.539004 0.806683 -0.242357
    outer loop
      vertex 71.0308 30.8956 1.06457
      vertex 70.1677 31.4723 1.06457
      vertex 71.0525 30.924 1.20736
    endloop
  endfacet
  facet normal -0.743755 0.652208 -0.146469
    outer loop
      vertex -72.524 29.4525 1.20736
      vertex -72.5411 29.4657 1.35297
      vertex -71.8365 30.2365 1.20736
    endloop
  endfacet
  facet normal 0.886723 0.176355 -0.427341
    outer loop
      vertex 73.9559 25.6211 0.792906
      vertex 73.7563 26.6247 0.792906
      vertex 74.0184 25.6293 0.925976
    endloop
  endfacet
  facet normal 0.969978 0 -0.243191
    outer loop
      vertex 74.1712 -24.6 1.20736
      vertex 74.1354 24.6 1.06457
      vertex 74.1712 24.6 1.20736
    endloop
  endfacet
  facet normal 0.969978 0 -0.243191
    outer loop
      vertex 74.1354 24.6 1.06457
      vertex 74.1712 -24.6 1.20736
      vertex 74.1354 -24.6 1.06457
    endloop
  endfacet
  facet normal 0.502374 0.751927 -0.426879
    outer loop
      vertex 70.9623 30.8063 0.792906
      vertex 70.1114 31.3748 0.792906
      vertex 70.1429 31.4293 0.925976
    endloop
  endfacet
  facet normal 0.645248 0.565894 -0.513243
    outer loop
      vertex 72.3463 29.3162 0.666645
      vertex 71.6781 30.0781 0.666645
      vertex 72.4063 29.3623 0.792906
    endloop
  endfacet
  facet normal 0.87016 0.429098 -0.242271
    outer loop
      vertex 73.5314 27.6367 1.06457
      vertex 73.0723 28.5677 1.06457
      vertex 73.5644 27.6504 1.20736
    endloop
  endfacet
  facet normal 0.856308 0.0561871 -0.513401
    outer loop
      vertex 74.0229 24.6 0.792906
      vertex 73.9472 24.6 0.666645
      vertex 73.9559 25.6211 0.792906
    endloop
  endfacet
  facet normal -0.0525456 0.802062 -0.594924
    outer loop
      vertex -66.2 32.2595 0.54841
      vertex -67.1998 32.194 0.54841
      vertex -66.2 32.3472 0.666645
    endloop
  endfacet
  facet normal -0.532173 0.466689 -0.706394
    outer loop
      vertex -71.2355 29.6355 6.86646e-07
      vertex -72.1983 29.2026 0.43934
      vertex -71.5462 29.9462 0.43934
    endloop
  endfacet
  facet normal 0.857662 0 -0.514213
    outer loop
      vertex 74.0229 -24.6 0.792906
      vertex 73.9472 24.6 0.666645
      vertex 74.0229 24.6 0.792906
    endloop
  endfacet
  facet normal 0.857662 0 -0.514213
    outer loop
      vertex 73.9472 24.6 0.666645
      vertex 74.0229 -24.6 0.792906
      vertex 73.9472 -24.6 0.666645
    endloop
  endfacet
  facet normal 0.706332 0.0462782 -0.706366
    outer loop
      vertex 73.3213 24.6 6.86646e-07
      vertex 73.2604 25.5295 6.86646e-07
      vertex 73.696 25.5869 0.43934
    endloop
  endfacet
  facet normal -0.0653646 -0.997861 0
    outer loop
      vertex -67.2442 -32.5316 1.5
      vertex -66.2 -32.6 1.8
      vertex -67.2442 -32.5316 1.8
    endloop
  endfacet
  facet normal -0.0653646 -0.997861 -0
    outer loop
      vertex -66.2 -32.6 1.8
      vertex -67.2442 -32.5316 1.5
      vertex -66.2 -32.6 1.5
    endloop
  endfacet
  facet normal -0.0652867 -0.996672 -0.0488066
    outer loop
      vertex -66.2 -32.6 1.5
      vertex -67.2442 -32.5316 1.5
      vertex -66.2 -32.5928 1.35297
    endloop
  endfacet
  facet normal 0 -0.941522 -0.336952
    outer loop
      vertex -66.2 -32.4858 0.925976
      vertex 66.2 -32.5354 1.06457
      vertex -66.2 -32.5354 1.06457
    endloop
  endfacet
  facet normal 0 -0.941522 -0.336952
    outer loop
      vertex 66.2 -32.5354 1.06457
      vertex -66.2 -32.4858 0.925976
      vertex 66.2 -32.4858 0.925976
    endloop
  endfacet
  facet normal -0.2276 -0.670336 -0.706292
    outer loop
      vertex -68.1568 -31.903 0.43934
      vertex -68.9252 -31.1792 6.86646e-07
      vertex -68.0431 -31.4787 6.86646e-07
    endloop
  endfacet
  facet normal -0.238306 -0.702023 -0.671099
    outer loop
      vertex -68.1568 -31.903 0.43934
      vertex -69.1312 -31.6765 0.54841
      vertex -69.0933 -31.5851 0.43934
    endloop
  endfacet
  facet normal -0.144716 -0.727356 -0.670828
    outer loop
      vertex -67.1998 -32.194 0.54841
      vertex -68.1824 -31.9985 0.54841
      vertex -68.1568 -31.903 0.43934
    endloop
  endfacet
  facet normal -0.046238 -0.706382 -0.706319
    outer loop
      vertex -66.2 -32.1606 0.43934
      vertex -67.1869 -32.096 0.43934
      vertex -66.2 -31.7213 6.86646e-07
    endloop
  endfacet
  facet normal -0.0525988 -0.802231 -0.594693
    outer loop
      vertex -66.2 -32.3472 0.666645
      vertex -67.2112 -32.2809 0.666645
      vertex -67.1998 -32.194 0.54841
    endloop
  endfacet
  facet normal -0.156848 -0.788523 -0.594669
    outer loop
      vertex -67.2112 -32.2809 0.666645
      vertex -68.2051 -32.0832 0.666645
      vertex -67.1998 -32.194 0.54841
    endloop
  endfacet
  facet normal 0.841799 -0.167445 -0.513164
    outer loop
      vertex 73.9559 -25.6211 0.792906
      vertex 73.6832 -26.6051 0.666645
      vertex 73.8809 -25.6112 0.666645
    endloop
  endfacet
  facet normal 0.740111 0.0485208 -0.670732
    outer loop
      vertex 73.7607 24.6 0.43934
      vertex 73.696 25.5869 0.43934
      vertex 73.794 25.5998 0.54841
    endloop
  endfacet
  facet normal 0.588586 -0.393227 -0.706356
    outer loop
      vertex 72.1983 -29.2026 0.43934
      vertex 71.8497 -28.9352 6.86646e-07
      vertex 72.3672 -28.1606 6.86646e-07
    endloop
  endfacet
  facet normal -0.620885 -0.707976 -0.336558
    outer loop
      vertex -71.0308 -30.8956 1.06457
      vertex -71.8112 -30.2112 1.06457
      vertex -71.0006 -30.8562 0.925976
    endloop
  endfacet
  facet normal -0.945812 0.321003 -0.0489593
    outer loop
      vertex -73.9204 26.6687 1.35297
      vertex -73.9274 26.6705 1.5
      vertex -73.5844 27.6587 1.35297
    endloop
  endfacet
  facet normal -0.970277 0.192974 -0.146023
    outer loop
      vertex -73.8996 26.6631 1.20736
      vertex -74.103 25.6404 1.20736
      vertex -73.9204 26.6687 1.35297
    endloop
  endfacet
  facet normal -0.393261 0.588562 -0.706357
    outer loop
      vertex -70.5352 30.2497 6.86646e-07
      vertex -70.8026 30.5983 0.43934
      vertex -69.7607 30.7672 6.86646e-07
    endloop
  endfacet
  facet normal -0.802062 0.0525456 -0.594924
    outer loop
      vertex -73.8595 24.6 0.54841
      vertex -73.9472 24.6 0.666645
      vertex -73.794 25.5998 0.54841
    endloop
  endfacet
  facet normal -0.886723 0.176355 -0.427341
    outer loop
      vertex -73.9559 25.6211 0.792906
      vertex -74.0184 25.6293 0.925976
      vertex -73.7563 26.6247 0.792906
    endloop
  endfacet
  facet normal -0.258383 0.761267 -0.594735
    outer loop
      vertex -69.1312 31.6765 0.54841
      vertex -69.1647 31.7575 0.666645
      vertex -68.2051 32.0832 0.666645
    endloop
  endfacet
  facet normal -0.183762 0.9238 -0.335895
    outer loop
      vertex -67.2293 32.4184 0.925976
      vertex -68.2538 32.265 1.06457
      vertex -67.2358 32.4675 1.06457
    endloop
  endfacet
  facet normal -0.670336 -0.2276 -0.706292
    outer loop
      vertex -72.7792 -27.3252 6.86646e-07
      vertex -73.503 -26.5568 0.43934
      vertex -73.0787 -26.4431 6.86646e-07
    endloop
  endfacet
  facet normal -0.78296 0.523153 -0.336579
    outer loop
      vertex -72.4562 29.4006 0.925976
      vertex -73.0723 28.5677 1.06457
      vertex -72.4956 29.4308 1.06457
    endloop
  endfacet
  facet normal -0.557627 0.489011 -0.670761
    outer loop
      vertex -71.5462 29.9462 0.43934
      vertex -72.1983 29.2026 0.43934
      vertex -71.6161 30.0161 0.54841
    endloop
  endfacet
  facet normal -0.761175 0.258325 -0.594879
    outer loop
      vertex -73.5985 26.5824 0.54841
      vertex -73.6832 26.6051 0.666645
      vertex -73.2765 27.5312 0.54841
    endloop
  endfacet
  facet normal -0.61672 0.412047 -0.670726
    outer loop
      vertex -72.1983 29.2026 0.43934
      vertex -72.7477 28.3803 0.43934
      vertex -72.2767 29.2628 0.54841
    endloop
  endfacet
  facet normal 0.156848 0.788523 -0.594669
    outer loop
      vertex 68.2051 32.0832 0.666645
      vertex 67.1998 32.194 0.54841
      vertex 67.2112 32.2809 0.666645
    endloop
  endfacet
  facet normal -0.588558 0.393231 -0.706377
    outer loop
      vertex -72.3672 28.1606 6.86646e-07
      vertex -72.7477 28.3803 0.43934
      vertex -72.1983 29.2026 0.43934
    endloop
  endfacet
  facet normal 0.895818 -0.441752 -0.0486248
    outer loop
      vertex 73.591 -27.6615 1.5
      vertex 73.1282 -28.6 1.5
      vertex 73.5844 -27.6587 1.35297
    endloop
  endfacet
  facet normal -0.549553 -0.822532 -0.146395
    outer loop
      vertex -70.1964 -31.5219 1.35297
      vertex -71.0657 -30.9411 1.35297
      vertex -70.1856 -31.5032 1.20736
    endloop
  endfacet
  facet normal -0.555582 -0.831462 0
    outer loop
      vertex -71.0701 -30.9468 1.5
      vertex -70.2 -31.5282 1.8
      vertex -71.0701 -30.9468 1.8
    endloop
  endfacet
  facet normal -0.555582 -0.831462 -0
    outer loop
      vertex -70.2 -31.5282 1.8
      vertex -71.0701 -30.9468 1.5
      vertex -70.2 -31.5282 1.5
    endloop
  endfacet
  facet normal 0.896879 -0.442276 0
    outer loop
      vertex 73.1282 -28.6 1.8
      vertex 73.591 -27.6615 1.5
      vertex 73.591 -27.6615 1.8
    endloop
  endfacet
  facet normal 0.896879 -0.442276 0
    outer loop
      vertex 73.591 -27.6615 1.5
      vertex 73.1282 -28.6 1.8
      vertex 73.1282 -28.6 1.5
    endloop
  endfacet
  facet normal 0.412047 -0.61672 -0.670726
    outer loop
      vertex 70.8628 -30.6767 0.54841
      vertex 69.9803 -31.1477 0.43934
      vertex 70.8026 -30.5983 0.43934
    endloop
  endfacet
  facet normal 0.238306 -0.702023 -0.671099
    outer loop
      vertex 69.1312 -31.6765 0.54841
      vertex 68.1568 -31.903 0.43934
      vertex 69.0933 -31.5851 0.43934
    endloop
  endfacet
  facet normal 0.446515 -0.668249 -0.595036
    outer loop
      vertex 70.9162 -30.7463 0.666645
      vertex 70.0298 -31.2333 0.54841
      vertex 70.8628 -30.6767 0.54841
    endloop
  endfacet
  facet normal 0.502477 -0.752006 -0.426618
    outer loop
      vertex 71.0006 -30.8562 0.925976
      vertex 70.1429 -31.4293 0.925976
      vertex 70.9623 -30.8063 0.792906
    endloop
  endfacet
  facet normal 0.156848 -0.788523 -0.594669
    outer loop
      vertex 67.2112 -32.2809 0.666645
      vertex 67.1998 -32.194 0.54841
      vertex 68.2051 -32.0832 0.666645
    endloop
  endfacet
  facet normal 0.258325 -0.761175 -0.594879
    outer loop
      vertex 68.2051 -32.0832 0.666645
      vertex 68.1824 -31.9985 0.54841
      vertex 69.1312 -31.6765 0.54841
    endloop
  endfacet
  facet normal 0.32109 0.945802 -0.0485707
    outer loop
      vertex 69.2587 31.9844 1.35297
      vertex 68.2706 32.3274 1.5
      vertex 69.2615 31.991 1.5
    endloop
  endfacet
  facet normal -0.94693 0.32144 0
    outer loop
      vertex -73.9274 26.6705 1.5
      vertex -73.591 27.6615 1.8
      vertex -73.591 27.6615 1.5
    endloop
  endfacet
  facet normal -0.94693 0.32144 0
    outer loop
      vertex -73.591 27.6615 1.8
      vertex -73.9274 26.6705 1.5
      vertex -73.9274 26.6705 1.8
    endloop
  endfacet
  facet normal 0.194887 0.979593 -0.0491632
    outer loop
      vertex 68.2687 32.3204 1.35297
      vertex 67.2433 32.5244 1.35297
      vertex 67.2442 32.5316 1.5
    endloop
  endfacet
  facet normal 0.194888 0.979593 -0.0491562
    outer loop
      vertex 68.2687 32.3204 1.35297
      vertex 67.2442 32.5316 1.5
      vertex 68.2706 32.3274 1.5
    endloop
  endfacet
  facet normal 0.0634569 0.968021 -0.242711
    outer loop
      vertex 67.2358 32.4675 1.06457
      vertex 66.2 32.5354 1.06457
      vertex 67.2404 32.503 1.20736
    endloop
  endfacet
  facet normal 0.183762 0.9238 -0.335895
    outer loop
      vertex 68.2538 32.265 1.06457
      vertex 67.2293 32.4184 0.925976
      vertex 67.2358 32.4675 1.06457
    endloop
  endfacet
  facet normal 0 0.998803 -0.048911
    outer loop
      vertex 66.2 32.5928 1.35297
      vertex -66.2 32.6 1.5
      vertex 66.2 32.6 1.5
    endloop
  endfacet
  facet normal 0 0.998803 -0.048911
    outer loop
      vertex -66.2 32.6 1.5
      vertex 66.2 32.5928 1.35297
      vertex -66.2 32.5928 1.35297
    endloop
  endfacet
  facet normal -0.192974 0.970277 -0.146023
    outer loop
      vertex -68.2631 32.2996 1.20736
      vertex -68.2687 32.3204 1.35297
      vertex -67.2404 32.503 1.20736
    endloop
  endfacet
  facet normal -0.194887 0.979593 -0.0491632
    outer loop
      vertex -67.2433 32.5244 1.35297
      vertex -68.2687 32.3204 1.35297
      vertex -67.2442 32.5316 1.5
    endloop
  endfacet
  facet normal -0.0652867 0.996672 -0.0488066
    outer loop
      vertex -66.2 32.5928 1.35297
      vertex -67.2442 32.5316 1.5
      vertex -66.2 32.6 1.5
    endloop
  endfacet
  facet normal 0 0.969978 -0.243191
    outer loop
      vertex 66.2 32.5354 1.06457
      vertex -66.2 32.5712 1.20736
      vertex 66.2 32.5712 1.20736
    endloop
  endfacet
  facet normal 0 0.969978 -0.243191
    outer loop
      vertex -66.2 32.5712 1.20736
      vertex 66.2 32.5354 1.06457
      vertex -66.2 32.5354 1.06457
    endloop
  endfacet
  facet normal -0.193019 0.970207 -0.146433
    outer loop
      vertex -67.2404 32.503 1.20736
      vertex -68.2687 32.3204 1.35297
      vertex -67.2433 32.5244 1.35297
    endloop
  endfacet
  facet normal -0.183787 0.92368 -0.33621
    outer loop
      vertex -68.241 32.2171 0.925976
      vertex -68.2538 32.265 1.06457
      vertex -67.2293 32.4184 0.925976
    endloop
  endfacet
  facet normal -0.416482 0.844575 -0.336505
    outer loop
      vertex -69.2178 31.8855 0.925976
      vertex -70.1677 31.4723 1.06457
      vertex -69.2367 31.9314 1.06457
    endloop
  endfacet
  facet normal -0.476857 0.713733 -0.513022
    outer loop
      vertex -70.0736 31.3093 0.666645
      vertex -70.9623 30.8063 0.792906
      vertex -70.1114 31.3748 0.792906
    endloop
  endfacet
  facet normal -0.321469 0.94692 0
    outer loop
      vertex -68.2706 32.3274 1.5
      vertex -69.2615 31.991 1.8
      vertex -68.2706 32.3274 1.8
    endloop
  endfacet
  facet normal -0.321469 0.94692 0
    outer loop
      vertex -69.2615 31.991 1.8
      vertex -68.2706 32.3274 1.5
      vertex -69.2615 31.991 1.5
    endloop
  endfacet
  facet normal -0.32109 0.945802 -0.0485707
    outer loop
      vertex -69.2587 31.9844 1.35297
      vertex -69.2615 31.991 1.5
      vertex -68.2706 32.3274 1.5
    endloop
  endfacet
  facet normal -0.442276 0.896879 0
    outer loop
      vertex -69.2615 31.991 1.5
      vertex -70.2 31.5282 1.8
      vertex -69.2615 31.991 1.8
    endloop
  endfacet
  facet normal -0.442276 0.896879 0
    outer loop
      vertex -70.2 31.5282 1.8
      vertex -69.2615 31.991 1.5
      vertex -70.2 31.5282 1.5
    endloop
  endfacet
  facet normal -0.441752 0.895818 -0.0486248
    outer loop
      vertex -69.2587 31.9844 1.35297
      vertex -70.2 31.5282 1.5
      vertex -69.2615 31.991 1.5
    endloop
  endfacet
  facet normal 0.489019 -0.557641 -0.670744
    outer loop
      vertex 70.8628 -30.6767 0.54841
      vertex 70.8026 -30.5983 0.43934
      vertex 71.6161 -30.0161 0.54841
    endloop
  endfacet
  facet normal 0.529999 -0.604372 -0.594841
    outer loop
      vertex 71.6781 -30.0781 0.666645
      vertex 70.8628 -30.6767 0.54841
      vertex 71.6161 -30.0161 0.54841
    endloop
  endfacet
  facet normal -0.393261 -0.588562 -0.706357
    outer loop
      vertex -69.7607 -30.7672 6.86646e-07
      vertex -70.8026 -30.5983 0.43934
      vertex -70.5352 -30.2497 6.86646e-07
    endloop
  endfacet
  facet normal -0.634863 -0.3131 -0.70634
    outer loop
      vertex -72.3672 -28.1606 6.86646e-07
      vertex -73.1851 -27.4933 0.43934
      vertex -72.7792 -27.3252 6.86646e-07
    endloop
  endfacet
  facet normal 0.729459 -0.639673 -0.242297
    outer loop
      vertex 72.524 -29.4525 1.20736
      vertex 71.8365 -30.2365 1.20736
      vertex 72.4956 -29.4308 1.06457
    endloop
  endfacet
  facet normal 0.679929 -0.596286 -0.426779
    outer loop
      vertex 71.7761 -30.1761 0.925976
      vertex 71.7316 -30.1316 0.792906
      vertex 72.4562 -29.4006 0.925976
    endloop
  endfacet
  facet normal 0.529932 -0.604243 -0.595032
    outer loop
      vertex 70.9162 -30.7463 0.666645
      vertex 70.8628 -30.6767 0.54841
      vertex 71.6781 -30.0781 0.666645
    endloop
  endfacet
  facet normal -0.996649 -0.0653415 -0.0492055
    outer loop
      vertex -74.1316 -25.6442 1.5
      vertex -74.1928 -24.6 1.35297
      vertex -74.1244 -25.6433 1.35297
    endloop
  endfacet
  facet normal 0.565894 -0.645248 -0.513243
    outer loop
      vertex 70.9623 -30.8063 0.792906
      vertex 70.9162 -30.7463 0.666645
      vertex 71.6781 -30.0781 0.666645
    endloop
  endfacet
  facet normal 0.639658 -0.729382 -0.242571
    outer loop
      vertex 71.8365 -30.2365 1.20736
      vertex 71.0308 -30.8956 1.06457
      vertex 71.8112 -30.2112 1.06457
    endloop
  endfacet
  facet normal 0.393256 -0.588595 -0.706332
    outer loop
      vertex 69.9803 -31.1477 0.43934
      vertex 69.7607 -30.7672 6.86646e-07
      vertex 70.8026 -30.5983 0.43934
    endloop
  endfacet
  facet normal 0.393261 -0.588562 -0.706357
    outer loop
      vertex 70.8026 -30.5983 0.43934
      vertex 69.7607 -30.7672 6.86646e-07
      vertex 70.5352 -30.2497 6.86646e-07
    endloop
  endfacet
  facet normal -0.75189 -0.659289 0
    outer loop
      vertex -71.8569 -30.2569 1.5
      vertex -72.5468 -29.4701 1.8
      vertex -72.5468 -29.4701 1.5
    endloop
  endfacet
  facet normal -0.75189 -0.659289 0
    outer loop
      vertex -72.5468 -29.4701 1.8
      vertex -71.8569 -30.2569 1.5
      vertex -71.8569 -30.2569 1.8
    endloop
  endfacet
  facet normal 0.549553 -0.822532 -0.146395
    outer loop
      vertex 70.1964 -31.5219 1.35297
      vertex 70.1856 -31.5032 1.20736
      vertex 71.0657 -30.9411 1.35297
    endloop
  endfacet
  facet normal 0.437583 -0.887181 -0.146392
    outer loop
      vertex 70.1964 -31.5219 1.35297
      vertex 69.2587 -31.9844 1.35297
      vertex 70.1856 -31.5032 1.20736
    endloop
  endfacet
  facet normal 0.320999 -0.945802 -0.0491771
    outer loop
      vertex 68.2706 -32.3274 1.5
      vertex 68.2687 -32.3204 1.35297
      vertex 69.2587 -31.9844 1.35297
    endloop
  endfacet
  facet normal 0.194888 -0.979593 -0.0491562
    outer loop
      vertex 68.2706 -32.3274 1.5
      vertex 67.2442 -32.5316 1.5
      vertex 68.2687 -32.3204 1.35297
    endloop
  endfacet
  facet normal 0.0647063 -0.987103 -0.146428
    outer loop
      vertex 67.2404 -32.503 1.20736
      vertex 66.2 -32.5928 1.35297
      vertex 66.2 -32.5712 1.20736
    endloop
  endfacet
  facet normal 0.0634556 -0.968024 -0.242701
    outer loop
      vertex 67.2404 -32.503 1.20736
      vertex 66.2 -32.5712 1.20736
      vertex 66.2 -32.5354 1.06457
    endloop
  endfacet
  facet normal 0.987103 0.0647063 -0.146428
    outer loop
      vertex 74.1712 24.6 1.20736
      vertex 74.103 25.6404 1.20736
      vertex 74.1928 24.6 1.35297
    endloop
  endfacet
  facet normal 0.788523 -0.156848 -0.594669
    outer loop
      vertex 73.8809 -25.6112 0.666645
      vertex 73.6832 -26.6051 0.666645
      vertex 73.794 -25.5998 0.54841
    endloop
  endfacet
  facet normal 0.90214 -0.0591944 -0.427363
    outer loop
      vertex 74.0184 -25.6293 0.925976
      vertex 73.9559 -25.6211 0.792906
      vertex 74.0229 -24.6 0.792906
    endloop
  endfacet
  facet normal 0.987103 -0.0647063 -0.146428
    outer loop
      vertex 74.1928 -24.6 1.35297
      vertex 74.103 -25.6404 1.20736
      vertex 74.1712 -24.6 1.20736
    endloop
  endfacet
  facet normal 0.729382 -0.639658 -0.242571
    outer loop
      vertex 71.8365 -30.2365 1.20736
      vertex 71.8112 -30.2112 1.06457
      vertex 72.4956 -29.4308 1.06457
    endloop
  endfacet
  facet normal 0.679968 0.596353 -0.426623
    outer loop
      vertex 72.4063 29.3623 0.792906
      vertex 71.7316 30.1316 0.792906
      vertex 72.4562 29.4006 0.925976
    endloop
  endfacet
  facet normal 0.604372 0.529999 -0.594841
    outer loop
      vertex 72.2767 29.2628 0.54841
      vertex 71.6161 30.0161 0.54841
      vertex 71.6781 30.0781 0.666645
    endloop
  endfacet
  facet normal 0.318006 0.936658 -0.14678
    outer loop
      vertex 69.2504 31.9644 1.20736
      vertex 68.2631 32.2996 1.20736
      vertex 69.2587 31.9844 1.35297
    endloop
  endfacet
  facet normal 0.539007 0.806743 -0.24215
    outer loop
      vertex 71.0525 30.924 1.20736
      vertex 70.1677 31.4723 1.06457
      vertex 70.1856 31.5032 1.20736
    endloop
  endfacet
  facet normal 0.887153 0.437505 -0.146792
    outer loop
      vertex 73.5644 27.6504 1.20736
      vertex 73.1032 28.5856 1.20736
      vertex 73.5844 27.6587 1.35297
    endloop
  endfacet
  facet normal 0.437583 0.887181 -0.146392
    outer loop
      vertex 70.1856 31.5032 1.20736
      vertex 69.2587 31.9844 1.35297
      vertex 70.1964 31.5219 1.35297
    endloop
  endfacet
  facet normal -0.968024 0.0634556 -0.242701
    outer loop
      vertex -74.1354 24.6 1.06457
      vertex -74.1712 24.6 1.20736
      vertex -74.103 25.6404 1.20736
    endloop
  endfacet
  facet normal -0.2276 0.670336 -0.706292
    outer loop
      vertex -68.0431 31.4787 6.86646e-07
      vertex -68.9252 31.1792 6.86646e-07
      vertex -68.1568 31.903 0.43934
    endloop
  endfacet
  facet normal 0.557627 0.489011 -0.670761
    outer loop
      vertex 72.1983 29.2026 0.43934
      vertex 71.5462 29.9462 0.43934
      vertex 71.6161 30.0161 0.54841
    endloop
  endfacet
  facet normal 0.729459 0.639673 -0.242297
    outer loop
      vertex 72.4956 29.4308 1.06457
      vertex 71.8365 30.2365 1.20736
      vertex 72.524 29.4525 1.20736
    endloop
  endfacet
  facet normal -0.659289 0.75189 0
    outer loop
      vertex -71.0701 30.9468 1.5
      vertex -71.8569 30.2569 1.8
      vertex -71.0701 30.9468 1.8
    endloop
  endfacet
  facet normal -0.659289 0.75189 0
    outer loop
      vertex -71.8569 30.2569 1.8
      vertex -71.0701 30.9468 1.5
      vertex -71.8569 30.2569 1.5
    endloop
  endfacet
  facet normal 0.968021 0.0634569 -0.242711
    outer loop
      vertex 74.1354 24.6 1.06457
      vertex 74.0675 25.6358 1.06457
      vertex 74.103 25.6404 1.20736
    endloop
  endfacet
  facet normal 0.741138 0 -0.671353
    outer loop
      vertex 73.8595 -24.6 0.54841
      vertex 73.7607 24.6 0.43934
      vertex 73.8595 24.6 0.54841
    endloop
  endfacet
  facet normal 0.741138 0 -0.671353
    outer loop
      vertex 73.7607 24.6 0.43934
      vertex 73.8595 -24.6 0.54841
      vertex 73.7607 -24.6 0.43934
    endloop
  endfacet
  facet normal 0.802062 0.0525456 -0.594924
    outer loop
      vertex 73.8595 24.6 0.54841
      vertex 73.794 25.5998 0.54841
      vertex 73.9472 24.6 0.666645
    endloop
  endfacet
  facet normal -0.355561 0.721039 -0.594709
    outer loop
      vertex -69.1312 31.6765 0.54841
      vertex -70.0736 31.3093 0.666645
      vertex -69.1647 31.7575 0.666645
    endloop
  endfacet
  facet normal -0.379634 0.769856 -0.51303
    outer loop
      vertex -70.0736 31.3093 0.666645
      vertex -70.1114 31.3748 0.792906
      vertex -69.1647 31.7575 0.666645
    endloop
  endfacet
  facet normal 0.694231 0.138145 -0.706371
    outer loop
      vertex 73.696 25.5869 0.43934
      vertex 73.2604 25.5295 6.86646e-07
      vertex 73.503 26.5568 0.43934
    endloop
  endfacet
  facet normal 0.694322 0.138089 -0.706292
    outer loop
      vertex 73.2604 25.5295 6.86646e-07
      vertex 73.0787 26.4431 6.86646e-07
      vertex 73.503 26.5568 0.43934
    endloop
  endfacet
  facet normal 0.72744 -0.144753 -0.670729
    outer loop
      vertex 73.794 -25.5998 0.54841
      vertex 73.503 -26.5568 0.43934
      vertex 73.696 -25.5869 0.43934
    endloop
  endfacet
  facet normal 0.968024 0.0634556 -0.242701
    outer loop
      vertex 74.1354 24.6 1.06457
      vertex 74.103 25.6404 1.20736
      vertex 74.1712 24.6 1.20736
    endloop
  endfacet
  facet normal 0.841719 -0.167404 -0.513308
    outer loop
      vertex 73.7563 -26.6247 0.792906
      vertex 73.6832 -26.6051 0.666645
      vertex 73.9559 -25.6211 0.792906
    endloop
  endfacet
  facet normal -0.55491 -0.830456 -0.0491706
    outer loop
      vertex -70.2 -31.5282 1.5
      vertex -71.0701 -30.9468 1.5
      vertex -70.1964 -31.5219 1.35297
    endloop
  endfacet
  facet normal -0.0647063 -0.987103 -0.146428
    outer loop
      vertex -66.2 -32.5928 1.35297
      vertex -67.2404 -32.503 1.20736
      vertex -66.2 -32.5712 1.20736
    endloop
  endfacet
  facet normal -0.0634556 -0.968024 -0.242701
    outer loop
      vertex -66.2 -32.5712 1.20736
      vertex -67.2404 -32.503 1.20736
      vertex -66.2 -32.5354 1.06457
    endloop
  endfacet
  facet normal -0.193019 -0.970207 -0.146433
    outer loop
      vertex -67.2433 -32.5244 1.35297
      vertex -68.2687 -32.3204 1.35297
      vertex -67.2404 -32.503 1.20736
    endloop
  endfacet
  facet normal -0.0647162 -0.987112 -0.146363
    outer loop
      vertex -66.2 -32.5928 1.35297
      vertex -67.2433 -32.5244 1.35297
      vertex -67.2404 -32.503 1.20736
    endloop
  endfacet
  facet normal -0.327879 -0.664903 -0.671118
    outer loop
      vertex -69.1312 -31.6765 0.54841
      vertex -69.9803 -31.1477 0.43934
      vertex -69.0933 -31.5851 0.43934
    endloop
  endfacet
  facet normal -0.0590974 -0.902507 -0.4266
    outer loop
      vertex -66.2 -32.4858 0.925976
      vertex -67.2293 -32.4184 0.925976
      vertex -66.2 -32.4229 0.792906
    endloop
  endfacet
  facet normal -0.0615353 -0.939738 -0.336313
    outer loop
      vertex -66.2 -32.5354 1.06457
      vertex -67.2293 -32.4184 0.925976
      vertex -66.2 -32.4858 0.925976
    endloop
  endfacet
  facet normal -0.0561871 -0.856308 -0.513401
    outer loop
      vertex -66.2 -32.4229 0.792906
      vertex -67.2211 -32.3559 0.792906
      vertex -66.2 -32.3472 0.666645
    endloop
  endfacet
  facet normal -0.549554 -0.822529 -0.146414
    outer loop
      vertex -70.1856 -31.5032 1.20736
      vertex -71.0657 -30.9411 1.35297
      vertex -71.0525 -30.924 1.20736
    endloop
  endfacet
  facet normal -0.144753 -0.72744 -0.670729
    outer loop
      vertex -67.1998 -32.194 0.54841
      vertex -68.1568 -31.903 0.43934
      vertex -67.1869 -32.096 0.43934
    endloop
  endfacet
  facet normal -0.0484463 -0.740118 -0.67073
    outer loop
      vertex -66.2 -32.1606 0.43934
      vertex -67.1998 -32.194 0.54841
      vertex -67.1869 -32.096 0.43934
    endloop
  endfacet
  facet normal 0 -0.857662 -0.514213
    outer loop
      vertex -66.2 -32.3472 0.666645
      vertex 66.2 -32.4229 0.792906
      vertex -66.2 -32.4229 0.792906
    endloop
  endfacet
  facet normal 0 -0.857662 -0.514213
    outer loop
      vertex 66.2 -32.4229 0.792906
      vertex -66.2 -32.3472 0.666645
      vertex 66.2 -32.3472 0.666645
    endloop
  endfacet
  facet normal -0.183787 -0.92368 -0.33621
    outer loop
      vertex -67.2293 -32.4184 0.925976
      vertex -68.2538 -32.265 1.06457
      vertex -68.241 -32.2171 0.925976
    endloop
  endfacet
  facet normal -0.53218 0.46675 -0.706349
    outer loop
      vertex -71.8497 28.9352 6.86646e-07
      vertex -72.1983 29.2026 0.43934
      vertex -71.2355 29.6355 6.86646e-07
    endloop
  endfacet
  facet normal -0.35551 -0.720805 -0.595023
    outer loop
      vertex -69.1312 -31.6765 0.54841
      vertex -70.0736 -31.3093 0.666645
      vertex -70.0298 -31.2333 0.54841
    endloop
  endfacet
  facet normal -0.743755 -0.652208 -0.146469
    outer loop
      vertex -71.8365 -30.2365 1.20736
      vertex -72.5411 -29.4657 1.35297
      vertex -72.524 -29.4525 1.20736
    endloop
  endfacet
  facet normal -0.694231 -0.138145 -0.706371
    outer loop
      vertex -73.503 -26.5568 0.43934
      vertex -73.696 -25.5869 0.43934
      vertex -73.2604 -25.5295 6.86646e-07
    endloop
  endfacet
  facet normal -0.9238 -0.183762 -0.335895
    outer loop
      vertex -73.865 -26.6538 1.06457
      vertex -74.0675 -25.6358 1.06457
      vertex -74.0184 -25.6293 0.925976
    endloop
  endfacet
  facet normal -0.902507 -0.0590974 -0.4266
    outer loop
      vertex -74.0184 -25.6293 0.925976
      vertex -74.0858 -24.6 0.925976
      vertex -74.0229 -24.6 0.792906
    endloop
  endfacet
  facet normal 0.831462 0.555582 0
    outer loop
      vertex 73.1282 28.6 1.8
      vertex 72.5468 29.4701 1.5
      vertex 72.5468 29.4701 1.8
    endloop
  endfacet
  facet normal 0.831462 0.555582 0
    outer loop
      vertex 72.5468 29.4701 1.5
      vertex 73.1282 28.6 1.8
      vertex 73.1282 28.6 1.5
    endloop
  endfacet
  facet normal 0.94693 -0.32144 0
    outer loop
      vertex 73.591 -27.6615 1.8
      vertex 73.9274 -26.6705 1.5
      vertex 73.9274 -26.6705 1.8
    endloop
  endfacet
  facet normal 0.94693 -0.32144 0
    outer loop
      vertex 73.9274 -26.6705 1.5
      vertex 73.591 -27.6615 1.8
      vertex 73.591 -27.6615 1.5
    endloop
  endfacet
  facet normal -0.741138 0 -0.671353
    outer loop
      vertex -73.7607 -24.6 0.43934
      vertex -73.8595 24.6 0.54841
      vertex -73.7607 24.6 0.43934
    endloop
  endfacet
  facet normal -0.741138 -0 -0.671353
    outer loop
      vertex -73.8595 24.6 0.54841
      vertex -73.7607 -24.6 0.43934
      vertex -73.8595 -24.6 0.54841
    endloop
  endfacet
  facet normal -0.90214 -0.0591944 -0.427363
    outer loop
      vertex -74.0184 -25.6293 0.925976
      vertex -74.0229 -24.6 0.792906
      vertex -73.9559 -25.6211 0.792906
    endloop
  endfacet
  facet normal -0.707058 0 -0.707156
    outer loop
      vertex -73.3213 -24.6 6.86646e-07
      vertex -73.7607 24.6 0.43934
      vertex -73.3213 24.6 6.86646e-07
    endloop
  endfacet
  facet normal -0.707058 -0 -0.707156
    outer loop
      vertex -73.7607 24.6 0.43934
      vertex -73.3213 -24.6 6.86646e-07
      vertex -73.7607 -24.6 0.43934
    endloop
  endfacet
  facet normal -0.939892 -0.0616129 -0.335867
    outer loop
      vertex -74.0675 -25.6358 1.06457
      vertex -74.1354 -24.6 1.06457
      vertex -74.0184 -25.6293 0.925976
    endloop
  endfacet
  facet normal -0.812662 0.275836 -0.513318
    outer loop
      vertex -73.6832 26.6051 0.666645
      vertex -73.7563 26.6247 0.792906
      vertex -73.4274 27.5937 0.792906
    endloop
  endfacet
  facet normal -0.896879 -0.442276 0
    outer loop
      vertex -73.1282 -28.6 1.5
      vertex -73.591 -27.6615 1.8
      vertex -73.591 -27.6615 1.5
    endloop
  endfacet
  facet normal -0.896879 -0.442276 0
    outer loop
      vertex -73.591 -27.6615 1.8
      vertex -73.1282 -28.6 1.5
      vertex -73.1282 -28.6 1.8
    endloop
  endfacet
  facet normal -0.87016 0.429098 -0.242271
    outer loop
      vertex -73.5314 27.6367 1.06457
      vertex -73.5644 27.6504 1.20736
      vertex -73.0723 28.5677 1.06457
    endloop
  endfacet
  facet normal -0.844575 0.416482 -0.336505
    outer loop
      vertex -73.4855 27.6178 0.925976
      vertex -73.5314 27.6367 1.06457
      vertex -73.0723 28.5677 1.06457
    endloop
  endfacet
  facet normal 0.895757 0.441813 -0.0491995
    outer loop
      vertex 73.5844 27.6587 1.35297
      vertex 73.1219 28.5964 1.35297
      vertex 73.1282 28.6 1.5
    endloop
  endfacet
  facet normal -0.399964 0.811063 -0.426856
    outer loop
      vertex -70.1114 31.3748 0.792906
      vertex -70.1429 31.4293 0.925976
      vertex -69.2178 31.8855 0.925976
    endloop
  endfacet
  facet normal -0.658578 0.750859 -0.0498475
    outer loop
      vertex -71.8517 30.2517 1.35297
      vertex -71.8569 30.2569 1.5
      vertex -71.0657 30.9411 1.35297
    endloop
  endfacet
  facet normal -0.2907 0.856456 -0.426587
    outer loop
      vertex -69.1937 31.8274 0.792906
      vertex -69.2178 31.8855 0.925976
      vertex -68.2247 32.1563 0.792906
    endloop
  endfacet
  facet normal -0.806683 0.539004 -0.242357
    outer loop
      vertex -72.4956 29.4308 1.06457
      vertex -73.0723 28.5677 1.06457
      vertex -72.524 29.4525 1.20736
    endloop
  endfacet
  facet normal -0.429098 0.87016 -0.242271
    outer loop
      vertex -69.2367 31.9314 1.06457
      vertex -70.1677 31.4723 1.06457
      vertex -69.2504 31.9644 1.20736
    endloop
  endfacet
  facet normal -0.238333 0.702267 -0.670834
    outer loop
      vertex -68.1568 31.903 0.43934
      vertex -69.1312 31.6765 0.54841
      vertex -68.1824 31.9985 0.54841
    endloop
  endfacet
  facet normal -0.532173 -0.466689 -0.706394
    outer loop
      vertex -71.5462 -29.9462 0.43934
      vertex -72.1983 -29.2026 0.43934
      vertex -71.2355 -29.6355 6.86646e-07
    endloop
  endfacet
  facet normal -0.811063 0.399964 -0.426856
    outer loop
      vertex -72.9748 28.5114 0.792906
      vertex -73.4855 27.6178 0.925976
      vertex -73.0293 28.5429 0.925976
    endloop
  endfacet
  facet normal -0.668274 0.446479 -0.595034
    outer loop
      vertex -72.2767 29.2628 0.54841
      vertex -72.8333 28.4297 0.54841
      vertex -72.3463 29.3162 0.666645
    endloop
  endfacet
  facet normal -0.529999 0.604372 -0.594841
    outer loop
      vertex -71.6161 30.0161 0.54841
      vertex -71.6781 30.0781 0.666645
      vertex -70.8628 30.6767 0.54841
    endloop
  endfacet
  facet normal -0.565894 0.645248 -0.513243
    outer loop
      vertex -70.9162 30.7463 0.666645
      vertex -71.6781 30.0781 0.666645
      vertex -70.9623 30.8063 0.792906
    endloop
  endfacet
  facet normal -0.987112 0.0647162 -0.146363
    outer loop
      vertex -74.103 25.6404 1.20736
      vertex -74.1928 24.6 1.35297
      vertex -74.1244 25.6433 1.35297
    endloop
  endfacet
  facet normal -0.936658 0.318006 -0.14678
    outer loop
      vertex -73.5644 27.6504 1.20736
      vertex -73.8996 26.6631 1.20736
      vertex -73.5844 27.6587 1.35297
    endloop
  endfacet
  facet normal -0.634847 0.313058 -0.706374
    outer loop
      vertex -72.3672 28.1606 6.86646e-07
      vertex -73.1851 27.4933 0.43934
      vertex -72.7477 28.3803 0.43934
    endloop
  endfacet
  facet normal -0.416482 -0.844575 -0.336505
    outer loop
      vertex -69.2367 -31.9314 1.06457
      vertex -70.1677 -31.4723 1.06457
      vertex -69.2178 -31.8855 0.925976
    endloop
  endfacet
  facet normal -0.502374 -0.751927 -0.426879
    outer loop
      vertex -70.1429 -31.4293 0.925976
      vertex -70.9623 -30.8063 0.792906
      vertex -70.1114 -31.3748 0.792906
    endloop
  endfacet
  facet normal 0.411994 -0.616584 -0.670884
    outer loop
      vertex 70.0298 -31.2333 0.54841
      vertex 69.9803 -31.1477 0.43934
      vertex 70.8628 -30.6767 0.54841
    endloop
  endfacet
  facet normal 0.328033 -0.665096 -0.670852
    outer loop
      vertex 70.0298 -31.2333 0.54841
      vertex 69.1312 -31.6765 0.54841
      vertex 69.9803 -31.1477 0.43934
    endloop
  endfacet
  facet normal 0.275836 -0.812662 -0.513318
    outer loop
      vertex 68.2247 -32.1563 0.792906
      vertex 68.2051 -32.0832 0.666645
      vertex 69.1937 -31.8274 0.792906
    endloop
  endfacet
  facet normal 0.379603 -0.769691 -0.513301
    outer loop
      vertex 69.1937 -31.8274 0.792906
      vertex 69.1647 -31.7575 0.666645
      vertex 70.1114 -31.3748 0.792906
    endloop
  endfacet
  facet normal 0.156855 -0.788365 -0.594876
    outer loop
      vertex 68.2051 -32.0832 0.666645
      vertex 67.1998 -32.194 0.54841
      vertex 68.1824 -31.9985 0.54841
    endloop
  endfacet
  facet normal 0.144716 -0.727356 -0.670828
    outer loop
      vertex 68.1824 -31.9985 0.54841
      vertex 67.1998 -32.194 0.54841
      vertex 68.1568 -31.903 0.43934
    endloop
  endfacet
  facet normal 0.311861 0.918557 -0.242891
    outer loop
      vertex 69.2504 31.9644 1.20736
      vertex 68.2538 32.265 1.06457
      vertex 68.2631 32.2996 1.20736
    endloop
  endfacet
  facet normal 0.183787 0.92368 -0.33621
    outer loop
      vertex 68.241 32.2171 0.925976
      vertex 67.2293 32.4184 0.925976
      vertex 68.2538 32.265 1.06457
    endloop
  endfacet
  facet normal 0.0484463 0.740118 -0.67073
    outer loop
      vertex 67.1869 32.096 0.43934
      vertex 66.2 32.1606 0.43934
      vertex 67.1998 32.194 0.54841
    endloop
  endfacet
  facet normal 0.144753 0.72744 -0.670729
    outer loop
      vertex 68.1568 31.903 0.43934
      vertex 67.1869 32.096 0.43934
      vertex 67.1998 32.194 0.54841
    endloop
  endfacet
  facet normal 0 0.941522 -0.336952
    outer loop
      vertex 66.2 32.4858 0.925976
      vertex -66.2 32.5354 1.06457
      vertex 66.2 32.5354 1.06457
    endloop
  endfacet
  facet normal 0 0.941522 -0.336952
    outer loop
      vertex -66.2 32.5354 1.06457
      vertex 66.2 32.4858 0.925976
      vertex -66.2 32.4858 0.925976
    endloop
  endfacet
  facet normal -0.195124 0.980779 0
    outer loop
      vertex -67.2442 32.5316 1.5
      vertex -68.2706 32.3274 1.8
      vertex -67.2442 32.5316 1.8
    endloop
  endfacet
  facet normal -0.195124 0.980779 0
    outer loop
      vertex -68.2706 32.3274 1.8
      vertex -67.2442 32.5316 1.5
      vertex -68.2706 32.3274 1.5
    endloop
  endfacet
  facet normal -0.0634556 0.968024 -0.242701
    outer loop
      vertex -66.2 32.5354 1.06457
      vertex -67.2404 32.503 1.20736
      vertex -66.2 32.5712 1.20736
    endloop
  endfacet
  facet normal -0.0634569 0.968021 -0.242711
    outer loop
      vertex -67.2358 32.4675 1.06457
      vertex -67.2404 32.503 1.20736
      vertex -66.2 32.5354 1.06457
    endloop
  endfacet
  facet normal 0 0.904088 -0.427347
    outer loop
      vertex 66.2 32.4229 0.792906
      vertex -66.2 32.4858 0.925976
      vertex 66.2 32.4858 0.925976
    endloop
  endfacet
  facet normal 0 0.904088 -0.427347
    outer loop
      vertex -66.2 32.4858 0.925976
      vertex 66.2 32.4229 0.792906
      vertex -66.2 32.4229 0.792906
    endloop
  endfacet
  facet normal -0.0590974 0.902507 -0.4266
    outer loop
      vertex -66.2 32.4229 0.792906
      vertex -67.2293 32.4184 0.925976
      vertex -66.2 32.4858 0.925976
    endloop
  endfacet
  facet normal 0 0.707138 -0.707075
    outer loop
      vertex 66.2 31.7213 6.86646e-07
      vertex -66.2 32.1606 0.43934
      vertex 66.2 32.1606 0.43934
    endloop
  endfacet
  facet normal 0 0.707138 -0.707075
    outer loop
      vertex -66.2 32.1606 0.43934
      vertex 66.2 31.7213 6.86646e-07
      vertex -66.2 31.7213 6.86646e-07
    endloop
  endfacet
  facet normal -0.7063 0.0463042 -0.706397
    outer loop
      vertex -73.3213 24.6 6.86646e-07
      vertex -73.7607 24.6 0.43934
      vertex -73.696 25.5869 0.43934
    endloop
  endfacet
  facet normal 0.670302 -0.227538 -0.706344
    outer loop
      vertex 73.1851 -27.4933 0.43934
      vertex 72.7792 -27.3252 6.86646e-07
      vertex 73.503 -26.5568 0.43934
    endloop
  endfacet
  facet normal 0.668137 -0.446429 -0.595227
    outer loop
      vertex 72.9093 -28.4736 0.666645
      vertex 72.3463 -29.3162 0.666645
      vertex 72.8333 -28.4297 0.54841
    endloop
  endfacet
  facet normal 0.72066 -0.355478 -0.595218
    outer loop
      vertex 72.9093 -28.4736 0.666645
      vertex 72.8333 -28.4297 0.54841
      vertex 73.2765 -27.5312 0.54841
    endloop
  endfacet
  facet normal 0.936794 -0.317942 -0.146046
    outer loop
      vertex 73.9204 -26.6687 1.35297
      vertex 73.5844 -27.6587 1.35297
      vertex 73.8996 -26.6631 1.20736
    endloop
  endfacet
  facet normal 0.89181 -0.302748 -0.336182
    outer loop
      vertex 73.865 -26.6538 1.06457
      vertex 73.4855 -27.6178 0.925976
      vertex 73.8171 -26.641 0.925976
    endloop
  endfacet
  facet normal 0.539004 -0.806683 -0.242357
    outer loop
      vertex 71.0525 -30.924 1.20736
      vertex 70.1677 -31.4723 1.06457
      vertex 71.0308 -30.8956 1.06457
    endloop
  endfacet
  facet normal 0.91874 -0.311824 -0.242247
    outer loop
      vertex 73.5644 -27.6504 1.20736
      vertex 73.5314 -27.6367 1.06457
      vertex 73.865 -26.6538 1.06457
    endloop
  endfacet
  facet normal 0.523153 -0.78296 -0.336579
    outer loop
      vertex 71.0308 -30.8956 1.06457
      vertex 70.1677 -31.4723 1.06457
      vertex 71.0006 -30.8562 0.925976
    endloop
  endfacet
  facet normal 0.8305 -0.554877 -0.0488017
    outer loop
      vertex 72.5468 -29.4701 1.5
      vertex 72.5411 -29.4657 1.35297
      vertex 73.1219 -28.5964 1.35297
    endloop
  endfacet
  facet normal 0.189266 -0.951472 -0.242649
    outer loop
      vertex 67.2404 -32.503 1.20736
      vertex 67.2358 -32.4675 1.06457
      vertex 68.2538 -32.265 1.06457
    endloop
  endfacet
  facet normal 0.47682 -0.713621 -0.513212
    outer loop
      vertex 70.9623 -30.8063 0.792906
      vertex 70.0736 -31.3093 0.666645
      vertex 70.9162 -30.7463 0.666645
    endloop
  endfacet
  facet normal 0.476857 -0.713733 -0.513022
    outer loop
      vertex 70.1114 -31.3748 0.792906
      vertex 70.0736 -31.3093 0.666645
      vertex 70.9623 -30.8063 0.792906
    endloop
  endfacet
  facet normal 0.446529 -0.668287 -0.594983
    outer loop
      vertex 70.0736 -31.3093 0.666645
      vertex 70.0298 -31.2333 0.54841
      vertex 70.9162 -30.7463 0.666645
    endloop
  endfacet
  facet normal 0.532173 -0.466689 -0.706394
    outer loop
      vertex 71.5462 -29.9462 0.43934
      vertex 71.2355 -29.6355 6.86646e-07
      vertex 72.1983 -29.2026 0.43934
    endloop
  endfacet
  facet normal 0.557627 -0.489011 -0.670761
    outer loop
      vertex 71.6161 -30.0161 0.54841
      vertex 71.5462 -29.9462 0.43934
      vertex 72.1983 -29.2026 0.43934
    endloop
  endfacet
  facet normal 0.194887 -0.979593 -0.0491632
    outer loop
      vertex 67.2442 -32.5316 1.5
      vertex 67.2433 -32.5244 1.35297
      vertex 68.2687 -32.3204 1.35297
    endloop
  endfacet
  facet normal 0.32109 -0.945802 -0.0485707
    outer loop
      vertex 69.2615 -31.991 1.5
      vertex 68.2706 -32.3274 1.5
      vertex 69.2587 -31.9844 1.35297
    endloop
  endfacet
  facet normal 0.441813 -0.895757 -0.0491995
    outer loop
      vertex 70.2 -31.5282 1.5
      vertex 69.2587 -31.9844 1.35297
      vertex 70.1964 -31.5219 1.35297
    endloop
  endfacet
  facet normal 0.554877 -0.8305 -0.0488017
    outer loop
      vertex 71.0701 -30.9468 1.5
      vertex 70.1964 -31.5219 1.35297
      vertex 71.0657 -30.9411 1.35297
    endloop
  endfacet
  facet normal 0.549554 -0.822529 -0.146414
    outer loop
      vertex 71.0657 -30.9411 1.35297
      vertex 70.1856 -31.5032 1.20736
      vertex 71.0525 -30.924 1.20736
    endloop
  endfacet
  facet normal 0.539007 -0.806743 -0.24215
    outer loop
      vertex 70.1856 -31.5032 1.20736
      vertex 70.1677 -31.4723 1.06457
      vertex 71.0525 -30.924 1.20736
    endloop
  endfacet
  facet normal 0.555582 0.831462 -0
    outer loop
      vertex 71.0701 30.9468 1.5
      vertex 70.2 31.5282 1.8
      vertex 71.0701 30.9468 1.8
    endloop
  endfacet
  facet normal 0.555582 0.831462 0
    outer loop
      vertex 70.2 31.5282 1.8
      vertex 71.0701 30.9468 1.5
      vertex 70.2 31.5282 1.5
    endloop
  endfacet
  facet normal 0.939892 0.0616129 -0.335867
    outer loop
      vertex 74.1354 24.6 1.06457
      vertex 74.0184 25.6293 0.925976
      vertex 74.0675 25.6358 1.06457
    endloop
  endfacet
  facet normal 0 0 1
    outer loop
      vertex -67.352 -26.5387 1.8
      vertex -67.1 -26.5 1.8
      vertex -67.1 -26.3178 1.8
    endloop
  endfacet
  facet normal 0 0 1
    outer loop
      vertex -67.7 -26.7713 1.8
      vertex -67.1 -26.5 1.8
      vertex -67.352 -26.5387 1.8
    endloop
  endfacet
  facet normal 0 0 1
    outer loop
      vertex -67.1 -26.5 1.8
      vertex -67.7 -26.7713 1.8
      vertex -67.3388 -28.8501 1.8
    endloop
  endfacet
  facet normal 0 0 1
    outer loop
      vertex -67.7 -26.7713 1.8
      vertex -67.8838 -28.6651 1.8
      vertex -67.3388 -28.8501 1.8
    endloop
  endfacet
  facet normal -0 0 1
    outer loop
      vertex -68.0754 -26.9564 1.8
      vertex -67.8838 -28.6651 1.8
      vertex -67.7 -26.7713 1.8
    endloop
  endfacet
  facet normal 0 0 1
    outer loop
      vertex -68.0754 -26.9564 1.8
      vertex -68.4 -28.4105 1.8
      vertex -67.8838 -28.6651 1.8
    endloop
  endfacet
  facet normal -0 0 1
    outer loop
      vertex -68.4718 -27.091 1.8
      vertex -68.4 -28.4105 1.8
      vertex -68.0754 -26.9564 1.8
    endloop
  endfacet
  facet normal 0 0 1
    outer loop
      vertex -68.4718 -27.091 1.8
      vertex -68.8785 -28.0907 1.8
      vertex -68.4 -28.4105 1.8
    endloop
  endfacet
  facet normal -0 0 1
    outer loop
      vertex -68.8823 -27.1726 1.8
      vertex -68.8785 -28.0907 1.8
      vertex -68.4718 -27.091 1.8
    endloop
  endfacet
  facet normal 0 0 1
    outer loop
      vertex -69.3113 -27.7113 1.8
      vertex -68.8823 -27.1726 1.8
      vertex -69.3 -27.2 1.8
    endloop
  endfacet
  facet normal 0 0 1
    outer loop
      vertex -68.8823 -27.1726 1.8
      vertex -69.3113 -27.7113 1.8
      vertex -68.8785 -28.0907 1.8
    endloop
  endfacet
  facet normal 0 0 1
    outer loop
      vertex -69.3 -27.2 1.8
      vertex -69.6908 -27.2785 1.8
      vertex -69.3113 -27.7113 1.8
    endloop
  endfacet
  facet normal 0 0 1
    outer loop
      vertex -69.7177 -27.1726 1.8
      vertex -69.6908 -27.2785 1.8
      vertex -69.3 -27.2 1.8
    endloop
  endfacet
  facet normal 0 0 1
    outer loop
      vertex -69.6908 -27.2785 1.8
      vertex -69.7177 -27.1726 1.8
      vertex -69.7682 -27.1626 1.8
    endloop
  endfacet
  facet normal -0 0 1
    outer loop
      vertex -67.352 21.4613 1.8
      vertex -67.1 19 1.8
      vertex -67.1 21.6822 1.8
    endloop
  endfacet
  facet normal -0 0 1
    outer loop
      vertex -67.7 21.2287 1.8
      vertex -67.1 19 1.8
      vertex -67.352 21.4613 1.8
    endloop
  endfacet
  facet normal -0 0 1
    outer loop
      vertex -68.0754 21.0436 1.8
      vertex -67.1 19 1.8
      vertex -67.7 21.2287 1.8
    endloop
  endfacet
  facet normal 0 0 1
    outer loop
      vertex -67.1 -19 1.8
      vertex -67.352 -21.4613 1.8
      vertex -67.1 -21.6822 1.8
    endloop
  endfacet
  facet normal -0 0 1
    outer loop
      vertex -68.4718 20.909 1.8
      vertex -67.1 19 1.8
      vertex -68.0754 21.0436 1.8
    endloop
  endfacet
  facet normal 0 0 1
    outer loop
      vertex -67.1 -19 1.8
      vertex -67.7 -21.2287 1.8
      vertex -67.352 -21.4613 1.8
    endloop
  endfacet
  facet normal -0 0 1
    outer loop
      vertex -68.8823 20.8274 1.8
      vertex -67.1 19 1.8
      vertex -68.4718 20.909 1.8
    endloop
  endfacet
  facet normal 0 0 1
    outer loop
      vertex -67.1 -19 1.8
      vertex -68.0754 -21.0436 1.8
      vertex -67.7 -21.2287 1.8
    endloop
  endfacet
  facet normal -0 0 1
    outer loop
      vertex -69.3 20.8 1.8
      vertex -67.1 19 1.8
      vertex -68.8823 20.8274 1.8
    endloop
  endfacet
  facet normal 0 0 1
    outer loop
      vertex -67.1 -19 1.8
      vertex -68.4718 -20.909 1.8
      vertex -68.0754 -21.0436 1.8
    endloop
  endfacet
  facet normal 0 0 1
    outer loop
      vertex -69.7177 20.8274 1.8
      vertex -67.1 19 1.8
      vertex -69.3 20.8 1.8
    endloop
  endfacet
  facet normal 0 0 1
    outer loop
      vertex -67.1 -19 1.8
      vertex -68.8823 -20.8274 1.8
      vertex -68.4718 -20.909 1.8
    endloop
  endfacet
  facet normal 0 0 1
    outer loop
      vertex -70.1282 20.909 1.8
      vertex -67.1 19 1.8
      vertex -69.7177 20.8274 1.8
    endloop
  endfacet
  facet normal 0 0 1
    outer loop
      vertex -67.1 -19 1.8
      vertex -69.3 -20.8 1.8
      vertex -68.8823 -20.8274 1.8
    endloop
  endfacet
  facet normal 0 0 1
    outer loop
      vertex -70.5246 21.0436 1.8
      vertex -67.1 19 1.8
      vertex -70.1282 20.909 1.8
    endloop
  endfacet
  facet normal 0 0 1
    outer loop
      vertex -67.1 -19 1.8
      vertex -69.7177 -20.8274 1.8
      vertex -69.3 -20.8 1.8
    endloop
  endfacet
  facet normal 0 0 1
    outer loop
      vertex -67.1 19 1.8
      vertex -70.5246 21.0436 1.8
      vertex -67.1 -19 1.8
    endloop
  endfacet
  facet normal 0 0 1
    outer loop
      vertex -67.1 -19 1.8
      vertex -70.1282 -20.909 1.8
      vertex -69.7177 -20.8274 1.8
    endloop
  endfacet
  facet normal 0 0 1
    outer loop
      vertex -70.5246 -21.0436 1.8
      vertex -67.1 -19 1.8
      vertex -70.5246 21.0436 1.8
    endloop
  endfacet
  facet normal 0 0 1
    outer loop
      vertex -67.1 -19 1.8
      vertex -70.5246 -21.0436 1.8
      vertex -70.1282 -20.909 1.8
    endloop
  endfacet
  facet normal 0 0 1
    outer loop
      vertex -70.6 21.0808 1.8
      vertex -70.5246 -21.0436 1.8
      vertex -70.5246 21.0436 1.8
    endloop
  endfacet
  facet normal 0 0 1
    outer loop
      vertex -70.5246 -21.0436 1.8
      vertex -70.6 21.0808 1.8
      vertex -70.6 -21.0808 1.8
    endloop
  endfacet
  facet normal -0 0 1
    outer loop
      vertex -67.1 19 1.8
      vertex -65.9 -19 1.8
      vertex -65.9 19 1.8
    endloop
  endfacet
  facet normal 0 0 1
    outer loop
      vertex -65.9 -19 1.8
      vertex -67.1 19 1.8
      vertex -67.1 -19 1.8
    endloop
  endfacet
  facet normal 0 0 1
    outer loop
      vertex -65.9 19 1.8
      vertex -59.6 25.3 1.8
      vertex -65.9 25.3 1.8
    endloop
  endfacet
  facet normal 0 0 1
    outer loop
      vertex -59.6 25.3 1.8
      vertex -65.9 19 1.8
      vertex -59.6 -25.3 1.8
    endloop
  endfacet
  facet normal -0 0 1
    outer loop
      vertex -65.9 -19 1.8
      vertex -59.6 -25.3 1.8
      vertex -65.9 19 1.8
    endloop
  endfacet
  facet normal 0 0 1
    outer loop
      vertex -59.6 -25.3 1.8
      vertex -65.9 -19 1.8
      vertex -65.9 -25.3 1.8
    endloop
  endfacet
  facet normal -0 0 1
    outer loop
      vertex -37.6 25.3 1.8
      vertex -31.3 19 1.8
      vertex -31.3 25.3 1.8
    endloop
  endfacet
  facet normal -0 0 1
    outer loop
      vertex -59.6 25.3 1.8
      vertex -31.3 19 1.8
      vertex -37.6 25.3 1.8
    endloop
  endfacet
  facet normal 0 0 1
    outer loop
      vertex -31.3 19 1.8
      vertex -59.6 25.3 1.8
      vertex -31.3 -19 1.8
    endloop
  endfacet
  facet normal 0 0 1
    outer loop
      vertex -31.3 -19 1.8
      vertex -37.6 -25.3 1.8
      vertex -31.3 -25.3 1.8
    endloop
  endfacet
  facet normal -0 0 1
    outer loop
      vertex -31.3 19 1.8
      vertex -30.1 -19 1.8
      vertex -30.1 19 1.8
    endloop
  endfacet
  facet normal 0 0 1
    outer loop
      vertex -30.1 -19 1.8
      vertex -31.3 19 1.8
      vertex -31.3 -19 1.8
    endloop
  endfacet
  facet normal 0 0 1
    outer loop
      vertex 69.6908 27.2785 1.8
      vertex 69.7177 27.1726 1.8
      vertex 69.7682 27.1626 1.8
    endloop
  endfacet
  facet normal 0 0 1
    outer loop
      vertex 69.3 27.2 1.8
      vertex 69.6908 27.2785 1.8
      vertex 69.3113 27.7113 1.8
    endloop
  endfacet
  facet normal 0 0 1
    outer loop
      vertex 69.6908 27.2785 1.8
      vertex 69.3 27.2 1.8
      vertex 69.7177 27.1726 1.8
    endloop
  endfacet
  facet normal 0 0 1
    outer loop
      vertex 69.3113 27.7113 1.8
      vertex 68.8823 27.1726 1.8
      vertex 69.3 27.2 1.8
    endloop
  endfacet
  facet normal 0 0 1
    outer loop
      vertex 68.8785 28.0907 1.8
      vertex 68.8823 27.1726 1.8
      vertex 69.3113 27.7113 1.8
    endloop
  endfacet
  facet normal 0 0 1
    outer loop
      vertex 68.8785 28.0907 1.8
      vertex 68.4718 27.091 1.8
      vertex 68.8823 27.1726 1.8
    endloop
  endfacet
  facet normal 0 0 1
    outer loop
      vertex 68.4 28.4105 1.8
      vertex 68.4718 27.091 1.8
      vertex 68.8785 28.0907 1.8
    endloop
  endfacet
  facet normal 0 0 1
    outer loop
      vertex 68.4 28.4105 1.8
      vertex 68.0754 26.9564 1.8
      vertex 68.4718 27.091 1.8
    endloop
  endfacet
  facet normal 0 0 1
    outer loop
      vertex 67.8838 28.6651 1.8
      vertex 68.0754 26.9564 1.8
      vertex 68.4 28.4105 1.8
    endloop
  endfacet
  facet normal 0 0 1
    outer loop
      vertex 67.8838 28.6651 1.8
      vertex 67.7 26.7713 1.8
      vertex 68.0754 26.9564 1.8
    endloop
  endfacet
  facet normal 0 0 1
    outer loop
      vertex 67.3388 28.8501 1.8
      vertex 67.7 26.7713 1.8
      vertex 67.8838 28.6651 1.8
    endloop
  endfacet
  facet normal 0 0 1
    outer loop
      vertex 67.7 26.7713 1.8
      vertex 67.3388 28.8501 1.8
      vertex 67.352 26.5387 1.8
    endloop
  endfacet
  facet normal 0 0 1
    outer loop
      vertex 66.7743 28.9623 1.8
      vertex 67.352 26.5387 1.8
      vertex 67.3388 28.8501 1.8
    endloop
  endfacet
  facet normal 0 0 1
    outer loop
      vertex 66.2 29 1.8
      vertex 67.352 26.5387 1.8
      vertex 66.7743 28.9623 1.8
    endloop
  endfacet
  facet normal 0 0 1
    outer loop
      vertex 67.352 26.5387 1.8
      vertex 66.2 29 1.8
      vertex 67.0373 26.2627 1.8
    endloop
  endfacet
  facet normal 0 0 1
    outer loop
      vertex 67.0373 26.2627 1.8
      vertex 66.2 29 1.8
      vertex 66.7613 25.948 1.8
    endloop
  endfacet
  facet normal 0 0 1
    outer loop
      vertex 66.7613 25.948 1.8
      vertex 66.2 29 1.8
      vertex 66.5287 25.6 1.8
    endloop
  endfacet
  facet normal 0 0 1
    outer loop
      vertex 66.5287 25.6 1.8
      vertex 66.2 29 1.8
      vertex 66.3436 25.2246 1.8
    endloop
  endfacet
  facet normal 0 0 1
    outer loop
      vertex 66.3436 25.2246 1.8
      vertex 66.2 29 1.8
      vertex 66.209 24.8282 1.8
    endloop
  endfacet
  facet normal 0 0 1
    outer loop
      vertex 66.2 29 1.8
      vertex 66.1274 24.4177 1.8
      vertex 66.209 24.8282 1.8
    endloop
  endfacet
  facet normal 0 0 1
    outer loop
      vertex 66.2 29 1.8
      vertex 66.1 24 1.8
      vertex 66.1274 24.4177 1.8
    endloop
  endfacet
  facet normal 0 0 1
    outer loop
      vertex 66.1274 -23.5823 1.8
      vertex 6.51999 -29 1.8
      vertex 66.1 -24 1.8
    endloop
  endfacet
  facet normal -0 0 1
    outer loop
      vertex -30.1 26.5 1.8
      vertex 66.1 24 1.8
      vertex 66.2 29 1.8
    endloop
  endfacet
  facet normal 0 0 1
    outer loop
      vertex 6.51999 -29 1.8
      vertex -6.87999 -29 1.8
      vertex 6.51999 -30.2 1.8
    endloop
  endfacet
  facet normal 0 0 1
    outer loop
      vertex 66.1274 23.5823 1.8
      vertex -30.1 19 1.8
      vertex 6.51999 -29 1.8
    endloop
  endfacet
  facet normal 0 0 1
    outer loop
      vertex 66.1 24 1.8
      vertex -30.1 26.5 1.8
      vertex -30.1 19 1.8
    endloop
  endfacet
  facet normal -0 0 1
    outer loop
      vertex -66.2 29 1.8
      vertex -30.1 26.5 1.8
      vertex 66.2 29 1.8
    endloop
  endfacet
  facet normal 0 0 1
    outer loop
      vertex -59.6 25.3 1.8
      vertex -37.6 25.3 1.8
      vertex -37.6 26.5 1.8
    endloop
  endfacet
  facet normal 0 0 1
    outer loop
      vertex -59.6 -25.3 1.8
      vertex -31.3 -19 1.8
      vertex -59.6 25.3 1.8
    endloop
  endfacet
  facet normal 0 0 1
    outer loop
      vertex -59.6 25.3 1.8
      vertex -37.6 26.5 1.8
      vertex -59.6 26.5 1.8
    endloop
  endfacet
  facet normal 0 0 1
    outer loop
      vertex -30.1 26.5 1.8
      vertex -66.2 29 1.8
      vertex -37.6 26.5 1.8
    endloop
  endfacet
  facet normal 0 0 1
    outer loop
      vertex -37.6 26.5 1.8
      vertex -66.2 29 1.8
      vertex -59.6 26.5 1.8
    endloop
  endfacet
  facet normal 0 0 1
    outer loop
      vertex -67.1 26.5 1.8
      vertex -66.2 29 1.8
      vertex -66.7743 28.9623 1.8
    endloop
  endfacet
  facet normal 0 0 1
    outer loop
      vertex -66.2 29 1.8
      vertex -67.1 26.5 1.8
      vertex -59.6 26.5 1.8
    endloop
  endfacet
  facet normal -0 0 1
    outer loop
      vertex -67.3388 28.8501 1.8
      vertex -67.1 26.5 1.8
      vertex -66.7743 28.9623 1.8
    endloop
  endfacet
  facet normal -0 0 1
    outer loop
      vertex -67.7 26.7713 1.8
      vertex -67.1 26.5 1.8
      vertex -67.3388 28.8501 1.8
    endloop
  endfacet
  facet normal 0 0 1
    outer loop
      vertex -67.1 26.5 1.8
      vertex -67.352 26.5387 1.8
      vertex -67.1 26.3178 1.8
    endloop
  endfacet
  facet normal 0 0 1
    outer loop
      vertex -67.1 26.5 1.8
      vertex -67.7 26.7713 1.8
      vertex -67.352 26.5387 1.8
    endloop
  endfacet
  facet normal -0 0 1
    outer loop
      vertex -67.8838 28.6651 1.8
      vertex -67.7 26.7713 1.8
      vertex -67.3388 28.8501 1.8
    endloop
  endfacet
  facet normal 0 0 1
    outer loop
      vertex -67.8838 28.6651 1.8
      vertex -68.0754 26.9564 1.8
      vertex -67.7 26.7713 1.8
    endloop
  endfacet
  facet normal -0 0 1
    outer loop
      vertex -68.4 28.4105 1.8
      vertex -68.0754 26.9564 1.8
      vertex -67.8838 28.6651 1.8
    endloop
  endfacet
  facet normal 0 0 1
    outer loop
      vertex -68.4 28.4105 1.8
      vertex -68.4718 27.091 1.8
      vertex -68.0754 26.9564 1.8
    endloop
  endfacet
  facet normal -0 0 1
    outer loop
      vertex -68.8785 28.0907 1.8
      vertex -68.4718 27.091 1.8
      vertex -68.4 28.4105 1.8
    endloop
  endfacet
  facet normal 0 0 1
    outer loop
      vertex -68.8785 28.0907 1.8
      vertex -68.8823 27.1726 1.8
      vertex -68.4718 27.091 1.8
    endloop
  endfacet
  facet normal -0 0 1
    outer loop
      vertex -69.3113 27.7113 1.8
      vertex -68.8823 27.1726 1.8
      vertex -68.8785 28.0907 1.8
    endloop
  endfacet
  facet normal 0 0 1
    outer loop
      vertex -68.8823 27.1726 1.8
      vertex -69.3113 27.7113 1.8
      vertex -69.3 27.2 1.8
    endloop
  endfacet
  facet normal -0 0 1
    outer loop
      vertex -69.6908 27.2785 1.8
      vertex -69.3 27.2 1.8
      vertex -69.3113 27.7113 1.8
    endloop
  endfacet
  facet normal 0 0 1
    outer loop
      vertex -69.6908 27.2785 1.8
      vertex -69.7177 27.1726 1.8
      vertex -69.3 27.2 1.8
    endloop
  endfacet
  facet normal 0 -0 1
    outer loop
      vertex -69.7177 27.1726 1.8
      vertex -69.6908 27.2785 1.8
      vertex -69.7682 27.1626 1.8
    endloop
  endfacet
  facet normal -0 0 1
    outer loop
      vertex 70.5246 21.0436 1.8
      vertex 70.6 -21.0808 1.8
      vertex 70.6 21.0808 1.8
    endloop
  endfacet
  facet normal 0 0 1
    outer loop
      vertex 70.5246 21.0436 1.8
      vertex 70.5246 -21.0436 1.8
      vertex 70.6 -21.0808 1.8
    endloop
  endfacet
  facet normal -0 0 1
    outer loop
      vertex 70.1282 20.909 1.8
      vertex 70.5246 -21.0436 1.8
      vertex 70.5246 21.0436 1.8
    endloop
  endfacet
  facet normal 0 0 1
    outer loop
      vertex 70.1282 20.909 1.8
      vertex 70.1282 -20.909 1.8
      vertex 70.5246 -21.0436 1.8
    endloop
  endfacet
  facet normal -0 0 1
    outer loop
      vertex 69.7177 20.8274 1.8
      vertex 70.1282 -20.909 1.8
      vertex 70.1282 20.909 1.8
    endloop
  endfacet
  facet normal 0 0 1
    outer loop
      vertex 69.7177 20.8274 1.8
      vertex 69.7177 -20.8274 1.8
      vertex 70.1282 -20.909 1.8
    endloop
  endfacet
  facet normal -0 0 1
    outer loop
      vertex 69.3 20.8 1.8
      vertex 69.7177 -20.8274 1.8
      vertex 69.7177 20.8274 1.8
    endloop
  endfacet
  facet normal 0 0 1
    outer loop
      vertex 69.3 20.8 1.8
      vertex 69.3 -20.8 1.8
      vertex 69.7177 -20.8274 1.8
    endloop
  endfacet
  facet normal 0 0 1
    outer loop
      vertex 68.8823 20.8274 1.8
      vertex 69.3 -20.8 1.8
      vertex 69.3 20.8 1.8
    endloop
  endfacet
  facet normal 0 0 1
    outer loop
      vertex 68.8823 20.8274 1.8
      vertex 68.8823 -20.8274 1.8
      vertex 69.3 -20.8 1.8
    endloop
  endfacet
  facet normal 0 0 1
    outer loop
      vertex 68.4718 20.909 1.8
      vertex 68.8823 -20.8274 1.8
      vertex 68.8823 20.8274 1.8
    endloop
  endfacet
  facet normal 0 0 1
    outer loop
      vertex 68.4718 20.909 1.8
      vertex 68.4718 -20.909 1.8
      vertex 68.8823 -20.8274 1.8
    endloop
  endfacet
  facet normal 0 0 1
    outer loop
      vertex 68.0754 21.0436 1.8
      vertex 68.4718 -20.909 1.8
      vertex 68.4718 20.909 1.8
    endloop
  endfacet
  facet normal 0 0 1
    outer loop
      vertex 68.0754 21.0436 1.8
      vertex 68.0754 -21.0436 1.8
      vertex 68.4718 -20.909 1.8
    endloop
  endfacet
  facet normal 0 0 1
    outer loop
      vertex 67.7 21.2287 1.8
      vertex 68.0754 -21.0436 1.8
      vertex 68.0754 21.0436 1.8
    endloop
  endfacet
  facet normal 0 0 1
    outer loop
      vertex 67.7 21.2287 1.8
      vertex 67.7 -21.2287 1.8
      vertex 68.0754 -21.0436 1.8
    endloop
  endfacet
  facet normal 0 0 1
    outer loop
      vertex 67.352 21.4613 1.8
      vertex 67.7 -21.2287 1.8
      vertex 67.7 21.2287 1.8
    endloop
  endfacet
  facet normal 0 0 1
    outer loop
      vertex 67.352 21.4613 1.8
      vertex 67.352 -21.4613 1.8
      vertex 67.7 -21.2287 1.8
    endloop
  endfacet
  facet normal 0 0 1
    outer loop
      vertex 67.0373 21.7373 1.8
      vertex 67.352 -21.4613 1.8
      vertex 67.352 21.4613 1.8
    endloop
  endfacet
  facet normal 0 0 1
    outer loop
      vertex 67.0373 21.7373 1.8
      vertex 67.0373 -21.7373 1.8
      vertex 67.352 -21.4613 1.8
    endloop
  endfacet
  facet normal 0 0 1
    outer loop
      vertex 66.7613 22.052 1.8
      vertex 67.0373 -21.7373 1.8
      vertex 67.0373 21.7373 1.8
    endloop
  endfacet
  facet normal 0 0 1
    outer loop
      vertex 66.7613 22.052 1.8
      vertex 66.7613 -22.052 1.8
      vertex 67.0373 -21.7373 1.8
    endloop
  endfacet
  facet normal 0 0 1
    outer loop
      vertex 66.5287 22.4 1.8
      vertex 66.7613 -22.052 1.8
      vertex 66.7613 22.052 1.8
    endloop
  endfacet
  facet normal 0 0 1
    outer loop
      vertex 66.5287 22.4 1.8
      vertex 66.5287 -22.4 1.8
      vertex 66.7613 -22.052 1.8
    endloop
  endfacet
  facet normal 0 0 1
    outer loop
      vertex 6.51999 -29 1.8
      vertex 66.5287 22.4 1.8
      vertex 66.3436 22.7754 1.8
    endloop
  endfacet
  facet normal 0 0 1
    outer loop
      vertex 66.5287 22.4 1.8
      vertex 6.51999 -29 1.8
      vertex 66.5287 -22.4 1.8
    endloop
  endfacet
  facet normal 0 0 1
    outer loop
      vertex 6.51999 -29 1.8
      vertex 66.3436 22.7754 1.8
      vertex 66.209 23.1718 1.8
    endloop
  endfacet
  facet normal 0 0 1
    outer loop
      vertex 66.5287 -22.4 1.8
      vertex 6.51999 -29 1.8
      vertex 66.3436 -22.7754 1.8
    endloop
  endfacet
  facet normal 0 0 1
    outer loop
      vertex 6.51999 -29 1.8
      vertex 66.209 23.1718 1.8
      vertex 66.1274 23.5823 1.8
    endloop
  endfacet
  facet normal 0 0 1
    outer loop
      vertex 66.3436 -22.7754 1.8
      vertex 6.51999 -29 1.8
      vertex 66.209 -23.1718 1.8
    endloop
  endfacet
  facet normal 0 0 1
    outer loop
      vertex -30.1 19 1.8
      vertex 66.1274 23.5823 1.8
      vertex 66.1 24 1.8
    endloop
  endfacet
  facet normal 0 0 1
    outer loop
      vertex 66.209 -23.1718 1.8
      vertex 6.51999 -29 1.8
      vertex 66.1274 -23.5823 1.8
    endloop
  endfacet
  facet normal -0 0 1
    outer loop
      vertex 69.7177 -27.1726 1.8
      vertex 69.6908 -27.2785 1.8
      vertex 69.7682 -27.1626 1.8
    endloop
  endfacet
  facet normal -0 0 1
    outer loop
      vertex 69.3 -27.2 1.8
      vertex 69.6908 -27.2785 1.8
      vertex 69.7177 -27.1726 1.8
    endloop
  endfacet
  facet normal 0 0 1
    outer loop
      vertex 69.6908 -27.2785 1.8
      vertex 69.3 -27.2 1.8
      vertex 69.3113 -27.7113 1.8
    endloop
  endfacet
  facet normal 0 0 1
    outer loop
      vertex 68.8823 -27.1726 1.8
      vertex 69.3113 -27.7113 1.8
      vertex 69.3 -27.2 1.8
    endloop
  endfacet
  facet normal 0 0 1
    outer loop
      vertex 68.8823 -27.1726 1.8
      vertex 68.8785 -28.0907 1.8
      vertex 69.3113 -27.7113 1.8
    endloop
  endfacet
  facet normal 0 0 1
    outer loop
      vertex 68.4718 -27.091 1.8
      vertex 68.8785 -28.0907 1.8
      vertex 68.8823 -27.1726 1.8
    endloop
  endfacet
  facet normal 0 0 1
    outer loop
      vertex 68.4718 -27.091 1.8
      vertex 68.4 -28.4105 1.8
      vertex 68.8785 -28.0907 1.8
    endloop
  endfacet
  facet normal 0 0 1
    outer loop
      vertex 68.0754 -26.9564 1.8
      vertex 68.4 -28.4105 1.8
      vertex 68.4718 -27.091 1.8
    endloop
  endfacet
  facet normal 0 0 1
    outer loop
      vertex 68.0754 -26.9564 1.8
      vertex 67.8838 -28.6651 1.8
      vertex 68.4 -28.4105 1.8
    endloop
  endfacet
  facet normal 0 0 1
    outer loop
      vertex 67.7 -26.7713 1.8
      vertex 67.8838 -28.6651 1.8
      vertex 68.0754 -26.9564 1.8
    endloop
  endfacet
  facet normal 0 0 1
    outer loop
      vertex 67.3388 -28.8501 1.8
      vertex 67.7 -26.7713 1.8
      vertex 67.352 -26.5387 1.8
    endloop
  endfacet
  facet normal 0 0 1
    outer loop
      vertex 67.7 -26.7713 1.8
      vertex 67.3388 -28.8501 1.8
      vertex 67.8838 -28.6651 1.8
    endloop
  endfacet
  facet normal 0 0 1
    outer loop
      vertex 66.2 -29 1.8
      vertex 67.352 -26.5387 1.8
      vertex 67.0373 -26.2627 1.8
    endloop
  endfacet
  facet normal 0 0 1
    outer loop
      vertex 67.352 -26.5387 1.8
      vertex 66.7743 -28.9623 1.8
      vertex 67.3388 -28.8501 1.8
    endloop
  endfacet
  facet normal 0 0 1
    outer loop
      vertex 66.2 -29 1.8
      vertex 67.0373 -26.2627 1.8
      vertex 66.7613 -25.948 1.8
    endloop
  endfacet
  facet normal 0 0 1
    outer loop
      vertex 66.2 -29 1.8
      vertex 66.7613 -25.948 1.8
      vertex 66.5287 -25.6 1.8
    endloop
  endfacet
  facet normal 0 0 1
    outer loop
      vertex 66.2 -29 1.8
      vertex 66.5287 -25.6 1.8
      vertex 66.3436 -25.2246 1.8
    endloop
  endfacet
  facet normal 0 0 1
    outer loop
      vertex 66.2 -29 1.8
      vertex 66.3436 -25.2246 1.8
      vertex 66.209 -24.8282 1.8
    endloop
  endfacet
  facet normal 0 0 1
    outer loop
      vertex 67.352 -26.5387 1.8
      vertex 66.2 -29 1.8
      vertex 66.7743 -28.9623 1.8
    endloop
  endfacet
  facet normal 0 0 1
    outer loop
      vertex 66.1274 -24.4177 1.8
      vertex 66.2 -29 1.8
      vertex 66.209 -24.8282 1.8
    endloop
  endfacet
  facet normal 0 0 1
    outer loop
      vertex 6.51999 -29 1.8
      vertex 66.1274 -24.4177 1.8
      vertex 66.1 -24 1.8
    endloop
  endfacet
  facet normal 0 0 1
    outer loop
      vertex 66.1274 -24.4177 1.8
      vertex 6.51999 -29 1.8
      vertex 66.2 -29 1.8
    endloop
  endfacet
  facet normal 0 0 1
    outer loop
      vertex 72.164 22.8137 1.8
      vertex 74.2 24.6 1.8
      vertex 72.2944 23.1977 1.8
    endloop
  endfacet
  facet normal 0 0 1
    outer loop
      vertex 74.2 -24.6 1.8
      vertex 72.3735 -23.5954 1.8
      vertex 72.4 -24 1.8
    endloop
  endfacet
  facet normal 0 0 1
    outer loop
      vertex 71.9847 22.45 1.8
      vertex 74.2 24.6 1.8
      vertex 72.164 22.8137 1.8
    endloop
  endfacet
  facet normal 0 0 1
    outer loop
      vertex 74.2 -24.6 1.8
      vertex 72.2944 -23.1977 1.8
      vertex 72.3735 -23.5954 1.8
    endloop
  endfacet
  facet normal 0 0 1
    outer loop
      vertex 71.8 22.1736 1.8
      vertex 74.2 24.6 1.8
      vertex 71.9847 22.45 1.8
    endloop
  endfacet
  facet normal 0 0 1
    outer loop
      vertex 74.2 -24.6 1.8
      vertex 72.164 -22.8137 1.8
      vertex 72.2944 -23.1977 1.8
    endloop
  endfacet
  facet normal 0 0 1
    outer loop
      vertex 74.2 24.6 1.8
      vertex 71.8 22.1736 1.8
      vertex 74.2 -24.6 1.8
    endloop
  endfacet
  facet normal 0 0 1
    outer loop
      vertex 74.2 -24.6 1.8
      vertex 71.9847 -22.45 1.8
      vertex 72.164 -22.8137 1.8
    endloop
  endfacet
  facet normal -0 0 1
    outer loop
      vertex 71.8 -22.1736 1.8
      vertex 74.2 -24.6 1.8
      vertex 71.8 22.1736 1.8
    endloop
  endfacet
  facet normal 0 0 1
    outer loop
      vertex 74.2 -24.6 1.8
      vertex 71.8 -22.1736 1.8
      vertex 71.9847 -22.45 1.8
    endloop
  endfacet
  facet normal -0 0 1
    outer loop
      vertex 72.2944 24.8023 1.8
      vertex 74.2 24.6 1.8
      vertex 74.1316 25.6442 1.8
    endloop
  endfacet
  facet normal 0 0 1
    outer loop
      vertex 72.3735 23.5954 1.8
      vertex 74.2 24.6 1.8
      vertex 72.4 24 1.8
    endloop
  endfacet
  facet normal 0 0 1
    outer loop
      vertex 71.9847 25.55 1.8
      vertex 74.1316 25.6442 1.8
      vertex 73.9274 26.6705 1.8
    endloop
  endfacet
  facet normal 0 0 1
    outer loop
      vertex 72.2944 23.1977 1.8
      vertex 74.2 24.6 1.8
      vertex 72.3735 23.5954 1.8
    endloop
  endfacet
  facet normal 0 0 1
    outer loop
      vertex 71.7594 25.8872 1.8
      vertex 73.9274 26.6705 1.8
      vertex 73.591 27.6615 1.8
    endloop
  endfacet
  facet normal -0 0 1
    outer loop
      vertex 72.3735 -24.4046 1.8
      vertex 74.2 -24.6 1.8
      vertex 72.4 -24 1.8
    endloop
  endfacet
  facet normal 0 0 1
    outer loop
      vertex 71.3737 26.743 1.8
      vertex 73.591 27.6615 1.8
      vertex 73.1282 28.6 1.8
    endloop
  endfacet
  facet normal 0 0 1
    outer loop
      vertex 72.2944 -24.8023 1.8
      vertex 74.2 -24.6 1.8
      vertex 72.3735 -24.4046 1.8
    endloop
  endfacet
  facet normal 0 0 1
    outer loop
      vertex 71.0497 27.4 1.8
      vertex 73.1282 28.6 1.8
      vertex 72.5468 29.4701 1.8
    endloop
  endfacet
  facet normal 0 0 1
    outer loop
      vertex 74.2 -24.6 1.8
      vertex 72.2944 -24.8023 1.8
      vertex 74.1316 -25.6442 1.8
    endloop
  endfacet
  facet normal -0 0 1
    outer loop
      vertex 72.164 -25.1863 1.8
      vertex 74.1316 -25.6442 1.8
      vertex 72.2944 -24.8023 1.8
    endloop
  endfacet
  facet normal 0 0 1
    outer loop
      vertex 74.2 24.6 1.8
      vertex 72.3735 24.4046 1.8
      vertex 72.4 24 1.8
    endloop
  endfacet
  facet normal 0 0 1
    outer loop
      vertex 74.2 24.6 1.8
      vertex 72.2944 24.8023 1.8
      vertex 72.3735 24.4046 1.8
    endloop
  endfacet
  facet normal 0 0 1
    outer loop
      vertex 74.1316 25.6442 1.8
      vertex 72.164 25.1863 1.8
      vertex 72.2944 24.8023 1.8
    endloop
  endfacet
  facet normal 0 0 1
    outer loop
      vertex 74.1316 25.6442 1.8
      vertex 71.9847 25.55 1.8
      vertex 72.164 25.1863 1.8
    endloop
  endfacet
  facet normal 0 0 1
    outer loop
      vertex 70.6428 28.009 1.8
      vertex 72.5468 29.4701 1.8
      vertex 71.8569 30.2569 1.8
    endloop
  endfacet
  facet normal 0 0 1
    outer loop
      vertex 73.9274 26.6705 1.8
      vertex 71.7594 25.8872 1.8
      vertex 71.9847 25.55 1.8
    endloop
  endfacet
  facet normal 0 0 1
    outer loop
      vertex 73.591 27.6615 1.8
      vertex 71.3737 26.743 1.8
      vertex 71.7594 25.8872 1.8
    endloop
  endfacet
  facet normal 0 0 1
    outer loop
      vertex 71.7594 25.8872 1.8
      vertex 71.3737 26.743 1.8
      vertex 71.6041 26.0642 1.8
    endloop
  endfacet
  facet normal 0 0 1
    outer loop
      vertex 70.1598 28.5598 1.8
      vertex 71.8569 30.2569 1.8
      vertex 71.0701 30.9468 1.8
    endloop
  endfacet
  facet normal 0 0 1
    outer loop
      vertex 73.1282 28.6 1.8
      vertex 71.0497 27.4 1.8
      vertex 71.3737 26.743 1.8
    endloop
  endfacet
  facet normal 0 0 1
    outer loop
      vertex 72.5468 29.4701 1.8
      vertex 70.6428 28.009 1.8
      vertex 71.0497 27.4 1.8
    endloop
  endfacet
  facet normal 0 0 1
    outer loop
      vertex 69.6091 29.0428 1.8
      vertex 71.0701 30.9468 1.8
      vertex 70.2 31.5282 1.8
    endloop
  endfacet
  facet normal 0 0 1
    outer loop
      vertex 71.8569 30.2569 1.8
      vertex 70.1598 28.5598 1.8
      vertex 70.6428 28.009 1.8
    endloop
  endfacet
  facet normal 0 0 1
    outer loop
      vertex 71.0701 30.9468 1.8
      vertex 69.6091 29.0428 1.8
      vertex 70.1598 28.5598 1.8
    endloop
  endfacet
  facet normal 0 0 1
    outer loop
      vertex 69 29.4497 1.8
      vertex 70.2 31.5282 1.8
      vertex 69.2615 31.991 1.8
    endloop
  endfacet
  facet normal 0 0 1
    outer loop
      vertex 70.2 31.5282 1.8
      vertex 69 29.4497 1.8
      vertex 69.6091 29.0428 1.8
    endloop
  endfacet
  facet normal 0 0 1
    outer loop
      vertex 69.2615 31.991 1.8
      vertex 68.343 29.7737 1.8
      vertex 69 29.4497 1.8
    endloop
  endfacet
  facet normal 0 0 1
    outer loop
      vertex 68.2706 32.3274 1.8
      vertex 68.343 29.7737 1.8
      vertex 69.2615 31.991 1.8
    endloop
  endfacet
  facet normal 0 0 1
    outer loop
      vertex 68.2706 32.3274 1.8
      vertex 67.6494 30.0092 1.8
      vertex 68.343 29.7737 1.8
    endloop
  endfacet
  facet normal 0 0 1
    outer loop
      vertex 67.2442 32.5316 1.8
      vertex 67.6494 30.0092 1.8
      vertex 68.2706 32.3274 1.8
    endloop
  endfacet
  facet normal 0 0 1
    outer loop
      vertex 67.2442 32.5316 1.8
      vertex 66.9309 30.1521 1.8
      vertex 67.6494 30.0092 1.8
    endloop
  endfacet
  facet normal 0 0 1
    outer loop
      vertex 66.2 32.6 1.8
      vertex 66.9309 30.1521 1.8
      vertex 67.2442 32.5316 1.8
    endloop
  endfacet
  facet normal 0 0 1
    outer loop
      vertex 66.2 32.6 1.8
      vertex 66.2 30.2 1.8
      vertex 66.9309 30.1521 1.8
    endloop
  endfacet
  facet normal -0 0 1
    outer loop
      vertex -66.2 32.6 1.8
      vertex 66.2 30.2 1.8
      vertex 66.2 32.6 1.8
    endloop
  endfacet
  facet normal 0 0 1
    outer loop
      vertex -66.2 32.6 1.8
      vertex -66.2 30.2 1.8
      vertex 66.2 30.2 1.8
    endloop
  endfacet
  facet normal 0 0 1
    outer loop
      vertex -66.2 32.6 1.8
      vertex -66.9309 30.1521 1.8
      vertex -66.2 30.2 1.8
    endloop
  endfacet
  facet normal -0 0 1
    outer loop
      vertex -67.2442 32.5316 1.8
      vertex -66.9309 30.1521 1.8
      vertex -66.2 32.6 1.8
    endloop
  endfacet
  facet normal 0 0 1
    outer loop
      vertex -67.2442 32.5316 1.8
      vertex -67.6494 30.0092 1.8
      vertex -66.9309 30.1521 1.8
    endloop
  endfacet
  facet normal -0 0 1
    outer loop
      vertex -68.2706 32.3274 1.8
      vertex -67.6494 30.0092 1.8
      vertex -67.2442 32.5316 1.8
    endloop
  endfacet
  facet normal 0 0 1
    outer loop
      vertex -68.2706 32.3274 1.8
      vertex -68.343 29.7737 1.8
      vertex -67.6494 30.0092 1.8
    endloop
  endfacet
  facet normal -0 0 1
    outer loop
      vertex -69.2615 31.991 1.8
      vertex -68.343 29.7737 1.8
      vertex -68.2706 32.3274 1.8
    endloop
  endfacet
  facet normal 0 0 1
    outer loop
      vertex -68.343 29.7737 1.8
      vertex -69.2615 31.991 1.8
      vertex -69 29.4497 1.8
    endloop
  endfacet
  facet normal -0 0 1
    outer loop
      vertex -70.2 31.5282 1.8
      vertex -69 29.4497 1.8
      vertex -69.2615 31.991 1.8
    endloop
  endfacet
  facet normal 0 0 1
    outer loop
      vertex -69 29.4497 1.8
      vertex -70.2 31.5282 1.8
      vertex -69.6091 29.0428 1.8
    endloop
  endfacet
  facet normal -0 0 1
    outer loop
      vertex -71.0701 30.9468 1.8
      vertex -69.6091 29.0428 1.8
      vertex -70.2 31.5282 1.8
    endloop
  endfacet
  facet normal 0 0 1
    outer loop
      vertex -69.6091 29.0428 1.8
      vertex -71.0701 30.9468 1.8
      vertex -70.1598 28.5598 1.8
    endloop
  endfacet
  facet normal -0 0 1
    outer loop
      vertex -71.8569 30.2569 1.8
      vertex -70.1598 28.5598 1.8
      vertex -71.0701 30.9468 1.8
    endloop
  endfacet
  facet normal 0 0 1
    outer loop
      vertex -70.1598 28.5598 1.8
      vertex -71.8569 30.2569 1.8
      vertex -70.6428 28.009 1.8
    endloop
  endfacet
  facet normal -0 0 1
    outer loop
      vertex -72.5468 29.4701 1.8
      vertex -70.6428 28.009 1.8
      vertex -71.8569 30.2569 1.8
    endloop
  endfacet
  facet normal 0 0 1
    outer loop
      vertex -70.6428 28.009 1.8
      vertex -72.5468 29.4701 1.8
      vertex -71.0497 27.4 1.8
    endloop
  endfacet
  facet normal -0 0 1
    outer loop
      vertex -73.1282 28.6 1.8
      vertex -71.0497 27.4 1.8
      vertex -72.5468 29.4701 1.8
    endloop
  endfacet
  facet normal 0 0 1
    outer loop
      vertex -71.0497 27.4 1.8
      vertex -73.1282 28.6 1.8
      vertex -71.3737 26.743 1.8
    endloop
  endfacet
  facet normal -0 0 1
    outer loop
      vertex -73.591 27.6615 1.8
      vertex -71.3737 26.743 1.8
      vertex -73.1282 28.6 1.8
    endloop
  endfacet
  facet normal 0 -0 1
    outer loop
      vertex -71.7594 25.8872 1.8
      vertex -71.3737 26.743 1.8
      vertex -73.591 27.6615 1.8
    endloop
  endfacet
  facet normal 0 0 1
    outer loop
      vertex -71.3737 26.743 1.8
      vertex -71.7594 25.8872 1.8
      vertex -71.6041 26.0642 1.8
    endloop
  endfacet
  facet normal -0 0 1
    outer loop
      vertex -73.9274 26.6705 1.8
      vertex -71.7594 25.8872 1.8
      vertex -73.591 27.6615 1.8
    endloop
  endfacet
  facet normal 0 0 1
    outer loop
      vertex -71.9847 25.55 1.8
      vertex -74.1316 25.6442 1.8
      vertex -72.164 25.1863 1.8
    endloop
  endfacet
  facet normal -0 0 1
    outer loop
      vertex -74.1316 25.6442 1.8
      vertex -71.9847 25.55 1.8
      vertex -73.9274 26.6705 1.8
    endloop
  endfacet
  facet normal 0 0 1
    outer loop
      vertex -71.7594 25.8872 1.8
      vertex -73.9274 26.6705 1.8
      vertex -71.9847 25.55 1.8
    endloop
  endfacet
  facet normal -0 0 1
    outer loop
      vertex 71.9847 -25.55 1.8
      vertex 74.1316 -25.6442 1.8
      vertex 72.164 -25.1863 1.8
    endloop
  endfacet
  facet normal 0 0 1
    outer loop
      vertex 74.1316 -25.6442 1.8
      vertex 71.9847 -25.55 1.8
      vertex 73.9274 -26.6705 1.8
    endloop
  endfacet
  facet normal -0 0 1
    outer loop
      vertex 71.7594 -25.8872 1.8
      vertex 73.9274 -26.6705 1.8
      vertex 71.9847 -25.55 1.8
    endloop
  endfacet
  facet normal 0 0 1
    outer loop
      vertex 73.9274 -26.6705 1.8
      vertex 71.7594 -25.8872 1.8
      vertex 73.591 -27.6615 1.8
    endloop
  endfacet
  facet normal -0 0 1
    outer loop
      vertex 71.3737 -26.743 1.8
      vertex 73.591 -27.6615 1.8
      vertex 71.7594 -25.8872 1.8
    endloop
  endfacet
  facet normal 0 0 1
    outer loop
      vertex 73.591 -27.6615 1.8
      vertex 71.3737 -26.743 1.8
      vertex 73.1282 -28.6 1.8
    endloop
  endfacet
  facet normal -0 0 1
    outer loop
      vertex 71.0497 -27.4 1.8
      vertex 73.1282 -28.6 1.8
      vertex 71.3737 -26.743 1.8
    endloop
  endfacet
  facet normal 0 0 1
    outer loop
      vertex 71.3737 -26.743 1.8
      vertex 71.7594 -25.8872 1.8
      vertex 71.6041 -26.0642 1.8
    endloop
  endfacet
  facet normal 0 0 1
    outer loop
      vertex 73.1282 -28.6 1.8
      vertex 71.0497 -27.4 1.8
      vertex 72.5468 -29.4701 1.8
    endloop
  endfacet
  facet normal -0 0 1
    outer loop
      vertex 70.6428 -28.009 1.8
      vertex 72.5468 -29.4701 1.8
      vertex 71.0497 -27.4 1.8
    endloop
  endfacet
  facet normal 0 0 1
    outer loop
      vertex 72.5468 -29.4701 1.8
      vertex 70.6428 -28.009 1.8
      vertex 71.8569 -30.2569 1.8
    endloop
  endfacet
  facet normal -0 0 1
    outer loop
      vertex 70.1598 -28.5598 1.8
      vertex 71.8569 -30.2569 1.8
      vertex 70.6428 -28.009 1.8
    endloop
  endfacet
  facet normal 0 0 1
    outer loop
      vertex 71.8569 -30.2569 1.8
      vertex 70.1598 -28.5598 1.8
      vertex 71.0701 -30.9468 1.8
    endloop
  endfacet
  facet normal -0 0 1
    outer loop
      vertex 69.6091 -29.0428 1.8
      vertex 71.0701 -30.9468 1.8
      vertex 70.1598 -28.5598 1.8
    endloop
  endfacet
  facet normal 0 0 1
    outer loop
      vertex 71.0701 -30.9468 1.8
      vertex 69.6091 -29.0428 1.8
      vertex 70.2 -31.5282 1.8
    endloop
  endfacet
  facet normal -0 0 1
    outer loop
      vertex 69 -29.4497 1.8
      vertex 70.2 -31.5282 1.8
      vertex 69.6091 -29.0428 1.8
    endloop
  endfacet
  facet normal 0 0 1
    outer loop
      vertex 70.2 -31.5282 1.8
      vertex 69 -29.4497 1.8
      vertex 69.2615 -31.991 1.8
    endloop
  endfacet
  facet normal -0 0 1
    outer loop
      vertex 68.343 -29.7737 1.8
      vertex 69.2615 -31.991 1.8
      vertex 69 -29.4497 1.8
    endloop
  endfacet
  facet normal 0 0 1
    outer loop
      vertex 68.343 -29.7737 1.8
      vertex 68.2706 -32.3274 1.8
      vertex 69.2615 -31.991 1.8
    endloop
  endfacet
  facet normal -0 0 1
    outer loop
      vertex 67.6494 -30.0092 1.8
      vertex 68.2706 -32.3274 1.8
      vertex 68.343 -29.7737 1.8
    endloop
  endfacet
  facet normal 0 0 1
    outer loop
      vertex 67.6494 -30.0092 1.8
      vertex 67.2442 -32.5316 1.8
      vertex 68.2706 -32.3274 1.8
    endloop
  endfacet
  facet normal -0 0 1
    outer loop
      vertex 66.9309 -30.1521 1.8
      vertex 67.2442 -32.5316 1.8
      vertex 67.6494 -30.0092 1.8
    endloop
  endfacet
  facet normal -0 0 1
    outer loop
      vertex 66.2 -30.2 1.8
      vertex 67.2442 -32.5316 1.8
      vertex 66.9309 -30.1521 1.8
    endloop
  endfacet
  facet normal 0 0 1
    outer loop
      vertex 66.2 -30.2 1.8
      vertex 66.2 -32.6 1.8
      vertex 67.2442 -32.5316 1.8
    endloop
  endfacet
  facet normal -0 0 1
    outer loop
      vertex 6.51999 -30.2 1.8
      vertex 66.2 -32.6 1.8
      vertex 66.2 -30.2 1.8
    endloop
  endfacet
  facet normal 0 0 1
    outer loop
      vertex -6.87999 -30.2 1.8
      vertex 6.51999 -30.2 1.8
      vertex -6.87999 -29 1.8
    endloop
  endfacet
  facet normal -0 0 1
    outer loop
      vertex -6.87999 -30.2 1.8
      vertex 66.2 -32.6 1.8
      vertex 6.51999 -30.2 1.8
    endloop
  endfacet
  facet normal 0 0 1
    outer loop
      vertex -66.2 -32.6 1.8
      vertex -6.87999 -30.2 1.8
      vertex -66.2 -30.2 1.8
    endloop
  endfacet
  facet normal 0 0 1
    outer loop
      vertex -6.87999 -30.2 1.8
      vertex -66.2 -32.6 1.8
      vertex 66.2 -32.6 1.8
    endloop
  endfacet
  facet normal 0 0 1
    outer loop
      vertex -66.9309 -30.1521 1.8
      vertex -66.2 -32.6 1.8
      vertex -66.2 -30.2 1.8
    endloop
  endfacet
  facet normal 0 0 1
    outer loop
      vertex -66.9309 -30.1521 1.8
      vertex -67.2442 -32.5316 1.8
      vertex -66.2 -32.6 1.8
    endloop
  endfacet
  facet normal 0 0 1
    outer loop
      vertex -67.6494 -30.0092 1.8
      vertex -67.2442 -32.5316 1.8
      vertex -66.9309 -30.1521 1.8
    endloop
  endfacet
  facet normal 0 0 1
    outer loop
      vertex -67.6494 -30.0092 1.8
      vertex -68.2706 -32.3274 1.8
      vertex -67.2442 -32.5316 1.8
    endloop
  endfacet
  facet normal 0 0 1
    outer loop
      vertex -68.343 -29.7737 1.8
      vertex -68.2706 -32.3274 1.8
      vertex -67.6494 -30.0092 1.8
    endloop
  endfacet
  facet normal 0 0 1
    outer loop
      vertex -69.2615 -31.991 1.8
      vertex -68.343 -29.7737 1.8
      vertex -69 -29.4497 1.8
    endloop
  endfacet
  facet normal 0 0 1
    outer loop
      vertex -68.343 -29.7737 1.8
      vertex -69.2615 -31.991 1.8
      vertex -68.2706 -32.3274 1.8
    endloop
  endfacet
  facet normal 0 0 1
    outer loop
      vertex -70.2 -31.5282 1.8
      vertex -69 -29.4497 1.8
      vertex -69.6091 -29.0428 1.8
    endloop
  endfacet
  facet normal 0 0 1
    outer loop
      vertex -71.0701 -30.9468 1.8
      vertex -69.6091 -29.0428 1.8
      vertex -70.1598 -28.5598 1.8
    endloop
  endfacet
  facet normal 0 0 1
    outer loop
      vertex -69 -29.4497 1.8
      vertex -70.2 -31.5282 1.8
      vertex -69.2615 -31.991 1.8
    endloop
  endfacet
  facet normal 0 0 1
    outer loop
      vertex -71.8569 -30.2569 1.8
      vertex -70.1598 -28.5598 1.8
      vertex -70.6428 -28.009 1.8
    endloop
  endfacet
  facet normal 0 0 1
    outer loop
      vertex -72.5468 -29.4701 1.8
      vertex -70.6428 -28.009 1.8
      vertex -71.0497 -27.4 1.8
    endloop
  endfacet
  facet normal 0 0 1
    outer loop
      vertex -69.6091 -29.0428 1.8
      vertex -71.0701 -30.9468 1.8
      vertex -70.2 -31.5282 1.8
    endloop
  endfacet
  facet normal 0 0 1
    outer loop
      vertex -73.1282 -28.6 1.8
      vertex -71.0497 -27.4 1.8
      vertex -71.3737 -26.743 1.8
    endloop
  endfacet
  facet normal 0 0 1
    outer loop
      vertex -71.7594 -25.8872 1.8
      vertex -71.3737 -26.743 1.8
      vertex -71.6041 -26.0642 1.8
    endloop
  endfacet
  facet normal 0 0 1
    outer loop
      vertex -71.3737 -26.743 1.8
      vertex -71.7594 -25.8872 1.8
      vertex -73.591 -27.6615 1.8
    endloop
  endfacet
  facet normal 0 0 1
    outer loop
      vertex -70.1598 -28.5598 1.8
      vertex -71.8569 -30.2569 1.8
      vertex -71.0701 -30.9468 1.8
    endloop
  endfacet
  facet normal 0 0 1
    outer loop
      vertex -73.9274 -26.6705 1.8
      vertex -71.7594 -25.8872 1.8
      vertex -71.9847 -25.55 1.8
    endloop
  endfacet
  facet normal 0 0 1
    outer loop
      vertex -74.1316 -25.6442 1.8
      vertex -71.9847 -25.55 1.8
      vertex -72.164 -25.1863 1.8
    endloop
  endfacet
  facet normal 0 0 1
    outer loop
      vertex -74.1316 -25.6442 1.8
      vertex -72.164 -25.1863 1.8
      vertex -72.2944 -24.8023 1.8
    endloop
  endfacet
  facet normal -0 0 1
    outer loop
      vertex -74.2 -24.6 1.8
      vertex -72.2944 -24.8023 1.8
      vertex -72.3735 -24.4046 1.8
    endloop
  endfacet
  facet normal 0 0 1
    outer loop
      vertex -70.6428 -28.009 1.8
      vertex -72.5468 -29.4701 1.8
      vertex -71.8569 -30.2569 1.8
    endloop
  endfacet
  facet normal 0 0 1
    outer loop
      vertex -74.2 -24.6 1.8
      vertex -72.3735 -24.4046 1.8
      vertex -72.4 -24 1.8
    endloop
  endfacet
  facet normal 0 0 1
    outer loop
      vertex -72.4 24 1.8
      vertex -74.2 24.6 1.8
      vertex -72.4 -24 1.8
    endloop
  endfacet
  facet normal 0 0 1
    outer loop
      vertex -72.164 25.1863 1.8
      vertex -74.1316 25.6442 1.8
      vertex -72.2944 24.8023 1.8
    endloop
  endfacet
  facet normal 0 0 1
    outer loop
      vertex -74.2 -24.6 1.8
      vertex -72.4 -24 1.8
      vertex -74.2 24.6 1.8
    endloop
  endfacet
  facet normal 0 0 1
    outer loop
      vertex -74.2 24.6 1.8
      vertex -72.2944 24.8023 1.8
      vertex -74.1316 25.6442 1.8
    endloop
  endfacet
  facet normal 0 0 1
    outer loop
      vertex -72.2944 -24.8023 1.8
      vertex -74.2 -24.6 1.8
      vertex -74.1316 -25.6442 1.8
    endloop
  endfacet
  facet normal 0 0 1
    outer loop
      vertex -72.2944 24.8023 1.8
      vertex -74.2 24.6 1.8
      vertex -72.3735 24.4046 1.8
    endloop
  endfacet
  facet normal 0 0 1
    outer loop
      vertex -71.0497 -27.4 1.8
      vertex -73.1282 -28.6 1.8
      vertex -72.5468 -29.4701 1.8
    endloop
  endfacet
  facet normal 0 0 1
    outer loop
      vertex -72.3735 24.4046 1.8
      vertex -74.2 24.6 1.8
      vertex -72.4 24 1.8
    endloop
  endfacet
  facet normal 0 0 1
    outer loop
      vertex -71.3737 -26.743 1.8
      vertex -73.591 -27.6615 1.8
      vertex -73.1282 -28.6 1.8
    endloop
  endfacet
  facet normal 0 0 1
    outer loop
      vertex -71.7594 -25.8872 1.8
      vertex -73.9274 -26.6705 1.8
      vertex -73.591 -27.6615 1.8
    endloop
  endfacet
  facet normal 0 0 1
    outer loop
      vertex -71.9847 -25.55 1.8
      vertex -74.1316 -25.6442 1.8
      vertex -73.9274 -26.6705 1.8
    endloop
  endfacet
  facet normal 0 0 1
    outer loop
      vertex 6.51999 -29 1.8
      vertex -30.1 19 1.8
      vertex -6.87999 -29 1.8
    endloop
  endfacet
  facet normal -0 0 1
    outer loop
      vertex -30.1 -19 1.8
      vertex -6.87999 -29 1.8
      vertex -30.1 19 1.8
    endloop
  endfacet
  facet normal -0 0 1
    outer loop
      vertex -30.1 -26.5 1.8
      vertex -6.87999 -29 1.8
      vertex -30.1 -19 1.8
    endloop
  endfacet
  facet normal -0 0 1
    outer loop
      vertex -37.6 -26.5 1.8
      vertex -6.87999 -29 1.8
      vertex -30.1 -26.5 1.8
    endloop
  endfacet
  facet normal 0 0 1
    outer loop
      vertex -31.3 -19 1.8
      vertex -59.6 -25.3 1.8
      vertex -37.6 -25.3 1.8
    endloop
  endfacet
  facet normal 0 0 1
    outer loop
      vertex -37.6 -25.3 1.8
      vertex -59.6 -25.3 1.8
      vertex -37.6 -26.5 1.8
    endloop
  endfacet
  facet normal 0 0 1
    outer loop
      vertex -59.6 -26.5 1.8
      vertex -37.6 -26.5 1.8
      vertex -59.6 -25.3 1.8
    endloop
  endfacet
  facet normal 0 0 1
    outer loop
      vertex -66.2 -29 1.8
      vertex -37.6 -26.5 1.8
      vertex -59.6 -26.5 1.8
    endloop
  endfacet
  facet normal 0 0 1
    outer loop
      vertex -37.6 -26.5 1.8
      vertex -66.2 -29 1.8
      vertex -6.87999 -29 1.8
    endloop
  endfacet
  facet normal -0 0 1
    outer loop
      vertex -67.1 -26.5 1.8
      vertex -66.2 -29 1.8
      vertex -59.6 -26.5 1.8
    endloop
  endfacet
  facet normal 0 0 1
    outer loop
      vertex -66.2 -29 1.8
      vertex -67.1 -26.5 1.8
      vertex -66.7743 -28.9623 1.8
    endloop
  endfacet
  facet normal 0 0 1
    outer loop
      vertex -66.7743 -28.9623 1.8
      vertex -67.1 -26.5 1.8
      vertex -67.3388 -28.8501 1.8
    endloop
  endfacet
  facet normal 0 0 1
    outer loop
      vertex -71.9847 22.45 1.8
      vertex -71.8 -22.1736 1.8
      vertex -71.8 22.1736 1.8
    endloop
  endfacet
  facet normal 0 0 1
    outer loop
      vertex -71.9847 22.45 1.8
      vertex -71.9847 -22.45 1.8
      vertex -71.8 -22.1736 1.8
    endloop
  endfacet
  facet normal 0 0 1
    outer loop
      vertex -72.164 22.8137 1.8
      vertex -71.9847 -22.45 1.8
      vertex -71.9847 22.45 1.8
    endloop
  endfacet
  facet normal 0 0 1
    outer loop
      vertex -72.164 22.8137 1.8
      vertex -72.164 -22.8137 1.8
      vertex -71.9847 -22.45 1.8
    endloop
  endfacet
  facet normal 0 0 1
    outer loop
      vertex -72.2944 23.1977 1.8
      vertex -72.164 -22.8137 1.8
      vertex -72.164 22.8137 1.8
    endloop
  endfacet
  facet normal 0 0 1
    outer loop
      vertex -72.2944 23.1977 1.8
      vertex -72.2944 -23.1977 1.8
      vertex -72.164 -22.8137 1.8
    endloop
  endfacet
  facet normal 0 0 1
    outer loop
      vertex -72.3735 23.5954 1.8
      vertex -72.2944 -23.1977 1.8
      vertex -72.2944 23.1977 1.8
    endloop
  endfacet
  facet normal 0 0 1
    outer loop
      vertex -72.3735 23.5954 1.8
      vertex -72.3735 -23.5954 1.8
      vertex -72.2944 -23.1977 1.8
    endloop
  endfacet
  facet normal 0 0 1
    outer loop
      vertex -72.4 24 1.8
      vertex -72.3735 -23.5954 1.8
      vertex -72.3735 23.5954 1.8
    endloop
  endfacet
  facet normal 0 0 1
    outer loop
      vertex -72.3735 -23.5954 1.8
      vertex -72.4 24 1.8
      vertex -72.4 -24 1.8
    endloop
  endfacet
  facet normal 0.94693 0.32144 0
    outer loop
      vertex 73.9274 26.6705 1.8
      vertex 73.591 27.6615 1.5
      vertex 73.591 27.6615 1.8
    endloop
  endfacet
  facet normal 0.94693 0.32144 0
    outer loop
      vertex 73.591 27.6615 1.5
      vertex 73.9274 26.6705 1.8
      vertex 73.9274 26.6705 1.5
    endloop
  endfacet
  facet normal -0.75189 0.659289 0
    outer loop
      vertex -72.5468 29.4701 1.5
      vertex -71.8569 30.2569 1.8
      vertex -71.8569 30.2569 1.5
    endloop
  endfacet
  facet normal -0.75189 0.659289 0
    outer loop
      vertex -71.8569 30.2569 1.8
      vertex -72.5468 29.4701 1.5
      vertex -72.5468 29.4701 1.8
    endloop
  endfacet
  facet normal 0.442276 0.896879 -0
    outer loop
      vertex 70.2 31.5282 1.5
      vertex 69.2615 31.991 1.8
      vertex 70.2 31.5282 1.8
    endloop
  endfacet
  facet normal 0.442276 0.896879 0
    outer loop
      vertex 69.2615 31.991 1.8
      vertex 70.2 31.5282 1.5
      vertex 69.2615 31.991 1.5
    endloop
  endfacet
  facet normal 0.951472 -0.189266 -0.242649
    outer loop
      vertex 74.103 -25.6404 1.20736
      vertex 73.865 -26.6538 1.06457
      vertex 74.0675 -25.6358 1.06457
    endloop
  endfacet
  facet normal 0.918557 -0.311861 -0.242891
    outer loop
      vertex 73.8996 -26.6631 1.20736
      vertex 73.5644 -27.6504 1.20736
      vertex 73.865 -26.6538 1.06457
    endloop
  endfacet
  facet normal 0.616762 -0.412063 -0.670677
    outer loop
      vertex 72.8333 -28.4297 0.54841
      vertex 72.2767 -29.2628 0.54841
      vertex 72.7477 -28.3803 0.43934
    endloop
  endfacet
  facet normal 0.702267 -0.238333 -0.670834
    outer loop
      vertex 73.5985 -26.5824 0.54841
      vertex 73.2765 -27.5312 0.54841
      vertex 73.503 -26.5568 0.43934
    endloop
  endfacet
  facet normal 0.761175 -0.258325 -0.594879
    outer loop
      vertex 73.6832 -26.6051 0.666645
      vertex 73.2765 -27.5312 0.54841
      vertex 73.5985 -26.5824 0.54841
    endloop
  endfacet
  facet normal 0.727356 -0.144716 -0.670828
    outer loop
      vertex 73.5985 -26.5824 0.54841
      vertex 73.503 -26.5568 0.43934
      vertex 73.794 -25.5998 0.54841
    endloop
  endfacet
  facet normal 0.193019 0.970207 -0.146433
    outer loop
      vertex 68.2687 32.3204 1.35297
      vertex 67.2404 32.503 1.20736
      vertex 67.2433 32.5244 1.35297
    endloop
  endfacet
  facet normal 0.441752 0.895818 -0.0486248
    outer loop
      vertex 70.2 31.5282 1.5
      vertex 69.2587 31.9844 1.35297
      vertex 69.2615 31.991 1.5
    endloop
  endfacet
  facet normal 0.652358 0.743767 -0.145739
    outer loop
      vertex 71.8365 30.2365 1.20736
      vertex 71.0657 30.9411 1.35297
      vertex 71.8517 30.2517 1.35297
    endloop
  endfacet
  facet normal 0.55491 0.830456 -0.0491706
    outer loop
      vertex 71.0701 30.9468 1.5
      vertex 70.1964 31.5219 1.35297
      vertex 70.2 31.5282 1.5
    endloop
  endfacet
  facet normal 0.379634 0.769856 -0.51303
    outer loop
      vertex 70.0736 31.3093 0.666645
      vertex 69.1647 31.7575 0.666645
      vertex 70.1114 31.3748 0.792906
    endloop
  endfacet
  facet normal 0.429098 0.87016 -0.242271
    outer loop
      vertex 70.1677 31.4723 1.06457
      vertex 69.2367 31.9314 1.06457
      vertex 69.2504 31.9644 1.20736
    endloop
  endfacet
  facet normal 0.557641 0.489019 -0.670744
    outer loop
      vertex 72.1983 29.2026 0.43934
      vertex 71.6161 30.0161 0.54841
      vertex 72.2767 29.2628 0.54841
    endloop
  endfacet
  facet normal 0.53218 0.46675 -0.706349
    outer loop
      vertex 71.8497 28.9352 6.86646e-07
      vertex 71.2355 29.6355 6.86646e-07
      vertex 72.1983 29.2026 0.43934
    endloop
  endfacet
  facet normal 0.596353 0.679968 -0.426623
    outer loop
      vertex 71.7316 30.1316 0.792906
      vertex 70.9623 30.8063 0.792906
      vertex 71.0006 30.8562 0.925976
    endloop
  endfacet
  facet normal 0.951425 0.189224 -0.242868
    outer loop
      vertex 74.103 25.6404 1.20736
      vertex 73.865 26.6538 1.06457
      vertex 73.8996 26.6631 1.20736
    endloop
  endfacet
  facet normal 0.679929 0.596286 -0.426779
    outer loop
      vertex 72.4562 29.4006 0.925976
      vertex 71.7316 30.1316 0.792906
      vertex 71.7761 30.1761 0.925976
    endloop
  endfacet
  facet normal -0.664903 0.327879 -0.671118
    outer loop
      vertex -73.1851 27.4933 0.43934
      vertex -73.2765 27.5312 0.54841
      vertex -72.7477 28.3803 0.43934
    endloop
  endfacet
  facet normal 0.138089 0.694322 -0.706292
    outer loop
      vertex 68.0431 31.4787 6.86646e-07
      vertex 67.1295 31.6604 6.86646e-07
      vertex 68.1568 31.903 0.43934
    endloop
  endfacet
  facet normal 0.945812 0.321061 -0.0485706
    outer loop
      vertex 73.9274 26.6705 1.5
      vertex 73.5844 27.6587 1.35297
      vertex 73.591 27.6615 1.5
    endloop
  endfacet
  facet normal 0.92368 0.183787 -0.33621
    outer loop
      vertex 74.0184 25.6293 0.925976
      vertex 73.8171 26.641 0.925976
      vertex 73.865 26.6538 1.06457
    endloop
  endfacet
  facet normal 0.918557 0.311861 -0.242891
    outer loop
      vertex 73.865 26.6538 1.06457
      vertex 73.5644 27.6504 1.20736
      vertex 73.8996 26.6631 1.20736
    endloop
  endfacet
  facet normal 0.856461 0.0561545 -0.513148
    outer loop
      vertex 73.9472 24.6 0.666645
      vertex 73.8809 25.6112 0.666645
      vertex 73.9559 25.6211 0.792906
    endloop
  endfacet
  facet normal 0.802231 0.0525988 -0.594693
    outer loop
      vertex 73.9472 24.6 0.666645
      vertex 73.794 25.5998 0.54841
      vertex 73.8809 25.6112 0.666645
    endloop
  endfacet
  facet normal 0.802231 -0.0525988 -0.594693
    outer loop
      vertex 73.8809 -25.6112 0.666645
      vertex 73.794 -25.5998 0.54841
      vertex 73.9472 -24.6 0.666645
    endloop
  endfacet
  facet normal 0.707058 0 -0.707156
    outer loop
      vertex 73.7607 -24.6 0.43934
      vertex 73.3213 24.6 6.86646e-07
      vertex 73.7607 24.6 0.43934
    endloop
  endfacet
  facet normal 0.707058 0 -0.707156
    outer loop
      vertex 73.3213 24.6 6.86646e-07
      vertex 73.7607 -24.6 0.43934
      vertex 73.3213 -24.6 6.86646e-07
    endloop
  endfacet
  facet normal 0.803172 0 -0.595747
    outer loop
      vertex 73.9472 -24.6 0.666645
      vertex 73.8595 24.6 0.54841
      vertex 73.9472 24.6 0.666645
    endloop
  endfacet
  facet normal 0.803172 0 -0.595747
    outer loop
      vertex 73.8595 24.6 0.54841
      vertex 73.9472 -24.6 0.666645
      vertex 73.8595 -24.6 0.54841
    endloop
  endfacet
  facet normal 0.941522 0 -0.336952
    outer loop
      vertex 74.1354 -24.6 1.06457
      vertex 74.0858 24.6 0.925976
      vertex 74.1354 24.6 1.06457
    endloop
  endfacet
  facet normal 0.941522 0 -0.336952
    outer loop
      vertex 74.0858 24.6 0.925976
      vertex 74.1354 -24.6 1.06457
      vertex 74.0858 -24.6 0.925976
    endloop
  endfacet
  facet normal 0.939738 0.0615353 -0.336313
    outer loop
      vertex 74.0858 24.6 0.925976
      vertex 74.0184 25.6293 0.925976
      vertex 74.1354 24.6 1.06457
    endloop
  endfacet
  facet normal 0.939892 -0.0616129 -0.335867
    outer loop
      vertex 74.0675 -25.6358 1.06457
      vertex 74.0184 -25.6293 0.925976
      vertex 74.1354 -24.6 1.06457
    endloop
  endfacet
  facet normal 0.856308 -0.0561871 -0.513401
    outer loop
      vertex 73.9559 -25.6211 0.792906
      vertex 73.9472 -24.6 0.666645
      vertex 74.0229 -24.6 0.792906
    endloop
  endfacet
  facet normal -0.195124 -0.980779 0
    outer loop
      vertex -68.2706 -32.3274 1.5
      vertex -67.2442 -32.5316 1.8
      vertex -68.2706 -32.3274 1.8
    endloop
  endfacet
  facet normal -0.195124 -0.980779 -0
    outer loop
      vertex -67.2442 -32.5316 1.8
      vertex -68.2706 -32.3274 1.5
      vertex -67.2442 -32.5316 1.5
    endloop
  endfacet
  facet normal -0.194888 -0.979593 -0.0491562
    outer loop
      vertex -67.2442 -32.5316 1.5
      vertex -68.2706 -32.3274 1.5
      vertex -68.2687 -32.3204 1.35297
    endloop
  endfacet
  facet normal -0.411994 -0.616584 -0.670884
    outer loop
      vertex -70.0298 -31.2333 0.54841
      vertex -70.8628 -30.6767 0.54841
      vertex -69.9803 -31.1477 0.43934
    endloop
  endfacet
  facet normal -0.645248 -0.565894 -0.513243
    outer loop
      vertex -71.6781 -30.0781 0.666645
      vertex -72.4063 -29.3623 0.792906
      vertex -72.3463 -29.3162 0.666645
    endloop
  endfacet
  facet normal -0.466689 0.532173 -0.706394
    outer loop
      vertex -71.2355 29.6355 6.86646e-07
      vertex -71.5462 29.9462 0.43934
      vertex -70.8026 30.5983 0.43934
    endloop
  endfacet
  facet normal -0.183762 -0.9238 -0.335895
    outer loop
      vertex -67.2358 -32.4675 1.06457
      vertex -68.2538 -32.265 1.06457
      vertex -67.2293 -32.4184 0.925976
    endloop
  endfacet
  facet normal -0.0616129 -0.939892 -0.335867
    outer loop
      vertex -66.2 -32.5354 1.06457
      vertex -67.2358 -32.4675 1.06457
      vertex -67.2293 -32.4184 0.925976
    endloop
  endfacet
  facet normal -0.156855 -0.788365 -0.594876
    outer loop
      vertex -67.1998 -32.194 0.54841
      vertex -68.2051 -32.0832 0.666645
      vertex -68.1824 -31.9985 0.54841
    endloop
  endfacet
  facet normal -0.258325 -0.761175 -0.594879
    outer loop
      vertex -68.2051 -32.0832 0.666645
      vertex -69.1312 -31.6765 0.54841
      vertex -68.1824 -31.9985 0.54841
    endloop
  endfacet
  facet normal -0.302748 -0.89181 -0.336182
    outer loop
      vertex -68.2538 -32.265 1.06457
      vertex -69.2178 -31.8855 0.925976
      vertex -68.241 -32.2171 0.925976
    endloop
  endfacet
  facet normal -0.167445 -0.841799 -0.513164
    outer loop
      vertex -67.2211 -32.3559 0.792906
      vertex -68.2051 -32.0832 0.666645
      vertex -67.2112 -32.2809 0.666645
    endloop
  endfacet
  facet normal -0.645261 -0.565914 -0.513206
    outer loop
      vertex -71.7316 -30.1316 0.792906
      vertex -72.4063 -29.3623 0.792906
      vertex -71.6781 -30.0781 0.666645
    endloop
  endfacet
  facet normal -0.679968 -0.596353 -0.426623
    outer loop
      vertex -71.7316 -30.1316 0.792906
      vertex -72.4562 -29.4006 0.925976
      vertex -72.4063 -29.3623 0.792906
    endloop
  endfacet
  facet normal -0.729459 -0.639673 -0.242297
    outer loop
      vertex -71.8365 -30.2365 1.20736
      vertex -72.524 -29.4525 1.20736
      vertex -72.4956 -29.4308 1.06457
    endloop
  endfacet
  facet normal -0.588558 -0.393231 -0.706377
    outer loop
      vertex -72.1983 -29.2026 0.43934
      vertex -72.7477 -28.3803 0.43934
      vertex -72.3672 -28.1606 6.86646e-07
    endloop
  endfacet
  facet normal -0.987103 -0.0647063 -0.146428
    outer loop
      vertex -74.103 -25.6404 1.20736
      vertex -74.1928 -24.6 1.35297
      vertex -74.1712 -24.6 1.20736
    endloop
  endfacet
  facet normal -0.904088 0 -0.427347
    outer loop
      vertex -74.0229 -24.6 0.792906
      vertex -74.0858 24.6 0.925976
      vertex -74.0229 24.6 0.792906
    endloop
  endfacet
  facet normal -0.904088 -0 -0.427347
    outer loop
      vertex -74.0858 24.6 0.925976
      vertex -74.0229 -24.6 0.792906
      vertex -74.0858 -24.6 0.925976
    endloop
  endfacet
  facet normal -0.979596 0.194907 -0.049024
    outer loop
      vertex -73.9204 26.6687 1.35297
      vertex -74.1316 25.6442 1.5
      vertex -73.9274 26.6705 1.5
    endloop
  endfacet
  facet normal -0.918557 0.311861 -0.242891
    outer loop
      vertex -73.865 26.6538 1.06457
      vertex -73.8996 26.6631 1.20736
      vertex -73.5644 27.6504 1.20736
    endloop
  endfacet
  facet normal -0.996672 0.0652867 -0.0488066
    outer loop
      vertex -74.1928 24.6 1.35297
      vertex -74.2 24.6 1.5
      vertex -74.1316 25.6442 1.5
    endloop
  endfacet
  facet normal -0.91874 0.311824 -0.242247
    outer loop
      vertex -73.5314 27.6367 1.06457
      vertex -73.865 26.6538 1.06457
      vertex -73.5644 27.6504 1.20736
    endloop
  endfacet
  facet normal -0.891693 0.302644 -0.336585
    outer loop
      vertex -73.4855 27.6178 0.925976
      vertex -73.865 26.6538 1.06457
      vertex -73.5314 27.6367 1.06457
    endloop
  endfacet
  facet normal 0.53218 -0.46675 -0.706349
    outer loop
      vertex 72.1983 -29.2026 0.43934
      vertex 71.2355 -29.6355 6.86646e-07
      vertex 71.8497 -28.9352 6.86646e-07
    endloop
  endfacet
  facet normal -0.802062 -0.0525456 -0.594924
    outer loop
      vertex -73.794 -25.5998 0.54841
      vertex -73.9472 -24.6 0.666645
      vertex -73.8595 -24.6 0.54841
    endloop
  endfacet
  facet normal -0.167404 0.841719 -0.513308
    outer loop
      vertex -68.2051 32.0832 0.666645
      vertex -68.2247 32.1563 0.792906
      vertex -67.2211 32.3559 0.792906
    endloop
  endfacet
  facet normal -0.167445 0.841799 -0.513164
    outer loop
      vertex -67.2112 32.2809 0.666645
      vertex -68.2051 32.0832 0.666645
      vertex -67.2211 32.3559 0.792906
    endloop
  endfacet
  facet normal -0.7063 -0.0463042 -0.706397
    outer loop
      vertex -73.696 -25.5869 0.43934
      vertex -73.7607 -24.6 0.43934
      vertex -73.3213 -24.6 6.86646e-07
    endloop
  endfacet
  facet normal 0 0 -1
    outer loop
      vertex 66.3056 -23.1977 6.86646e-07
      vertex -66.3056 -23.1977 6.86646e-07
      vertex 66.3056 23.1977 6.86646e-07
    endloop
  endfacet
  facet normal 0 0 -1
    outer loop
      vertex 66.3056 23.1977 6.86646e-07
      vertex -66.2265 23.5954 6.86646e-07
      vertex -66.2 24 6.86646e-07
    endloop
  endfacet
  facet normal 0 0 -1
    outer loop
      vertex -66.3056 23.1977 6.86646e-07
      vertex 66.3056 23.1977 6.86646e-07
      vertex -66.3056 -23.1977 6.86646e-07
    endloop
  endfacet
  facet normal 0 0 -1
    outer loop
      vertex 66.3056 23.1977 6.86646e-07
      vertex -66.3056 23.1977 6.86646e-07
      vertex -66.2265 23.5954 6.86646e-07
    endloop
  endfacet
  facet normal 0 0 -1
    outer loop
      vertex -66.436 -22.8137 6.86646e-07
      vertex -66.3056 23.1977 6.86646e-07
      vertex -66.3056 -23.1977 6.86646e-07
    endloop
  endfacet
  facet normal 0 0 -1
    outer loop
      vertex -66.436 -22.8137 6.86646e-07
      vertex -66.436 22.8137 6.86646e-07
      vertex -66.3056 23.1977 6.86646e-07
    endloop
  endfacet
  facet normal 0 0 -1
    outer loop
      vertex -66.6153 -22.45 6.86646e-07
      vertex -66.436 22.8137 6.86646e-07
      vertex -66.436 -22.8137 6.86646e-07
    endloop
  endfacet
  facet normal 0 0 -1
    outer loop
      vertex -66.6153 -22.45 6.86646e-07
      vertex -66.6153 22.45 6.86646e-07
      vertex -66.436 22.8137 6.86646e-07
    endloop
  endfacet
  facet normal 0 0 -1
    outer loop
      vertex -66.8406 -22.1128 6.86646e-07
      vertex -66.6153 22.45 6.86646e-07
      vertex -66.6153 -22.45 6.86646e-07
    endloop
  endfacet
  facet normal 0 0 -1
    outer loop
      vertex -66.8406 -22.1128 6.86646e-07
      vertex -66.8406 22.1128 6.86646e-07
      vertex -66.6153 22.45 6.86646e-07
    endloop
  endfacet
  facet normal 0 0 -1
    outer loop
      vertex -67.108 -21.808 6.86646e-07
      vertex -66.8406 22.1128 6.86646e-07
      vertex -66.8406 -22.1128 6.86646e-07
    endloop
  endfacet
  facet normal 0 0 -1
    outer loop
      vertex -67.108 -21.808 6.86646e-07
      vertex -67.108 21.808 6.86646e-07
      vertex -66.8406 22.1128 6.86646e-07
    endloop
  endfacet
  facet normal 0 0 -1
    outer loop
      vertex -67.4128 -21.5406 6.86646e-07
      vertex -67.108 21.808 6.86646e-07
      vertex -67.108 -21.808 6.86646e-07
    endloop
  endfacet
  facet normal 0 0 -1
    outer loop
      vertex -67.4128 -21.5406 6.86646e-07
      vertex -67.4128 21.5406 6.86646e-07
      vertex -67.108 21.808 6.86646e-07
    endloop
  endfacet
  facet normal 0 0 -1
    outer loop
      vertex -67.75 -21.3153 6.86646e-07
      vertex -67.4128 21.5406 6.86646e-07
      vertex -67.4128 -21.5406 6.86646e-07
    endloop
  endfacet
  facet normal 0 0 -1
    outer loop
      vertex -67.75 -21.3153 6.86646e-07
      vertex -67.75 21.3153 6.86646e-07
      vertex -67.4128 21.5406 6.86646e-07
    endloop
  endfacet
  facet normal 0 0 -1
    outer loop
      vertex -68.1137 -21.136 6.86646e-07
      vertex -67.75 21.3153 6.86646e-07
      vertex -67.75 -21.3153 6.86646e-07
    endloop
  endfacet
  facet normal 0 0 -1
    outer loop
      vertex -68.1137 -21.136 6.86646e-07
      vertex -68.1137 21.136 6.86646e-07
      vertex -67.75 21.3153 6.86646e-07
    endloop
  endfacet
  facet normal 0 0 -1
    outer loop
      vertex -68.4977 -21.0056 6.86646e-07
      vertex -68.1137 21.136 6.86646e-07
      vertex -68.1137 -21.136 6.86646e-07
    endloop
  endfacet
  facet normal 0 0 -1
    outer loop
      vertex -68.4977 -21.0056 6.86646e-07
      vertex -68.4977 21.0056 6.86646e-07
      vertex -68.1137 21.136 6.86646e-07
    endloop
  endfacet
  facet normal 0 0 -1
    outer loop
      vertex -68.8954 -20.9265 6.86646e-07
      vertex -68.4977 21.0056 6.86646e-07
      vertex -68.4977 -21.0056 6.86646e-07
    endloop
  endfacet
  facet normal 0 0 -1
    outer loop
      vertex -68.8954 -20.9265 6.86646e-07
      vertex -68.8954 20.9265 6.86646e-07
      vertex -68.4977 21.0056 6.86646e-07
    endloop
  endfacet
  facet normal 0 0 -1
    outer loop
      vertex -69.3 -20.9 6.86646e-07
      vertex -68.8954 20.9265 6.86646e-07
      vertex -68.8954 -20.9265 6.86646e-07
    endloop
  endfacet
  facet normal 0 0 -1
    outer loop
      vertex -69.3 -20.9 6.86646e-07
      vertex -69.3 20.9 6.86646e-07
      vertex -68.8954 20.9265 6.86646e-07
    endloop
  endfacet
  facet normal 0 0 -1
    outer loop
      vertex -69.7046 -20.9265 6.86646e-07
      vertex -69.3 20.9 6.86646e-07
      vertex -69.3 -20.9 6.86646e-07
    endloop
  endfacet
  facet normal 0 0 -1
    outer loop
      vertex -69.7046 -20.9265 6.86646e-07
      vertex -69.7046 20.9265 6.86646e-07
      vertex -69.3 20.9 6.86646e-07
    endloop
  endfacet
  facet normal 0 0 -1
    outer loop
      vertex -70.1023 -21.0056 6.86646e-07
      vertex -69.7046 20.9265 6.86646e-07
      vertex -69.7046 -20.9265 6.86646e-07
    endloop
  endfacet
  facet normal 0 0 -1
    outer loop
      vertex -70.1023 -21.0056 6.86646e-07
      vertex -70.1023 21.0056 6.86646e-07
      vertex -69.7046 20.9265 6.86646e-07
    endloop
  endfacet
  facet normal 0 0 -1
    outer loop
      vertex -70.4863 -21.136 6.86646e-07
      vertex -70.1023 21.0056 6.86646e-07
      vertex -70.1023 -21.0056 6.86646e-07
    endloop
  endfacet
  facet normal 0 0 -1
    outer loop
      vertex -70.4863 -21.136 6.86646e-07
      vertex -70.4863 21.136 6.86646e-07
      vertex -70.1023 21.0056 6.86646e-07
    endloop
  endfacet
  facet normal 0 0 -1
    outer loop
      vertex -70.85 -21.3153 6.86646e-07
      vertex -70.4863 21.136 6.86646e-07
      vertex -70.4863 -21.136 6.86646e-07
    endloop
  endfacet
  facet normal 0 0 -1
    outer loop
      vertex -70.85 -21.3153 6.86646e-07
      vertex -70.85 21.3153 6.86646e-07
      vertex -70.4863 21.136 6.86646e-07
    endloop
  endfacet
  facet normal 0 0 -1
    outer loop
      vertex -71.1872 -21.5406 6.86646e-07
      vertex -70.85 21.3153 6.86646e-07
      vertex -70.85 -21.3153 6.86646e-07
    endloop
  endfacet
  facet normal 0 0 -1
    outer loop
      vertex -71.1872 -21.5406 6.86646e-07
      vertex -71.1872 21.5406 6.86646e-07
      vertex -70.85 21.3153 6.86646e-07
    endloop
  endfacet
  facet normal 0 0 -1
    outer loop
      vertex -71.492 -21.808 6.86646e-07
      vertex -71.1872 21.5406 6.86646e-07
      vertex -71.1872 -21.5406 6.86646e-07
    endloop
  endfacet
  facet normal 0 0 -1
    outer loop
      vertex -71.492 -21.808 6.86646e-07
      vertex -71.492 21.808 6.86646e-07
      vertex -71.1872 21.5406 6.86646e-07
    endloop
  endfacet
  facet normal 0 0 -1
    outer loop
      vertex -71.7594 -22.1128 6.86646e-07
      vertex -71.492 21.808 6.86646e-07
      vertex -71.492 -21.808 6.86646e-07
    endloop
  endfacet
  facet normal 0 0 -1
    outer loop
      vertex -71.7594 -22.1128 6.86646e-07
      vertex -71.7594 22.1128 6.86646e-07
      vertex -71.492 21.808 6.86646e-07
    endloop
  endfacet
  facet normal 0 0 -1
    outer loop
      vertex -71.9847 -22.45 6.86646e-07
      vertex -71.7594 22.1128 6.86646e-07
      vertex -71.7594 -22.1128 6.86646e-07
    endloop
  endfacet
  facet normal 0 0 -1
    outer loop
      vertex -71.9847 -22.45 6.86646e-07
      vertex -71.9847 22.45 6.86646e-07
      vertex -71.7594 22.1128 6.86646e-07
    endloop
  endfacet
  facet normal 0 0 -1
    outer loop
      vertex -73.3213 -24.6 6.86646e-07
      vertex -71.9847 -22.45 6.86646e-07
      vertex -72.164 -22.8137 6.86646e-07
    endloop
  endfacet
  facet normal -0 0 -1
    outer loop
      vertex -71.9847 -22.45 6.86646e-07
      vertex -73.3213 -24.6 6.86646e-07
      vertex -71.9847 22.45 6.86646e-07
    endloop
  endfacet
  facet normal 0 0 -1
    outer loop
      vertex -73.3213 -24.6 6.86646e-07
      vertex -72.164 -22.8137 6.86646e-07
      vertex -72.2944 -23.1977 6.86646e-07
    endloop
  endfacet
  facet normal 0 0 -1
    outer loop
      vertex -73.3213 24.6 6.86646e-07
      vertex -71.9847 22.45 6.86646e-07
      vertex -73.3213 -24.6 6.86646e-07
    endloop
  endfacet
  facet normal 0 0 -1
    outer loop
      vertex -73.3213 -24.6 6.86646e-07
      vertex -72.2944 -23.1977 6.86646e-07
      vertex -72.3735 -23.5954 6.86646e-07
    endloop
  endfacet
  facet normal 0 0 -1
    outer loop
      vertex -71.9847 22.45 6.86646e-07
      vertex -73.3213 24.6 6.86646e-07
      vertex -72.164 22.8137 6.86646e-07
    endloop
  endfacet
  facet normal 0 0 -1
    outer loop
      vertex -73.3213 -24.6 6.86646e-07
      vertex -72.3735 -23.5954 6.86646e-07
      vertex -72.4 -24 6.86646e-07
    endloop
  endfacet
  facet normal 0 0 -1
    outer loop
      vertex -72.164 22.8137 6.86646e-07
      vertex -73.3213 24.6 6.86646e-07
      vertex -72.2944 23.1977 6.86646e-07
    endloop
  endfacet
  facet normal 0 0 -1
    outer loop
      vertex -66.2 -31.7213 6.86646e-07
      vertex -66.2265 -24.4046 6.86646e-07
      vertex -66.2 -24 6.86646e-07
    endloop
  endfacet
  facet normal 0 0 -1
    outer loop
      vertex -66.2 -31.7213 6.86646e-07
      vertex -66.3056 -24.8023 6.86646e-07
      vertex -66.2265 -24.4046 6.86646e-07
    endloop
  endfacet
  facet normal 0 0 -1
    outer loop
      vertex -66.2 -31.7213 6.86646e-07
      vertex -66.436 -25.1863 6.86646e-07
      vertex -66.3056 -24.8023 6.86646e-07
    endloop
  endfacet
  facet normal 0 0 -1
    outer loop
      vertex -66.2 -31.7213 6.86646e-07
      vertex -66.6153 -25.55 6.86646e-07
      vertex -66.436 -25.1863 6.86646e-07
    endloop
  endfacet
  facet normal 0 0 -1
    outer loop
      vertex -66.2 -31.7213 6.86646e-07
      vertex -66.8406 -25.8872 6.86646e-07
      vertex -66.6153 -25.55 6.86646e-07
    endloop
  endfacet
  facet normal 0 0 -1
    outer loop
      vertex -66.2 -31.7213 6.86646e-07
      vertex -67.108 -26.192 6.86646e-07
      vertex -66.8406 -25.8872 6.86646e-07
    endloop
  endfacet
  facet normal 0 0 -1
    outer loop
      vertex -67.75 -26.6847 6.86646e-07
      vertex -66.2 -31.7213 6.86646e-07
      vertex -67.1295 -31.6604 6.86646e-07
    endloop
  endfacet
  facet normal 0 0 -1
    outer loop
      vertex -66.2 -31.7213 6.86646e-07
      vertex -67.4128 -26.4594 6.86646e-07
      vertex -67.108 -26.192 6.86646e-07
    endloop
  endfacet
  facet normal 0 0 -1
    outer loop
      vertex -66.2 -31.7213 6.86646e-07
      vertex -67.75 -26.6847 6.86646e-07
      vertex -67.4128 -26.4594 6.86646e-07
    endloop
  endfacet
  facet normal 0 0 -1
    outer loop
      vertex -68.1137 -26.864 6.86646e-07
      vertex -67.1295 -31.6604 6.86646e-07
      vertex -68.0431 -31.4787 6.86646e-07
    endloop
  endfacet
  facet normal 0 0 -1
    outer loop
      vertex -67.1295 -31.6604 6.86646e-07
      vertex -68.1137 -26.864 6.86646e-07
      vertex -67.75 -26.6847 6.86646e-07
    endloop
  endfacet
  facet normal 0 0 -1
    outer loop
      vertex -68.0431 -31.4787 6.86646e-07
      vertex -68.4977 -26.9944 6.86646e-07
      vertex -68.1137 -26.864 6.86646e-07
    endloop
  endfacet
  facet normal 0 0 -1
    outer loop
      vertex -68.9252 -31.1792 6.86646e-07
      vertex -68.4977 -26.9944 6.86646e-07
      vertex -68.0431 -31.4787 6.86646e-07
    endloop
  endfacet
  facet normal 0 0 -1
    outer loop
      vertex -68.4977 -26.9944 6.86646e-07
      vertex -68.9252 -31.1792 6.86646e-07
      vertex -68.8954 -27.0735 6.86646e-07
    endloop
  endfacet
  facet normal 0 0 -1
    outer loop
      vertex -69.7607 -30.7672 6.86646e-07
      vertex -68.8954 -27.0735 6.86646e-07
      vertex -68.9252 -31.1792 6.86646e-07
    endloop
  endfacet
  facet normal 0 0 -1
    outer loop
      vertex -68.8954 -27.0735 6.86646e-07
      vertex -69.7607 -30.7672 6.86646e-07
      vertex -69.3 -27.1 6.86646e-07
    endloop
  endfacet
  facet normal 0 0 -1
    outer loop
      vertex -70.5352 -30.2497 6.86646e-07
      vertex -69.3 -27.1 6.86646e-07
      vertex -69.7607 -30.7672 6.86646e-07
    endloop
  endfacet
  facet normal -0 0 -1
    outer loop
      vertex -69.3 -27.1 6.86646e-07
      vertex -70.5352 -30.2497 6.86646e-07
      vertex -69.7046 -27.0735 6.86646e-07
    endloop
  endfacet
  facet normal 0 0 -1
    outer loop
      vertex -71.2355 -29.6355 6.86646e-07
      vertex -69.7046 -27.0735 6.86646e-07
      vertex -70.5352 -30.2497 6.86646e-07
    endloop
  endfacet
  facet normal -0 0 -1
    outer loop
      vertex -69.7046 -27.0735 6.86646e-07
      vertex -71.2355 -29.6355 6.86646e-07
      vertex -70.1023 -26.9944 6.86646e-07
    endloop
  endfacet
  facet normal 0 0 -1
    outer loop
      vertex -71.8497 -28.9352 6.86646e-07
      vertex -70.1023 -26.9944 6.86646e-07
      vertex -71.2355 -29.6355 6.86646e-07
    endloop
  endfacet
  facet normal -0 0 -1
    outer loop
      vertex -70.1023 -26.9944 6.86646e-07
      vertex -71.8497 -28.9352 6.86646e-07
      vertex -70.4863 -26.864 6.86646e-07
    endloop
  endfacet
  facet normal 0 0 -1
    outer loop
      vertex -72.3672 -28.1606 6.86646e-07
      vertex -70.4863 -26.864 6.86646e-07
      vertex -71.8497 -28.9352 6.86646e-07
    endloop
  endfacet
  facet normal -0 0 -1
    outer loop
      vertex -70.4863 -26.864 6.86646e-07
      vertex -72.3672 -28.1606 6.86646e-07
      vertex -70.85 -26.6847 6.86646e-07
    endloop
  endfacet
  facet normal -0 0 -1
    outer loop
      vertex -70.85 -26.6847 6.86646e-07
      vertex -72.3672 -28.1606 6.86646e-07
      vertex -71.1872 -26.4594 6.86646e-07
    endloop
  endfacet
  facet normal 0 0 -1
    outer loop
      vertex -72.7792 -27.3252 6.86646e-07
      vertex -71.1872 -26.4594 6.86646e-07
      vertex -72.3672 -28.1606 6.86646e-07
    endloop
  endfacet
  facet normal -0 0 -1
    outer loop
      vertex -71.1872 -26.4594 6.86646e-07
      vertex -72.7792 -27.3252 6.86646e-07
      vertex -71.492 -26.192 6.86646e-07
    endloop
  endfacet
  facet normal 0 0 -1
    outer loop
      vertex -73.0787 -26.4431 6.86646e-07
      vertex -71.492 -26.192 6.86646e-07
      vertex -72.7792 -27.3252 6.86646e-07
    endloop
  endfacet
  facet normal -0 0 -1
    outer loop
      vertex -71.492 -26.192 6.86646e-07
      vertex -73.0787 -26.4431 6.86646e-07
      vertex -71.7594 -25.8872 6.86646e-07
    endloop
  endfacet
  facet normal -0 0 -1
    outer loop
      vertex -71.7594 -25.8872 6.86646e-07
      vertex -73.0787 -26.4431 6.86646e-07
      vertex -71.9847 -25.55 6.86646e-07
    endloop
  endfacet
  facet normal 0 0 -1
    outer loop
      vertex -73.2604 -25.5295 6.86646e-07
      vertex -71.9847 -25.55 6.86646e-07
      vertex -73.0787 -26.4431 6.86646e-07
    endloop
  endfacet
  facet normal 0 0 -1
    outer loop
      vertex -71.9847 -25.55 6.86646e-07
      vertex -73.2604 -25.5295 6.86646e-07
      vertex -72.164 -25.1863 6.86646e-07
    endloop
  endfacet
  facet normal 0 0 -1
    outer loop
      vertex -73.3213 -24.6 6.86646e-07
      vertex -72.2944 -24.8023 6.86646e-07
      vertex -73.2604 -25.5295 6.86646e-07
    endloop
  endfacet
  facet normal -0 0 -1
    outer loop
      vertex -72.164 -25.1863 6.86646e-07
      vertex -73.2604 -25.5295 6.86646e-07
      vertex -72.2944 -24.8023 6.86646e-07
    endloop
  endfacet
  facet normal 0 0 -1
    outer loop
      vertex 72.164 -22.8137 6.86646e-07
      vertex 73.3213 -24.6 6.86646e-07
      vertex 72.2944 -23.1977 6.86646e-07
    endloop
  endfacet
  facet normal 0 0 -1
    outer loop
      vertex 73.3213 24.6 6.86646e-07
      vertex 72.3735 23.5954 6.86646e-07
      vertex 72.4 24 6.86646e-07
    endloop
  endfacet
  facet normal 0 0 -1
    outer loop
      vertex 71.9847 -22.45 6.86646e-07
      vertex 73.3213 -24.6 6.86646e-07
      vertex 72.164 -22.8137 6.86646e-07
    endloop
  endfacet
  facet normal 0 0 -1
    outer loop
      vertex 73.3213 24.6 6.86646e-07
      vertex 72.2944 23.1977 6.86646e-07
      vertex 72.3735 23.5954 6.86646e-07
    endloop
  endfacet
  facet normal 0 0 -1
    outer loop
      vertex 73.3213 -24.6 6.86646e-07
      vertex 71.9847 -22.45 6.86646e-07
      vertex 73.3213 24.6 6.86646e-07
    endloop
  endfacet
  facet normal 0 0 -1
    outer loop
      vertex 73.3213 24.6 6.86646e-07
      vertex 72.164 22.8137 6.86646e-07
      vertex 72.2944 23.1977 6.86646e-07
    endloop
  endfacet
  facet normal 0 0 -1
    outer loop
      vertex 71.9847 22.45 6.86646e-07
      vertex 73.3213 24.6 6.86646e-07
      vertex 71.9847 -22.45 6.86646e-07
    endloop
  endfacet
  facet normal 0 0 -1
    outer loop
      vertex 73.3213 24.6 6.86646e-07
      vertex 71.9847 22.45 6.86646e-07
      vertex 72.164 22.8137 6.86646e-07
    endloop
  endfacet
  facet normal 0 0 -1
    outer loop
      vertex 71.7594 -22.1128 6.86646e-07
      vertex 71.9847 22.45 6.86646e-07
      vertex 71.9847 -22.45 6.86646e-07
    endloop
  endfacet
  facet normal 0 0 -1
    outer loop
      vertex 71.7594 -22.1128 6.86646e-07
      vertex 71.7594 22.1128 6.86646e-07
      vertex 71.9847 22.45 6.86646e-07
    endloop
  endfacet
  facet normal 0 0 -1
    outer loop
      vertex 71.492 -21.808 6.86646e-07
      vertex 71.7594 22.1128 6.86646e-07
      vertex 71.7594 -22.1128 6.86646e-07
    endloop
  endfacet
  facet normal 0 0 -1
    outer loop
      vertex 71.492 -21.808 6.86646e-07
      vertex 71.492 21.808 6.86646e-07
      vertex 71.7594 22.1128 6.86646e-07
    endloop
  endfacet
  facet normal 0 0 -1
    outer loop
      vertex 71.1872 -21.5406 6.86646e-07
      vertex 71.492 21.808 6.86646e-07
      vertex 71.492 -21.808 6.86646e-07
    endloop
  endfacet
  facet normal 0 0 -1
    outer loop
      vertex 71.1872 -21.5406 6.86646e-07
      vertex 71.1872 21.5406 6.86646e-07
      vertex 71.492 21.808 6.86646e-07
    endloop
  endfacet
  facet normal 0 0 -1
    outer loop
      vertex 70.85 -21.3153 6.86646e-07
      vertex 71.1872 21.5406 6.86646e-07
      vertex 71.1872 -21.5406 6.86646e-07
    endloop
  endfacet
  facet normal 0 0 -1
    outer loop
      vertex 70.85 -21.3153 6.86646e-07
      vertex 70.85 21.3153 6.86646e-07
      vertex 71.1872 21.5406 6.86646e-07
    endloop
  endfacet
  facet normal 0 0 -1
    outer loop
      vertex 70.4863 -21.136 6.86646e-07
      vertex 70.85 21.3153 6.86646e-07
      vertex 70.85 -21.3153 6.86646e-07
    endloop
  endfacet
  facet normal 0 0 -1
    outer loop
      vertex 70.4863 -21.136 6.86646e-07
      vertex 70.4863 21.136 6.86646e-07
      vertex 70.85 21.3153 6.86646e-07
    endloop
  endfacet
  facet normal 0 0 -1
    outer loop
      vertex 70.1023 -21.0056 6.86646e-07
      vertex 70.4863 21.136 6.86646e-07
      vertex 70.4863 -21.136 6.86646e-07
    endloop
  endfacet
  facet normal 0 0 -1
    outer loop
      vertex 70.1023 -21.0056 6.86646e-07
      vertex 70.1023 21.0056 6.86646e-07
      vertex 70.4863 21.136 6.86646e-07
    endloop
  endfacet
  facet normal 0 0 -1
    outer loop
      vertex 69.7046 -20.9265 6.86646e-07
      vertex 70.1023 21.0056 6.86646e-07
      vertex 70.1023 -21.0056 6.86646e-07
    endloop
  endfacet
  facet normal 0 0 -1
    outer loop
      vertex 69.7046 -20.9265 6.86646e-07
      vertex 69.7046 20.9265 6.86646e-07
      vertex 70.1023 21.0056 6.86646e-07
    endloop
  endfacet
  facet normal 0 0 -1
    outer loop
      vertex 69.3 -20.9 6.86646e-07
      vertex 69.7046 20.9265 6.86646e-07
      vertex 69.7046 -20.9265 6.86646e-07
    endloop
  endfacet
  facet normal 0 0 -1
    outer loop
      vertex 69.3 -20.9 6.86646e-07
      vertex 69.3 20.9 6.86646e-07
      vertex 69.7046 20.9265 6.86646e-07
    endloop
  endfacet
  facet normal 0 0 -1
    outer loop
      vertex 68.8954 -20.9265 6.86646e-07
      vertex 69.3 20.9 6.86646e-07
      vertex 69.3 -20.9 6.86646e-07
    endloop
  endfacet
  facet normal 0 0 -1
    outer loop
      vertex 68.8954 -20.9265 6.86646e-07
      vertex 68.8954 20.9265 6.86646e-07
      vertex 69.3 20.9 6.86646e-07
    endloop
  endfacet
  facet normal 0 0 -1
    outer loop
      vertex 68.4977 -21.0056 6.86646e-07
      vertex 68.8954 20.9265 6.86646e-07
      vertex 68.8954 -20.9265 6.86646e-07
    endloop
  endfacet
  facet normal 0 0 -1
    outer loop
      vertex 68.4977 -21.0056 6.86646e-07
      vertex 68.4977 21.0056 6.86646e-07
      vertex 68.8954 20.9265 6.86646e-07
    endloop
  endfacet
  facet normal 0 0 -1
    outer loop
      vertex 68.1137 -21.136 6.86646e-07
      vertex 68.4977 21.0056 6.86646e-07
      vertex 68.4977 -21.0056 6.86646e-07
    endloop
  endfacet
  facet normal 0 0 -1
    outer loop
      vertex 68.1137 -21.136 6.86646e-07
      vertex 68.1137 21.136 6.86646e-07
      vertex 68.4977 21.0056 6.86646e-07
    endloop
  endfacet
  facet normal 0 0 -1
    outer loop
      vertex 67.75 -21.3153 6.86646e-07
      vertex 68.1137 21.136 6.86646e-07
      vertex 68.1137 -21.136 6.86646e-07
    endloop
  endfacet
  facet normal 0 0 -1
    outer loop
      vertex 67.75 -21.3153 6.86646e-07
      vertex 67.75 21.3153 6.86646e-07
      vertex 68.1137 21.136 6.86646e-07
    endloop
  endfacet
  facet normal 0 0 -1
    outer loop
      vertex 67.4128 -21.5406 6.86646e-07
      vertex 67.75 21.3153 6.86646e-07
      vertex 67.75 -21.3153 6.86646e-07
    endloop
  endfacet
  facet normal 0 0 -1
    outer loop
      vertex 67.4128 -21.5406 6.86646e-07
      vertex 67.4128 21.5406 6.86646e-07
      vertex 67.75 21.3153 6.86646e-07
    endloop
  endfacet
  facet normal 0 0 -1
    outer loop
      vertex 67.108 -21.808 6.86646e-07
      vertex 67.4128 21.5406 6.86646e-07
      vertex 67.4128 -21.5406 6.86646e-07
    endloop
  endfacet
  facet normal 0 0 -1
    outer loop
      vertex 67.108 -21.808 6.86646e-07
      vertex 67.108 21.808 6.86646e-07
      vertex 67.4128 21.5406 6.86646e-07
    endloop
  endfacet
  facet normal 0 0 -1
    outer loop
      vertex 66.8406 -22.1128 6.86646e-07
      vertex 67.108 21.808 6.86646e-07
      vertex 67.108 -21.808 6.86646e-07
    endloop
  endfacet
  facet normal 0 0 -1
    outer loop
      vertex 66.8406 -22.1128 6.86646e-07
      vertex 66.8406 22.1128 6.86646e-07
      vertex 67.108 21.808 6.86646e-07
    endloop
  endfacet
  facet normal 0 0 -1
    outer loop
      vertex 66.6153 -22.45 6.86646e-07
      vertex 66.8406 22.1128 6.86646e-07
      vertex 66.8406 -22.1128 6.86646e-07
    endloop
  endfacet
  facet normal 0 0 -1
    outer loop
      vertex 66.6153 -22.45 6.86646e-07
      vertex 66.6153 22.45 6.86646e-07
      vertex 66.8406 22.1128 6.86646e-07
    endloop
  endfacet
  facet normal 0 0 -1
    outer loop
      vertex 66.436 -22.8137 6.86646e-07
      vertex 66.6153 22.45 6.86646e-07
      vertex 66.6153 -22.45 6.86646e-07
    endloop
  endfacet
  facet normal 0 0 -1
    outer loop
      vertex 66.436 -22.8137 6.86646e-07
      vertex 66.436 22.8137 6.86646e-07
      vertex 66.6153 22.45 6.86646e-07
    endloop
  endfacet
  facet normal 0 0 -1
    outer loop
      vertex 66.3056 -23.1977 6.86646e-07
      vertex 66.436 22.8137 6.86646e-07
      vertex 66.436 -22.8137 6.86646e-07
    endloop
  endfacet
  facet normal 0 0 -1
    outer loop
      vertex 66.3056 -23.1977 6.86646e-07
      vertex 66.3056 23.1977 6.86646e-07
      vertex 66.436 22.8137 6.86646e-07
    endloop
  endfacet
  facet normal 0 0 -1
    outer loop
      vertex -66.2265 -23.5954 6.86646e-07
      vertex 66.2265 -23.5954 6.86646e-07
      vertex -66.2 -24 6.86646e-07
    endloop
  endfacet
  facet normal 0 0 -1
    outer loop
      vertex 66.2265 -23.5954 6.86646e-07
      vertex -66.2265 -23.5954 6.86646e-07
      vertex 66.3056 -23.1977 6.86646e-07
    endloop
  endfacet
  facet normal 0 0 -1
    outer loop
      vertex -66.2 -24 6.86646e-07
      vertex 66.2265 -23.5954 6.86646e-07
      vertex 66.2 -24 6.86646e-07
    endloop
  endfacet
  facet normal 0 0 -1
    outer loop
      vertex -66.3056 -23.1977 6.86646e-07
      vertex 66.3056 -23.1977 6.86646e-07
      vertex -66.2265 -23.5954 6.86646e-07
    endloop
  endfacet
  facet normal 0 0 -1
    outer loop
      vertex 72.2944 -24.8023 6.86646e-07
      vertex 73.3213 -24.6 6.86646e-07
      vertex 73.2604 -25.5295 6.86646e-07
    endloop
  endfacet
  facet normal 0 0 -1
    outer loop
      vertex 72.3735 -23.5954 6.86646e-07
      vertex 73.3213 -24.6 6.86646e-07
      vertex 72.4 -24 6.86646e-07
    endloop
  endfacet
  facet normal 0 0 -1
    outer loop
      vertex 71.9847 -25.55 6.86646e-07
      vertex 73.2604 -25.5295 6.86646e-07
      vertex 73.0787 -26.4431 6.86646e-07
    endloop
  endfacet
  facet normal 0 0 -1
    outer loop
      vertex 72.2944 -23.1977 6.86646e-07
      vertex 73.3213 -24.6 6.86646e-07
      vertex 72.3735 -23.5954 6.86646e-07
    endloop
  endfacet
  facet normal 0 0 -1
    outer loop
      vertex 71.492 -26.192 6.86646e-07
      vertex 73.0787 -26.4431 6.86646e-07
      vertex 72.7792 -27.3252 6.86646e-07
    endloop
  endfacet
  facet normal 0 0 -1
    outer loop
      vertex 72.3735 24.4046 6.86646e-07
      vertex 73.3213 24.6 6.86646e-07
      vertex 72.4 24 6.86646e-07
    endloop
  endfacet
  facet normal 0 0 -1
    outer loop
      vertex 72.2944 24.8023 6.86646e-07
      vertex 73.3213 24.6 6.86646e-07
      vertex 72.3735 24.4046 6.86646e-07
    endloop
  endfacet
  facet normal 0 0 -1
    outer loop
      vertex 73.3213 -24.6 6.86646e-07
      vertex 72.3735 -24.4046 6.86646e-07
      vertex 72.4 -24 6.86646e-07
    endloop
  endfacet
  facet normal 0 0 -1
    outer loop
      vertex 71.1872 -26.4594 6.86646e-07
      vertex 72.7792 -27.3252 6.86646e-07
      vertex 72.3672 -28.1606 6.86646e-07
    endloop
  endfacet
  facet normal -0 0 -1
    outer loop
      vertex 73.3213 -24.6 6.86646e-07
      vertex 72.2944 -24.8023 6.86646e-07
      vertex 72.3735 -24.4046 6.86646e-07
    endloop
  endfacet
  facet normal 0 0 -1
    outer loop
      vertex 73.2604 -25.5295 6.86646e-07
      vertex 72.164 -25.1863 6.86646e-07
      vertex 72.2944 -24.8023 6.86646e-07
    endloop
  endfacet
  facet normal -0 0 -1
    outer loop
      vertex 73.2604 -25.5295 6.86646e-07
      vertex 71.9847 -25.55 6.86646e-07
      vertex 72.164 -25.1863 6.86646e-07
    endloop
  endfacet
  facet normal 0 0 -1
    outer loop
      vertex 70.4863 -26.864 6.86646e-07
      vertex 72.3672 -28.1606 6.86646e-07
      vertex 71.8497 -28.9352 6.86646e-07
    endloop
  endfacet
  facet normal 0 0 -1
    outer loop
      vertex 73.0787 -26.4431 6.86646e-07
      vertex 71.7594 -25.8872 6.86646e-07
      vertex 71.9847 -25.55 6.86646e-07
    endloop
  endfacet
  facet normal 0 0 -1
    outer loop
      vertex 73.0787 -26.4431 6.86646e-07
      vertex 71.492 -26.192 6.86646e-07
      vertex 71.7594 -25.8872 6.86646e-07
    endloop
  endfacet
  facet normal 0 0 -1
    outer loop
      vertex 70.1023 -26.9944 6.86646e-07
      vertex 71.8497 -28.9352 6.86646e-07
      vertex 71.2355 -29.6355 6.86646e-07
    endloop
  endfacet
  facet normal 0 0 -1
    outer loop
      vertex 72.7792 -27.3252 6.86646e-07
      vertex 71.1872 -26.4594 6.86646e-07
      vertex 71.492 -26.192 6.86646e-07
    endloop
  endfacet
  facet normal 0 0 -1
    outer loop
      vertex 72.3672 -28.1606 6.86646e-07
      vertex 70.85 -26.6847 6.86646e-07
      vertex 71.1872 -26.4594 6.86646e-07
    endloop
  endfacet
  facet normal 0 0 -1
    outer loop
      vertex 69.7046 -27.0735 6.86646e-07
      vertex 71.2355 -29.6355 6.86646e-07
      vertex 70.5352 -30.2497 6.86646e-07
    endloop
  endfacet
  facet normal 0 0 -1
    outer loop
      vertex 72.3672 -28.1606 6.86646e-07
      vertex 70.4863 -26.864 6.86646e-07
      vertex 70.85 -26.6847 6.86646e-07
    endloop
  endfacet
  facet normal 0 0 -1
    outer loop
      vertex 71.8497 -28.9352 6.86646e-07
      vertex 70.1023 -26.9944 6.86646e-07
      vertex 70.4863 -26.864 6.86646e-07
    endloop
  endfacet
  facet normal 0 0 -1
    outer loop
      vertex 69.3 -27.1 6.86646e-07
      vertex 70.5352 -30.2497 6.86646e-07
      vertex 69.7607 -30.7672 6.86646e-07
    endloop
  endfacet
  facet normal 0 0 -1
    outer loop
      vertex 71.2355 -29.6355 6.86646e-07
      vertex 69.7046 -27.0735 6.86646e-07
      vertex 70.1023 -26.9944 6.86646e-07
    endloop
  endfacet
  facet normal 0 0 -1
    outer loop
      vertex 70.5352 -30.2497 6.86646e-07
      vertex 69.3 -27.1 6.86646e-07
      vertex 69.7046 -27.0735 6.86646e-07
    endloop
  endfacet
  facet normal 0 0 -1
    outer loop
      vertex 68.8954 -27.0735 6.86646e-07
      vertex 69.7607 -30.7672 6.86646e-07
      vertex 68.9252 -31.1792 6.86646e-07
    endloop
  endfacet
  facet normal 0 0 -1
    outer loop
      vertex 69.7607 -30.7672 6.86646e-07
      vertex 68.8954 -27.0735 6.86646e-07
      vertex 69.3 -27.1 6.86646e-07
    endloop
  endfacet
  facet normal 0 0 -1
    outer loop
      vertex 68.9252 -31.1792 6.86646e-07
      vertex 68.4977 -26.9944 6.86646e-07
      vertex 68.8954 -27.0735 6.86646e-07
    endloop
  endfacet
  facet normal 0 0 -1
    outer loop
      vertex 68.0431 -31.4787 6.86646e-07
      vertex 68.4977 -26.9944 6.86646e-07
      vertex 68.9252 -31.1792 6.86646e-07
    endloop
  endfacet
  facet normal -0 0 -1
    outer loop
      vertex 68.4977 -26.9944 6.86646e-07
      vertex 68.0431 -31.4787 6.86646e-07
      vertex 68.1137 -26.864 6.86646e-07
    endloop
  endfacet
  facet normal 0 0 -1
    outer loop
      vertex 67.1295 -31.6604 6.86646e-07
      vertex 68.1137 -26.864 6.86646e-07
      vertex 68.0431 -31.4787 6.86646e-07
    endloop
  endfacet
  facet normal -0 0 -1
    outer loop
      vertex 68.1137 -26.864 6.86646e-07
      vertex 67.1295 -31.6604 6.86646e-07
      vertex 67.75 -26.6847 6.86646e-07
    endloop
  endfacet
  facet normal 0 0 -1
    outer loop
      vertex 66.2 -31.7213 6.86646e-07
      vertex 67.75 -26.6847 6.86646e-07
      vertex 67.1295 -31.6604 6.86646e-07
    endloop
  endfacet
  facet normal -0 0 -1
    outer loop
      vertex 67.75 -26.6847 6.86646e-07
      vertex 66.2 -31.7213 6.86646e-07
      vertex 67.4128 -26.4594 6.86646e-07
    endloop
  endfacet
  facet normal -0 0 -1
    outer loop
      vertex 67.4128 -26.4594 6.86646e-07
      vertex 66.2 -31.7213 6.86646e-07
      vertex 67.108 -26.192 6.86646e-07
    endloop
  endfacet
  facet normal -0 0 -1
    outer loop
      vertex 67.108 -26.192 6.86646e-07
      vertex 66.2 -31.7213 6.86646e-07
      vertex 66.8406 -25.8872 6.86646e-07
    endloop
  endfacet
  facet normal -0 0 -1
    outer loop
      vertex 66.8406 -25.8872 6.86646e-07
      vertex 66.2 -31.7213 6.86646e-07
      vertex 66.6153 -25.55 6.86646e-07
    endloop
  endfacet
  facet normal -0 0 -1
    outer loop
      vertex 66.6153 -25.55 6.86646e-07
      vertex 66.2 -31.7213 6.86646e-07
      vertex 66.436 -25.1863 6.86646e-07
    endloop
  endfacet
  facet normal -0 0 -1
    outer loop
      vertex 66.436 -25.1863 6.86646e-07
      vertex 66.2 -31.7213 6.86646e-07
      vertex 66.3056 -24.8023 6.86646e-07
    endloop
  endfacet
  facet normal -0 0 -1
    outer loop
      vertex 66.3056 -24.8023 6.86646e-07
      vertex 66.2 -31.7213 6.86646e-07
      vertex 66.2265 -24.4046 6.86646e-07
    endloop
  endfacet
  facet normal 0 0 -1
    outer loop
      vertex 66.2 -31.7213 6.86646e-07
      vertex 66.2 -24 6.86646e-07
      vertex 66.2265 -24.4046 6.86646e-07
    endloop
  endfacet
  facet normal 0 0 -1
    outer loop
      vertex -66.2 -24 6.86646e-07
      vertex 66.2 -24 6.86646e-07
      vertex 66.2 -31.7213 6.86646e-07
    endloop
  endfacet
  facet normal 0 0 -1
    outer loop
      vertex 66.3056 23.1977 6.86646e-07
      vertex -66.2 24 6.86646e-07
      vertex 66.2265 23.5954 6.86646e-07
    endloop
  endfacet
  facet normal 0 0 -1
    outer loop
      vertex -66.2 -24 6.86646e-07
      vertex 66.2 -31.7213 6.86646e-07
      vertex -66.2 -31.7213 6.86646e-07
    endloop
  endfacet
  facet normal 0 0 -1
    outer loop
      vertex 66.2265 23.5954 6.86646e-07
      vertex -66.2 24 6.86646e-07
      vertex 66.2 24 6.86646e-07
    endloop
  endfacet
  facet normal 0 0 -1
    outer loop
      vertex 66.2 24 6.86646e-07
      vertex -66.2 24 6.86646e-07
      vertex 66.2 31.7213 6.86646e-07
    endloop
  endfacet
  facet normal 0 0 -1
    outer loop
      vertex -66.2 24 6.86646e-07
      vertex -66.2 31.7213 6.86646e-07
      vertex 66.2 31.7213 6.86646e-07
    endloop
  endfacet
  facet normal 0 0 -1
    outer loop
      vertex -66.2265 24.4046 6.86646e-07
      vertex -66.2 31.7213 6.86646e-07
      vertex -66.2 24 6.86646e-07
    endloop
  endfacet
  facet normal 0 0 -1
    outer loop
      vertex -66.3056 24.8023 6.86646e-07
      vertex -66.2 31.7213 6.86646e-07
      vertex -66.2265 24.4046 6.86646e-07
    endloop
  endfacet
  facet normal 0 0 -1
    outer loop
      vertex -66.436 25.1863 6.86646e-07
      vertex -66.2 31.7213 6.86646e-07
      vertex -66.3056 24.8023 6.86646e-07
    endloop
  endfacet
  facet normal 0 0 -1
    outer loop
      vertex -66.6153 25.55 6.86646e-07
      vertex -66.2 31.7213 6.86646e-07
      vertex -66.436 25.1863 6.86646e-07
    endloop
  endfacet
  facet normal 0 0 -1
    outer loop
      vertex -66.8406 25.8872 6.86646e-07
      vertex -66.2 31.7213 6.86646e-07
      vertex -66.6153 25.55 6.86646e-07
    endloop
  endfacet
  facet normal 0 0 -1
    outer loop
      vertex -67.108 26.192 6.86646e-07
      vertex -66.2 31.7213 6.86646e-07
      vertex -66.8406 25.8872 6.86646e-07
    endloop
  endfacet
  facet normal 0 0 -1
    outer loop
      vertex -67.4128 26.4594 6.86646e-07
      vertex -66.2 31.7213 6.86646e-07
      vertex -67.108 26.192 6.86646e-07
    endloop
  endfacet
  facet normal 0 0 -1
    outer loop
      vertex -67.75 26.6847 6.86646e-07
      vertex -66.2 31.7213 6.86646e-07
      vertex -67.4128 26.4594 6.86646e-07
    endloop
  endfacet
  facet normal 0 0 -1
    outer loop
      vertex -66.2 31.7213 6.86646e-07
      vertex -67.75 26.6847 6.86646e-07
      vertex -67.1295 31.6604 6.86646e-07
    endloop
  endfacet
  facet normal 0 0 -1
    outer loop
      vertex -68.1137 26.864 6.86646e-07
      vertex -67.1295 31.6604 6.86646e-07
      vertex -67.75 26.6847 6.86646e-07
    endloop
  endfacet
  facet normal 0 0 -1
    outer loop
      vertex -67.1295 31.6604 6.86646e-07
      vertex -68.1137 26.864 6.86646e-07
      vertex -68.0431 31.4787 6.86646e-07
    endloop
  endfacet
  facet normal 0 0 -1
    outer loop
      vertex -68.4977 26.9944 6.86646e-07
      vertex -68.0431 31.4787 6.86646e-07
      vertex -68.1137 26.864 6.86646e-07
    endloop
  endfacet
  facet normal 0 0 -1
    outer loop
      vertex -68.9252 31.1792 6.86646e-07
      vertex -68.4977 26.9944 6.86646e-07
      vertex -68.8954 27.0735 6.86646e-07
    endloop
  endfacet
  facet normal 0 0 -1
    outer loop
      vertex -68.4977 26.9944 6.86646e-07
      vertex -68.9252 31.1792 6.86646e-07
      vertex -68.0431 31.4787 6.86646e-07
    endloop
  endfacet
  facet normal 0 0 -1
    outer loop
      vertex -69.7607 30.7672 6.86646e-07
      vertex -68.8954 27.0735 6.86646e-07
      vertex -69.3 27.1 6.86646e-07
    endloop
  endfacet
  facet normal 0 0 -1
    outer loop
      vertex -70.5352 30.2497 6.86646e-07
      vertex -69.3 27.1 6.86646e-07
      vertex -69.7046 27.0735 6.86646e-07
    endloop
  endfacet
  facet normal 0 0 -1
    outer loop
      vertex -68.8954 27.0735 6.86646e-07
      vertex -69.7607 30.7672 6.86646e-07
      vertex -68.9252 31.1792 6.86646e-07
    endloop
  endfacet
  facet normal 0 0 -1
    outer loop
      vertex -71.2355 29.6355 6.86646e-07
      vertex -69.7046 27.0735 6.86646e-07
      vertex -70.1023 26.9944 6.86646e-07
    endloop
  endfacet
  facet normal 0 0 -1
    outer loop
      vertex -71.8497 28.9352 6.86646e-07
      vertex -70.1023 26.9944 6.86646e-07
      vertex -70.4863 26.864 6.86646e-07
    endloop
  endfacet
  facet normal 0 0 -1
    outer loop
      vertex -69.3 27.1 6.86646e-07
      vertex -70.5352 30.2497 6.86646e-07
      vertex -69.7607 30.7672 6.86646e-07
    endloop
  endfacet
  facet normal 0 0 -1
    outer loop
      vertex -72.3672 28.1606 6.86646e-07
      vertex -70.4863 26.864 6.86646e-07
      vertex -70.85 26.6847 6.86646e-07
    endloop
  endfacet
  facet normal 0 0 -1
    outer loop
      vertex -72.3672 28.1606 6.86646e-07
      vertex -70.85 26.6847 6.86646e-07
      vertex -71.1872 26.4594 6.86646e-07
    endloop
  endfacet
  facet normal 0 0 -1
    outer loop
      vertex -69.7046 27.0735 6.86646e-07
      vertex -71.2355 29.6355 6.86646e-07
      vertex -70.5352 30.2497 6.86646e-07
    endloop
  endfacet
  facet normal 0 0 -1
    outer loop
      vertex -72.7792 27.3252 6.86646e-07
      vertex -71.1872 26.4594 6.86646e-07
      vertex -71.492 26.192 6.86646e-07
    endloop
  endfacet
  facet normal 0 0 -1
    outer loop
      vertex -73.0787 26.4431 6.86646e-07
      vertex -71.492 26.192 6.86646e-07
      vertex -71.7594 25.8872 6.86646e-07
    endloop
  endfacet
  facet normal 0 0 -1
    outer loop
      vertex -70.1023 26.9944 6.86646e-07
      vertex -71.8497 28.9352 6.86646e-07
      vertex -71.2355 29.6355 6.86646e-07
    endloop
  endfacet
  facet normal 0 0 -1
    outer loop
      vertex -73.0787 26.4431 6.86646e-07
      vertex -71.7594 25.8872 6.86646e-07
      vertex -71.9847 25.55 6.86646e-07
    endloop
  endfacet
  facet normal 0 0 -1
    outer loop
      vertex -73.2604 25.5295 6.86646e-07
      vertex -71.9847 25.55 6.86646e-07
      vertex -72.164 25.1863 6.86646e-07
    endloop
  endfacet
  facet normal 0 0 -1
    outer loop
      vertex -73.2604 25.5295 6.86646e-07
      vertex -72.164 25.1863 6.86646e-07
      vertex -72.2944 24.8023 6.86646e-07
    endloop
  endfacet
  facet normal 0 0 -1
    outer loop
      vertex -70.4863 26.864 6.86646e-07
      vertex -72.3672 28.1606 6.86646e-07
      vertex -71.8497 28.9352 6.86646e-07
    endloop
  endfacet
  facet normal 0 0 -1
    outer loop
      vertex -73.3213 24.6 6.86646e-07
      vertex -72.2944 24.8023 6.86646e-07
      vertex -72.3735 24.4046 6.86646e-07
    endloop
  endfacet
  facet normal 0 0 -1
    outer loop
      vertex -73.3213 24.6 6.86646e-07
      vertex -72.3735 24.4046 6.86646e-07
      vertex -72.4 24 6.86646e-07
    endloop
  endfacet
  facet normal 0 0 -1
    outer loop
      vertex -71.1872 26.4594 6.86646e-07
      vertex -72.7792 27.3252 6.86646e-07
      vertex -72.3672 28.1606 6.86646e-07
    endloop
  endfacet
  facet normal 0 0 -1
    outer loop
      vertex -72.2944 23.1977 6.86646e-07
      vertex -73.3213 24.6 6.86646e-07
      vertex -72.3735 23.5954 6.86646e-07
    endloop
  endfacet
  facet normal 0 0 -1
    outer loop
      vertex -72.2944 -24.8023 6.86646e-07
      vertex -73.3213 -24.6 6.86646e-07
      vertex -72.3735 -24.4046 6.86646e-07
    endloop
  endfacet
  facet normal 0 0 -1
    outer loop
      vertex -72.3735 23.5954 6.86646e-07
      vertex -73.3213 24.6 6.86646e-07
      vertex -72.4 24 6.86646e-07
    endloop
  endfacet
  facet normal -0 0 -1
    outer loop
      vertex -72.3735 -24.4046 6.86646e-07
      vertex -73.3213 -24.6 6.86646e-07
      vertex -72.4 -24 6.86646e-07
    endloop
  endfacet
  facet normal -0 0 -1
    outer loop
      vertex -72.2944 24.8023 6.86646e-07
      vertex -73.3213 24.6 6.86646e-07
      vertex -73.2604 25.5295 6.86646e-07
    endloop
  endfacet
  facet normal 0 0 -1
    outer loop
      vertex -71.492 26.192 6.86646e-07
      vertex -73.0787 26.4431 6.86646e-07
      vertex -72.7792 27.3252 6.86646e-07
    endloop
  endfacet
  facet normal -0 0 -1
    outer loop
      vertex -71.9847 25.55 6.86646e-07
      vertex -73.2604 25.5295 6.86646e-07
      vertex -73.0787 26.4431 6.86646e-07
    endloop
  endfacet
  facet normal 0 0 -1
    outer loop
      vertex 73.3213 24.6 6.86646e-07
      vertex 72.2944 24.8023 6.86646e-07
      vertex 73.2604 25.5295 6.86646e-07
    endloop
  endfacet
  facet normal 0 0 -1
    outer loop
      vertex 72.164 25.1863 6.86646e-07
      vertex 73.2604 25.5295 6.86646e-07
      vertex 72.2944 24.8023 6.86646e-07
    endloop
  endfacet
  facet normal 0 0 -1
    outer loop
      vertex 71.9847 25.55 6.86646e-07
      vertex 73.2604 25.5295 6.86646e-07
      vertex 72.164 25.1863 6.86646e-07
    endloop
  endfacet
  facet normal 0 0 -1
    outer loop
      vertex 73.2604 25.5295 6.86646e-07
      vertex 71.9847 25.55 6.86646e-07
      vertex 73.0787 26.4431 6.86646e-07
    endloop
  endfacet
  facet normal 0 0 -1
    outer loop
      vertex 71.7594 25.8872 6.86646e-07
      vertex 73.0787 26.4431 6.86646e-07
      vertex 71.9847 25.55 6.86646e-07
    endloop
  endfacet
  facet normal 0 0 -1
    outer loop
      vertex 71.492 26.192 6.86646e-07
      vertex 73.0787 26.4431 6.86646e-07
      vertex 71.7594 25.8872 6.86646e-07
    endloop
  endfacet
  facet normal -0 0 -1
    outer loop
      vertex 73.0787 26.4431 6.86646e-07
      vertex 71.492 26.192 6.86646e-07
      vertex 72.7792 27.3252 6.86646e-07
    endloop
  endfacet
  facet normal 0 0 -1
    outer loop
      vertex 71.1872 26.4594 6.86646e-07
      vertex 72.7792 27.3252 6.86646e-07
      vertex 71.492 26.192 6.86646e-07
    endloop
  endfacet
  facet normal -0 0 -1
    outer loop
      vertex 72.7792 27.3252 6.86646e-07
      vertex 71.1872 26.4594 6.86646e-07
      vertex 72.3672 28.1606 6.86646e-07
    endloop
  endfacet
  facet normal 0 0 -1
    outer loop
      vertex 70.85 26.6847 6.86646e-07
      vertex 72.3672 28.1606 6.86646e-07
      vertex 71.1872 26.4594 6.86646e-07
    endloop
  endfacet
  facet normal 0 0 -1
    outer loop
      vertex 70.4863 26.864 6.86646e-07
      vertex 72.3672 28.1606 6.86646e-07
      vertex 70.85 26.6847 6.86646e-07
    endloop
  endfacet
  facet normal -0 0 -1
    outer loop
      vertex 72.3672 28.1606 6.86646e-07
      vertex 70.4863 26.864 6.86646e-07
      vertex 71.8497 28.9352 6.86646e-07
    endloop
  endfacet
  facet normal 0 0 -1
    outer loop
      vertex 70.1023 26.9944 6.86646e-07
      vertex 71.8497 28.9352 6.86646e-07
      vertex 70.4863 26.864 6.86646e-07
    endloop
  endfacet
  facet normal -0 0 -1
    outer loop
      vertex 71.8497 28.9352 6.86646e-07
      vertex 70.1023 26.9944 6.86646e-07
      vertex 71.2355 29.6355 6.86646e-07
    endloop
  endfacet
  facet normal 0 0 -1
    outer loop
      vertex 69.7046 27.0735 6.86646e-07
      vertex 71.2355 29.6355 6.86646e-07
      vertex 70.1023 26.9944 6.86646e-07
    endloop
  endfacet
  facet normal -0 0 -1
    outer loop
      vertex 71.2355 29.6355 6.86646e-07
      vertex 69.7046 27.0735 6.86646e-07
      vertex 70.5352 30.2497 6.86646e-07
    endloop
  endfacet
  facet normal 0 0 -1
    outer loop
      vertex 69.3 27.1 6.86646e-07
      vertex 70.5352 30.2497 6.86646e-07
      vertex 69.7046 27.0735 6.86646e-07
    endloop
  endfacet
  facet normal -0 0 -1
    outer loop
      vertex 70.5352 30.2497 6.86646e-07
      vertex 69.3 27.1 6.86646e-07
      vertex 69.7607 30.7672 6.86646e-07
    endloop
  endfacet
  facet normal 0 0 -1
    outer loop
      vertex 68.8954 27.0735 6.86646e-07
      vertex 69.7607 30.7672 6.86646e-07
      vertex 69.3 27.1 6.86646e-07
    endloop
  endfacet
  facet normal -0 0 -1
    outer loop
      vertex 69.7607 30.7672 6.86646e-07
      vertex 68.8954 27.0735 6.86646e-07
      vertex 68.9252 31.1792 6.86646e-07
    endloop
  endfacet
  facet normal 0 0 -1
    outer loop
      vertex 68.4977 26.9944 6.86646e-07
      vertex 68.9252 31.1792 6.86646e-07
      vertex 68.8954 27.0735 6.86646e-07
    endloop
  endfacet
  facet normal 0 0 -1
    outer loop
      vertex 68.0431 31.4787 6.86646e-07
      vertex 68.4977 26.9944 6.86646e-07
      vertex 68.1137 26.864 6.86646e-07
    endloop
  endfacet
  facet normal 0 0 -1
    outer loop
      vertex 68.4977 26.9944 6.86646e-07
      vertex 68.0431 31.4787 6.86646e-07
      vertex 68.9252 31.1792 6.86646e-07
    endloop
  endfacet
  facet normal 0 0 -1
    outer loop
      vertex 67.1295 31.6604 6.86646e-07
      vertex 68.1137 26.864 6.86646e-07
      vertex 67.75 26.6847 6.86646e-07
    endloop
  endfacet
  facet normal 0 0 -1
    outer loop
      vertex 66.2 31.7213 6.86646e-07
      vertex 67.75 26.6847 6.86646e-07
      vertex 67.4128 26.4594 6.86646e-07
    endloop
  endfacet
  facet normal 0 0 -1
    outer loop
      vertex 68.1137 26.864 6.86646e-07
      vertex 67.1295 31.6604 6.86646e-07
      vertex 68.0431 31.4787 6.86646e-07
    endloop
  endfacet
  facet normal 0 0 -1
    outer loop
      vertex 66.2 31.7213 6.86646e-07
      vertex 67.4128 26.4594 6.86646e-07
      vertex 67.108 26.192 6.86646e-07
    endloop
  endfacet
  facet normal 0 0 -1
    outer loop
      vertex 66.2 31.7213 6.86646e-07
      vertex 67.108 26.192 6.86646e-07
      vertex 66.8406 25.8872 6.86646e-07
    endloop
  endfacet
  facet normal 0 0 -1
    outer loop
      vertex 66.2 31.7213 6.86646e-07
      vertex 66.8406 25.8872 6.86646e-07
      vertex 66.6153 25.55 6.86646e-07
    endloop
  endfacet
  facet normal 0 0 -1
    outer loop
      vertex 66.2 31.7213 6.86646e-07
      vertex 66.6153 25.55 6.86646e-07
      vertex 66.436 25.1863 6.86646e-07
    endloop
  endfacet
  facet normal 0 0 -1
    outer loop
      vertex 66.2 31.7213 6.86646e-07
      vertex 66.436 25.1863 6.86646e-07
      vertex 66.3056 24.8023 6.86646e-07
    endloop
  endfacet
  facet normal 0 0 -1
    outer loop
      vertex 66.2 31.7213 6.86646e-07
      vertex 66.3056 24.8023 6.86646e-07
      vertex 66.2265 24.4046 6.86646e-07
    endloop
  endfacet
  facet normal 0 0 -1
    outer loop
      vertex 67.75 26.6847 6.86646e-07
      vertex 66.2 31.7213 6.86646e-07
      vertex 67.1295 31.6604 6.86646e-07
    endloop
  endfacet
  facet normal 0 0 -1
    outer loop
      vertex 66.2 31.7213 6.86646e-07
      vertex 66.2265 24.4046 6.86646e-07
      vertex 66.2 24 6.86646e-07
    endloop
  endfacet
  facet normal -0.945812 0.321061 -0.0485706
    outer loop
      vertex -73.5844 27.6587 1.35297
      vertex -73.9274 26.6705 1.5
      vertex -73.591 27.6615 1.5
    endloop
  endfacet
  facet normal -0.895818 0.441752 -0.0486248
    outer loop
      vertex -73.5844 27.6587 1.35297
      vertex -73.591 27.6615 1.5
      vertex -73.1282 28.6 1.5
    endloop
  endfacet
  facet normal -0.721039 0.355561 -0.594709
    outer loop
      vertex -73.2765 27.5312 0.54841
      vertex -73.3575 27.5647 0.666645
      vertex -72.9093 28.4736 0.666645
    endloop
  endfacet
  facet normal -0.616762 0.412063 -0.670677
    outer loop
      vertex -72.7477 28.3803 0.43934
      vertex -72.8333 28.4297 0.54841
      vertex -72.2767 29.2628 0.54841
    endloop
  endfacet
  facet normal -0.189224 0.951425 -0.242868
    outer loop
      vertex -68.2538 32.265 1.06457
      vertex -68.2631 32.2996 1.20736
      vertex -67.2404 32.503 1.20736
    endloop
  endfacet
  facet normal -0.189266 0.951472 -0.242649
    outer loop
      vertex -67.2358 32.4675 1.06457
      vertex -68.2538 32.265 1.06457
      vertex -67.2404 32.503 1.20736
    endloop
  endfacet
  facet normal -0.379603 0.769691 -0.513301
    outer loop
      vertex -69.1647 31.7575 0.666645
      vertex -70.1114 31.3748 0.792906
      vertex -69.1937 31.8274 0.792906
    endloop
  endfacet
  facet normal -0.40005 0.81115 -0.42661
    outer loop
      vertex -69.1937 31.8274 0.792906
      vertex -70.1114 31.3748 0.792906
      vertex -69.2178 31.8855 0.925976
    endloop
  endfacet
  facet normal -0.565914 0.645261 -0.513206
    outer loop
      vertex -71.6781 30.0781 0.666645
      vertex -71.7316 30.1316 0.792906
      vertex -70.9623 30.8063 0.792906
    endloop
  endfacet
  facet normal -0.429138 0.870187 -0.242106
    outer loop
      vertex -70.1677 31.4723 1.06457
      vertex -70.1856 31.5032 1.20736
      vertex -69.2504 31.9644 1.20736
    endloop
  endfacet
  facet normal -0.752006 0.502477 -0.426618
    outer loop
      vertex -72.4063 29.3623 0.792906
      vertex -73.0293 28.5429 0.925976
      vertex -72.4562 29.4006 0.925976
    endloop
  endfacet
  facet normal -0.539004 0.806683 -0.242357
    outer loop
      vertex -71.0308 30.8956 1.06457
      vertex -71.0525 30.924 1.20736
      vertex -70.1677 31.4723 1.06457
    endloop
  endfacet
  facet normal 0.321469 -0.94692 0
    outer loop
      vertex 68.2706 -32.3274 1.5
      vertex 69.2615 -31.991 1.8
      vertex 68.2706 -32.3274 1.8
    endloop
  endfacet
  facet normal 0.321469 -0.94692 0
    outer loop
      vertex 69.2615 -31.991 1.8
      vertex 68.2706 -32.3274 1.5
      vertex 69.2615 -31.991 1.5
    endloop
  endfacet
  facet normal 0.327879 0.664903 -0.671118
    outer loop
      vertex 69.9803 31.1477 0.43934
      vertex 69.0933 31.5851 0.43934
      vertex 69.1312 31.6765 0.54841
    endloop
  endfacet
  facet normal -0.144716 0.727356 -0.670828
    outer loop
      vertex -68.1568 31.903 0.43934
      vertex -68.1824 31.9985 0.54841
      vertex -67.1998 32.194 0.54841
    endloop
  endfacet
  facet normal -0.412047 0.61672 -0.670726
    outer loop
      vertex -70.8026 30.5983 0.43934
      vertex -70.8628 30.6767 0.54841
      vertex -69.9803 31.1477 0.43934
    endloop
  endfacet
  facet normal -0.35551 0.720805 -0.595023
    outer loop
      vertex -70.0298 31.2333 0.54841
      vertex -70.0736 31.3093 0.666645
      vertex -69.1312 31.6765 0.54841
    endloop
  endfacet
  facet normal -0.313069 -0.634877 -0.706342
    outer loop
      vertex -69.0933 -31.5851 0.43934
      vertex -69.7607 -30.7672 6.86646e-07
      vertex -68.9252 -31.1792 6.86646e-07
    endloop
  endfacet
  facet normal -0.588586 0.393227 -0.706356
    outer loop
      vertex -71.8497 28.9352 6.86646e-07
      vertex -72.3672 28.1606 6.86646e-07
      vertex -72.1983 29.2026 0.43934
    endloop
  endfacet
  facet normal -0.645261 0.565914 -0.513206
    outer loop
      vertex -71.6781 30.0781 0.666645
      vertex -72.4063 29.3623 0.792906
      vertex -71.7316 30.1316 0.792906
    endloop
  endfacet
  facet normal -0.679968 0.596353 -0.426623
    outer loop
      vertex -72.4063 29.3623 0.792906
      vertex -72.4562 29.4006 0.925976
      vertex -71.7316 30.1316 0.792906
    endloop
  endfacet
  facet normal -0.489019 0.557641 -0.670744
    outer loop
      vertex -70.8026 30.5983 0.43934
      vertex -71.6161 30.0161 0.54841
      vertex -70.8628 30.6767 0.54841
    endloop
  endfacet
  facet normal -0.489011 0.557627 -0.670761
    outer loop
      vertex -71.5462 29.9462 0.43934
      vertex -71.6161 30.0161 0.54841
      vertex -70.8026 30.5983 0.43934
    endloop
  endfacet
  facet normal -0.936794 0.317942 -0.146046
    outer loop
      vertex -73.8996 26.6631 1.20736
      vertex -73.9204 26.6687 1.35297
      vertex -73.5844 27.6587 1.35297
    endloop
  endfacet
  facet normal -0.806743 0.539007 -0.24215
    outer loop
      vertex -73.0723 28.5677 1.06457
      vertex -73.1032 28.5856 1.20736
      vertex -72.524 29.4525 1.20736
    endloop
  endfacet
  facet normal -0.713621 0.47682 -0.513212
    outer loop
      vertex -72.3463 29.3162 0.666645
      vertex -72.9093 28.4736 0.666645
      vertex -72.4063 29.3623 0.792906
    endloop
  endfacet
  facet normal -0.2907 -0.856319 -0.426863
    outer loop
      vertex -68.241 -32.2171 0.925976
      vertex -69.2178 -31.8855 0.925976
      vertex -68.2247 -32.1563 0.792906
    endloop
  endfacet
  facet normal -0.355561 -0.721039 -0.594709
    outer loop
      vertex -69.1647 -31.7575 0.666645
      vertex -70.0736 -31.3093 0.666645
      vertex -69.1312 -31.6765 0.54841
    endloop
  endfacet
  facet normal -0.441752 -0.895818 -0.0486248
    outer loop
      vertex -69.2615 -31.991 1.5
      vertex -70.2 -31.5282 1.5
      vertex -69.2587 -31.9844 1.35297
    endloop
  endfacet
  facet normal -0.32109 -0.945802 -0.0485707
    outer loop
      vertex -68.2706 -32.3274 1.5
      vertex -69.2615 -31.991 1.5
      vertex -69.2587 -31.9844 1.35297
    endloop
  endfacet
  facet normal 0.831462 -0.555582 0
    outer loop
      vertex 72.5468 -29.4701 1.8
      vertex 73.1282 -28.6 1.5
      vertex 73.1282 -28.6 1.8
    endloop
  endfacet
  facet normal 0.831462 -0.555582 0
    outer loop
      vertex 73.1282 -28.6 1.5
      vertex 72.5468 -29.4701 1.8
      vertex 72.5468 -29.4701 1.5
    endloop
  endfacet
  facet normal -0.806683 -0.539004 -0.242357
    outer loop
      vertex -72.524 -29.4525 1.20736
      vertex -73.0723 -28.5677 1.06457
      vertex -72.4956 -29.4308 1.06457
    endloop
  endfacet
  facet normal -0.429138 -0.870187 -0.242106
    outer loop
      vertex -69.2504 -31.9644 1.20736
      vertex -70.1856 -31.5032 1.20736
      vertex -70.1677 -31.4723 1.06457
    endloop
  endfacet
  facet normal 0.429098 -0.87016 -0.242271
    outer loop
      vertex 69.2504 -31.9644 1.20736
      vertex 69.2367 -31.9314 1.06457
      vertex 70.1677 -31.4723 1.06457
    endloop
  endfacet
  facet normal 0.2907 -0.856319 -0.426863
    outer loop
      vertex 68.241 -32.2171 0.925976
      vertex 68.2247 -32.1563 0.792906
      vertex 69.2178 -31.8855 0.925976
    endloop
  endfacet
  facet normal 0.176355 -0.886723 -0.427341
    outer loop
      vertex 67.2293 -32.4184 0.925976
      vertex 67.2211 -32.3559 0.792906
      vertex 68.2247 -32.1563 0.792906
    endloop
  endfacet
  facet normal 0.167404 -0.841719 -0.513308
    outer loop
      vertex 68.2247 -32.1563 0.792906
      vertex 67.2211 -32.3559 0.792906
      vertex 68.2051 -32.0832 0.666645
    endloop
  endfacet
  facet normal 0.2907 0.856456 -0.426587
    outer loop
      vertex 69.1937 31.8274 0.792906
      vertex 68.2247 32.1563 0.792906
      vertex 69.2178 31.8855 0.925976
    endloop
  endfacet
  facet normal 0.2907 0.856319 -0.426863
    outer loop
      vertex 69.2178 31.8855 0.925976
      vertex 68.2247 32.1563 0.792906
      vertex 68.241 32.2171 0.925976
    endloop
  endfacet
  facet normal 0.0616129 0.939892 -0.335867
    outer loop
      vertex 67.2293 32.4184 0.925976
      vertex 66.2 32.5354 1.06457
      vertex 67.2358 32.4675 1.06457
    endloop
  endfacet
  facet normal 0.0615353 0.939738 -0.336313
    outer loop
      vertex 67.2293 32.4184 0.925976
      vertex 66.2 32.4858 0.925976
      vertex 66.2 32.5354 1.06457
    endloop
  endfacet
  facet normal 0.0525988 0.802231 -0.594693
    outer loop
      vertex 67.1998 32.194 0.54841
      vertex 66.2 32.3472 0.666645
      vertex 67.2112 32.2809 0.666645
    endloop
  endfacet
  facet normal 0.156855 0.788365 -0.594876
    outer loop
      vertex 68.1824 31.9985 0.54841
      vertex 67.1998 32.194 0.54841
      vertex 68.2051 32.0832 0.666645
    endloop
  endfacet
  facet normal 0.238333 0.702267 -0.670834
    outer loop
      vertex 69.1312 31.6765 0.54841
      vertex 68.1568 31.903 0.43934
      vertex 68.1824 31.9985 0.54841
    endloop
  endfacet
  facet normal 0.0462782 0.706332 -0.706366
    outer loop
      vertex 67.1295 31.6604 6.86646e-07
      vertex 66.2 31.7213 6.86646e-07
      vertex 67.1869 32.096 0.43934
    endloop
  endfacet
  facet normal 0.046238 0.706382 -0.706319
    outer loop
      vertex 67.1869 32.096 0.43934
      vertex 66.2 31.7213 6.86646e-07
      vertex 66.2 32.1606 0.43934
    endloop
  endfacet
  facet normal 0.0590974 0.902507 -0.4266
    outer loop
      vertex 67.2293 32.4184 0.925976
      vertex 66.2 32.4229 0.792906
      vertex 66.2 32.4858 0.925976
    endloop
  endfacet
  facet normal -0.313069 0.634877 -0.706342
    outer loop
      vertex -68.9252 31.1792 6.86646e-07
      vertex -69.7607 30.7672 6.86646e-07
      vertex -69.0933 31.5851 0.43934
    endloop
  endfacet
  facet normal -0.0561545 0.856461 -0.513148
    outer loop
      vertex -67.2112 32.2809 0.666645
      vertex -67.2211 32.3559 0.792906
      vertex -66.2 32.3472 0.666645
    endloop
  endfacet
  facet normal -0.0561871 0.856308 -0.513401
    outer loop
      vertex -66.2 32.3472 0.666645
      vertex -67.2211 32.3559 0.792906
      vertex -66.2 32.4229 0.792906
    endloop
  endfacet
  facet normal -0.144753 0.72744 -0.670729
    outer loop
      vertex -67.1869 32.096 0.43934
      vertex -68.1568 31.903 0.43934
      vertex -67.1998 32.194 0.54841
    endloop
  endfacet
  facet normal 0.665214 -0.328128 -0.670687
    outer loop
      vertex 72.8333 -28.4297 0.54841
      vertex 72.7477 -28.3803 0.43934
      vertex 73.2765 -27.5312 0.54841
    endloop
  endfacet
  facet normal 0.668274 -0.446479 -0.595034
    outer loop
      vertex 72.3463 -29.3162 0.666645
      vertex 72.2767 -29.2628 0.54841
      vertex 72.8333 -28.4297 0.54841
    endloop
  endfacet
  facet normal -0.788365 0.156855 -0.594876
    outer loop
      vertex -73.5985 26.5824 0.54841
      vertex -73.794 25.5998 0.54841
      vertex -73.6832 26.6051 0.666645
    endloop
  endfacet
  facet normal 0.61672 -0.412047 -0.670726
    outer loop
      vertex 72.2767 -29.2628 0.54841
      vertex 72.1983 -29.2026 0.43934
      vertex 72.7477 -28.3803 0.43934
    endloop
  endfacet
  facet normal 0.588558 -0.393231 -0.706377
    outer loop
      vertex 72.7477 -28.3803 0.43934
      vertex 72.1983 -29.2026 0.43934
      vertex 72.3672 -28.1606 6.86646e-07
    endloop
  endfacet
  facet normal 0.811063 -0.399964 -0.426856
    outer loop
      vertex 73.0293 -28.5429 0.925976
      vertex 72.9748 -28.5114 0.792906
      vertex 73.4855 -27.6178 0.925976
    endloop
  endfacet
  facet normal 0.844556 -0.416481 -0.336556
    outer loop
      vertex 73.0723 -28.5677 1.06457
      vertex 73.0293 -28.5429 0.925976
      vertex 73.4855 -27.6178 0.925976
    endloop
  endfacet
  facet normal 0.87016 -0.429098 -0.242271
    outer loop
      vertex 73.5644 -27.6504 1.20736
      vertex 73.0723 -28.5677 1.06457
      vertex 73.5314 -27.6367 1.06457
    endloop
  endfacet
  facet normal 0.936658 -0.318006 -0.14678
    outer loop
      vertex 73.5844 -27.6587 1.35297
      vertex 73.5644 -27.6504 1.20736
      vertex 73.8996 -26.6631 1.20736
    endloop
  endfacet
  facet normal 0.78296 -0.523153 -0.336579
    outer loop
      vertex 72.4956 -29.4308 1.06457
      vertex 72.4562 -29.4006 0.925976
      vertex 73.0723 -28.5677 1.06457
    endloop
  endfacet
  facet normal 0.750993 -0.658503 -0.0488205
    outer loop
      vertex 72.5468 -29.4701 1.5
      vertex 71.8569 -30.2569 1.5
      vertex 72.5411 -29.4657 1.35297
    endloop
  endfacet
  facet normal 0.750859 -0.658578 -0.0498475
    outer loop
      vertex 71.8569 -30.2569 1.5
      vertex 71.8517 -30.2517 1.35297
      vertex 72.5411 -29.4657 1.35297
    endloop
  endfacet
  facet normal 0.75189 -0.659289 0
    outer loop
      vertex 71.8569 -30.2569 1.8
      vertex 72.5468 -29.4701 1.5
      vertex 72.5468 -29.4701 1.8
    endloop
  endfacet
  facet normal 0.75189 -0.659289 0
    outer loop
      vertex 72.5468 -29.4701 1.5
      vertex 71.8569 -30.2569 1.8
      vertex 71.8569 -30.2569 1.5
    endloop
  endfacet
  facet normal 0.523166 -0.782969 -0.336538
    outer loop
      vertex 70.1677 -31.4723 1.06457
      vertex 70.1429 -31.4293 0.925976
      vertex 71.0006 -30.8562 0.925976
    endloop
  endfacet
  facet normal 0.596353 -0.679968 -0.426623
    outer loop
      vertex 71.0006 -30.8562 0.925976
      vertex 70.9623 -30.8063 0.792906
      vertex 71.7316 -30.1316 0.792906
    endloop
  endfacet
  facet normal 0.355561 -0.721039 -0.594709
    outer loop
      vertex 69.1647 -31.7575 0.666645
      vertex 69.1312 -31.6765 0.54841
      vertex 70.0736 -31.3093 0.666645
    endloop
  endfacet
  facet normal 0.379634 -0.769856 -0.51303
    outer loop
      vertex 70.1114 -31.3748 0.792906
      vertex 69.1647 -31.7575 0.666645
      vertex 70.0736 -31.3093 0.666645
    endloop
  endfacet
  facet normal 0.604372 -0.529999 -0.594841
    outer loop
      vertex 71.6781 -30.0781 0.666645
      vertex 71.6161 -30.0161 0.54841
      vertex 72.2767 -29.2628 0.54841
    endloop
  endfacet
  facet normal 0.604243 -0.529932 -0.595032
    outer loop
      vertex 72.3463 -29.3162 0.666645
      vertex 71.6781 -30.0781 0.666645
      vertex 72.2767 -29.2628 0.54841
    endloop
  endfacet
  facet normal -0.945812 -0.321061 -0.0485706
    outer loop
      vertex -73.591 -27.6615 1.5
      vertex -73.9274 -26.6705 1.5
      vertex -73.5844 -27.6587 1.35297
    endloop
  endfacet
  facet normal 0.442276 -0.896879 0
    outer loop
      vertex 69.2615 -31.991 1.5
      vertex 70.2 -31.5282 1.8
      vertex 69.2615 -31.991 1.8
    endloop
  endfacet
  facet normal 0.442276 -0.896879 0
    outer loop
      vertex 70.2 -31.5282 1.8
      vertex 69.2615 -31.991 1.5
      vertex 70.2 -31.5282 1.5
    endloop
  endfacet
  facet normal 0.441752 -0.895818 -0.0486248
    outer loop
      vertex 69.2615 -31.991 1.5
      vertex 69.2587 -31.9844 1.35297
      vertex 70.2 -31.5282 1.5
    endloop
  endfacet
  facet normal 0.639673 -0.729459 -0.242297
    outer loop
      vertex 71.0525 -30.924 1.20736
      vertex 71.0308 -30.8956 1.06457
      vertex 71.8365 -30.2365 1.20736
    endloop
  endfacet
  facet normal 0.743755 -0.652208 -0.146469
    outer loop
      vertex 72.5411 -29.4657 1.35297
      vertex 71.8365 -30.2365 1.20736
      vertex 72.524 -29.4525 1.20736
    endloop
  endfacet
  facet normal 0.192974 -0.970277 -0.146023
    outer loop
      vertex 68.2687 -32.3204 1.35297
      vertex 67.2404 -32.503 1.20736
      vertex 68.2631 -32.2996 1.20736
    endloop
  endfacet
  facet normal 0.317942 -0.936794 -0.146046
    outer loop
      vertex 68.2687 -32.3204 1.35297
      vertex 68.2631 -32.2996 1.20736
      vertex 69.2587 -31.9844 1.35297
    endloop
  endfacet
  facet normal 0.996649 0.0653415 -0.0492055
    outer loop
      vertex 74.1928 24.6 1.35297
      vertex 74.1244 25.6433 1.35297
      vertex 74.1316 25.6442 1.5
    endloop
  endfacet
  facet normal 1 -0 0
    outer loop
      vertex 74.2 -24.6 1.8
      vertex 74.2 24.6 1.5
      vertex 74.2 24.6 1.8
    endloop
  endfacet
  facet normal 1 0 0
    outer loop
      vertex 74.2 24.6 1.5
      vertex 74.2 -24.6 1.8
      vertex 74.2 -24.6 1.5
    endloop
  endfacet
  facet normal 0.996672 -0.0652867 -0.0488066
    outer loop
      vertex 74.2 -24.6 1.5
      vertex 74.1316 -25.6442 1.5
      vertex 74.1928 -24.6 1.35297
    endloop
  endfacet
  facet normal 0.970277 -0.192974 -0.146023
    outer loop
      vertex 73.9204 -26.6687 1.35297
      vertex 73.8996 -26.6631 1.20736
      vertex 74.103 -25.6404 1.20736
    endloop
  endfacet
  facet normal 0.998803 0 -0.048911
    outer loop
      vertex 74.2 -24.6 1.5
      vertex 74.1928 24.6 1.35297
      vertex 74.2 24.6 1.5
    endloop
  endfacet
  facet normal 0.998803 0 -0.048911
    outer loop
      vertex 74.1928 24.6 1.35297
      vertex 74.2 -24.6 1.5
      vertex 74.1928 -24.6 1.35297
    endloop
  endfacet
  facet normal -0.831462 0.555582 0
    outer loop
      vertex -73.1282 28.6 1.5
      vertex -72.5468 29.4701 1.8
      vertex -72.5468 29.4701 1.5
    endloop
  endfacet
  facet normal -0.831462 0.555582 0
    outer loop
      vertex -72.5468 29.4701 1.8
      vertex -73.1282 28.6 1.5
      vertex -73.1282 28.6 1.8
    endloop
  endfacet
  facet normal 0.939738 -0.0615353 -0.336313
    outer loop
      vertex 74.1354 -24.6 1.06457
      vertex 74.0184 -25.6293 0.925976
      vertex 74.0858 -24.6 0.925976
    endloop
  endfacet
  facet normal 0.987112 -0.0647162 -0.146363
    outer loop
      vertex 74.1244 -25.6433 1.35297
      vertex 74.103 -25.6404 1.20736
      vertex 74.1928 -24.6 1.35297
    endloop
  endfacet
  facet normal 0.702023 -0.238306 -0.671099
    outer loop
      vertex 73.2765 -27.5312 0.54841
      vertex 73.1851 -27.4933 0.43934
      vertex 73.503 -26.5568 0.43934
    endloop
  endfacet
  facet normal 0.670336 -0.2276 -0.706292
    outer loop
      vertex 73.503 -26.5568 0.43934
      vertex 72.7792 -27.3252 6.86646e-07
      vertex 73.0787 -26.4431 6.86646e-07
    endloop
  endfacet
  facet normal 0.788365 -0.156855 -0.594876
    outer loop
      vertex 73.6832 -26.6051 0.666645
      vertex 73.5985 -26.5824 0.54841
      vertex 73.794 -25.5998 0.54841
    endloop
  endfacet
  facet normal 0.812662 -0.275836 -0.513318
    outer loop
      vertex 73.7563 -26.6247 0.792906
      vertex 73.4274 -27.5937 0.792906
      vertex 73.6832 -26.6051 0.666645
    endloop
  endfacet
  facet normal 0.317942 0.936794 -0.146046
    outer loop
      vertex 69.2587 31.9844 1.35297
      vertex 68.2631 32.2996 1.20736
      vertex 68.2687 32.3204 1.35297
    endloop
  endfacet
  facet normal 0.192974 0.970277 -0.146023
    outer loop
      vertex 68.2631 32.2996 1.20736
      vertex 67.2404 32.503 1.20736
      vertex 68.2687 32.3204 1.35297
    endloop
  endfacet
  facet normal 0.750859 0.658578 -0.0498475
    outer loop
      vertex 72.5411 29.4657 1.35297
      vertex 71.8517 30.2517 1.35297
      vertex 71.8569 30.2569 1.5
    endloop
  endfacet
  facet normal 0.8305 0.554877 -0.0488017
    outer loop
      vertex 73.1219 28.5964 1.35297
      vertex 72.5411 29.4657 1.35297
      vertex 72.5468 29.4701 1.5
    endloop
  endfacet
  facet normal 0.441813 0.895757 -0.0491995
    outer loop
      vertex 70.1964 31.5219 1.35297
      vertex 69.2587 31.9844 1.35297
      vertex 70.2 31.5282 1.5
    endloop
  endfacet
  facet normal 0.658503 0.750993 -0.0488205
    outer loop
      vertex 71.8569 30.2569 1.5
      vertex 71.0657 30.9411 1.35297
      vertex 71.0701 30.9468 1.5
    endloop
  endfacet
  facet normal -0.94693 -0.32144 0
    outer loop
      vertex -73.591 -27.6615 1.5
      vertex -73.9274 -26.6705 1.8
      vertex -73.9274 -26.6705 1.5
    endloop
  endfacet
  facet normal -0.94693 -0.32144 0
    outer loop
      vertex -73.9274 -26.6705 1.8
      vertex -73.591 -27.6615 1.5
      vertex -73.591 -27.6615 1.8
    endloop
  endfacet
  facet normal 0.321469 0.94692 -0
    outer loop
      vertex 69.2615 31.991 1.5
      vertex 68.2706 32.3274 1.8
      vertex 69.2615 31.991 1.8
    endloop
  endfacet
  facet normal 0.321469 0.94692 0
    outer loop
      vertex 68.2706 32.3274 1.8
      vertex 69.2615 31.991 1.5
      vertex 68.2706 32.3274 1.5
    endloop
  endfacet
  facet normal 0.523153 0.78296 -0.336579
    outer loop
      vertex 71.0006 30.8562 0.925976
      vertex 70.1677 31.4723 1.06457
      vertex 71.0308 30.8956 1.06457
    endloop
  endfacet
  facet normal 0.416481 0.844556 -0.336556
    outer loop
      vertex 70.1429 31.4293 0.925976
      vertex 69.2178 31.8855 0.925976
      vertex 70.1677 31.4723 1.06457
    endloop
  endfacet
  facet normal 0.313069 0.634877 -0.706342
    outer loop
      vertex 69.7607 30.7672 6.86646e-07
      vertex 68.9252 31.1792 6.86646e-07
      vertex 69.0933 31.5851 0.43934
    endloop
  endfacet
  facet normal -0.939738 -0.0615353 -0.336313
    outer loop
      vertex -74.0184 -25.6293 0.925976
      vertex -74.1354 -24.6 1.06457
      vertex -74.0858 -24.6 0.925976
    endloop
  endfacet
  facet normal 0.238306 0.702023 -0.671099
    outer loop
      vertex 69.0933 31.5851 0.43934
      vertex 68.1568 31.903 0.43934
      vertex 69.1312 31.6765 0.54841
    endloop
  endfacet
  facet normal 0.489019 0.557641 -0.670744
    outer loop
      vertex 71.6161 30.0161 0.54841
      vertex 70.8026 30.5983 0.43934
      vertex 70.8628 30.6767 0.54841
    endloop
  endfacet
  facet normal 0.411994 0.616584 -0.670884
    outer loop
      vertex 70.8628 30.6767 0.54841
      vertex 69.9803 31.1477 0.43934
      vertex 70.0298 31.2333 0.54841
    endloop
  endfacet
  facet normal 0.446529 0.668287 -0.594983
    outer loop
      vertex 70.9162 30.7463 0.666645
      vertex 70.0298 31.2333 0.54841
      vertex 70.0736 31.3093 0.666645
    endloop
  endfacet
  facet normal 0.806683 0.539004 -0.242357
    outer loop
      vertex 73.0723 28.5677 1.06457
      vertex 72.4956 29.4308 1.06457
      vertex 72.524 29.4525 1.20736
    endloop
  endfacet
  facet normal 0.729382 0.639658 -0.242571
    outer loop
      vertex 72.4956 29.4308 1.06457
      vertex 71.8112 30.2112 1.06457
      vertex 71.8365 30.2365 1.20736
    endloop
  endfacet
  facet normal 0.532173 0.466689 -0.706394
    outer loop
      vertex 72.1983 29.2026 0.43934
      vertex 71.2355 29.6355 6.86646e-07
      vertex 71.5462 29.9462 0.43934
    endloop
  endfacet
  facet normal 0.604243 0.529932 -0.595032
    outer loop
      vertex 72.2767 29.2628 0.54841
      vertex 71.6781 30.0781 0.666645
      vertex 72.3463 29.3162 0.666645
    endloop
  endfacet
  facet normal 0.634847 0.313058 -0.706374
    outer loop
      vertex 73.1851 27.4933 0.43934
      vertex 72.3672 28.1606 6.86646e-07
      vertex 72.7477 28.3803 0.43934
    endloop
  endfacet
  facet normal 0.645261 0.565914 -0.513206
    outer loop
      vertex 72.4063 29.3623 0.792906
      vertex 71.6781 30.0781 0.666645
      vertex 71.7316 30.1316 0.792906
    endloop
  endfacet
  facet normal 0.830456 0.55491 -0.0491706
    outer loop
      vertex 73.1219 28.5964 1.35297
      vertex 72.5468 29.4701 1.5
      vertex 73.1282 28.6 1.5
    endloop
  endfacet
  facet normal 0.980775 0.195142 0
    outer loop
      vertex 74.1316 25.6442 1.8
      vertex 73.9274 26.6705 1.5
      vertex 73.9274 26.6705 1.8
    endloop
  endfacet
  facet normal 0.980775 0.195142 0
    outer loop
      vertex 73.9274 26.6705 1.5
      vertex 74.1316 25.6442 1.8
      vertex 74.1316 25.6442 1.5
    endloop
  endfacet
  facet normal -0.750993 -0.658503 -0.0488205
    outer loop
      vertex -71.8569 -30.2569 1.5
      vertex -72.5468 -29.4701 1.5
      vertex -72.5411 -29.4657 1.35297
    endloop
  endfacet
  facet normal 0.665214 0.328128 -0.670687
    outer loop
      vertex 73.2765 27.5312 0.54841
      vertex 72.7477 28.3803 0.43934
      vertex 72.8333 28.4297 0.54841
    endloop
  endfacet
  facet normal 0.886932 0.176475 -0.426858
    outer loop
      vertex 74.0184 25.6293 0.925976
      vertex 73.7563 26.6247 0.792906
      vertex 73.8171 26.641 0.925976
    endloop
  endfacet
  facet normal 0.707981 0.620887 -0.336546
    outer loop
      vertex 72.4562 29.4006 0.925976
      vertex 71.7761 30.1761 0.925976
      vertex 71.8112 30.2112 1.06457
    endloop
  endfacet
  facet normal 0.822529 0.549554 -0.146414
    outer loop
      vertex 73.1032 28.5856 1.20736
      vertex 72.524 29.4525 1.20736
      vertex 72.5411 29.4657 1.35297
    endloop
  endfacet
  facet normal 0.841799 0.167445 -0.513164
    outer loop
      vertex 73.8809 25.6112 0.666645
      vertex 73.6832 26.6051 0.666645
      vertex 73.9559 25.6211 0.792906
    endloop
  endfacet
  facet normal 0.788523 0.156848 -0.594669
    outer loop
      vertex 73.794 25.5998 0.54841
      vertex 73.6832 26.6051 0.666645
      vertex 73.8809 25.6112 0.666645
    endloop
  endfacet
  facet normal 0.856456 0.2907 -0.426587
    outer loop
      vertex 73.7563 26.6247 0.792906
      vertex 73.4274 27.5937 0.792906
      vertex 73.4855 27.6178 0.925976
    endloop
  endfacet
  facet normal 0.616762 0.412063 -0.670677
    outer loop
      vertex 72.7477 28.3803 0.43934
      vertex 72.2767 29.2628 0.54841
      vertex 72.8333 28.4297 0.54841
    endloop
  endfacet
  facet normal 0.761175 0.258325 -0.594879
    outer loop
      vertex 73.5985 26.5824 0.54841
      vertex 73.2765 27.5312 0.54841
      vertex 73.6832 26.6051 0.666645
    endloop
  endfacet
  facet normal 0.727356 0.144716 -0.670828
    outer loop
      vertex 73.794 25.5998 0.54841
      vertex 73.503 26.5568 0.43934
      vertex 73.5985 26.5824 0.54841
    endloop
  endfacet
  facet normal 0.7063 -0.0463042 -0.706397
    outer loop
      vertex 73.696 -25.5869 0.43934
      vertex 73.3213 -24.6 6.86646e-07
      vertex 73.7607 -24.6 0.43934
    endloop
  endfacet
  facet normal 0.740111 -0.0485208 -0.670732
    outer loop
      vertex 73.794 -25.5998 0.54841
      vertex 73.696 -25.5869 0.43934
      vertex 73.7607 -24.6 0.43934
    endloop
  endfacet
  facet normal 0.769856 0.379634 -0.51303
    outer loop
      vertex 73.3575 27.5647 0.666645
      vertex 72.9093 28.4736 0.666645
      vertex 72.9748 28.5114 0.792906
    endloop
  endfacet
  facet normal -0.0653415 -0.996649 -0.0492055
    outer loop
      vertex -66.2 -32.5928 1.35297
      vertex -67.2442 -32.5316 1.5
      vertex -67.2433 -32.5244 1.35297
    endloop
  endfacet
  facet normal -0.194887 -0.979593 -0.0491632
    outer loop
      vertex -67.2442 -32.5316 1.5
      vertex -68.2687 -32.3204 1.35297
      vertex -67.2433 -32.5244 1.35297
    endloop
  endfacet
  facet normal -0.416481 -0.844556 -0.336556
    outer loop
      vertex -69.2178 -31.8855 0.925976
      vertex -70.1677 -31.4723 1.06457
      vertex -70.1429 -31.4293 0.925976
    endloop
  endfacet
  facet normal -0.502477 -0.752006 -0.426618
    outer loop
      vertex -70.1429 -31.4293 0.925976
      vertex -71.0006 -30.8562 0.925976
      vertex -70.9623 -30.8063 0.792906
    endloop
  endfacet
  facet normal -0.565894 -0.645248 -0.513243
    outer loop
      vertex -70.9623 -30.8063 0.792906
      vertex -71.6781 -30.0781 0.666645
      vertex -70.9162 -30.7463 0.666645
    endloop
  endfacet
  facet normal -0.328033 -0.665096 -0.670852
    outer loop
      vertex -69.1312 -31.6765 0.54841
      vertex -70.0298 -31.2333 0.54841
      vertex -69.9803 -31.1477 0.43934
    endloop
  endfacet
  facet normal -0.0462782 0.706332 -0.706366
    outer loop
      vertex -67.1295 31.6604 6.86646e-07
      vertex -67.1869 32.096 0.43934
      vertex -66.2 31.7213 6.86646e-07
    endloop
  endfacet
  facet normal -0.0484751 0.739929 -0.670936
    outer loop
      vertex -66.2 32.1606 0.43934
      vertex -67.1998 32.194 0.54841
      vertex -66.2 32.2595 0.54841
    endloop
  endfacet
  facet normal -0.2907 -0.856456 -0.426587
    outer loop
      vertex -68.2247 -32.1563 0.792906
      vertex -69.2178 -31.8855 0.925976
      vertex -69.1937 -31.8274 0.792906
    endloop
  endfacet
  facet normal -0.275836 -0.812662 -0.513318
    outer loop
      vertex -68.2247 -32.1563 0.792906
      vertex -69.1937 -31.8274 0.792906
      vertex -68.2051 -32.0832 0.666645
    endloop
  endfacet
  facet normal -0.729382 -0.639658 -0.242571
    outer loop
      vertex -71.8365 -30.2365 1.20736
      vertex -72.4956 -29.4308 1.06457
      vertex -71.8112 -30.2112 1.06457
    endloop
  endfacet
  facet normal -0.639658 -0.729382 -0.242571
    outer loop
      vertex -71.0308 -30.8956 1.06457
      vertex -71.8365 -30.2365 1.20736
      vertex -71.8112 -30.2112 1.06457
    endloop
  endfacet
  facet normal -0.887181 -0.437583 -0.146392
    outer loop
      vertex -73.1219 -28.5964 1.35297
      vertex -73.5844 -27.6587 1.35297
      vertex -73.1032 -28.5856 1.20736
    endloop
  endfacet
  facet normal -0.664903 -0.327879 -0.671118
    outer loop
      vertex -72.7477 -28.3803 0.43934
      vertex -73.2765 -27.5312 0.54841
      vertex -73.1851 -27.4933 0.43934
    endloop
  endfacet
  facet normal -0.721039 -0.355561 -0.594709
    outer loop
      vertex -72.9093 -28.4736 0.666645
      vertex -73.3575 -27.5647 0.666645
      vertex -73.2765 -27.5312 0.54841
    endloop
  endfacet
  facet normal -0.752006 -0.502477 -0.426618
    outer loop
      vertex -72.4562 -29.4006 0.925976
      vertex -73.0293 -28.5429 0.925976
      vertex -72.4063 -29.3623 0.792906
    endloop
  endfacet
  facet normal -0.979596 -0.194907 -0.049024
    outer loop
      vertex -73.9274 -26.6705 1.5
      vertex -74.1316 -25.6442 1.5
      vertex -73.9204 -26.6687 1.35297
    endloop
  endfacet
  facet normal -0.87016 -0.429098 -0.242271
    outer loop
      vertex -73.0723 -28.5677 1.06457
      vertex -73.5644 -27.6504 1.20736
      vertex -73.5314 -27.6367 1.06457
    endloop
  endfacet
  facet normal -0.968024 -0.0634556 -0.242701
    outer loop
      vertex -74.103 -25.6404 1.20736
      vertex -74.1712 -24.6 1.20736
      vertex -74.1354 -24.6 1.06457
    endloop
  endfacet
  facet normal -0.936658 -0.318006 -0.14678
    outer loop
      vertex -73.5844 -27.6587 1.35297
      vertex -73.8996 -26.6631 1.20736
      vertex -73.5644 -27.6504 1.20736
    endloop
  endfacet
  facet normal -0.886723 -0.176355 -0.427341
    outer loop
      vertex -73.7563 -26.6247 0.792906
      vertex -74.0184 -25.6293 0.925976
      vertex -73.9559 -25.6211 0.792906
    endloop
  endfacet
  facet normal -0.987103 0.0647063 -0.146428
    outer loop
      vertex -74.1712 24.6 1.20736
      vertex -74.1928 24.6 1.35297
      vertex -74.103 25.6404 1.20736
    endloop
  endfacet
  facet normal -0.918557 -0.311861 -0.242891
    outer loop
      vertex -73.5644 -27.6504 1.20736
      vertex -73.8996 -26.6631 1.20736
      vertex -73.865 -26.6538 1.06457
    endloop
  endfacet
  facet normal -0.936794 -0.317942 -0.146046
    outer loop
      vertex -73.5844 -27.6587 1.35297
      vertex -73.9204 -26.6687 1.35297
      vertex -73.8996 -26.6631 1.20736
    endloop
  endfacet
  facet normal -0.812662 -0.275836 -0.513318
    outer loop
      vertex -73.4274 -27.5937 0.792906
      vertex -73.7563 -26.6247 0.792906
      vertex -73.6832 -26.6051 0.666645
    endloop
  endfacet
  facet normal -0.857662 0 -0.514213
    outer loop
      vertex -73.9472 -24.6 0.666645
      vertex -74.0229 24.6 0.792906
      vertex -73.9472 24.6 0.666645
    endloop
  endfacet
  facet normal -0.857662 -0 -0.514213
    outer loop
      vertex -74.0229 24.6 0.792906
      vertex -73.9472 -24.6 0.666645
      vertex -74.0229 -24.6 0.792906
    endloop
  endfacet
  facet normal -0.740266 -0.0484971 -0.670563
    outer loop
      vertex -73.794 -25.5998 0.54841
      vertex -73.8595 -24.6 0.54841
      vertex -73.7607 -24.6 0.43934
    endloop
  endfacet
  facet normal -0.72744 -0.144753 -0.670729
    outer loop
      vertex -73.503 -26.5568 0.43934
      vertex -73.794 -25.5998 0.54841
      vertex -73.696 -25.5869 0.43934
    endloop
  endfacet
  facet normal -0.740111 -0.0485208 -0.670732
    outer loop
      vertex -73.696 -25.5869 0.43934
      vertex -73.794 -25.5998 0.54841
      vertex -73.7607 -24.6 0.43934
    endloop
  endfacet
  facet normal -0.668137 0.446429 -0.595227
    outer loop
      vertex -72.8333 28.4297 0.54841
      vertex -72.9093 28.4736 0.666645
      vertex -72.3463 29.3162 0.666645
    endloop
  endfacet
  facet normal -0.665214 0.328128 -0.670687
    outer loop
      vertex -72.7477 28.3803 0.43934
      vertex -73.2765 27.5312 0.54841
      vertex -72.8333 28.4297 0.54841
    endloop
  endfacet
  facet normal -0.604372 0.529999 -0.594841
    outer loop
      vertex -71.6161 30.0161 0.54841
      vertex -72.2767 29.2628 0.54841
      vertex -71.6781 30.0781 0.666645
    endloop
  endfacet
  facet normal -0.557641 0.489019 -0.670744
    outer loop
      vertex -72.1983 29.2026 0.43934
      vertex -72.2767 29.2628 0.54841
      vertex -71.6161 30.0161 0.54841
    endloop
  endfacet
  facet normal -0.72066 0.355478 -0.595218
    outer loop
      vertex -72.8333 28.4297 0.54841
      vertex -73.2765 27.5312 0.54841
      vertex -72.9093 28.4736 0.666645
    endloop
  endfacet
  facet normal -0.176475 0.886932 -0.426858
    outer loop
      vertex -68.2247 32.1563 0.792906
      vertex -68.241 32.2171 0.925976
      vertex -67.2293 32.4184 0.925976
    endloop
  endfacet
  facet normal -0.2907 0.856319 -0.426863
    outer loop
      vertex -68.2247 32.1563 0.792906
      vertex -69.2178 31.8855 0.925976
      vertex -68.241 32.2171 0.925976
    endloop
  endfacet
  facet normal -0.311824 0.91874 -0.242247
    outer loop
      vertex -69.2367 31.9314 1.06457
      vertex -69.2504 31.9644 1.20736
      vertex -68.2538 32.265 1.06457
    endloop
  endfacet
  facet normal -0.302644 0.891693 -0.336585
    outer loop
      vertex -69.2178 31.8855 0.925976
      vertex -69.2367 31.9314 1.06457
      vertex -68.2538 32.265 1.06457
    endloop
  endfacet
  facet normal -0.47682 0.713621 -0.513212
    outer loop
      vertex -70.9162 30.7463 0.666645
      vertex -70.9623 30.8063 0.792906
      vertex -70.0736 31.3093 0.666645
    endloop
  endfacet
  facet normal -0.437583 0.887181 -0.146392
    outer loop
      vertex -70.1856 31.5032 1.20736
      vertex -70.1964 31.5219 1.35297
      vertex -69.2587 31.9844 1.35297
    endloop
  endfacet
  facet normal -0.652208 0.743755 -0.146469
    outer loop
      vertex -71.0525 30.924 1.20736
      vertex -71.8365 30.2365 1.20736
      vertex -71.0657 30.9411 1.35297
    endloop
  endfacet
  facet normal -0.416481 0.844556 -0.336556
    outer loop
      vertex -70.1429 31.4293 0.925976
      vertex -70.1677 31.4723 1.06457
      vertex -69.2178 31.8855 0.925976
    endloop
  endfacet
  facet normal -0.830456 0.55491 -0.0491706
    outer loop
      vertex -73.1219 28.5964 1.35297
      vertex -73.1282 28.6 1.5
      vertex -72.5468 29.4701 1.5
    endloop
  endfacet
  facet normal -0.750993 0.658503 -0.0488205
    outer loop
      vertex -72.5411 29.4657 1.35297
      vertex -72.5468 29.4701 1.5
      vertex -71.8569 30.2569 1.5
    endloop
  endfacet
  facet normal -0.844556 0.416481 -0.336556
    outer loop
      vertex -73.0293 28.5429 0.925976
      vertex -73.4855 27.6178 0.925976
      vertex -73.0723 28.5677 1.06457
    endloop
  endfacet
  facet normal -0.549553 0.822532 -0.146395
    outer loop
      vertex -70.1856 31.5032 1.20736
      vertex -71.0657 30.9411 1.35297
      vertex -70.1964 31.5219 1.35297
    endloop
  endfacet
  facet normal -0.887153 0.437505 -0.146792
    outer loop
      vertex -73.5644 27.6504 1.20736
      vertex -73.5844 27.6587 1.35297
      vertex -73.1032 28.5856 1.20736
    endloop
  endfacet
  facet normal -0.822532 0.549553 -0.146395
    outer loop
      vertex -73.1032 28.5856 1.20736
      vertex -73.1219 28.5964 1.35297
      vertex -72.5411 29.4657 1.35297
    endloop
  endfacet
  facet normal -0.446529 0.668287 -0.594983
    outer loop
      vertex -70.0298 31.2333 0.54841
      vertex -70.9162 30.7463 0.666645
      vertex -70.0736 31.3093 0.666645
    endloop
  endfacet
  facet normal -0.652358 0.743767 -0.145739
    outer loop
      vertex -71.8365 30.2365 1.20736
      vertex -71.8517 30.2517 1.35297
      vertex -71.0657 30.9411 1.35297
    endloop
  endfacet
  facet normal -0.411994 0.616584 -0.670884
    outer loop
      vertex -69.9803 31.1477 0.43934
      vertex -70.8628 30.6767 0.54841
      vertex -70.0298 31.2333 0.54841
    endloop
  endfacet
  facet normal -0.328033 0.665096 -0.670852
    outer loop
      vertex -69.9803 31.1477 0.43934
      vertex -70.0298 31.2333 0.54841
      vertex -69.1312 31.6765 0.54841
    endloop
  endfacet
  facet normal -0.951425 0.189224 -0.242868
    outer loop
      vertex -73.865 26.6538 1.06457
      vertex -74.103 25.6404 1.20736
      vertex -73.8996 26.6631 1.20736
    endloop
  endfacet
  facet normal -0.996649 0.0653415 -0.0492055
    outer loop
      vertex -74.1244 25.6433 1.35297
      vertex -74.1928 24.6 1.35297
      vertex -74.1316 25.6442 1.5
    endloop
  endfacet
  facet normal -0.761267 0.258383 -0.594735
    outer loop
      vertex -73.2765 27.5312 0.54841
      vertex -73.6832 26.6051 0.666645
      vertex -73.3575 27.5647 0.666645
    endloop
  endfacet
  facet normal -0.979593 0.194887 -0.0491632
    outer loop
      vertex -74.1244 25.6433 1.35297
      vertex -74.1316 25.6442 1.5
      vertex -73.9204 26.6687 1.35297
    endloop
  endfacet
  facet normal -0.969978 0 -0.243191
    outer loop
      vertex -74.1354 -24.6 1.06457
      vertex -74.1712 24.6 1.20736
      vertex -74.1354 24.6 1.06457
    endloop
  endfacet
  facet normal -0.969978 -0 -0.243191
    outer loop
      vertex -74.1712 24.6 1.20736
      vertex -74.1354 -24.6 1.06457
      vertex -74.1712 -24.6 1.20736
    endloop
  endfacet
  facet normal -0.989176 0 -0.146736
    outer loop
      vertex -74.1712 -24.6 1.20736
      vertex -74.1928 24.6 1.35297
      vertex -74.1712 24.6 1.20736
    endloop
  endfacet
  facet normal -0.989176 -0 -0.146736
    outer loop
      vertex -74.1928 24.6 1.35297
      vertex -74.1712 -24.6 1.20736
      vertex -74.1928 -24.6 1.35297
    endloop
  endfacet
  facet normal -0.476857 -0.713733 -0.513022
    outer loop
      vertex -70.1114 -31.3748 0.792906
      vertex -70.9623 -30.8063 0.792906
      vertex -70.0736 -31.3093 0.666645
    endloop
  endfacet
  facet normal -0.275837 -0.81269 -0.513273
    outer loop
      vertex -68.2051 -32.0832 0.666645
      vertex -69.1937 -31.8274 0.792906
      vertex -69.1647 -31.7575 0.666645
    endloop
  endfacet
  facet normal -0.311824 -0.91874 -0.242247
    outer loop
      vertex -68.2538 -32.265 1.06457
      vertex -69.2504 -31.9644 1.20736
      vertex -69.2367 -31.9314 1.06457
    endloop
  endfacet
  facet normal -0.429098 -0.87016 -0.242271
    outer loop
      vertex -69.2504 -31.9644 1.20736
      vertex -70.1677 -31.4723 1.06457
      vertex -69.2367 -31.9314 1.06457
    endloop
  endfacet
  facet normal -0.189224 -0.951425 -0.242868
    outer loop
      vertex -67.2404 -32.503 1.20736
      vertex -68.2631 -32.2996 1.20736
      vertex -68.2538 -32.265 1.06457
    endloop
  endfacet
  facet normal -0.192974 -0.970277 -0.146023
    outer loop
      vertex -67.2404 -32.503 1.20736
      vertex -68.2687 -32.3204 1.35297
      vertex -68.2631 -32.2996 1.20736
    endloop
  endfacet
  facet normal -0.980775 0.195142 0
    outer loop
      vertex -74.1316 25.6442 1.5
      vertex -73.9274 26.6705 1.8
      vertex -73.9274 26.6705 1.5
    endloop
  endfacet
  facet normal -0.980775 0.195142 0
    outer loop
      vertex -73.9274 26.6705 1.8
      vertex -74.1316 25.6442 1.5
      vertex -74.1316 25.6442 1.8
    endloop
  endfacet
  facet normal -0.997861 0.0653646 0
    outer loop
      vertex -74.2 24.6 1.5
      vertex -74.1316 25.6442 1.8
      vertex -74.1316 25.6442 1.5
    endloop
  endfacet
  facet normal -0.997861 0.0653646 0
    outer loop
      vertex -74.1316 25.6442 1.8
      vertex -74.2 24.6 1.5
      vertex -74.2 24.6 1.8
    endloop
  endfacet
  facet normal -0.320999 -0.945802 -0.0491771
    outer loop
      vertex -68.2706 -32.3274 1.5
      vertex -69.2587 -31.9844 1.35297
      vertex -68.2687 -32.3204 1.35297
    endloop
  endfacet
  facet normal -0.658578 -0.750859 -0.0498475
    outer loop
      vertex -71.0657 -30.9411 1.35297
      vertex -71.8569 -30.2569 1.5
      vertex -71.8517 -30.2517 1.35297
    endloop
  endfacet
  facet normal -0.321469 -0.94692 0
    outer loop
      vertex -69.2615 -31.991 1.5
      vertex -68.2706 -32.3274 1.8
      vertex -69.2615 -31.991 1.8
    endloop
  endfacet
  facet normal -0.321469 -0.94692 -0
    outer loop
      vertex -68.2706 -32.3274 1.8
      vertex -69.2615 -31.991 1.5
      vertex -68.2706 -32.3274 1.5
    endloop
  endfacet
  facet normal 0.429138 -0.870187 -0.242106
    outer loop
      vertex 70.1856 -31.5032 1.20736
      vertex 69.2504 -31.9644 1.20736
      vertex 70.1677 -31.4723 1.06457
    endloop
  endfacet
  facet normal 0.437505 -0.887153 -0.146792
    outer loop
      vertex 69.2587 -31.9844 1.35297
      vertex 69.2504 -31.9644 1.20736
      vertex 70.1856 -31.5032 1.20736
    endloop
  endfacet
  facet normal 0.183762 -0.9238 -0.335895
    outer loop
      vertex 67.2358 -32.4675 1.06457
      vertex 67.2293 -32.4184 0.925976
      vertex 68.2538 -32.265 1.06457
    endloop
  endfacet
  facet normal 0.2907 -0.856456 -0.426587
    outer loop
      vertex 69.2178 -31.8855 0.925976
      vertex 68.2247 -32.1563 0.792906
      vertex 69.1937 -31.8274 0.792906
    endloop
  endfacet
  facet normal 0.176475 0.886932 -0.426858
    outer loop
      vertex 68.2247 32.1563 0.792906
      vertex 67.2293 32.4184 0.925976
      vertex 68.241 32.2171 0.925976
    endloop
  endfacet
  facet normal 0.302644 0.891693 -0.336585
    outer loop
      vertex 69.2178 31.8855 0.925976
      vertex 68.2538 32.265 1.06457
      vertex 69.2367 31.9314 1.06457
    endloop
  endfacet
  facet normal 0.416482 0.844575 -0.336505
    outer loop
      vertex 70.1677 31.4723 1.06457
      vertex 69.2178 31.8855 0.925976
      vertex 69.2367 31.9314 1.06457
    endloop
  endfacet
  facet normal 0.302748 0.89181 -0.336182
    outer loop
      vertex 69.2178 31.8855 0.925976
      vertex 68.241 32.2171 0.925976
      vertex 68.2538 32.265 1.06457
    endloop
  endfacet
  facet normal 0.0634556 0.968024 -0.242701
    outer loop
      vertex 67.2404 32.503 1.20736
      vertex 66.2 32.5354 1.06457
      vertex 66.2 32.5712 1.20736
    endloop
  endfacet
  facet normal -0.258325 0.761175 -0.594879
    outer loop
      vertex -68.1824 31.9985 0.54841
      vertex -69.1312 31.6765 0.54841
      vertex -68.2051 32.0832 0.666645
    endloop
  endfacet
  facet normal -0.156848 0.788523 -0.594669
    outer loop
      vertex -67.1998 32.194 0.54841
      vertex -68.2051 32.0832 0.666645
      vertex -67.2112 32.2809 0.666645
    endloop
  endfacet
  facet normal 0.2276 0.670336 -0.706292
    outer loop
      vertex 68.9252 31.1792 6.86646e-07
      vertex 68.0431 31.4787 6.86646e-07
      vertex 68.1568 31.903 0.43934
    endloop
  endfacet
  facet normal -0.156855 0.788365 -0.594876
    outer loop
      vertex -68.1824 31.9985 0.54841
      vertex -68.2051 32.0832 0.666645
      vertex -67.1998 32.194 0.54841
    endloop
  endfacet
  facet normal -0.176355 0.886723 -0.427341
    outer loop
      vertex -67.2211 32.3559 0.792906
      vertex -68.2247 32.1563 0.792906
      vertex -67.2293 32.4184 0.925976
    endloop
  endfacet
  facet normal 0 0.7408 -0.671726
    outer loop
      vertex 66.2 32.1606 0.43934
      vertex -66.2 32.2595 0.54841
      vertex 66.2 32.2595 0.54841
    endloop
  endfacet
  facet normal 0 0.7408 -0.671726
    outer loop
      vertex -66.2 32.2595 0.54841
      vertex 66.2 32.1606 0.43934
      vertex -66.2 32.1606 0.43934
    endloop
  endfacet
  facet normal 0 0.857662 -0.514213
    outer loop
      vertex 66.2 32.3472 0.666645
      vertex -66.2 32.4229 0.792906
      vertex 66.2 32.4229 0.792906
    endloop
  endfacet
  facet normal 0 0.857662 -0.514213
    outer loop
      vertex -66.2 32.4229 0.792906
      vertex 66.2 32.3472 0.666645
      vertex -66.2 32.3472 0.666645
    endloop
  endfacet
  facet normal 0.664903 -0.327879 -0.671118
    outer loop
      vertex 73.2765 -27.5312 0.54841
      vertex 72.7477 -28.3803 0.43934
      vertex 73.1851 -27.4933 0.43934
    endloop
  endfacet
  facet normal 0.634847 -0.313058 -0.706374
    outer loop
      vertex 72.7477 -28.3803 0.43934
      vertex 72.3672 -28.1606 6.86646e-07
      vertex 73.1851 -27.4933 0.43934
    endloop
  endfacet
  facet normal 0.713621 -0.47682 -0.513212
    outer loop
      vertex 72.4063 -29.3623 0.792906
      vertex 72.3463 -29.3162 0.666645
      vertex 72.9093 -28.4736 0.666645
    endloop
  endfacet
  facet normal 0.769856 -0.379634 -0.51303
    outer loop
      vertex 72.9748 -28.5114 0.792906
      vertex 72.9093 -28.4736 0.666645
      vertex 73.3575 -27.5647 0.666645
    endloop
  endfacet
  facet normal 0.652208 -0.743755 -0.146469
    outer loop
      vertex 71.0657 -30.9411 1.35297
      vertex 71.0525 -30.924 1.20736
      vertex 71.8365 -30.2365 1.20736
    endloop
  endfacet
  facet normal 0.596286 -0.679929 -0.426779
    outer loop
      vertex 71.7761 -30.1761 0.925976
      vertex 71.0006 -30.8562 0.925976
      vertex 71.7316 -30.1316 0.792906
    endloop
  endfacet
  facet normal 0.970207 -0.193019 -0.146433
    outer loop
      vertex 74.1244 -25.6433 1.35297
      vertex 73.9204 -26.6687 1.35297
      vertex 74.103 -25.6404 1.20736
    endloop
  endfacet
  facet normal 0.951425 -0.189224 -0.242868
    outer loop
      vertex 73.8996 -26.6631 1.20736
      vertex 73.865 -26.6538 1.06457
      vertex 74.103 -25.6404 1.20736
    endloop
  endfacet
  facet normal 0.887153 -0.437505 -0.146792
    outer loop
      vertex 73.5844 -27.6587 1.35297
      vertex 73.1032 -28.5856 1.20736
      vertex 73.5644 -27.6504 1.20736
    endloop
  endfacet
  facet normal 0.887181 -0.437583 -0.146392
    outer loop
      vertex 73.1219 -28.5964 1.35297
      vertex 73.1032 -28.5856 1.20736
      vertex 73.5844 -27.6587 1.35297
    endloop
  endfacet
  facet normal 0.830456 -0.55491 -0.0491706
    outer loop
      vertex 73.1282 -28.6 1.5
      vertex 72.5468 -29.4701 1.5
      vertex 73.1219 -28.5964 1.35297
    endloop
  endfacet
  facet normal 0.620885 -0.707976 -0.336558
    outer loop
      vertex 71.0308 -30.8956 1.06457
      vertex 71.0006 -30.8562 0.925976
      vertex 71.8112 -30.2112 1.06457
    endloop
  endfacet
  facet normal 0.620887 -0.707981 -0.336546
    outer loop
      vertex 71.8112 -30.2112 1.06457
      vertex 71.0006 -30.8562 0.925976
      vertex 71.7761 -30.1761 0.925976
    endloop
  endfacet
  facet normal 0.822529 -0.549554 -0.146414
    outer loop
      vertex 72.5411 -29.4657 1.35297
      vertex 72.524 -29.4525 1.20736
      vertex 73.1032 -28.5856 1.20736
    endloop
  endfacet
  facet normal 0.822532 -0.549553 -0.146395
    outer loop
      vertex 73.1219 -28.5964 1.35297
      vertex 72.5411 -29.4657 1.35297
      vertex 73.1032 -28.5856 1.20736
    endloop
  endfacet
  facet normal 0.659289 -0.75189 0
    outer loop
      vertex 71.0701 -30.9468 1.5
      vertex 71.8569 -30.2569 1.8
      vertex 71.0701 -30.9468 1.8
    endloop
  endfacet
  facet normal 0.659289 -0.75189 0
    outer loop
      vertex 71.8569 -30.2569 1.8
      vertex 71.0701 -30.9468 1.5
      vertex 71.8569 -30.2569 1.5
    endloop
  endfacet
  facet normal 0.658503 -0.750993 -0.0488205
    outer loop
      vertex 71.0701 -30.9468 1.5
      vertex 71.0657 -30.9411 1.35297
      vertex 71.8569 -30.2569 1.5
    endloop
  endfacet
  facet normal 0.399964 -0.811063 -0.426856
    outer loop
      vertex 70.1429 -31.4293 0.925976
      vertex 69.2178 -31.8855 0.925976
      vertex 70.1114 -31.3748 0.792906
    endloop
  endfacet
  facet normal 0.502374 -0.751927 -0.426879
    outer loop
      vertex 70.1429 -31.4293 0.925976
      vertex 70.1114 -31.3748 0.792906
      vertex 70.9623 -30.8063 0.792906
    endloop
  endfacet
  facet normal 0.275837 -0.81269 -0.513273
    outer loop
      vertex 69.1937 -31.8274 0.792906
      vertex 68.2051 -32.0832 0.666645
      vertex 69.1647 -31.7575 0.666645
    endloop
  endfacet
  facet normal 0.258383 -0.761267 -0.594735
    outer loop
      vertex 69.1647 -31.7575 0.666645
      vertex 68.2051 -32.0832 0.666645
      vertex 69.1312 -31.6765 0.54841
    endloop
  endfacet
  facet normal 0.565914 -0.645261 -0.513206
    outer loop
      vertex 71.7316 -30.1316 0.792906
      vertex 70.9623 -30.8063 0.792906
      vertex 71.6781 -30.0781 0.666645
    endloop
  endfacet
  facet normal 0.782969 -0.523166 -0.336538
    outer loop
      vertex 73.0723 -28.5677 1.06457
      vertex 72.4562 -29.4006 0.925976
      vertex 73.0293 -28.5429 0.925976
    endloop
  endfacet
  facet normal 0.970207 0.193019 -0.146433
    outer loop
      vertex 74.103 25.6404 1.20736
      vertex 73.9204 26.6687 1.35297
      vertex 74.1244 25.6433 1.35297
    endloop
  endfacet
  facet normal 0.987112 0.0647162 -0.146363
    outer loop
      vertex 74.1928 24.6 1.35297
      vertex 74.103 25.6404 1.20736
      vertex 74.1244 25.6433 1.35297
    endloop
  endfacet
  facet normal 0.997861 0.0653646 0
    outer loop
      vertex 74.2 24.6 1.8
      vertex 74.1316 25.6442 1.5
      vertex 74.1316 25.6442 1.8
    endloop
  endfacet
  facet normal 0.997861 0.0653646 0
    outer loop
      vertex 74.1316 25.6442 1.5
      vertex 74.2 24.6 1.8
      vertex 74.2 24.6 1.5
    endloop
  endfacet
  facet normal 0.996672 0.0652867 -0.0488066
    outer loop
      vertex 74.1928 24.6 1.35297
      vertex 74.1316 25.6442 1.5
      vertex 74.2 24.6 1.5
    endloop
  endfacet
  facet normal 0.945812 -0.321061 -0.0485706
    outer loop
      vertex 73.591 -27.6615 1.5
      vertex 73.5844 -27.6587 1.35297
      vertex 73.9274 -26.6705 1.5
    endloop
  endfacet
  facet normal 0.945812 -0.321003 -0.0489593
    outer loop
      vertex 73.9274 -26.6705 1.5
      vertex 73.5844 -27.6587 1.35297
      vertex 73.9204 -26.6687 1.35297
    endloop
  endfacet
  facet normal 0.968021 -0.0634569 -0.242711
    outer loop
      vertex 74.103 -25.6404 1.20736
      vertex 74.0675 -25.6358 1.06457
      vertex 74.1354 -24.6 1.06457
    endloop
  endfacet
  facet normal 0.968024 -0.0634556 -0.242701
    outer loop
      vertex 74.1712 -24.6 1.20736
      vertex 74.103 -25.6404 1.20736
      vertex 74.1354 -24.6 1.06457
    endloop
  endfacet
  facet normal 0.9238 -0.183762 -0.335895
    outer loop
      vertex 74.0675 -25.6358 1.06457
      vertex 73.865 -26.6538 1.06457
      vertex 74.0184 -25.6293 0.925976
    endloop
  endfacet
  facet normal 0.92368 -0.183787 -0.33621
    outer loop
      vertex 73.865 -26.6538 1.06457
      vertex 73.8171 -26.641 0.925976
      vertex 74.0184 -25.6293 0.925976
    endloop
  endfacet
  facet normal 0.886723 -0.176355 -0.427341
    outer loop
      vertex 74.0184 -25.6293 0.925976
      vertex 73.7563 -26.6247 0.792906
      vertex 73.9559 -25.6211 0.792906
    endloop
  endfacet
  facet normal 0.886932 -0.176475 -0.426858
    outer loop
      vertex 73.8171 -26.641 0.925976
      vertex 73.7563 -26.6247 0.792906
      vertex 74.0184 -25.6293 0.925976
    endloop
  endfacet
  facet normal 0.81115 -0.40005 -0.42661
    outer loop
      vertex 73.4855 -27.6178 0.925976
      vertex 72.9748 -28.5114 0.792906
      vertex 73.4274 -27.5937 0.792906
    endloop
  endfacet
  facet normal 0.721039 -0.355561 -0.594709
    outer loop
      vertex 73.3575 -27.5647 0.666645
      vertex 72.9093 -28.4736 0.666645
      vertex 73.2765 -27.5312 0.54841
    endloop
  endfacet
  facet normal 0.652208 0.743755 -0.146469
    outer loop
      vertex 71.8365 30.2365 1.20736
      vertex 71.0525 30.924 1.20736
      vertex 71.0657 30.9411 1.35297
    endloop
  endfacet
  facet normal 0.549554 0.822529 -0.146414
    outer loop
      vertex 71.0525 30.924 1.20736
      vertex 70.1856 31.5032 1.20736
      vertex 71.0657 30.9411 1.35297
    endloop
  endfacet
  facet normal 0.78296 0.523153 -0.336579
    outer loop
      vertex 73.0723 28.5677 1.06457
      vertex 72.4562 29.4006 0.925976
      vertex 72.4956 29.4308 1.06457
    endloop
  endfacet
  facet normal 0.523166 0.782969 -0.336538
    outer loop
      vertex 71.0006 30.8562 0.925976
      vertex 70.1429 31.4293 0.925976
      vertex 70.1677 31.4723 1.06457
    endloop
  endfacet
  facet normal 0.258325 0.761175 -0.594879
    outer loop
      vertex 69.1312 31.6765 0.54841
      vertex 68.1824 31.9985 0.54841
      vertex 68.2051 32.0832 0.666645
    endloop
  endfacet
  facet normal 0.328033 0.665096 -0.670852
    outer loop
      vertex 69.9803 31.1477 0.43934
      vertex 69.1312 31.6765 0.54841
      vertex 70.0298 31.2333 0.54841
    endloop
  endfacet
  facet normal -0.670302 -0.227538 -0.706344
    outer loop
      vertex -73.1851 -27.4933 0.43934
      vertex -73.503 -26.5568 0.43934
      vertex -72.7792 -27.3252 6.86646e-07
    endloop
  endfacet
  facet normal 0.707976 0.620885 -0.336558
    outer loop
      vertex 72.4562 29.4006 0.925976
      vertex 71.8112 30.2112 1.06457
      vertex 72.4956 29.4308 1.06457
    endloop
  endfacet
  facet normal 0.620887 0.707981 -0.336546
    outer loop
      vertex 71.7761 30.1761 0.925976
      vertex 71.0006 30.8562 0.925976
      vertex 71.8112 30.2112 1.06457
    endloop
  endfacet
  facet normal 0.529999 0.604372 -0.594841
    outer loop
      vertex 71.6161 30.0161 0.54841
      vertex 70.8628 30.6767 0.54841
      vertex 71.6781 30.0781 0.666645
    endloop
  endfacet
  facet normal 0.529932 0.604243 -0.595032
    outer loop
      vertex 71.6781 30.0781 0.666645
      vertex 70.8628 30.6767 0.54841
      vertex 70.9162 30.7463 0.666645
    endloop
  endfacet
  facet normal 0.588558 0.393231 -0.706377
    outer loop
      vertex 72.3672 28.1606 6.86646e-07
      vertex 72.1983 29.2026 0.43934
      vertex 72.7477 28.3803 0.43934
    endloop
  endfacet
  facet normal 0.61672 0.412047 -0.670726
    outer loop
      vertex 72.7477 28.3803 0.43934
      vertex 72.1983 29.2026 0.43934
      vertex 72.2767 29.2628 0.54841
    endloop
  endfacet
  facet normal 0.750993 0.658503 -0.0488205
    outer loop
      vertex 72.5411 29.4657 1.35297
      vertex 71.8569 30.2569 1.5
      vertex 72.5468 29.4701 1.5
    endloop
  endfacet
  facet normal 0.75189 0.659289 0
    outer loop
      vertex 72.5468 29.4701 1.8
      vertex 71.8569 30.2569 1.5
      vertex 71.8569 30.2569 1.8
    endloop
  endfacet
  facet normal 0.75189 0.659289 0
    outer loop
      vertex 71.8569 30.2569 1.5
      vertex 72.5468 29.4701 1.8
      vertex 72.5468 29.4701 1.5
    endloop
  endfacet
  facet normal 0.856319 0.2907 -0.426863
    outer loop
      vertex 73.7563 26.6247 0.792906
      vertex 73.4855 27.6178 0.925976
      vertex 73.8171 26.641 0.925976
    endloop
  endfacet
  facet normal 0.936658 0.318006 -0.14678
    outer loop
      vertex 73.8996 26.6631 1.20736
      vertex 73.5644 27.6504 1.20736
      vertex 73.5844 27.6587 1.35297
    endloop
  endfacet
  facet normal 0.870187 0.429138 -0.242106
    outer loop
      vertex 73.5644 27.6504 1.20736
      vertex 73.0723 28.5677 1.06457
      vertex 73.1032 28.5856 1.20736
    endloop
  endfacet
  facet normal 0.91874 0.311824 -0.242247
    outer loop
      vertex 73.865 26.6538 1.06457
      vertex 73.5314 27.6367 1.06457
      vertex 73.5644 27.6504 1.20736
    endloop
  endfacet
  facet normal 0.891693 0.302644 -0.336585
    outer loop
      vertex 73.865 26.6538 1.06457
      vertex 73.4855 27.6178 0.925976
      vertex 73.5314 27.6367 1.06457
    endloop
  endfacet
  facet normal 0.844575 0.416482 -0.336505
    outer loop
      vertex 73.4855 27.6178 0.925976
      vertex 73.0723 28.5677 1.06457
      vertex 73.5314 27.6367 1.06457
    endloop
  endfacet
  facet normal 0.89181 0.302748 -0.336182
    outer loop
      vertex 73.8171 26.641 0.925976
      vertex 73.4855 27.6178 0.925976
      vertex 73.865 26.6538 1.06457
    endloop
  endfacet
  facet normal 0.668137 0.446429 -0.595227
    outer loop
      vertex 72.8333 28.4297 0.54841
      vertex 72.3463 29.3162 0.666645
      vertex 72.9093 28.4736 0.666645
    endloop
  endfacet
  facet normal 0.740266 -0.0484971 -0.670563
    outer loop
      vertex 73.794 -25.5998 0.54841
      vertex 73.7607 -24.6 0.43934
      vertex 73.8595 -24.6 0.54841
    endloop
  endfacet
  facet normal 0.802062 -0.0525456 -0.594924
    outer loop
      vertex 73.9472 -24.6 0.666645
      vertex 73.794 -25.5998 0.54841
      vertex 73.8595 -24.6 0.54841
    endloop
  endfacet
  facet normal 0.904088 0 -0.427347
    outer loop
      vertex 74.0858 -24.6 0.925976
      vertex 74.0229 24.6 0.792906
      vertex 74.0858 24.6 0.925976
    endloop
  endfacet
  facet normal 0.904088 0 -0.427347
    outer loop
      vertex 74.0229 24.6 0.792906
      vertex 74.0858 -24.6 0.925976
      vertex 74.0229 -24.6 0.792906
    endloop
  endfacet
  facet normal 0.902507 0.0590974 -0.4266
    outer loop
      vertex 74.0229 24.6 0.792906
      vertex 74.0184 25.6293 0.925976
      vertex 74.0858 24.6 0.925976
    endloop
  endfacet
  facet normal -0.399964 -0.811063 -0.426856
    outer loop
      vertex -69.2178 -31.8855 0.925976
      vertex -70.1429 -31.4293 0.925976
      vertex -70.1114 -31.3748 0.792906
    endloop
  endfacet
  facet normal -0.707981 -0.620887 -0.336546
    outer loop
      vertex -71.8112 -30.2112 1.06457
      vertex -72.4562 -29.4006 0.925976
      vertex -71.7761 -30.1761 0.925976
    endloop
  endfacet
  facet normal -0.8305 -0.554877 -0.0488017
    outer loop
      vertex -72.5468 -29.4701 1.5
      vertex -73.1219 -28.5964 1.35297
      vertex -72.5411 -29.4657 1.35297
    endloop
  endfacet
  facet normal -0.658503 -0.750993 -0.0488205
    outer loop
      vertex -71.0701 -30.9468 1.5
      vertex -71.8569 -30.2569 1.5
      vertex -71.0657 -30.9411 1.35297
    endloop
  endfacet
  facet normal -0.713733 -0.476857 -0.513022
    outer loop
      vertex -72.4063 -29.3623 0.792906
      vertex -72.9748 -28.5114 0.792906
      vertex -72.9093 -28.4736 0.666645
    endloop
  endfacet
  facet normal -0.713621 -0.47682 -0.513212
    outer loop
      vertex -72.4063 -29.3623 0.792906
      vertex -72.9093 -28.4736 0.666645
      vertex -72.3463 -29.3162 0.666645
    endloop
  endfacet
  facet normal -0.78296 -0.523153 -0.336579
    outer loop
      vertex -72.4956 -29.4308 1.06457
      vertex -73.0723 -28.5677 1.06457
      vertex -72.4562 -29.4006 0.925976
    endloop
  endfacet
  facet normal -0.707976 -0.620885 -0.336558
    outer loop
      vertex -71.8112 -30.2112 1.06457
      vertex -72.4956 -29.4308 1.06457
      vertex -72.4562 -29.4006 0.925976
    endloop
  endfacet
  facet normal -0.668137 -0.446429 -0.595227
    outer loop
      vertex -72.3463 -29.3162 0.666645
      vertex -72.9093 -28.4736 0.666645
      vertex -72.8333 -28.4297 0.54841
    endloop
  endfacet
  facet normal -0.702023 -0.238306 -0.671099
    outer loop
      vertex -73.2765 -27.5312 0.54841
      vertex -73.503 -26.5568 0.43934
      vertex -73.1851 -27.4933 0.43934
    endloop
  endfacet
  facet normal -0.91874 -0.311824 -0.242247
    outer loop
      vertex -73.5644 -27.6504 1.20736
      vertex -73.865 -26.6538 1.06457
      vertex -73.5314 -27.6367 1.06457
    endloop
  endfacet
  facet normal -0.856456 -0.2907 -0.426587
    outer loop
      vertex -73.4855 -27.6178 0.925976
      vertex -73.7563 -26.6247 0.792906
      vertex -73.4274 -27.5937 0.792906
    endloop
  endfacet
  facet normal -0.979593 -0.194887 -0.0491632
    outer loop
      vertex -73.9204 -26.6687 1.35297
      vertex -74.1316 -25.6442 1.5
      vertex -74.1244 -25.6433 1.35297
    endloop
  endfacet
  facet normal -0.980775 -0.195142 0
    outer loop
      vertex -73.9274 -26.6705 1.5
      vertex -74.1316 -25.6442 1.8
      vertex -74.1316 -25.6442 1.5
    endloop
  endfacet
  facet normal -0.980775 -0.195142 0
    outer loop
      vertex -74.1316 -25.6442 1.8
      vertex -73.9274 -26.6705 1.5
      vertex -73.9274 -26.6705 1.8
    endloop
  endfacet
  facet normal -0.856319 -0.2907 -0.426863
    outer loop
      vertex -73.4855 -27.6178 0.925976
      vertex -73.8171 -26.641 0.925976
      vertex -73.7563 -26.6247 0.792906
    endloop
  endfacet
  facet normal -0.891693 -0.302644 -0.336585
    outer loop
      vertex -73.5314 -27.6367 1.06457
      vertex -73.865 -26.6538 1.06457
      vertex -73.4855 -27.6178 0.925976
    endloop
  endfacet
  facet normal -0.694322 -0.138089 -0.706292
    outer loop
      vertex -73.0787 -26.4431 6.86646e-07
      vertex -73.503 -26.5568 0.43934
      vertex -73.2604 -25.5295 6.86646e-07
    endloop
  endfacet
  facet normal -0.81269 -0.275837 -0.513273
    outer loop
      vertex -73.4274 -27.5937 0.792906
      vertex -73.6832 -26.6051 0.666645
      vertex -73.3575 -27.5647 0.666645
    endloop
  endfacet
  facet normal -0.803172 0 -0.595747
    outer loop
      vertex -73.8595 -24.6 0.54841
      vertex -73.9472 24.6 0.666645
      vertex -73.8595 24.6 0.54841
    endloop
  endfacet
  facet normal -0.803172 -0 -0.595747
    outer loop
      vertex -73.9472 24.6 0.666645
      vertex -73.8595 -24.6 0.54841
      vertex -73.9472 -24.6 0.666645
    endloop
  endfacet
  facet normal -0.645248 0.565894 -0.513243
    outer loop
      vertex -72.3463 29.3162 0.666645
      vertex -72.4063 29.3623 0.792906
      vertex -71.6781 30.0781 0.666645
    endloop
  endfacet
  facet normal -0.769856 0.379634 -0.51303
    outer loop
      vertex -72.9093 28.4736 0.666645
      vertex -73.3575 27.5647 0.666645
      vertex -72.9748 28.5114 0.792906
    endloop
  endfacet
  facet normal -0.856308 0.0561871 -0.513401
    outer loop
      vertex -73.9472 24.6 0.666645
      vertex -74.0229 24.6 0.792906
      vertex -73.9559 25.6211 0.792906
    endloop
  endfacet
  facet normal -0.788523 0.156848 -0.594669
    outer loop
      vertex -73.794 25.5998 0.54841
      vertex -73.8809 25.6112 0.666645
      vertex -73.6832 26.6051 0.666645
    endloop
  endfacet
  facet normal -0.588586 -0.393227 -0.706356
    outer loop
      vertex -72.1983 -29.2026 0.43934
      vertex -72.3672 -28.1606 6.86646e-07
      vertex -71.8497 -28.9352 6.86646e-07
    endloop
  endfacet
  facet normal -0.555582 0.831462 0
    outer loop
      vertex -70.2 31.5282 1.5
      vertex -71.0701 30.9468 1.8
      vertex -70.2 31.5282 1.8
    endloop
  endfacet
  facet normal -0.555582 0.831462 0
    outer loop
      vertex -71.0701 30.9468 1.8
      vertex -70.2 31.5282 1.5
      vertex -71.0701 30.9468 1.5
    endloop
  endfacet
  facet normal -0.55491 0.830456 -0.0491706
    outer loop
      vertex -70.1964 31.5219 1.35297
      vertex -71.0701 30.9468 1.5
      vertex -70.2 31.5282 1.5
    endloop
  endfacet
  facet normal -0.596353 0.679968 -0.426623
    outer loop
      vertex -70.9623 30.8063 0.792906
      vertex -71.7316 30.1316 0.792906
      vertex -71.0006 30.8562 0.925976
    endloop
  endfacet
  facet normal -0.596286 0.679929 -0.426779
    outer loop
      vertex -71.7316 30.1316 0.792906
      vertex -71.7761 30.1761 0.925976
      vertex -71.0006 30.8562 0.925976
    endloop
  endfacet
  facet normal -0.822529 0.549554 -0.146414
    outer loop
      vertex -72.524 29.4525 1.20736
      vertex -73.1032 28.5856 1.20736
      vertex -72.5411 29.4657 1.35297
    endloop
  endfacet
  facet normal -0.8305 0.554877 -0.0488017
    outer loop
      vertex -72.5411 29.4657 1.35297
      vertex -73.1219 28.5964 1.35297
      vertex -72.5468 29.4701 1.5
    endloop
  endfacet
  facet normal -0.713733 0.476857 -0.513022
    outer loop
      vertex -72.9093 28.4736 0.666645
      vertex -72.9748 28.5114 0.792906
      vertex -72.4063 29.3623 0.792906
    endloop
  endfacet
  facet normal -0.751927 0.502374 -0.426879
    outer loop
      vertex -72.9748 28.5114 0.792906
      vertex -73.0293 28.5429 0.925976
      vertex -72.4063 29.3623 0.792906
    endloop
  endfacet
  facet normal -0.707981 0.620887 -0.336546
    outer loop
      vertex -71.7761 30.1761 0.925976
      vertex -72.4562 29.4006 0.925976
      vertex -71.8112 30.2112 1.06457
    endloop
  endfacet
  facet normal -0.782969 0.523166 -0.336538
    outer loop
      vertex -73.0293 28.5429 0.925976
      vertex -73.0723 28.5677 1.06457
      vertex -72.4562 29.4006 0.925976
    endloop
  endfacet
  facet normal -0.694322 0.138089 -0.706292
    outer loop
      vertex -73.2604 25.5295 6.86646e-07
      vertex -73.503 26.5568 0.43934
      vertex -73.0787 26.4431 6.86646e-07
    endloop
  endfacet
  facet normal -0.802231 0.0525988 -0.594693
    outer loop
      vertex -73.794 25.5998 0.54841
      vertex -73.9472 24.6 0.666645
      vertex -73.8809 25.6112 0.666645
    endloop
  endfacet
  facet normal -0.81115 0.40005 -0.42661
    outer loop
      vertex -73.4274 27.5937 0.792906
      vertex -73.4855 27.6178 0.925976
      vertex -72.9748 28.5114 0.792906
    endloop
  endfacet
  facet normal -0.769691 0.379603 -0.513301
    outer loop
      vertex -73.3575 27.5647 0.666645
      vertex -73.4274 27.5937 0.792906
      vertex -72.9748 28.5114 0.792906
    endloop
  endfacet
  facet normal -0.167404 -0.841719 -0.513308
    outer loop
      vertex -67.2211 -32.3559 0.792906
      vertex -68.2247 -32.1563 0.792906
      vertex -68.2051 -32.0832 0.666645
    endloop
  endfacet
  facet normal -0.176355 -0.886723 -0.427341
    outer loop
      vertex -67.2293 -32.4184 0.925976
      vertex -68.2247 -32.1563 0.792906
      vertex -67.2211 -32.3559 0.792906
    endloop
  endfacet
  facet normal -0.318006 -0.936658 -0.14678
    outer loop
      vertex -68.2631 -32.2996 1.20736
      vertex -69.2587 -31.9844 1.35297
      vertex -69.2504 -31.9644 1.20736
    endloop
  endfacet
  facet normal -0.317942 -0.936794 -0.146046
    outer loop
      vertex -68.2687 -32.3204 1.35297
      vertex -69.2587 -31.9844 1.35297
      vertex -68.2631 -32.2996 1.20736
    endloop
  endfacet
  facet normal 0.311861 -0.918557 -0.242891
    outer loop
      vertex 68.2631 -32.2996 1.20736
      vertex 68.2538 -32.265 1.06457
      vertex 69.2504 -31.9644 1.20736
    endloop
  endfacet
  facet normal 0.189224 -0.951425 -0.242868
    outer loop
      vertex 68.2631 -32.2996 1.20736
      vertex 67.2404 -32.503 1.20736
      vertex 68.2538 -32.265 1.06457
    endloop
  endfacet
  facet normal 0.0561871 0.856308 -0.513401
    outer loop
      vertex 67.2211 32.3559 0.792906
      vertex 66.2 32.3472 0.666645
      vertex 66.2 32.4229 0.792906
    endloop
  endfacet
  facet normal 0.0591944 0.90214 -0.427363
    outer loop
      vertex 67.2211 32.3559 0.792906
      vertex 66.2 32.4229 0.792906
      vertex 67.2293 32.4184 0.925976
    endloop
  endfacet
  facet normal 0.399964 0.811063 -0.426856
    outer loop
      vertex 70.1114 31.3748 0.792906
      vertex 69.2178 31.8855 0.925976
      vertex 70.1429 31.4293 0.925976
    endloop
  endfacet
  facet normal 0.40005 0.81115 -0.42661
    outer loop
      vertex 70.1114 31.3748 0.792906
      vertex 69.1937 31.8274 0.792906
      vertex 69.2178 31.8855 0.925976
    endloop
  endfacet
  facet normal -0.313073 0.634879 -0.706338
    outer loop
      vertex -69.7607 30.7672 6.86646e-07
      vertex -69.9803 31.1477 0.43934
      vertex -69.0933 31.5851 0.43934
    endloop
  endfacet
  facet normal -0.327879 0.664903 -0.671118
    outer loop
      vertex -69.0933 31.5851 0.43934
      vertex -69.9803 31.1477 0.43934
      vertex -69.1312 31.6765 0.54841
    endloop
  endfacet
  facet normal -0.275837 0.81269 -0.513273
    outer loop
      vertex -69.1647 31.7575 0.666645
      vertex -69.1937 31.8274 0.792906
      vertex -68.2051 32.0832 0.666645
    endloop
  endfacet
  facet normal -0.275836 0.812662 -0.513318
    outer loop
      vertex -68.2051 32.0832 0.666645
      vertex -69.1937 31.8274 0.792906
      vertex -68.2247 32.1563 0.792906
    endloop
  endfacet
  facet normal -0.227538 0.670302 -0.706344
    outer loop
      vertex -68.9252 31.1792 6.86646e-07
      vertex -69.0933 31.5851 0.43934
      vertex -68.1568 31.903 0.43934
    endloop
  endfacet
  facet normal -0.238306 0.702023 -0.671099
    outer loop
      vertex -69.0933 31.5851 0.43934
      vertex -69.1312 31.6765 0.54841
      vertex -68.1568 31.903 0.43934
    endloop
  endfacet
  facet normal 0.751927 -0.502374 -0.426879
    outer loop
      vertex 73.0293 -28.5429 0.925976
      vertex 72.4063 -29.3623 0.792906
      vertex 72.9748 -28.5114 0.792906
    endloop
  endfacet
  facet normal 0.713733 -0.476857 -0.513022
    outer loop
      vertex 72.9748 -28.5114 0.792906
      vertex 72.4063 -29.3623 0.792906
      vertex 72.9093 -28.4736 0.666645
    endloop
  endfacet
  facet normal 0.870187 -0.429138 -0.242106
    outer loop
      vertex 73.1032 -28.5856 1.20736
      vertex 73.0723 -28.5677 1.06457
      vertex 73.5644 -27.6504 1.20736
    endloop
  endfacet
  facet normal 0.806743 -0.539007 -0.24215
    outer loop
      vertex 73.1032 -28.5856 1.20736
      vertex 72.524 -29.4525 1.20736
      vertex 73.0723 -28.5677 1.06457
    endloop
  endfacet
  facet normal 0.743767 -0.652358 -0.145739
    outer loop
      vertex 71.8517 -30.2517 1.35297
      vertex 71.8365 -30.2365 1.20736
      vertex 72.5411 -29.4657 1.35297
    endloop
  endfacet
  facet normal 0.652358 -0.743767 -0.145739
    outer loop
      vertex 71.8517 -30.2517 1.35297
      vertex 71.0657 -30.9411 1.35297
      vertex 71.8365 -30.2365 1.20736
    endloop
  endfacet
  facet normal 0.989176 0 -0.146736
    outer loop
      vertex 74.1928 -24.6 1.35297
      vertex 74.1712 24.6 1.20736
      vertex 74.1928 24.6 1.35297
    endloop
  endfacet
  facet normal 0.989176 0 -0.146736
    outer loop
      vertex 74.1712 24.6 1.20736
      vertex 74.1928 -24.6 1.35297
      vertex 74.1712 -24.6 1.20736
    endloop
  endfacet
  facet normal 0.979596 0.194907 -0.049024
    outer loop
      vertex 74.1316 25.6442 1.5
      vertex 73.9204 26.6687 1.35297
      vertex 73.9274 26.6705 1.5
    endloop
  endfacet
  facet normal 0.945812 0.321003 -0.0489593
    outer loop
      vertex 73.9204 26.6687 1.35297
      vertex 73.5844 27.6587 1.35297
      vertex 73.9274 26.6705 1.5
    endloop
  endfacet
  facet normal 0.996649 -0.0653415 -0.0492055
    outer loop
      vertex 74.1316 -25.6442 1.5
      vertex 74.1244 -25.6433 1.35297
      vertex 74.1928 -24.6 1.35297
    endloop
  endfacet
  facet normal 0.979593 -0.194887 -0.0491632
    outer loop
      vertex 74.1316 -25.6442 1.5
      vertex 73.9204 -26.6687 1.35297
      vertex 74.1244 -25.6433 1.35297
    endloop
  endfacet
  facet normal 0.769691 -0.379603 -0.513301
    outer loop
      vertex 73.4274 -27.5937 0.792906
      vertex 72.9748 -28.5114 0.792906
      vertex 73.3575 -27.5647 0.666645
    endloop
  endfacet
  facet normal 0.81269 -0.275837 -0.513273
    outer loop
      vertex 73.4274 -27.5937 0.792906
      vertex 73.3575 -27.5647 0.666645
      vertex 73.6832 -26.6051 0.666645
    endloop
  endfacet
  facet normal 0.554877 0.8305 -0.0488017
    outer loop
      vertex 71.0657 30.9411 1.35297
      vertex 70.1964 31.5219 1.35297
      vertex 71.0701 30.9468 1.5
    endloop
  endfacet
  facet normal 0.549553 0.822532 -0.146395
    outer loop
      vertex 71.0657 30.9411 1.35297
      vertex 70.1856 31.5032 1.20736
      vertex 70.1964 31.5219 1.35297
    endloop
  endfacet
  facet normal 0.596286 0.679929 -0.426779
    outer loop
      vertex 71.7316 30.1316 0.792906
      vertex 71.0006 30.8562 0.925976
      vertex 71.7761 30.1761 0.925976
    endloop
  endfacet
  facet normal 0.502477 0.752006 -0.426618
    outer loop
      vertex 70.9623 30.8063 0.792906
      vertex 70.1429 31.4293 0.925976
      vertex 71.0006 30.8562 0.925976
    endloop
  endfacet
  facet normal 0.620885 0.707976 -0.336558
    outer loop
      vertex 71.8112 30.2112 1.06457
      vertex 71.0006 30.8562 0.925976
      vertex 71.0308 30.8956 1.06457
    endloop
  endfacet
  facet normal 0.639658 0.729382 -0.242571
    outer loop
      vertex 71.8112 30.2112 1.06457
      vertex 71.0308 30.8956 1.06457
      vertex 71.8365 30.2365 1.20736
    endloop
  endfacet
  facet normal 0.258383 0.761267 -0.594735
    outer loop
      vertex 69.1312 31.6765 0.54841
      vertex 68.2051 32.0832 0.666645
      vertex 69.1647 31.7575 0.666645
    endloop
  endfacet
  facet normal 0.275837 0.81269 -0.513273
    outer loop
      vertex 69.1647 31.7575 0.666645
      vertex 68.2051 32.0832 0.666645
      vertex 69.1937 31.8274 0.792906
    endloop
  endfacet
  facet normal 0.35551 0.720805 -0.595023
    outer loop
      vertex 70.0298 31.2333 0.54841
      vertex 69.1312 31.6765 0.54841
      vertex 70.0736 31.3093 0.666645
    endloop
  endfacet
  facet normal 0.355561 0.721039 -0.594709
    outer loop
      vertex 70.0736 31.3093 0.666645
      vertex 69.1312 31.6765 0.54841
      vertex 69.1647 31.7575 0.666645
    endloop
  endfacet
  facet normal 0.46675 0.53218 -0.706349
    outer loop
      vertex 71.2355 29.6355 6.86646e-07
      vertex 70.5352 30.2497 6.86646e-07
      vertex 70.8026 30.5983 0.43934
    endloop
  endfacet
  facet normal 0.393261 0.588562 -0.706357
    outer loop
      vertex 70.5352 30.2497 6.86646e-07
      vertex 69.7607 30.7672 6.86646e-07
      vertex 70.8026 30.5983 0.43934
    endloop
  endfacet
  facet normal 0.782969 0.523166 -0.336538
    outer loop
      vertex 73.0293 28.5429 0.925976
      vertex 72.4562 29.4006 0.925976
      vertex 73.0723 28.5677 1.06457
    endloop
  endfacet
  facet normal 0.811063 0.399964 -0.426856
    outer loop
      vertex 73.4855 27.6178 0.925976
      vertex 72.9748 28.5114 0.792906
      vertex 73.0293 28.5429 0.925976
    endloop
  endfacet
  facet normal 0.466689 0.532173 -0.706394
    outer loop
      vertex 71.2355 29.6355 6.86646e-07
      vertex 70.8026 30.5983 0.43934
      vertex 71.5462 29.9462 0.43934
    endloop
  endfacet
  facet normal 0.489011 0.557627 -0.670761
    outer loop
      vertex 71.5462 29.9462 0.43934
      vertex 70.8026 30.5983 0.43934
      vertex 71.6161 30.0161 0.54841
    endloop
  endfacet
  facet normal 0.761267 0.258383 -0.594735
    outer loop
      vertex 73.6832 26.6051 0.666645
      vertex 73.2765 27.5312 0.54841
      vertex 73.3575 27.5647 0.666645
    endloop
  endfacet
  facet normal 0.702023 0.238306 -0.671099
    outer loop
      vertex 73.503 26.5568 0.43934
      vertex 73.1851 27.4933 0.43934
      vertex 73.2765 27.5312 0.54841
    endloop
  endfacet
  facet normal 0.896879 0.442276 0
    outer loop
      vertex 73.591 27.6615 1.8
      vertex 73.1282 28.6 1.5
      vertex 73.1282 28.6 1.8
    endloop
  endfacet
  facet normal 0.896879 0.442276 0
    outer loop
      vertex 73.1282 28.6 1.5
      vertex 73.591 27.6615 1.8
      vertex 73.591 27.6615 1.5
    endloop
  endfacet
  facet normal 0.895818 0.441752 -0.0486248
    outer loop
      vertex 73.5844 27.6587 1.35297
      vertex 73.1282 28.6 1.5
      vertex 73.591 27.6615 1.5
    endloop
  endfacet
  facet normal 0.806743 0.539007 -0.24215
    outer loop
      vertex 73.0723 28.5677 1.06457
      vertex 72.524 29.4525 1.20736
      vertex 73.1032 28.5856 1.20736
    endloop
  endfacet
  facet normal 0.743755 0.652208 -0.146469
    outer loop
      vertex 72.524 29.4525 1.20736
      vertex 71.8365 30.2365 1.20736
      vertex 72.5411 29.4657 1.35297
    endloop
  endfacet
  facet normal 0.951472 0.189266 -0.242649
    outer loop
      vertex 74.0675 25.6358 1.06457
      vertex 73.865 26.6538 1.06457
      vertex 74.103 25.6404 1.20736
    endloop
  endfacet
  facet normal 0.9238 0.183762 -0.335895
    outer loop
      vertex 74.0184 25.6293 0.925976
      vertex 73.865 26.6538 1.06457
      vertex 74.0675 25.6358 1.06457
    endloop
  endfacet
  facet normal 0.822532 0.549553 -0.146395
    outer loop
      vertex 73.1032 28.5856 1.20736
      vertex 72.5411 29.4657 1.35297
      vertex 73.1219 28.5964 1.35297
    endloop
  endfacet
  facet normal 0.887181 0.437583 -0.146392
    outer loop
      vertex 73.5844 27.6587 1.35297
      vertex 73.1032 28.5856 1.20736
      vertex 73.1219 28.5964 1.35297
    endloop
  endfacet
  facet normal 0.81115 0.40005 -0.42661
    outer loop
      vertex 73.4274 27.5937 0.792906
      vertex 72.9748 28.5114 0.792906
      vertex 73.4855 27.6178 0.925976
    endloop
  endfacet
  facet normal 0.752006 0.502477 -0.426618
    outer loop
      vertex 73.0293 28.5429 0.925976
      vertex 72.4063 29.3623 0.792906
      vertex 72.4562 29.4006 0.925976
    endloop
  endfacet
  facet normal 0.812662 0.275836 -0.513318
    outer loop
      vertex 73.6832 26.6051 0.666645
      vertex 73.4274 27.5937 0.792906
      vertex 73.7563 26.6247 0.792906
    endloop
  endfacet
  facet normal 0.751927 0.502374 -0.426879
    outer loop
      vertex 72.9748 28.5114 0.792906
      vertex 72.4063 29.3623 0.792906
      vertex 73.0293 28.5429 0.925976
    endloop
  endfacet
  facet normal 0.694231 -0.138145 -0.706371
    outer loop
      vertex 73.503 -26.5568 0.43934
      vertex 73.2604 -25.5295 6.86646e-07
      vertex 73.696 -25.5869 0.43934
    endloop
  endfacet
  facet normal 0.706332 -0.0462782 -0.706366
    outer loop
      vertex 73.696 -25.5869 0.43934
      vertex 73.2604 -25.5295 6.86646e-07
      vertex 73.3213 -24.6 6.86646e-07
    endloop
  endfacet
  facet normal -0.523166 -0.782969 -0.336538
    outer loop
      vertex -70.1677 -31.4723 1.06457
      vertex -71.0006 -30.8562 0.925976
      vertex -70.1429 -31.4293 0.925976
    endloop
  endfacet
  facet normal -0.523153 -0.78296 -0.336579
    outer loop
      vertex -70.1677 -31.4723 1.06457
      vertex -71.0308 -30.8956 1.06457
      vertex -71.0006 -30.8562 0.925976
    endloop
  endfacet
  facet normal -0.616762 -0.412063 -0.670677
    outer loop
      vertex -72.2767 -29.2628 0.54841
      vertex -72.8333 -28.4297 0.54841
      vertex -72.7477 -28.3803 0.43934
    endloop
  endfacet
  facet normal -0.47682 -0.713621 -0.513212
    outer loop
      vertex -70.0736 -31.3093 0.666645
      vertex -70.9623 -30.8063 0.792906
      vertex -70.9162 -30.7463 0.666645
    endloop
  endfacet
  facet normal -0.379603 -0.769691 -0.513301
    outer loop
      vertex -69.1937 -31.8274 0.792906
      vertex -70.1114 -31.3748 0.792906
      vertex -69.1647 -31.7575 0.666645
    endloop
  endfacet
  facet normal -0.40005 -0.81115 -0.42661
    outer loop
      vertex -69.2178 -31.8855 0.925976
      vertex -70.1114 -31.3748 0.792906
      vertex -69.1937 -31.8274 0.792906
    endloop
  endfacet
  facet normal -0.652358 -0.743767 -0.145739
    outer loop
      vertex -71.0657 -30.9411 1.35297
      vertex -71.8517 -30.2517 1.35297
      vertex -71.8365 -30.2365 1.20736
    endloop
  endfacet
  facet normal -0.539007 -0.806743 -0.24215
    outer loop
      vertex -70.1856 -31.5032 1.20736
      vertex -71.0525 -30.924 1.20736
      vertex -70.1677 -31.4723 1.06457
    endloop
  endfacet
  facet normal -0.743767 -0.652358 -0.145739
    outer loop
      vertex -71.8517 -30.2517 1.35297
      vertex -72.5411 -29.4657 1.35297
      vertex -71.8365 -30.2365 1.20736
    endloop
  endfacet
  facet normal -0.750859 -0.658578 -0.0498475
    outer loop
      vertex -71.8569 -30.2569 1.5
      vertex -72.5411 -29.4657 1.35297
      vertex -71.8517 -30.2517 1.35297
    endloop
  endfacet
  facet normal -0.844556 -0.416481 -0.336556
    outer loop
      vertex -73.0723 -28.5677 1.06457
      vertex -73.4855 -27.6178 0.925976
      vertex -73.0293 -28.5429 0.925976
    endloop
  endfacet
  facet normal -0.751927 -0.502374 -0.426879
    outer loop
      vertex -72.4063 -29.3623 0.792906
      vertex -73.0293 -28.5429 0.925976
      vertex -72.9748 -28.5114 0.792906
    endloop
  endfacet
  facet normal -0.634847 -0.313058 -0.706374
    outer loop
      vertex -72.7477 -28.3803 0.43934
      vertex -73.1851 -27.4933 0.43934
      vertex -72.3672 -28.1606 6.86646e-07
    endloop
  endfacet
  facet normal -0.822532 -0.549553 -0.146395
    outer loop
      vertex -72.5411 -29.4657 1.35297
      vertex -73.1219 -28.5964 1.35297
      vertex -73.1032 -28.5856 1.20736
    endloop
  endfacet
  facet normal -0.895818 -0.441752 -0.0486248
    outer loop
      vertex -73.1282 -28.6 1.5
      vertex -73.591 -27.6615 1.5
      vertex -73.5844 -27.6587 1.35297
    endloop
  endfacet
  facet normal -0.887153 -0.437505 -0.146792
    outer loop
      vertex -73.1032 -28.5856 1.20736
      vertex -73.5844 -27.6587 1.35297
      vertex -73.5644 -27.6504 1.20736
    endloop
  endfacet
  facet normal -0.870187 -0.429138 -0.242106
    outer loop
      vertex -73.1032 -28.5856 1.20736
      vertex -73.5644 -27.6504 1.20736
      vertex -73.0723 -28.5677 1.06457
    endloop
  endfacet
  facet normal -0.830456 -0.55491 -0.0491706
    outer loop
      vertex -72.5468 -29.4701 1.5
      vertex -73.1282 -28.6 1.5
      vertex -73.1219 -28.5964 1.35297
    endloop
  endfacet
  facet normal -0.831462 -0.555582 0
    outer loop
      vertex -72.5468 -29.4701 1.5
      vertex -73.1282 -28.6 1.8
      vertex -73.1282 -28.6 1.5
    endloop
  endfacet
  facet normal -0.831462 -0.555582 0
    outer loop
      vertex -73.1282 -28.6 1.8
      vertex -72.5468 -29.4701 1.5
      vertex -72.5468 -29.4701 1.8
    endloop
  endfacet
  facet normal -0.886932 -0.176475 -0.426858
    outer loop
      vertex -73.8171 -26.641 0.925976
      vertex -74.0184 -25.6293 0.925976
      vertex -73.7563 -26.6247 0.792906
    endloop
  endfacet
  facet normal -0.844575 -0.416482 -0.336505
    outer loop
      vertex -73.0723 -28.5677 1.06457
      vertex -73.5314 -27.6367 1.06457
      vertex -73.4855 -27.6178 0.925976
    endloop
  endfacet
  facet normal -0.92368 -0.183787 -0.33621
    outer loop
      vertex -73.865 -26.6538 1.06457
      vertex -74.0184 -25.6293 0.925976
      vertex -73.8171 -26.641 0.925976
    endloop
  endfacet
  facet normal -0.89181 -0.302748 -0.336182
    outer loop
      vertex -73.4855 -27.6178 0.925976
      vertex -73.865 -26.6538 1.06457
      vertex -73.8171 -26.641 0.925976
    endloop
  endfacet
  facet normal -0.945812 -0.321003 -0.0489593
    outer loop
      vertex -73.5844 -27.6587 1.35297
      vertex -73.9274 -26.6705 1.5
      vertex -73.9204 -26.6687 1.35297
    endloop
  endfacet
  facet normal -0.987112 -0.0647162 -0.146363
    outer loop
      vertex -74.1244 -25.6433 1.35297
      vertex -74.1928 -24.6 1.35297
      vertex -74.103 -25.6404 1.20736
    endloop
  endfacet
  facet normal -0.970207 -0.193019 -0.146433
    outer loop
      vertex -73.9204 -26.6687 1.35297
      vertex -74.1244 -25.6433 1.35297
      vertex -74.103 -25.6404 1.20736
    endloop
  endfacet
  facet normal -0.970277 -0.192974 -0.146023
    outer loop
      vertex -73.9204 -26.6687 1.35297
      vertex -74.103 -25.6404 1.20736
      vertex -73.8996 -26.6631 1.20736
    endloop
  endfacet
  facet normal -0.997861 -0.0653646 0
    outer loop
      vertex -74.1316 -25.6442 1.5
      vertex -74.2 -24.6 1.8
      vertex -74.2 -24.6 1.5
    endloop
  endfacet
  facet normal -0.997861 -0.0653646 0
    outer loop
      vertex -74.2 -24.6 1.8
      vertex -74.1316 -25.6442 1.5
      vertex -74.1316 -25.6442 1.8
    endloop
  endfacet
  facet normal -0.996672 -0.0652867 -0.0488066
    outer loop
      vertex -74.1316 -25.6442 1.5
      vertex -74.2 -24.6 1.5
      vertex -74.1928 -24.6 1.35297
    endloop
  endfacet
  facet normal -0.694231 0.138145 -0.706371
    outer loop
      vertex -73.2604 25.5295 6.86646e-07
      vertex -73.696 25.5869 0.43934
      vertex -73.503 26.5568 0.43934
    endloop
  endfacet
  facet normal -0.970207 0.193019 -0.146433
    outer loop
      vertex -74.103 25.6404 1.20736
      vertex -74.1244 25.6433 1.35297
      vertex -73.9204 26.6687 1.35297
    endloop
  endfacet
  facet normal -0.856308 -0.0561871 -0.513401
    outer loop
      vertex -73.9559 -25.6211 0.792906
      vertex -74.0229 -24.6 0.792906
      vertex -73.9472 -24.6 0.666645
    endloop
  endfacet
  facet normal -0.841799 -0.167445 -0.513164
    outer loop
      vertex -73.6832 -26.6051 0.666645
      vertex -73.9559 -25.6211 0.792906
      vertex -73.8809 -25.6112 0.666645
    endloop
  endfacet
  facet normal -0.788365 -0.156855 -0.594876
    outer loop
      vertex -73.6832 -26.6051 0.666645
      vertex -73.794 -25.5998 0.54841
      vertex -73.5985 -26.5824 0.54841
    endloop
  endfacet
  facet normal -0.761175 -0.258325 -0.594879
    outer loop
      vertex -73.2765 -27.5312 0.54841
      vertex -73.6832 -26.6051 0.666645
      vertex -73.5985 -26.5824 0.54841
    endloop
  endfacet
  facet normal -0.702267 -0.238333 -0.670834
    outer loop
      vertex -73.2765 -27.5312 0.54841
      vertex -73.5985 -26.5824 0.54841
      vertex -73.503 -26.5568 0.43934
    endloop
  endfacet
  facet normal -0.727356 -0.144716 -0.670828
    outer loop
      vertex -73.5985 -26.5824 0.54841
      vertex -73.794 -25.5998 0.54841
      vertex -73.503 -26.5568 0.43934
    endloop
  endfacet
  facet normal -0.72066 -0.355478 -0.595218
    outer loop
      vertex -72.9093 -28.4736 0.666645
      vertex -73.2765 -27.5312 0.54841
      vertex -72.8333 -28.4297 0.54841
    endloop
  endfacet
  facet normal -0.761267 -0.258383 -0.594735
    outer loop
      vertex -73.3575 -27.5647 0.666645
      vertex -73.6832 -26.6051 0.666645
      vertex -73.2765 -27.5312 0.54841
    endloop
  endfacet
  facet normal -0.634863 0.3131 -0.70634
    outer loop
      vertex -72.7792 27.3252 6.86646e-07
      vertex -73.1851 27.4933 0.43934
      vertex -72.3672 28.1606 6.86646e-07
    endloop
  endfacet
  facet normal -0.702023 0.238306 -0.671099
    outer loop
      vertex -73.1851 27.4933 0.43934
      vertex -73.503 26.5568 0.43934
      vertex -73.2765 27.5312 0.54841
    endloop
  endfacet
  facet normal -0.729382 0.639658 -0.242571
    outer loop
      vertex -71.8112 30.2112 1.06457
      vertex -72.4956 29.4308 1.06457
      vertex -71.8365 30.2365 1.20736
    endloop
  endfacet
  facet normal -0.639673 0.729459 -0.242297
    outer loop
      vertex -71.0308 30.8956 1.06457
      vertex -71.8365 30.2365 1.20736
      vertex -71.0525 30.924 1.20736
    endloop
  endfacet
  facet normal -0.502477 0.752006 -0.426618
    outer loop
      vertex -70.9623 30.8063 0.792906
      vertex -71.0006 30.8562 0.925976
      vertex -70.1429 31.4293 0.925976
    endloop
  endfacet
  facet normal -0.502374 0.751927 -0.426879
    outer loop
      vertex -70.1114 31.3748 0.792906
      vertex -70.9623 30.8063 0.792906
      vertex -70.1429 31.4293 0.925976
    endloop
  endfacet
  facet normal -0.887181 0.437583 -0.146392
    outer loop
      vertex -73.1032 28.5856 1.20736
      vertex -73.5844 27.6587 1.35297
      vertex -73.1219 28.5964 1.35297
    endloop
  endfacet
  facet normal -0.895757 0.441813 -0.0491995
    outer loop
      vertex -73.1219 28.5964 1.35297
      vertex -73.5844 27.6587 1.35297
      vertex -73.1282 28.6 1.5
    endloop
  endfacet
  facet normal -0.729459 0.639673 -0.242297
    outer loop
      vertex -72.4956 29.4308 1.06457
      vertex -72.524 29.4525 1.20736
      vertex -71.8365 30.2365 1.20736
    endloop
  endfacet
  facet normal -0.707976 0.620885 -0.336558
    outer loop
      vertex -72.4562 29.4006 0.925976
      vertex -72.4956 29.4308 1.06457
      vertex -71.8112 30.2112 1.06457
    endloop
  endfacet
  facet normal -0.740111 0.0485208 -0.670732
    outer loop
      vertex -73.7607 24.6 0.43934
      vertex -73.794 25.5998 0.54841
      vertex -73.696 25.5869 0.43934
    endloop
  endfacet
  facet normal -0.740266 0.0484971 -0.670563
    outer loop
      vertex -73.7607 24.6 0.43934
      vertex -73.8595 24.6 0.54841
      vertex -73.794 25.5998 0.54841
    endloop
  endfacet
  facet normal -0.939738 0.0615353 -0.336313
    outer loop
      vertex -74.0858 24.6 0.925976
      vertex -74.1354 24.6 1.06457
      vertex -74.0184 25.6293 0.925976
    endloop
  endfacet
  facet normal -0.856456 0.2907 -0.426587
    outer loop
      vertex -73.4274 27.5937 0.792906
      vertex -73.7563 26.6247 0.792906
      vertex -73.4855 27.6178 0.925976
    endloop
  endfacet
  facet normal -0.841719 0.167404 -0.513308
    outer loop
      vertex -73.6832 26.6051 0.666645
      vertex -73.9559 25.6211 0.792906
      vertex -73.7563 26.6247 0.792906
    endloop
  endfacet
  facet normal -0.81269 0.275837 -0.513273
    outer loop
      vertex -73.3575 27.5647 0.666645
      vertex -73.6832 26.6051 0.666645
      vertex -73.4274 27.5937 0.792906
    endloop
  endfacet
  facet normal -0.437583 -0.887181 -0.146392
    outer loop
      vertex -69.2587 -31.9844 1.35297
      vertex -70.1964 -31.5219 1.35297
      vertex -70.1856 -31.5032 1.20736
    endloop
  endfacet
  facet normal -0.441813 -0.895757 -0.0491995
    outer loop
      vertex -69.2587 -31.9844 1.35297
      vertex -70.2 -31.5282 1.5
      vertex -70.1964 -31.5219 1.35297
    endloop
  endfacet
  facet normal 0.183787 -0.92368 -0.33621
    outer loop
      vertex 68.2538 -32.265 1.06457
      vertex 67.2293 -32.4184 0.925976
      vertex 68.241 -32.2171 0.925976
    endloop
  endfacet
  facet normal 0.176475 -0.886932 -0.426858
    outer loop
      vertex 68.241 -32.2171 0.925976
      vertex 67.2293 -32.4184 0.925976
      vertex 68.2247 -32.1563 0.792906
    endloop
  endfacet
  facet normal -0.0484463 0.740118 -0.67073
    outer loop
      vertex -67.1869 32.096 0.43934
      vertex -67.1998 32.194 0.54841
      vertex -66.2 32.1606 0.43934
    endloop
  endfacet
  facet normal -0.046238 0.706382 -0.706319
    outer loop
      vertex -66.2 31.7213 6.86646e-07
      vertex -67.1869 32.096 0.43934
      vertex -66.2 32.1606 0.43934
    endloop
  endfacet
  facet normal 0.645261 -0.565914 -0.513206
    outer loop
      vertex 71.7316 -30.1316 0.792906
      vertex 71.6781 -30.0781 0.666645
      vertex 72.4063 -29.3623 0.792906
    endloop
  endfacet
  facet normal 0.645248 -0.565894 -0.513243
    outer loop
      vertex 72.4063 -29.3623 0.792906
      vertex 71.6781 -30.0781 0.666645
      vertex 72.3463 -29.3162 0.666645
    endloop
  endfacet
  facet normal 0.844575 -0.416482 -0.336505
    outer loop
      vertex 73.5314 -27.6367 1.06457
      vertex 73.0723 -28.5677 1.06457
      vertex 73.4855 -27.6178 0.925976
    endloop
  endfacet
  facet normal 0.891693 -0.302644 -0.336585
    outer loop
      vertex 73.5314 -27.6367 1.06457
      vertex 73.4855 -27.6178 0.925976
      vertex 73.865 -26.6538 1.06457
    endloop
  endfacet
  facet normal 0.565914 0.645261 -0.513206
    outer loop
      vertex 71.6781 30.0781 0.666645
      vertex 70.9623 30.8063 0.792906
      vertex 71.7316 30.1316 0.792906
    endloop
  endfacet
  facet normal 0.565894 0.645248 -0.513243
    outer loop
      vertex 71.6781 30.0781 0.666645
      vertex 70.9162 30.7463 0.666645
      vertex 70.9623 30.8063 0.792906
    endloop
  endfacet
  facet normal 0.476857 0.713733 -0.513022
    outer loop
      vertex 70.9623 30.8063 0.792906
      vertex 70.0736 31.3093 0.666645
      vertex 70.1114 31.3748 0.792906
    endloop
  endfacet
  facet normal 0.47682 0.713621 -0.513212
    outer loop
      vertex 70.9162 30.7463 0.666645
      vertex 70.0736 31.3093 0.666645
      vertex 70.9623 30.8063 0.792906
    endloop
  endfacet
  facet normal 0.412047 0.61672 -0.670726
    outer loop
      vertex 70.8026 30.5983 0.43934
      vertex 69.9803 31.1477 0.43934
      vertex 70.8628 30.6767 0.54841
    endloop
  endfacet
  facet normal 0.393256 0.588595 -0.706332
    outer loop
      vertex 70.8026 30.5983 0.43934
      vertex 69.7607 30.7672 6.86646e-07
      vertex 69.9803 31.1477 0.43934
    endloop
  endfacet
  facet normal 0.713733 0.476857 -0.513022
    outer loop
      vertex 72.9093 28.4736 0.666645
      vertex 72.4063 29.3623 0.792906
      vertex 72.9748 28.5114 0.792906
    endloop
  endfacet
  facet normal 0.713621 0.47682 -0.513212
    outer loop
      vertex 72.9093 28.4736 0.666645
      vertex 72.3463 29.3162 0.666645
      vertex 72.4063 29.3623 0.792906
    endloop
  endfacet
  facet normal 0.721039 0.355561 -0.594709
    outer loop
      vertex 73.2765 27.5312 0.54841
      vertex 72.9093 28.4736 0.666645
      vertex 73.3575 27.5647 0.666645
    endloop
  endfacet
  facet normal 0.72066 0.355478 -0.595218
    outer loop
      vertex 73.2765 27.5312 0.54841
      vertex 72.8333 28.4297 0.54841
      vertex 72.9093 28.4736 0.666645
    endloop
  endfacet
  facet normal -0.596353 -0.679968 -0.426623
    outer loop
      vertex -71.0006 -30.8562 0.925976
      vertex -71.7316 -30.1316 0.792906
      vertex -70.9623 -30.8063 0.792906
    endloop
  endfacet
  facet normal -0.620887 -0.707981 -0.336546
    outer loop
      vertex -71.0006 -30.8562 0.925976
      vertex -71.8112 -30.2112 1.06457
      vertex -71.7761 -30.1761 0.925976
    endloop
  endfacet
  facet normal -0.393256 -0.588595 -0.706332
    outer loop
      vertex -69.9803 -31.1477 0.43934
      vertex -70.8026 -30.5983 0.43934
      vertex -69.7607 -30.7672 6.86646e-07
    endloop
  endfacet
  facet normal -0.489019 -0.557641 -0.670744
    outer loop
      vertex -70.8628 -30.6767 0.54841
      vertex -71.6161 -30.0161 0.54841
      vertex -70.8026 -30.5983 0.43934
    endloop
  endfacet
  facet normal -0.652208 -0.743755 -0.146469
    outer loop
      vertex -71.0657 -30.9411 1.35297
      vertex -71.8365 -30.2365 1.20736
      vertex -71.0525 -30.924 1.20736
    endloop
  endfacet
  facet normal -0.639673 -0.729459 -0.242297
    outer loop
      vertex -71.0525 -30.924 1.20736
      vertex -71.8365 -30.2365 1.20736
      vertex -71.0308 -30.8956 1.06457
    endloop
  endfacet
  facet normal -0.659289 -0.75189 0
    outer loop
      vertex -71.8569 -30.2569 1.5
      vertex -71.0701 -30.9468 1.8
      vertex -71.8569 -30.2569 1.8
    endloop
  endfacet
  facet normal -0.659289 -0.75189 -0
    outer loop
      vertex -71.0701 -30.9468 1.8
      vertex -71.8569 -30.2569 1.5
      vertex -71.0701 -30.9468 1.5
    endloop
  endfacet
  facet normal -0.811063 -0.399964 -0.426856
    outer loop
      vertex -73.0293 -28.5429 0.925976
      vertex -73.4855 -27.6178 0.925976
      vertex -72.9748 -28.5114 0.792906
    endloop
  endfacet
  facet normal -0.81115 -0.40005 -0.42661
    outer loop
      vertex -72.9748 -28.5114 0.792906
      vertex -73.4855 -27.6178 0.925976
      vertex -73.4274 -27.5937 0.792906
    endloop
  endfacet
  facet normal -0.665214 -0.328128 -0.670687
    outer loop
      vertex -72.8333 -28.4297 0.54841
      vertex -73.2765 -27.5312 0.54841
      vertex -72.7477 -28.3803 0.43934
    endloop
  endfacet
  facet normal -0.53218 -0.46675 -0.706349
    outer loop
      vertex -71.2355 -29.6355 6.86646e-07
      vertex -72.1983 -29.2026 0.43934
      vertex -71.8497 -28.9352 6.86646e-07
    endloop
  endfacet
  facet normal -0.822529 -0.549554 -0.146414
    outer loop
      vertex -72.5411 -29.4657 1.35297
      vertex -73.1032 -28.5856 1.20736
      vertex -72.524 -29.4525 1.20736
    endloop
  endfacet
  facet normal -0.806743 -0.539007 -0.24215
    outer loop
      vertex -72.524 -29.4525 1.20736
      vertex -73.1032 -28.5856 1.20736
      vertex -73.0723 -28.5677 1.06457
    endloop
  endfacet
  facet normal -0.951425 -0.189224 -0.242868
    outer loop
      vertex -73.8996 -26.6631 1.20736
      vertex -74.103 -25.6404 1.20736
      vertex -73.865 -26.6538 1.06457
    endloop
  endfacet
  facet normal -0.951472 -0.189266 -0.242649
    outer loop
      vertex -73.865 -26.6538 1.06457
      vertex -74.103 -25.6404 1.20736
      vertex -74.0675 -25.6358 1.06457
    endloop
  endfacet
  facet normal -0.968021 0.0634569 -0.242711
    outer loop
      vertex -74.0675 25.6358 1.06457
      vertex -74.1354 24.6 1.06457
      vertex -74.103 25.6404 1.20736
    endloop
  endfacet
  facet normal -0.951472 0.189266 -0.242649
    outer loop
      vertex -74.0675 25.6358 1.06457
      vertex -74.103 25.6404 1.20736
      vertex -73.865 26.6538 1.06457
    endloop
  endfacet
  facet normal -0.856461 -0.0561545 -0.513148
    outer loop
      vertex -73.8809 -25.6112 0.666645
      vertex -73.9559 -25.6211 0.792906
      vertex -73.9472 -24.6 0.666645
    endloop
  endfacet
  facet normal -0.802231 -0.0525988 -0.594693
    outer loop
      vertex -73.8809 -25.6112 0.666645
      vertex -73.9472 -24.6 0.666645
      vertex -73.794 -25.5998 0.54841
    endloop
  endfacet
  facet normal -0.769856 -0.379634 -0.51303
    outer loop
      vertex -72.9748 -28.5114 0.792906
      vertex -73.3575 -27.5647 0.666645
      vertex -72.9093 -28.4736 0.666645
    endloop
  endfacet
  facet normal -0.769691 -0.379603 -0.513301
    outer loop
      vertex -72.9748 -28.5114 0.792906
      vertex -73.4274 -27.5937 0.792906
      vertex -73.3575 -27.5647 0.666645
    endloop
  endfacet
  facet normal -0.743767 0.652358 -0.145739
    outer loop
      vertex -71.8365 30.2365 1.20736
      vertex -72.5411 29.4657 1.35297
      vertex -71.8517 30.2517 1.35297
    endloop
  endfacet
  facet normal -0.750859 0.658578 -0.0498475
    outer loop
      vertex -71.8517 30.2517 1.35297
      vertex -72.5411 29.4657 1.35297
      vertex -71.8569 30.2569 1.5
    endloop
  endfacet
  facet normal -0.523153 0.78296 -0.336579
    outer loop
      vertex -71.0006 30.8562 0.925976
      vertex -71.0308 30.8956 1.06457
      vertex -70.1677 31.4723 1.06457
    endloop
  endfacet
  facet normal -0.639658 0.729382 -0.242571
    outer loop
      vertex -71.8112 30.2112 1.06457
      vertex -71.8365 30.2365 1.20736
      vertex -71.0308 30.8956 1.06457
    endloop
  endfacet
  facet normal -0.446515 0.668249 -0.595036
    outer loop
      vertex -70.8628 30.6767 0.54841
      vertex -70.9162 30.7463 0.666645
      vertex -70.0298 31.2333 0.54841
    endloop
  endfacet
  facet normal -0.529932 0.604243 -0.595032
    outer loop
      vertex -70.8628 30.6767 0.54841
      vertex -71.6781 30.0781 0.666645
      vertex -70.9162 30.7463 0.666645
    endloop
  endfacet
  facet normal -0.620885 0.707976 -0.336558
    outer loop
      vertex -71.0006 30.8562 0.925976
      vertex -71.8112 30.2112 1.06457
      vertex -71.0308 30.8956 1.06457
    endloop
  endfacet
  facet normal -0.620887 0.707981 -0.336546
    outer loop
      vertex -71.7761 30.1761 0.925976
      vertex -71.8112 30.2112 1.06457
      vertex -71.0006 30.8562 0.925976
    endloop
  endfacet
  facet normal -0.727356 0.144716 -0.670828
    outer loop
      vertex -73.503 26.5568 0.43934
      vertex -73.794 25.5998 0.54841
      vertex -73.5985 26.5824 0.54841
    endloop
  endfacet
  facet normal -0.706332 0.0462782 -0.706366
    outer loop
      vertex -73.3213 24.6 6.86646e-07
      vertex -73.696 25.5869 0.43934
      vertex -73.2604 25.5295 6.86646e-07
    endloop
  endfacet
  facet normal -0.902507 0.0590974 -0.4266
    outer loop
      vertex -74.0229 24.6 0.792906
      vertex -74.0858 24.6 0.925976
      vertex -74.0184 25.6293 0.925976
    endloop
  endfacet
  facet normal -0.702267 0.238333 -0.670834
    outer loop
      vertex -73.503 26.5568 0.43934
      vertex -73.5985 26.5824 0.54841
      vertex -73.2765 27.5312 0.54841
    endloop
  endfacet
  facet normal -0.72744 0.144753 -0.670729
    outer loop
      vertex -73.696 25.5869 0.43934
      vertex -73.794 25.5998 0.54841
      vertex -73.503 26.5568 0.43934
    endloop
  endfacet
  facet normal -0.841799 0.167445 -0.513164
    outer loop
      vertex -73.8809 25.6112 0.666645
      vertex -73.9559 25.6211 0.792906
      vertex -73.6832 26.6051 0.666645
    endloop
  endfacet
  facet normal -0.856461 0.0561545 -0.513148
    outer loop
      vertex -73.9472 24.6 0.666645
      vertex -73.9559 25.6211 0.792906
      vertex -73.8809 25.6112 0.666645
    endloop
  endfacet
  facet normal 0.707976 -0.620885 -0.336558
    outer loop
      vertex 72.4956 -29.4308 1.06457
      vertex 71.8112 -30.2112 1.06457
      vertex 72.4562 -29.4006 0.925976
    endloop
  endfacet
  facet normal 0.707981 -0.620887 -0.336546
    outer loop
      vertex 71.8112 -30.2112 1.06457
      vertex 71.7761 -30.1761 0.925976
      vertex 72.4562 -29.4006 0.925976
    endloop
  endfacet
  facet normal 0.702267 0.238333 -0.670834
    outer loop
      vertex 73.503 26.5568 0.43934
      vertex 73.2765 27.5312 0.54841
      vertex 73.5985 26.5824 0.54841
    endloop
  endfacet
  facet normal 0.664903 0.327879 -0.671118
    outer loop
      vertex 73.1851 27.4933 0.43934
      vertex 72.7477 28.3803 0.43934
      vertex 73.2765 27.5312 0.54841
    endloop
  endfacet
  facet normal -0.596286 -0.679929 -0.426779
    outer loop
      vertex -71.0006 -30.8562 0.925976
      vertex -71.7761 -30.1761 0.925976
      vertex -71.7316 -30.1316 0.792906
    endloop
  endfacet
  facet normal -0.679929 -0.596286 -0.426779
    outer loop
      vertex -71.7761 -30.1761 0.925976
      vertex -72.4562 -29.4006 0.925976
      vertex -71.7316 -30.1316 0.792906
    endloop
  endfacet
  facet normal -0.668274 -0.446479 -0.595034
    outer loop
      vertex -72.3463 -29.3162 0.666645
      vertex -72.8333 -28.4297 0.54841
      vertex -72.2767 -29.2628 0.54841
    endloop
  endfacet
  facet normal -0.412047 -0.61672 -0.670726
    outer loop
      vertex -69.9803 -31.1477 0.43934
      vertex -70.8628 -30.6767 0.54841
      vertex -70.8026 -30.5983 0.43934
    endloop
  endfacet
  facet normal -0.46675 -0.53218 -0.706349
    outer loop
      vertex -70.8026 -30.5983 0.43934
      vertex -71.2355 -29.6355 6.86646e-07
      vertex -70.5352 -30.2497 6.86646e-07
    endloop
  endfacet
  facet normal -0.9238 0.183762 -0.335895
    outer loop
      vertex -74.0184 25.6293 0.925976
      vertex -74.0675 25.6358 1.06457
      vertex -73.865 26.6538 1.06457
    endloop
  endfacet
  facet normal -0.939892 0.0616129 -0.335867
    outer loop
      vertex -74.0184 25.6293 0.925976
      vertex -74.1354 24.6 1.06457
      vertex -74.0675 25.6358 1.06457
    endloop
  endfacet
  facet normal -0.658503 0.750993 -0.0488205
    outer loop
      vertex -71.0657 30.9411 1.35297
      vertex -71.8569 30.2569 1.5
      vertex -71.0701 30.9468 1.5
    endloop
  endfacet
  facet normal -0.554877 0.8305 -0.0488017
    outer loop
      vertex -71.0657 30.9411 1.35297
      vertex -71.0701 30.9468 1.5
      vertex -70.1964 31.5219 1.35297
    endloop
  endfacet
  facet normal -0.941522 0 -0.336952
    outer loop
      vertex -74.0858 -24.6 0.925976
      vertex -74.1354 24.6 1.06457
      vertex -74.0858 24.6 0.925976
    endloop
  endfacet
  facet normal -0.941522 -0 -0.336952
    outer loop
      vertex -74.1354 24.6 1.06457
      vertex -74.0858 -24.6 0.925976
      vertex -74.1354 -24.6 1.06457
    endloop
  endfacet
  facet normal -0.670302 0.227538 -0.706344
    outer loop
      vertex -72.7792 27.3252 6.86646e-07
      vertex -73.503 26.5568 0.43934
      vertex -73.1851 27.4933 0.43934
    endloop
  endfacet
  facet normal -0.670336 0.2276 -0.706292
    outer loop
      vertex -73.0787 26.4431 6.86646e-07
      vertex -73.503 26.5568 0.43934
      vertex -72.7792 27.3252 6.86646e-07
    endloop
  endfacet
  facet normal -0.92368 0.183787 -0.33621
    outer loop
      vertex -73.8171 26.641 0.925976
      vertex -74.0184 25.6293 0.925976
      vertex -73.865 26.6538 1.06457
    endloop
  endfacet
  facet normal -0.89181 0.302748 -0.336182
    outer loop
      vertex -73.8171 26.641 0.925976
      vertex -73.865 26.6538 1.06457
      vertex -73.4855 27.6178 0.925976
    endloop
  endfacet
  facet normal 0.670302 0.227538 -0.706344
    outer loop
      vertex 73.503 26.5568 0.43934
      vertex 72.7792 27.3252 6.86646e-07
      vertex 73.1851 27.4933 0.43934
    endloop
  endfacet
  facet normal 0.634863 0.3131 -0.70634
    outer loop
      vertex 72.7792 27.3252 6.86646e-07
      vertex 72.3672 28.1606 6.86646e-07
      vertex 73.1851 27.4933 0.43934
    endloop
  endfacet
  facet normal 0.769691 0.379603 -0.513301
    outer loop
      vertex 73.3575 27.5647 0.666645
      vertex 72.9748 28.5114 0.792906
      vertex 73.4274 27.5937 0.792906
    endloop
  endfacet
  facet normal 0.81269 0.275837 -0.513273
    outer loop
      vertex 73.6832 26.6051 0.666645
      vertex 73.3575 27.5647 0.666645
      vertex 73.4274 27.5937 0.792906
    endloop
  endfacet
  facet normal -0.446515 -0.668249 -0.595036
    outer loop
      vertex -70.0298 -31.2333 0.54841
      vertex -70.9162 -30.7463 0.666645
      vertex -70.8628 -30.6767 0.54841
    endloop
  endfacet
  facet normal -0.446529 -0.668287 -0.594983
    outer loop
      vertex -70.0736 -31.3093 0.666645
      vertex -70.9162 -30.7463 0.666645
      vertex -70.0298 -31.2333 0.54841
    endloop
  endfacet
  facet normal -0.529999 -0.604372 -0.594841
    outer loop
      vertex -70.8628 -30.6767 0.54841
      vertex -71.6781 -30.0781 0.666645
      vertex -71.6161 -30.0161 0.54841
    endloop
  endfacet
  facet normal -0.557641 -0.489019 -0.670744
    outer loop
      vertex -71.6161 -30.0161 0.54841
      vertex -72.2767 -29.2628 0.54841
      vertex -72.1983 -29.2026 0.43934
    endloop
  endfacet
  facet normal -0.549554 0.822529 -0.146414
    outer loop
      vertex -71.0525 30.924 1.20736
      vertex -71.0657 30.9411 1.35297
      vertex -70.1856 31.5032 1.20736
    endloop
  endfacet
  facet normal -0.539007 0.806743 -0.24215
    outer loop
      vertex -70.1677 31.4723 1.06457
      vertex -71.0525 30.924 1.20736
      vertex -70.1856 31.5032 1.20736
    endloop
  endfacet
  facet normal -0.886932 0.176475 -0.426858
    outer loop
      vertex -73.7563 26.6247 0.792906
      vertex -74.0184 25.6293 0.925976
      vertex -73.8171 26.641 0.925976
    endloop
  endfacet
  facet normal -0.856319 0.2907 -0.426863
    outer loop
      vertex -73.7563 26.6247 0.792906
      vertex -73.8171 26.641 0.925976
      vertex -73.4855 27.6178 0.925976
    endloop
  endfacet
  facet normal -0.557627 -0.489011 -0.670761
    outer loop
      vertex -71.6161 -30.0161 0.54841
      vertex -72.1983 -29.2026 0.43934
      vertex -71.5462 -29.9462 0.43934
    endloop
  endfacet
  facet normal -0.61672 -0.412047 -0.670726
    outer loop
      vertex -72.2767 -29.2628 0.54841
      vertex -72.7477 -28.3803 0.43934
      vertex -72.1983 -29.2026 0.43934
    endloop
  endfacet
  facet normal -0.604372 -0.529999 -0.594841
    outer loop
      vertex -71.6781 -30.0781 0.666645
      vertex -72.2767 -29.2628 0.54841
      vertex -71.6161 -30.0161 0.54841
    endloop
  endfacet
  facet normal -0.604243 -0.529932 -0.595032
    outer loop
      vertex -71.6781 -30.0781 0.666645
      vertex -72.3463 -29.3162 0.666645
      vertex -72.2767 -29.2628 0.54841
    endloop
  endfacet
  facet normal -0.466689 -0.532173 -0.706394
    outer loop
      vertex -70.8026 -30.5983 0.43934
      vertex -71.5462 -29.9462 0.43934
      vertex -71.2355 -29.6355 6.86646e-07
    endloop
  endfacet
  facet normal -0.489011 -0.557627 -0.670761
    outer loop
      vertex -70.8026 -30.5983 0.43934
      vertex -71.6161 -30.0161 0.54841
      vertex -71.5462 -29.9462 0.43934
    endloop
  endfacet
  facet normal -0 0 1
    outer loop
      vertex 71.248 -26.5387 3.19
      vertex 71.3737 -26.743 3.19
      vertex 71.5257 -26.2952 3.19
    endloop
  endfacet
  facet normal 0 0 1
    outer loop
      vertex 70.9 -26.7713 3.19
      vertex 71.3737 -26.743 3.19
      vertex 71.248 -26.5387 3.19
    endloop
  endfacet
  facet normal 0 0 1
    outer loop
      vertex 71.3737 -26.743 3.19
      vertex 70.9 -26.7713 3.19
      vertex 71.0497 -27.4 3.19
    endloop
  endfacet
  facet normal -0 0 1
    outer loop
      vertex 70.5246 -26.9564 3.19
      vertex 71.0497 -27.4 3.19
      vertex 70.9 -26.7713 3.19
    endloop
  endfacet
  facet normal 0 0 1
    outer loop
      vertex 71.0497 -27.4 3.19
      vertex 70.5246 -26.9564 3.19
      vertex 70.6428 -28.009 3.19
    endloop
  endfacet
  facet normal -0 0 1
    outer loop
      vertex 70.1282 -27.091 3.19
      vertex 70.6428 -28.009 3.19
      vertex 70.5246 -26.9564 3.19
    endloop
  endfacet
  facet normal -0 0 1
    outer loop
      vertex 69.6908 -27.2785 3.19
      vertex 70.6428 -28.009 3.19
      vertex 70.1282 -27.091 3.19
    endloop
  endfacet
  facet normal 0 0 1
    outer loop
      vertex 69.6908 -27.2785 3.19
      vertex 70.1282 -27.091 3.19
      vertex 69.7682 -27.1626 3.19
    endloop
  endfacet
  facet normal 0 0 1
    outer loop
      vertex 70.6428 -28.009 3.19
      vertex 69.6908 -27.2785 3.19
      vertex 70.1598 -28.5598 3.19
    endloop
  endfacet
  facet normal -0 0 1
    outer loop
      vertex 69.3113 -27.7113 3.19
      vertex 70.1598 -28.5598 3.19
      vertex 69.6908 -27.2785 3.19
    endloop
  endfacet
  facet normal 0 0 1
    outer loop
      vertex 70.1598 -28.5598 3.19
      vertex 69.3113 -27.7113 3.19
      vertex 69.6091 -29.0428 3.19
    endloop
  endfacet
  facet normal -0 0 1
    outer loop
      vertex 68.8785 -28.0907 3.19
      vertex 69.6091 -29.0428 3.19
      vertex 69.3113 -27.7113 3.19
    endloop
  endfacet
  facet normal 0 0 1
    outer loop
      vertex 69.6091 -29.0428 3.19
      vertex 68.8785 -28.0907 3.19
      vertex 69 -29.4497 3.19
    endloop
  endfacet
  facet normal -0 0 1
    outer loop
      vertex 68.4 -28.4105 3.19
      vertex 69 -29.4497 3.19
      vertex 68.8785 -28.0907 3.19
    endloop
  endfacet
  facet normal 0 0 1
    outer loop
      vertex 68.4 -28.4105 3.19
      vertex 68.343 -29.7737 3.19
      vertex 69 -29.4497 3.19
    endloop
  endfacet
  facet normal -0 0 1
    outer loop
      vertex 67.8838 -28.6651 3.19
      vertex 68.343 -29.7737 3.19
      vertex 68.4 -28.4105 3.19
    endloop
  endfacet
  facet normal 0 0 1
    outer loop
      vertex 67.8838 -28.6651 3.19
      vertex 67.6494 -30.0092 3.19
      vertex 68.343 -29.7737 3.19
    endloop
  endfacet
  facet normal -0 0 1
    outer loop
      vertex 67.3388 -28.8501 3.19
      vertex 67.6494 -30.0092 3.19
      vertex 67.8838 -28.6651 3.19
    endloop
  endfacet
  facet normal 0 0 1
    outer loop
      vertex 67.3388 -28.8501 3.19
      vertex 66.9309 -30.1521 3.19
      vertex 67.6494 -30.0092 3.19
    endloop
  endfacet
  facet normal -0 0 1
    outer loop
      vertex 66.7743 -28.9623 3.19
      vertex 66.9309 -30.1521 3.19
      vertex 67.3388 -28.8501 3.19
    endloop
  endfacet
  facet normal -0 0 1
    outer loop
      vertex 66.2 -29 3.19
      vertex 66.9309 -30.1521 3.19
      vertex 66.7743 -28.9623 3.19
    endloop
  endfacet
  facet normal 0 0 1
    outer loop
      vertex 66.2 -29 3.19
      vertex 66.2 -30.2 3.19
      vertex 66.9309 -30.1521 3.19
    endloop
  endfacet
  facet normal -0 0 1
    outer loop
      vertex 6.51999 -29 3.19
      vertex 66.2 -30.2 3.19
      vertex 66.2 -29 3.19
    endloop
  endfacet
  facet normal 0 0 1
    outer loop
      vertex 66.2 -30.2 3.19
      vertex 6.51999 -29 3.19
      vertex 6.51999 -30.2 3.19
    endloop
  endfacet
  facet normal 0 0 1
    outer loop
      vertex 71.3737 26.743 3.19
      vertex 71.248 26.5387 3.19
      vertex 71.5257 26.2952 3.19
    endloop
  endfacet
  facet normal -0 0 1
    outer loop
      vertex 70.9 26.7713 3.19
      vertex 71.3737 26.743 3.19
      vertex 71.0497 27.4 3.19
    endloop
  endfacet
  facet normal 0 0 1
    outer loop
      vertex 71.3737 26.743 3.19
      vertex 70.9 26.7713 3.19
      vertex 71.248 26.5387 3.19
    endloop
  endfacet
  facet normal 0 0 1
    outer loop
      vertex 70.5246 26.9564 3.19
      vertex 71.0497 27.4 3.19
      vertex 70.6428 28.009 3.19
    endloop
  endfacet
  facet normal 0 0 1
    outer loop
      vertex 71.0497 27.4 3.19
      vertex 70.5246 26.9564 3.19
      vertex 70.9 26.7713 3.19
    endloop
  endfacet
  facet normal 0 0 1
    outer loop
      vertex 69.6908 27.2785 3.19
      vertex 70.6428 28.009 3.19
      vertex 70.1598 28.5598 3.19
    endloop
  endfacet
  facet normal 0 0 1
    outer loop
      vertex 70.6428 28.009 3.19
      vertex 70.1282 27.091 3.19
      vertex 70.5246 26.9564 3.19
    endloop
  endfacet
  facet normal 0 0 1
    outer loop
      vertex 70.6428 28.009 3.19
      vertex 69.6908 27.2785 3.19
      vertex 70.1282 27.091 3.19
    endloop
  endfacet
  facet normal 0 0 1
    outer loop
      vertex 70.1282 27.091 3.19
      vertex 69.6908 27.2785 3.19
      vertex 69.7682 27.1626 3.19
    endloop
  endfacet
  facet normal 0 0 1
    outer loop
      vertex 69.3113 27.7113 3.19
      vertex 70.1598 28.5598 3.19
      vertex 69.6091 29.0428 3.19
    endloop
  endfacet
  facet normal 0 0 1
    outer loop
      vertex 70.1598 28.5598 3.19
      vertex 69.3113 27.7113 3.19
      vertex 69.6908 27.2785 3.19
    endloop
  endfacet
  facet normal 0 0 1
    outer loop
      vertex 68.8785 28.0907 3.19
      vertex 69.6091 29.0428 3.19
      vertex 69 29.4497 3.19
    endloop
  endfacet
  facet normal 0 0 1
    outer loop
      vertex 69.6091 29.0428 3.19
      vertex 68.8785 28.0907 3.19
      vertex 69.3113 27.7113 3.19
    endloop
  endfacet
  facet normal 0 0 1
    outer loop
      vertex 69 29.4497 3.19
      vertex 68.4 28.4105 3.19
      vertex 68.8785 28.0907 3.19
    endloop
  endfacet
  facet normal 0 0 1
    outer loop
      vertex 68.343 29.7737 3.19
      vertex 68.4 28.4105 3.19
      vertex 69 29.4497 3.19
    endloop
  endfacet
  facet normal 0 0 1
    outer loop
      vertex 68.343 29.7737 3.19
      vertex 67.8838 28.6651 3.19
      vertex 68.4 28.4105 3.19
    endloop
  endfacet
  facet normal 0 0 1
    outer loop
      vertex 67.6494 30.0092 3.19
      vertex 67.8838 28.6651 3.19
      vertex 68.343 29.7737 3.19
    endloop
  endfacet
  facet normal 0 0 1
    outer loop
      vertex 67.6494 30.0092 3.19
      vertex 67.3388 28.8501 3.19
      vertex 67.8838 28.6651 3.19
    endloop
  endfacet
  facet normal 0 0 1
    outer loop
      vertex 66.9309 30.1521 3.19
      vertex 67.3388 28.8501 3.19
      vertex 67.6494 30.0092 3.19
    endloop
  endfacet
  facet normal 0 0 1
    outer loop
      vertex 66.9309 30.1521 3.19
      vertex 66.7743 28.9623 3.19
      vertex 67.3388 28.8501 3.19
    endloop
  endfacet
  facet normal 0 0 1
    outer loop
      vertex 66.2 30.2 3.19
      vertex 66.7743 28.9623 3.19
      vertex 66.9309 30.1521 3.19
    endloop
  endfacet
  facet normal 0 0 1
    outer loop
      vertex 66.2 30.2 3.19
      vertex 66.2 29 3.19
      vertex 66.7743 28.9623 3.19
    endloop
  endfacet
  facet normal -0 0 1
    outer loop
      vertex -66.2 30.2 3.19
      vertex 66.2 29 3.19
      vertex 66.2 30.2 3.19
    endloop
  endfacet
  facet normal 0 0 1
    outer loop
      vertex -66.2 30.2 3.19
      vertex -66.2 29 3.19
      vertex 66.2 29 3.19
    endloop
  endfacet
  facet normal 0 0 1
    outer loop
      vertex -66.2 30.2 3.19
      vertex -66.7743 28.9623 3.19
      vertex -66.2 29 3.19
    endloop
  endfacet
  facet normal -0 0 1
    outer loop
      vertex -66.9309 30.1521 3.19
      vertex -66.7743 28.9623 3.19
      vertex -66.2 30.2 3.19
    endloop
  endfacet
  facet normal 0 0 1
    outer loop
      vertex -66.9309 30.1521 3.19
      vertex -67.3388 28.8501 3.19
      vertex -66.7743 28.9623 3.19
    endloop
  endfacet
  facet normal -0 0 1
    outer loop
      vertex -67.6494 30.0092 3.19
      vertex -67.3388 28.8501 3.19
      vertex -66.9309 30.1521 3.19
    endloop
  endfacet
  facet normal 0 0 1
    outer loop
      vertex -67.6494 30.0092 3.19
      vertex -67.8838 28.6651 3.19
      vertex -67.3388 28.8501 3.19
    endloop
  endfacet
  facet normal -0 0 1
    outer loop
      vertex -68.343 29.7737 3.19
      vertex -67.8838 28.6651 3.19
      vertex -67.6494 30.0092 3.19
    endloop
  endfacet
  facet normal 0 0 1
    outer loop
      vertex -68.343 29.7737 3.19
      vertex -68.4 28.4105 3.19
      vertex -67.8838 28.6651 3.19
    endloop
  endfacet
  facet normal -0 0 1
    outer loop
      vertex -69 29.4497 3.19
      vertex -68.4 28.4105 3.19
      vertex -68.343 29.7737 3.19
    endloop
  endfacet
  facet normal 0 0 1
    outer loop
      vertex -68.4 28.4105 3.19
      vertex -69 29.4497 3.19
      vertex -68.8785 28.0907 3.19
    endloop
  endfacet
  facet normal -0 0 1
    outer loop
      vertex -69.6091 29.0428 3.19
      vertex -68.8785 28.0907 3.19
      vertex -69 29.4497 3.19
    endloop
  endfacet
  facet normal 0 0 1
    outer loop
      vertex -68.8785 28.0907 3.19
      vertex -69.6091 29.0428 3.19
      vertex -69.3113 27.7113 3.19
    endloop
  endfacet
  facet normal -0 0 1
    outer loop
      vertex -70.1598 28.5598 3.19
      vertex -69.3113 27.7113 3.19
      vertex -69.6091 29.0428 3.19
    endloop
  endfacet
  facet normal 0 0 1
    outer loop
      vertex -69.3113 27.7113 3.19
      vertex -70.1598 28.5598 3.19
      vertex -69.6908 27.2785 3.19
    endloop
  endfacet
  facet normal -0 0 1
    outer loop
      vertex -70.6428 28.009 3.19
      vertex -69.6908 27.2785 3.19
      vertex -70.1598 28.5598 3.19
    endloop
  endfacet
  facet normal 0 -0 1
    outer loop
      vertex -70.1282 27.091 3.19
      vertex -69.6908 27.2785 3.19
      vertex -70.6428 28.009 3.19
    endloop
  endfacet
  facet normal 0 0 1
    outer loop
      vertex -69.6908 27.2785 3.19
      vertex -70.1282 27.091 3.19
      vertex -69.7682 27.1626 3.19
    endloop
  endfacet
  facet normal 0 0 1
    outer loop
      vertex -70.1282 27.091 3.19
      vertex -70.6428 28.009 3.19
      vertex -70.5246 26.9564 3.19
    endloop
  endfacet
  facet normal -0 0 1
    outer loop
      vertex -71.0497 27.4 3.19
      vertex -70.5246 26.9564 3.19
      vertex -70.6428 28.009 3.19
    endloop
  endfacet
  facet normal 0 0 1
    outer loop
      vertex -70.5246 26.9564 3.19
      vertex -71.0497 27.4 3.19
      vertex -70.9 26.7713 3.19
    endloop
  endfacet
  facet normal 0 0 1
    outer loop
      vertex -71.3737 26.743 3.19
      vertex -70.9 26.7713 3.19
      vertex -71.0497 27.4 3.19
    endloop
  endfacet
  facet normal 0 0 1
    outer loop
      vertex -70.9 26.7713 3.19
      vertex -71.3737 26.743 3.19
      vertex -71.248 26.5387 3.19
    endloop
  endfacet
  facet normal 0 0 1
    outer loop
      vertex -71.248 26.5387 3.19
      vertex -71.3737 26.743 3.19
      vertex -71.5257 26.2952 3.19
    endloop
  endfacet
  facet normal -0 0 1
    outer loop
      vertex -66.2 -29 3.19
      vertex -6.87999 -30.2 3.19
      vertex -6.87999 -29 3.19
    endloop
  endfacet
  facet normal 0 0 1
    outer loop
      vertex -66.2 -29 3.19
      vertex -66.2 -30.2 3.19
      vertex -6.87999 -30.2 3.19
    endloop
  endfacet
  facet normal 0 0 1
    outer loop
      vertex -66.7743 -28.9623 3.19
      vertex -66.2 -30.2 3.19
      vertex -66.2 -29 3.19
    endloop
  endfacet
  facet normal 0 0 1
    outer loop
      vertex -66.7743 -28.9623 3.19
      vertex -66.9309 -30.1521 3.19
      vertex -66.2 -30.2 3.19
    endloop
  endfacet
  facet normal 0 0 1
    outer loop
      vertex -67.3388 -28.8501 3.19
      vertex -66.9309 -30.1521 3.19
      vertex -66.7743 -28.9623 3.19
    endloop
  endfacet
  facet normal 0 0 1
    outer loop
      vertex -67.3388 -28.8501 3.19
      vertex -67.6494 -30.0092 3.19
      vertex -66.9309 -30.1521 3.19
    endloop
  endfacet
  facet normal 0 0 1
    outer loop
      vertex -67.8838 -28.6651 3.19
      vertex -67.6494 -30.0092 3.19
      vertex -67.3388 -28.8501 3.19
    endloop
  endfacet
  facet normal 0 0 1
    outer loop
      vertex -67.8838 -28.6651 3.19
      vertex -68.343 -29.7737 3.19
      vertex -67.6494 -30.0092 3.19
    endloop
  endfacet
  facet normal 0 0 1
    outer loop
      vertex -68.4 -28.4105 3.19
      vertex -68.343 -29.7737 3.19
      vertex -67.8838 -28.6651 3.19
    endloop
  endfacet
  facet normal 0 0 1
    outer loop
      vertex -69 -29.4497 3.19
      vertex -68.4 -28.4105 3.19
      vertex -68.8785 -28.0907 3.19
    endloop
  endfacet
  facet normal 0 0 1
    outer loop
      vertex -68.4 -28.4105 3.19
      vertex -69 -29.4497 3.19
      vertex -68.343 -29.7737 3.19
    endloop
  endfacet
  facet normal 0 0 1
    outer loop
      vertex -69.6091 -29.0428 3.19
      vertex -68.8785 -28.0907 3.19
      vertex -69.3113 -27.7113 3.19
    endloop
  endfacet
  facet normal 0 0 1
    outer loop
      vertex -68.8785 -28.0907 3.19
      vertex -69.6091 -29.0428 3.19
      vertex -69 -29.4497 3.19
    endloop
  endfacet
  facet normal 0 0 1
    outer loop
      vertex -70.1598 -28.5598 3.19
      vertex -69.3113 -27.7113 3.19
      vertex -69.6908 -27.2785 3.19
    endloop
  endfacet
  facet normal 0 0 1
    outer loop
      vertex -70.1282 -27.091 3.19
      vertex -69.6908 -27.2785 3.19
      vertex -69.7682 -27.1626 3.19
    endloop
  endfacet
  facet normal 0 0 1
    outer loop
      vertex -69.6908 -27.2785 3.19
      vertex -70.1282 -27.091 3.19
      vertex -70.6428 -28.009 3.19
    endloop
  endfacet
  facet normal 0 0 1
    outer loop
      vertex -69.3113 -27.7113 3.19
      vertex -70.1598 -28.5598 3.19
      vertex -69.6091 -29.0428 3.19
    endloop
  endfacet
  facet normal 0 0 1
    outer loop
      vertex -70.6428 -28.009 3.19
      vertex -70.1282 -27.091 3.19
      vertex -70.5246 -26.9564 3.19
    endloop
  endfacet
  facet normal 0 0 1
    outer loop
      vertex -69.6908 -27.2785 3.19
      vertex -70.6428 -28.009 3.19
      vertex -70.1598 -28.5598 3.19
    endloop
  endfacet
  facet normal 0 0 1
    outer loop
      vertex -71.0497 -27.4 3.19
      vertex -70.5246 -26.9564 3.19
      vertex -70.9 -26.7713 3.19
    endloop
  endfacet
  facet normal 0 0 1
    outer loop
      vertex -70.5246 -26.9564 3.19
      vertex -71.0497 -27.4 3.19
      vertex -70.6428 -28.009 3.19
    endloop
  endfacet
  facet normal -0 0 1
    outer loop
      vertex -71.3737 -26.743 3.19
      vertex -70.9 -26.7713 3.19
      vertex -71.248 -26.5387 3.19
    endloop
  endfacet
  facet normal 0 0 1
    outer loop
      vertex -70.9 -26.7713 3.19
      vertex -71.3737 -26.743 3.19
      vertex -71.0497 -27.4 3.19
    endloop
  endfacet
  facet normal 0 -0 1
    outer loop
      vertex -71.3737 -26.743 3.19
      vertex -71.248 -26.5387 3.19
      vertex -71.5257 -26.2952 3.19
    endloop
  endfacet
  facet normal 0 0 1
    outer loop
      vertex -70.9 21.2287 3.19
      vertex -70.6 -21.0808 3.19
      vertex -70.6 21.0808 3.19
    endloop
  endfacet
  facet normal 0 0 1
    outer loop
      vertex -70.9 21.2287 3.19
      vertex -70.9 -21.2287 3.19
      vertex -70.6 -21.0808 3.19
    endloop
  endfacet
  facet normal 0 0 1
    outer loop
      vertex -71.248 21.4613 3.19
      vertex -70.9 -21.2287 3.19
      vertex -70.9 21.2287 3.19
    endloop
  endfacet
  facet normal 0 0 1
    outer loop
      vertex -71.248 21.4613 3.19
      vertex -71.248 -21.4613 3.19
      vertex -70.9 -21.2287 3.19
    endloop
  endfacet
  facet normal 0 0 1
    outer loop
      vertex -71.5627 21.7373 3.19
      vertex -71.248 -21.4613 3.19
      vertex -71.248 21.4613 3.19
    endloop
  endfacet
  facet normal 0 0 1
    outer loop
      vertex -71.5627 21.7373 3.19
      vertex -71.5627 -21.7373 3.19
      vertex -71.248 -21.4613 3.19
    endloop
  endfacet
  facet normal 0 0 1
    outer loop
      vertex -71.8 22.0078 3.19
      vertex -71.5627 -21.7373 3.19
      vertex -71.5627 21.7373 3.19
    endloop
  endfacet
  facet normal 0 0 1
    outer loop
      vertex -71.5627 -21.7373 3.19
      vertex -71.8 22.0078 3.19
      vertex -71.8 -22.0078 3.19
    endloop
  endfacet
  facet normal -0 0 1
    outer loop
      vertex 71.5627 21.7373 3.19
      vertex 71.8 -22.0078 3.19
      vertex 71.8 22.0078 3.19
    endloop
  endfacet
  facet normal 0 0 1
    outer loop
      vertex 71.5627 21.7373 3.19
      vertex 71.5627 -21.7373 3.19
      vertex 71.8 -22.0078 3.19
    endloop
  endfacet
  facet normal -0 0 1
    outer loop
      vertex 71.248 21.4613 3.19
      vertex 71.5627 -21.7373 3.19
      vertex 71.5627 21.7373 3.19
    endloop
  endfacet
  facet normal 0 0 1
    outer loop
      vertex 71.248 21.4613 3.19
      vertex 71.248 -21.4613 3.19
      vertex 71.5627 -21.7373 3.19
    endloop
  endfacet
  facet normal -0 0 1
    outer loop
      vertex 70.9 21.2287 3.19
      vertex 71.248 -21.4613 3.19
      vertex 71.248 21.4613 3.19
    endloop
  endfacet
  facet normal 0 0 1
    outer loop
      vertex 70.9 21.2287 3.19
      vertex 70.9 -21.2287 3.19
      vertex 71.248 -21.4613 3.19
    endloop
  endfacet
  facet normal -0 0 1
    outer loop
      vertex 70.6 21.0808 3.19
      vertex 70.9 -21.2287 3.19
      vertex 70.9 21.2287 3.19
    endloop
  endfacet
  facet normal 0 0 1
    outer loop
      vertex 70.9 -21.2287 3.19
      vertex 70.6 21.0808 3.19
      vertex 70.6 -21.0808 3.19
    endloop
  endfacet
  facet normal 0.195066 -0.98079 0
    outer loop
      vertex 66.9309 -30.1521 1.8
      vertex 67.6494 -30.0092 3.19
      vertex 66.9309 -30.1521 3.19
    endloop
  endfacet
  facet normal 0.195066 -0.98079 0
    outer loop
      vertex 67.6494 -30.0092 3.19
      vertex 66.9309 -30.1521 1.8
      vertex 67.6494 -30.0092 1.8
    endloop
  endfacet
  facet normal 0.321506 -0.946907 0
    outer loop
      vertex 67.6494 -30.0092 1.8
      vertex 68.343 -29.7737 3.19
      vertex 67.6494 -30.0092 3.19
    endloop
  endfacet
  facet normal 0.321506 -0.946907 0
    outer loop
      vertex 68.343 -29.7737 3.19
      vertex 67.6494 -30.0092 1.8
      vertex 68.343 -29.7737 1.8
    endloop
  endfacet
  facet normal 0.442292 -0.896871 0
    outer loop
      vertex 68.343 -29.7737 1.8
      vertex 69 -29.4497 3.19
      vertex 68.343 -29.7737 3.19
    endloop
  endfacet
  facet normal 0.442292 -0.896871 0
    outer loop
      vertex 69 -29.4497 3.19
      vertex 68.343 -29.7737 1.8
      vertex 69 -29.4497 1.8
    endloop
  endfacet
  facet normal 0.555488 -0.831525 0
    outer loop
      vertex 69 -29.4497 1.8
      vertex 69.6091 -29.0428 3.19
      vertex 69 -29.4497 3.19
    endloop
  endfacet
  facet normal 0.555488 -0.831525 0
    outer loop
      vertex 69.6091 -29.0428 3.19
      vertex 69 -29.4497 1.8
      vertex 69.6091 -29.0428 1.8
    endloop
  endfacet
  facet normal 0.659384 -0.751807 0
    outer loop
      vertex 69.6091 -29.0428 1.8
      vertex 70.1598 -28.5598 3.19
      vertex 69.6091 -29.0428 3.19
    endloop
  endfacet
  facet normal 0.659384 -0.751807 0
    outer loop
      vertex 70.1598 -28.5598 3.19
      vertex 69.6091 -29.0428 1.8
      vertex 70.1598 -28.5598 1.8
    endloop
  endfacet
  facet normal 0.751866 -0.659316 0
    outer loop
      vertex 70.1598 -28.5598 3.19
      vertex 70.6428 -28.009 1.8
      vertex 70.6428 -28.009 3.19
    endloop
  endfacet
  facet normal 0.751866 -0.659316 0
    outer loop
      vertex 70.6428 -28.009 1.8
      vertex 70.1598 -28.5598 3.19
      vertex 70.1598 -28.5598 1.8
    endloop
  endfacet
  facet normal 0.831483 -0.555551 0
    outer loop
      vertex 70.6428 -28.009 3.19
      vertex 71.0497 -27.4 1.8
      vertex 71.0497 -27.4 3.19
    endloop
  endfacet
  facet normal 0.831483 -0.555551 0
    outer loop
      vertex 71.0497 -27.4 1.8
      vertex 70.6428 -28.009 3.19
      vertex 70.6428 -28.009 1.8
    endloop
  endfacet
  facet normal 0.896871 -0.442292 0
    outer loop
      vertex 71.0497 -27.4 3.19
      vertex 71.3737 -26.743 1.8
      vertex 71.3737 -26.743 3.19
    endloop
  endfacet
  facet normal 0.896871 -0.442292 0
    outer loop
      vertex 71.3737 -26.743 1.8
      vertex 71.0497 -27.4 3.19
      vertex 71.0497 -27.4 1.8
    endloop
  endfacet
  facet normal 0.896871 0.442292 0
    outer loop
      vertex 71.3737 26.743 3.19
      vertex 71.0497 27.4 1.8
      vertex 71.0497 27.4 3.19
    endloop
  endfacet
  facet normal 0.896871 0.442292 0
    outer loop
      vertex 71.0497 27.4 1.8
      vertex 71.3737 26.743 3.19
      vertex 71.3737 26.743 1.8
    endloop
  endfacet
  facet normal 0.831483 0.555551 0
    outer loop
      vertex 71.0497 27.4 3.19
      vertex 70.6428 28.009 1.8
      vertex 70.6428 28.009 3.19
    endloop
  endfacet
  facet normal 0.831483 0.555551 0
    outer loop
      vertex 70.6428 28.009 1.8
      vertex 71.0497 27.4 3.19
      vertex 71.0497 27.4 1.8
    endloop
  endfacet
  facet normal 0.751866 0.659316 0
    outer loop
      vertex 70.6428 28.009 3.19
      vertex 70.1598 28.5598 1.8
      vertex 70.1598 28.5598 3.19
    endloop
  endfacet
  facet normal 0.751866 0.659316 0
    outer loop
      vertex 70.1598 28.5598 1.8
      vertex 70.6428 28.009 3.19
      vertex 70.6428 28.009 1.8
    endloop
  endfacet
  facet normal 0.659384 0.751807 -0
    outer loop
      vertex 70.1598 28.5598 1.8
      vertex 69.6091 29.0428 3.19
      vertex 70.1598 28.5598 3.19
    endloop
  endfacet
  facet normal 0.659384 0.751807 0
    outer loop
      vertex 69.6091 29.0428 3.19
      vertex 70.1598 28.5598 1.8
      vertex 69.6091 29.0428 1.8
    endloop
  endfacet
  facet normal 0.555488 0.831525 -0
    outer loop
      vertex 69.6091 29.0428 1.8
      vertex 69 29.4497 3.19
      vertex 69.6091 29.0428 3.19
    endloop
  endfacet
  facet normal 0.555488 0.831525 0
    outer loop
      vertex 69 29.4497 3.19
      vertex 69.6091 29.0428 1.8
      vertex 69 29.4497 1.8
    endloop
  endfacet
  facet normal 0.442292 0.896871 -0
    outer loop
      vertex 69 29.4497 1.8
      vertex 68.343 29.7737 3.19
      vertex 69 29.4497 3.19
    endloop
  endfacet
  facet normal 0.442292 0.896871 0
    outer loop
      vertex 68.343 29.7737 3.19
      vertex 69 29.4497 1.8
      vertex 68.343 29.7737 1.8
    endloop
  endfacet
  facet normal 0.321506 0.946907 -0
    outer loop
      vertex 68.343 29.7737 1.8
      vertex 67.6494 30.0092 3.19
      vertex 68.343 29.7737 3.19
    endloop
  endfacet
  facet normal 0.321506 0.946907 0
    outer loop
      vertex 67.6494 30.0092 3.19
      vertex 68.343 29.7737 1.8
      vertex 67.6494 30.0092 1.8
    endloop
  endfacet
  facet normal 0.195066 0.98079 -0
    outer loop
      vertex 67.6494 30.0092 1.8
      vertex 66.9309 30.1521 3.19
      vertex 67.6494 30.0092 3.19
    endloop
  endfacet
  facet normal 0.195066 0.98079 0
    outer loop
      vertex 66.9309 30.1521 3.19
      vertex 67.6494 30.0092 1.8
      vertex 66.9309 30.1521 1.8
    endloop
  endfacet
  facet normal 0.0653954 0.997859 -0
    outer loop
      vertex 66.9309 30.1521 1.8
      vertex 66.2 30.2 3.19
      vertex 66.9309 30.1521 3.19
    endloop
  endfacet
  facet normal 0.0653954 0.997859 0
    outer loop
      vertex 66.2 30.2 3.19
      vertex 66.9309 30.1521 1.8
      vertex 66.2 30.2 1.8
    endloop
  endfacet
  facet normal 0 1 -0
    outer loop
      vertex 66.2 30.2 1.8
      vertex -66.2 30.2 3.19
      vertex 66.2 30.2 3.19
    endloop
  endfacet
  facet normal 0 1 0
    outer loop
      vertex -66.2 30.2 3.19
      vertex 66.2 30.2 1.8
      vertex -66.2 30.2 1.8
    endloop
  endfacet
  facet normal -0.0653954 0.997859 0
    outer loop
      vertex -66.2 30.2 1.8
      vertex -66.9309 30.1521 3.19
      vertex -66.2 30.2 3.19
    endloop
  endfacet
  facet normal -0.0653954 0.997859 0
    outer loop
      vertex -66.9309 30.1521 3.19
      vertex -66.2 30.2 1.8
      vertex -66.9309 30.1521 1.8
    endloop
  endfacet
  facet normal -0.195066 0.98079 0
    outer loop
      vertex -66.9309 30.1521 1.8
      vertex -67.6494 30.0092 3.19
      vertex -66.9309 30.1521 3.19
    endloop
  endfacet
  facet normal -0.195066 0.98079 0
    outer loop
      vertex -67.6494 30.0092 3.19
      vertex -66.9309 30.1521 1.8
      vertex -67.6494 30.0092 1.8
    endloop
  endfacet
  facet normal -0.321506 0.946907 0
    outer loop
      vertex -67.6494 30.0092 1.8
      vertex -68.343 29.7737 3.19
      vertex -67.6494 30.0092 3.19
    endloop
  endfacet
  facet normal -0.321506 0.946907 0
    outer loop
      vertex -68.343 29.7737 3.19
      vertex -67.6494 30.0092 1.8
      vertex -68.343 29.7737 1.8
    endloop
  endfacet
  facet normal -0.442292 0.896871 0
    outer loop
      vertex -68.343 29.7737 1.8
      vertex -69 29.4497 3.19
      vertex -68.343 29.7737 3.19
    endloop
  endfacet
  facet normal -0.442292 0.896871 0
    outer loop
      vertex -69 29.4497 3.19
      vertex -68.343 29.7737 1.8
      vertex -69 29.4497 1.8
    endloop
  endfacet
  facet normal -0.555488 0.831525 0
    outer loop
      vertex -69 29.4497 1.8
      vertex -69.6091 29.0428 3.19
      vertex -69 29.4497 3.19
    endloop
  endfacet
  facet normal -0.555488 0.831525 0
    outer loop
      vertex -69.6091 29.0428 3.19
      vertex -69 29.4497 1.8
      vertex -69.6091 29.0428 1.8
    endloop
  endfacet
  facet normal -0.659384 0.751807 0
    outer loop
      vertex -69.6091 29.0428 1.8
      vertex -70.1598 28.5598 3.19
      vertex -69.6091 29.0428 3.19
    endloop
  endfacet
  facet normal -0.659384 0.751807 0
    outer loop
      vertex -70.1598 28.5598 3.19
      vertex -69.6091 29.0428 1.8
      vertex -70.1598 28.5598 1.8
    endloop
  endfacet
  facet normal -0.751866 0.659316 0
    outer loop
      vertex -70.6428 28.009 1.8
      vertex -70.1598 28.5598 3.19
      vertex -70.1598 28.5598 1.8
    endloop
  endfacet
  facet normal -0.751866 0.659316 0
    outer loop
      vertex -70.1598 28.5598 3.19
      vertex -70.6428 28.009 1.8
      vertex -70.6428 28.009 3.19
    endloop
  endfacet
  facet normal -0.831483 0.555551 0
    outer loop
      vertex -71.0497 27.4 1.8
      vertex -70.6428 28.009 3.19
      vertex -70.6428 28.009 1.8
    endloop
  endfacet
  facet normal -0.831483 0.555551 0
    outer loop
      vertex -70.6428 28.009 3.19
      vertex -71.0497 27.4 1.8
      vertex -71.0497 27.4 3.19
    endloop
  endfacet
  facet normal -0.896871 0.442292 0
    outer loop
      vertex -71.3737 26.743 1.8
      vertex -71.0497 27.4 3.19
      vertex -71.0497 27.4 1.8
    endloop
  endfacet
  facet normal -0.896871 0.442292 0
    outer loop
      vertex -71.0497 27.4 3.19
      vertex -71.3737 26.743 1.8
      vertex -71.3737 26.743 3.19
    endloop
  endfacet
  facet normal -0.896871 -0.442292 0
    outer loop
      vertex -71.0497 -27.4 1.8
      vertex -71.3737 -26.743 3.19
      vertex -71.3737 -26.743 1.8
    endloop
  endfacet
  facet normal -0.896871 -0.442292 0
    outer loop
      vertex -71.3737 -26.743 3.19
      vertex -71.0497 -27.4 1.8
      vertex -71.0497 -27.4 3.19
    endloop
  endfacet
  facet normal -0.831483 -0.555551 0
    outer loop
      vertex -70.6428 -28.009 1.8
      vertex -71.0497 -27.4 3.19
      vertex -71.0497 -27.4 1.8
    endloop
  endfacet
  facet normal -0.831483 -0.555551 0
    outer loop
      vertex -71.0497 -27.4 3.19
      vertex -70.6428 -28.009 1.8
      vertex -70.6428 -28.009 3.19
    endloop
  endfacet
  facet normal -0.751866 -0.659316 0
    outer loop
      vertex -70.1598 -28.5598 1.8
      vertex -70.6428 -28.009 3.19
      vertex -70.6428 -28.009 1.8
    endloop
  endfacet
  facet normal -0.751866 -0.659316 0
    outer loop
      vertex -70.6428 -28.009 3.19
      vertex -70.1598 -28.5598 1.8
      vertex -70.1598 -28.5598 3.19
    endloop
  endfacet
  facet normal -0.659384 -0.751807 0
    outer loop
      vertex -70.1598 -28.5598 1.8
      vertex -69.6091 -29.0428 3.19
      vertex -70.1598 -28.5598 3.19
    endloop
  endfacet
  facet normal -0.659384 -0.751807 -0
    outer loop
      vertex -69.6091 -29.0428 3.19
      vertex -70.1598 -28.5598 1.8
      vertex -69.6091 -29.0428 1.8
    endloop
  endfacet
  facet normal -0.555488 -0.831525 0
    outer loop
      vertex -69.6091 -29.0428 1.8
      vertex -69 -29.4497 3.19
      vertex -69.6091 -29.0428 3.19
    endloop
  endfacet
  facet normal -0.555488 -0.831525 -0
    outer loop
      vertex -69 -29.4497 3.19
      vertex -69.6091 -29.0428 1.8
      vertex -69 -29.4497 1.8
    endloop
  endfacet
  facet normal -0.442292 -0.896871 0
    outer loop
      vertex -69 -29.4497 1.8
      vertex -68.343 -29.7737 3.19
      vertex -69 -29.4497 3.19
    endloop
  endfacet
  facet normal -0.442292 -0.896871 -0
    outer loop
      vertex -68.343 -29.7737 3.19
      vertex -69 -29.4497 1.8
      vertex -68.343 -29.7737 1.8
    endloop
  endfacet
  facet normal -0.321506 -0.946907 0
    outer loop
      vertex -68.343 -29.7737 1.8
      vertex -67.6494 -30.0092 3.19
      vertex -68.343 -29.7737 3.19
    endloop
  endfacet
  facet normal -0.321506 -0.946907 -0
    outer loop
      vertex -67.6494 -30.0092 3.19
      vertex -68.343 -29.7737 1.8
      vertex -67.6494 -30.0092 1.8
    endloop
  endfacet
  facet normal -0.195066 -0.98079 0
    outer loop
      vertex -67.6494 -30.0092 1.8
      vertex -66.9309 -30.1521 3.19
      vertex -67.6494 -30.0092 3.19
    endloop
  endfacet
  facet normal -0.195066 -0.98079 -0
    outer loop
      vertex -66.9309 -30.1521 3.19
      vertex -67.6494 -30.0092 1.8
      vertex -66.9309 -30.1521 1.8
    endloop
  endfacet
  facet normal -0.0653954 -0.997859 0
    outer loop
      vertex -66.9309 -30.1521 1.8
      vertex -66.2 -30.2 3.19
      vertex -66.9309 -30.1521 3.19
    endloop
  endfacet
  facet normal -0.0653954 -0.997859 -0
    outer loop
      vertex -66.2 -30.2 3.19
      vertex -66.9309 -30.1521 1.8
      vertex -66.2 -30.2 1.8
    endloop
  endfacet
  facet normal 0 -1 0
    outer loop
      vertex -66.2 -30.2 1.8
      vertex -6.87999 -30.2 3.19
      vertex -66.2 -30.2 3.19
    endloop
  endfacet
  facet normal 0 -1 -0
    outer loop
      vertex -6.87999 -30.2 3.19
      vertex -66.2 -30.2 1.8
      vertex -6.87999 -30.2 1.8
    endloop
  endfacet
  facet normal 1 -0 0
    outer loop
      vertex -6.87999 -30.2 3.19
      vertex -6.87999 -29 1.8
      vertex -6.87999 -29 3.19
    endloop
  endfacet
  facet normal 1 0 0
    outer loop
      vertex -6.87999 -29 1.8
      vertex -6.87999 -30.2 3.19
      vertex -6.87999 -30.2 1.8
    endloop
  endfacet
  facet normal 0 1 -0
    outer loop
      vertex -6.87999 -29 1.8
      vertex -66.2 -29 3.19
      vertex -6.87999 -29 3.19
    endloop
  endfacet
  facet normal 0 1 0
    outer loop
      vertex -66.2 -29 3.19
      vertex -6.87999 -29 1.8
      vertex -66.2 -29 1.8
    endloop
  endfacet
  facet normal 0.0655041 0.997852 -0
    outer loop
      vertex -66.2 -29 1.8
      vertex -66.7743 -28.9623 3.19
      vertex -66.2 -29 3.19
    endloop
  endfacet
  facet normal 0.0655041 0.997852 0
    outer loop
      vertex -66.7743 -28.9623 3.19
      vertex -66.2 -29 1.8
      vertex -66.7743 -28.9623 1.8
    endloop
  endfacet
  facet normal 0.194947 0.980814 -0
    outer loop
      vertex -66.7743 -28.9623 1.8
      vertex -67.3388 -28.8501 3.19
      vertex -66.7743 -28.9623 3.19
    endloop
  endfacet
  facet normal 0.194947 0.980814 0
    outer loop
      vertex -67.3388 -28.8501 3.19
      vertex -66.7743 -28.9623 1.8
      vertex -67.3388 -28.8501 1.8
    endloop
  endfacet
  facet normal 0.321435 0.946931 -0
    outer loop
      vertex -67.3388 -28.8501 1.8
      vertex -67.8838 -28.6651 3.19
      vertex -67.3388 -28.8501 3.19
    endloop
  endfacet
  facet normal 0.321435 0.946931 0
    outer loop
      vertex -67.8838 -28.6651 3.19
      vertex -67.3388 -28.8501 1.8
      vertex -67.8838 -28.6651 1.8
    endloop
  endfacet
  facet normal 0.442342 0.896846 -0
    outer loop
      vertex -67.8838 -28.6651 1.8
      vertex -68.4 -28.4105 3.19
      vertex -67.8838 -28.6651 3.19
    endloop
  endfacet
  facet normal 0.442342 0.896846 0
    outer loop
      vertex -68.4 -28.4105 3.19
      vertex -67.8838 -28.6651 1.8
      vertex -68.4 -28.4105 1.8
    endloop
  endfacet
  facet normal 0.555662 0.831408 -0
    outer loop
      vertex -68.4 -28.4105 1.8
      vertex -68.8785 -28.0907 3.19
      vertex -68.4 -28.4105 3.19
    endloop
  endfacet
  facet normal 0.555662 0.831408 0
    outer loop
      vertex -68.8785 -28.0907 3.19
      vertex -68.4 -28.4105 1.8
      vertex -68.8785 -28.0907 1.8
    endloop
  endfacet
  facet normal 0.659193 0.751974 -0
    outer loop
      vertex -68.8785 -28.0907 1.8
      vertex -69.3113 -27.7113 3.19
      vertex -68.8785 -28.0907 3.19
    endloop
  endfacet
  facet normal 0.659193 0.751974 0
    outer loop
      vertex -69.3113 -27.7113 3.19
      vertex -68.8785 -28.0907 1.8
      vertex -69.3113 -27.7113 1.8
    endloop
  endfacet
  facet normal 0.751888 0.659291 0
    outer loop
      vertex -69.3113 -27.7113 3.19
      vertex -69.6908 -27.2785 1.8
      vertex -69.6908 -27.2785 3.19
    endloop
  endfacet
  facet normal 0.751888 0.659291 0
    outer loop
      vertex -69.6908 -27.2785 1.8
      vertex -69.3113 -27.7113 3.19
      vertex -69.3113 -27.7113 1.8
    endloop
  endfacet
  facet normal 0.831608 0.555362 0
    outer loop
      vertex -69.6908 -27.2785 3.19
      vertex -69.7682 -27.1626 1.8
      vertex -69.7682 -27.1626 3.19
    endloop
  endfacet
  facet normal 0.831608 0.555362 0
    outer loop
      vertex -69.7682 -27.1626 1.8
      vertex -69.6908 -27.2785 3.19
      vertex -69.6908 -27.2785 1.8
    endloop
  endfacet
  facet normal 1 0 0
    outer loop
      vertex -70.6 21.0808 3.19
      vertex -70.6 20.9 2.2
      vertex -70.6 21.0808 2.2
    endloop
  endfacet
  facet normal 1 0 0
    outer loop
      vertex -70.6 20.9 2.2
      vertex -70.6 -20.9 2.2
      vertex -70.6 20.9 1.99
    endloop
  endfacet
  facet normal 1 0 0
    outer loop
      vertex -70.6 21.0808 3.19
      vertex -70.6 -20.9 2.2
      vertex -70.6 20.9 2.2
    endloop
  endfacet
  facet normal 1 -0 0
    outer loop
      vertex -70.6 -21.0808 3.19
      vertex -70.6 -20.9 2.2
      vertex -70.6 21.0808 3.19
    endloop
  endfacet
  facet normal 1 0 0
    outer loop
      vertex -70.6 -20.9 2.2
      vertex -70.6 -21.0808 3.19
      vertex -70.6 -21.0808 2.2
    endloop
  endfacet
  facet normal 1 -0 0
    outer loop
      vertex -70.6 20.9 1.99
      vertex -70.6 21.0808 1.8
      vertex -70.6 21.0808 1.99
    endloop
  endfacet
  facet normal 1 0 0
    outer loop
      vertex -70.6 -20.9 1.99
      vertex -70.6 20.9 1.99
      vertex -70.6 -20.9 2.2
    endloop
  endfacet
  facet normal 1 0 0
    outer loop
      vertex -70.6 20.9 1.99
      vertex -70.6 -20.9 1.99
      vertex -70.6 21.0808 1.8
    endloop
  endfacet
  facet normal 1 0 0
    outer loop
      vertex -70.6 -21.0808 1.8
      vertex -70.6 -20.9 1.99
      vertex -70.6 -21.0808 1.99
    endloop
  endfacet
  facet normal 1 0 0
    outer loop
      vertex -70.6 -20.9 1.99
      vertex -70.6 -21.0808 1.8
      vertex -70.6 21.0808 1.8
    endloop
  endfacet
  facet normal 0.831608 -0.555362 0
    outer loop
      vertex -69.7682 27.1626 3.19
      vertex -69.6908 27.2785 1.8
      vertex -69.6908 27.2785 3.19
    endloop
  endfacet
  facet normal 0.831608 -0.555362 0
    outer loop
      vertex -69.6908 27.2785 1.8
      vertex -69.7682 27.1626 3.19
      vertex -69.7682 27.1626 1.8
    endloop
  endfacet
  facet normal 0.751888 -0.659291 0
    outer loop
      vertex -69.6908 27.2785 3.19
      vertex -69.3113 27.7113 1.8
      vertex -69.3113 27.7113 3.19
    endloop
  endfacet
  facet normal 0.751888 -0.659291 0
    outer loop
      vertex -69.3113 27.7113 1.8
      vertex -69.6908 27.2785 3.19
      vertex -69.6908 27.2785 1.8
    endloop
  endfacet
  facet normal 0.659193 -0.751974 0
    outer loop
      vertex -69.3113 27.7113 1.8
      vertex -68.8785 28.0907 3.19
      vertex -69.3113 27.7113 3.19
    endloop
  endfacet
  facet normal 0.659193 -0.751974 0
    outer loop
      vertex -68.8785 28.0907 3.19
      vertex -69.3113 27.7113 1.8
      vertex -68.8785 28.0907 1.8
    endloop
  endfacet
  facet normal 0.555662 -0.831408 0
    outer loop
      vertex -68.8785 28.0907 1.8
      vertex -68.4 28.4105 3.19
      vertex -68.8785 28.0907 3.19
    endloop
  endfacet
  facet normal 0.555662 -0.831408 0
    outer loop
      vertex -68.4 28.4105 3.19
      vertex -68.8785 28.0907 1.8
      vertex -68.4 28.4105 1.8
    endloop
  endfacet
  facet normal 0.442342 -0.896846 0
    outer loop
      vertex -68.4 28.4105 1.8
      vertex -67.8838 28.6651 3.19
      vertex -68.4 28.4105 3.19
    endloop
  endfacet
  facet normal 0.442342 -0.896846 0
    outer loop
      vertex -67.8838 28.6651 3.19
      vertex -68.4 28.4105 1.8
      vertex -67.8838 28.6651 1.8
    endloop
  endfacet
  facet normal 0.321435 -0.946931 0
    outer loop
      vertex -67.8838 28.6651 1.8
      vertex -67.3388 28.8501 3.19
      vertex -67.8838 28.6651 3.19
    endloop
  endfacet
  facet normal 0.321435 -0.946931 0
    outer loop
      vertex -67.3388 28.8501 3.19
      vertex -67.8838 28.6651 1.8
      vertex -67.3388 28.8501 1.8
    endloop
  endfacet
  facet normal 0.194947 -0.980814 0
    outer loop
      vertex -67.3388 28.8501 1.8
      vertex -66.7743 28.9623 3.19
      vertex -67.3388 28.8501 3.19
    endloop
  endfacet
  facet normal 0.194947 -0.980814 0
    outer loop
      vertex -66.7743 28.9623 3.19
      vertex -67.3388 28.8501 1.8
      vertex -66.7743 28.9623 1.8
    endloop
  endfacet
  facet normal 0.0655041 -0.997852 0
    outer loop
      vertex -66.7743 28.9623 1.8
      vertex -66.2 29 3.19
      vertex -66.7743 28.9623 3.19
    endloop
  endfacet
  facet normal 0.0655041 -0.997852 0
    outer loop
      vertex -66.2 29 3.19
      vertex -66.7743 28.9623 1.8
      vertex -66.2 29 1.8
    endloop
  endfacet
  facet normal 0 -1 0
    outer loop
      vertex -66.2 29 1.8
      vertex 66.2 29 3.19
      vertex -66.2 29 3.19
    endloop
  endfacet
  facet normal 0 -1 -0
    outer loop
      vertex 66.2 29 3.19
      vertex -66.2 29 1.8
      vertex 66.2 29 1.8
    endloop
  endfacet
  facet normal -0.0655041 -0.997852 0
    outer loop
      vertex 66.2 29 1.8
      vertex 66.7743 28.9623 3.19
      vertex 66.2 29 3.19
    endloop
  endfacet
  facet normal -0.0655041 -0.997852 -0
    outer loop
      vertex 66.7743 28.9623 3.19
      vertex 66.2 29 1.8
      vertex 66.7743 28.9623 1.8
    endloop
  endfacet
  facet normal -0.194947 -0.980814 0
    outer loop
      vertex 66.7743 28.9623 1.8
      vertex 67.3388 28.8501 3.19
      vertex 66.7743 28.9623 3.19
    endloop
  endfacet
  facet normal -0.194947 -0.980814 -0
    outer loop
      vertex 67.3388 28.8501 3.19
      vertex 66.7743 28.9623 1.8
      vertex 67.3388 28.8501 1.8
    endloop
  endfacet
  facet normal -0.321435 -0.946931 0
    outer loop
      vertex 67.3388 28.8501 1.8
      vertex 67.8838 28.6651 3.19
      vertex 67.3388 28.8501 3.19
    endloop
  endfacet
  facet normal -0.321435 -0.946931 -0
    outer loop
      vertex 67.8838 28.6651 3.19
      vertex 67.3388 28.8501 1.8
      vertex 67.8838 28.6651 1.8
    endloop
  endfacet
  facet normal -0.442342 -0.896846 0
    outer loop
      vertex 67.8838 28.6651 1.8
      vertex 68.4 28.4105 3.19
      vertex 67.8838 28.6651 3.19
    endloop
  endfacet
  facet normal -0.442342 -0.896846 -0
    outer loop
      vertex 68.4 28.4105 3.19
      vertex 67.8838 28.6651 1.8
      vertex 68.4 28.4105 1.8
    endloop
  endfacet
  facet normal -0.555662 -0.831408 0
    outer loop
      vertex 68.4 28.4105 1.8
      vertex 68.8785 28.0907 3.19
      vertex 68.4 28.4105 3.19
    endloop
  endfacet
  facet normal -0.555662 -0.831408 -0
    outer loop
      vertex 68.8785 28.0907 3.19
      vertex 68.4 28.4105 1.8
      vertex 68.8785 28.0907 1.8
    endloop
  endfacet
  facet normal -0.659193 -0.751974 0
    outer loop
      vertex 68.8785 28.0907 1.8
      vertex 69.3113 27.7113 3.19
      vertex 68.8785 28.0907 3.19
    endloop
  endfacet
  facet normal -0.659193 -0.751974 -0
    outer loop
      vertex 69.3113 27.7113 3.19
      vertex 68.8785 28.0907 1.8
      vertex 69.3113 27.7113 1.8
    endloop
  endfacet
  facet normal -0.751888 -0.659291 0
    outer loop
      vertex 69.6908 27.2785 1.8
      vertex 69.3113 27.7113 3.19
      vertex 69.3113 27.7113 1.8
    endloop
  endfacet
  facet normal -0.751888 -0.659291 0
    outer loop
      vertex 69.3113 27.7113 3.19
      vertex 69.6908 27.2785 1.8
      vertex 69.6908 27.2785 3.19
    endloop
  endfacet
  facet normal -0.831608 -0.555362 0
    outer loop
      vertex 69.7682 27.1626 1.8
      vertex 69.6908 27.2785 3.19
      vertex 69.6908 27.2785 1.8
    endloop
  endfacet
  facet normal -0.831608 -0.555362 0
    outer loop
      vertex 69.6908 27.2785 3.19
      vertex 69.7682 27.1626 1.8
      vertex 69.7682 27.1626 3.19
    endloop
  endfacet
  facet normal -1 0 0
    outer loop
      vertex 70.6 21.0808 1.8
      vertex 70.6 20.9 1.99
      vertex 70.6 21.0808 1.99
    endloop
  endfacet
  facet normal -1 0 0
    outer loop
      vertex 70.6 20.9 1.99
      vertex 70.6 -20.9 1.99
      vertex 70.6 20.9 2.2
    endloop
  endfacet
  facet normal -1 0 0
    outer loop
      vertex 70.6 21.0808 1.8
      vertex 70.6 -20.9 1.99
      vertex 70.6 20.9 1.99
    endloop
  endfacet
  facet normal -1 0 0
    outer loop
      vertex 70.6 -21.0808 1.8
      vertex 70.6 -20.9 1.99
      vertex 70.6 21.0808 1.8
    endloop
  endfacet
  facet normal -1 -0 0
    outer loop
      vertex 70.6 -20.9 1.99
      vertex 70.6 -21.0808 1.8
      vertex 70.6 -21.0808 1.99
    endloop
  endfacet
  facet normal -1 0 0
    outer loop
      vertex 70.6 20.9 2.2
      vertex 70.6 21.0808 3.19
      vertex 70.6 21.0808 2.2
    endloop
  endfacet
  facet normal -1 0 0
    outer loop
      vertex 70.6 -20.9 2.2
      vertex 70.6 20.9 2.2
      vertex 70.6 -20.9 1.99
    endloop
  endfacet
  facet normal -1 0 0
    outer loop
      vertex 70.6 20.9 2.2
      vertex 70.6 -20.9 2.2
      vertex 70.6 21.0808 3.19
    endloop
  endfacet
  facet normal -1 0 0
    outer loop
      vertex 70.6 -21.0808 3.19
      vertex 70.6 -20.9 2.2
      vertex 70.6 -21.0808 2.2
    endloop
  endfacet
  facet normal -1 0 0
    outer loop
      vertex 70.6 -20.9 2.2
      vertex 70.6 -21.0808 3.19
      vertex 70.6 21.0808 3.19
    endloop
  endfacet
  facet normal -0.831608 0.555362 0
    outer loop
      vertex 69.6908 -27.2785 1.8
      vertex 69.7682 -27.1626 3.19
      vertex 69.7682 -27.1626 1.8
    endloop
  endfacet
  facet normal -0.831608 0.555362 0
    outer loop
      vertex 69.7682 -27.1626 3.19
      vertex 69.6908 -27.2785 1.8
      vertex 69.6908 -27.2785 3.19
    endloop
  endfacet
  facet normal -0.751888 0.659291 0
    outer loop
      vertex 69.3113 -27.7113 1.8
      vertex 69.6908 -27.2785 3.19
      vertex 69.6908 -27.2785 1.8
    endloop
  endfacet
  facet normal -0.751888 0.659291 0
    outer loop
      vertex 69.6908 -27.2785 3.19
      vertex 69.3113 -27.7113 1.8
      vertex 69.3113 -27.7113 3.19
    endloop
  endfacet
  facet normal -0.659193 0.751974 0
    outer loop
      vertex 69.3113 -27.7113 1.8
      vertex 68.8785 -28.0907 3.19
      vertex 69.3113 -27.7113 3.19
    endloop
  endfacet
  facet normal -0.659193 0.751974 0
    outer loop
      vertex 68.8785 -28.0907 3.19
      vertex 69.3113 -27.7113 1.8
      vertex 68.8785 -28.0907 1.8
    endloop
  endfacet
  facet normal -0.555662 0.831408 0
    outer loop
      vertex 68.8785 -28.0907 1.8
      vertex 68.4 -28.4105 3.19
      vertex 68.8785 -28.0907 3.19
    endloop
  endfacet
  facet normal -0.555662 0.831408 0
    outer loop
      vertex 68.4 -28.4105 3.19
      vertex 68.8785 -28.0907 1.8
      vertex 68.4 -28.4105 1.8
    endloop
  endfacet
  facet normal -0.442342 0.896846 0
    outer loop
      vertex 68.4 -28.4105 1.8
      vertex 67.8838 -28.6651 3.19
      vertex 68.4 -28.4105 3.19
    endloop
  endfacet
  facet normal -0.442342 0.896846 0
    outer loop
      vertex 67.8838 -28.6651 3.19
      vertex 68.4 -28.4105 1.8
      vertex 67.8838 -28.6651 1.8
    endloop
  endfacet
  facet normal -0.321435 0.946931 0
    outer loop
      vertex 67.8838 -28.6651 1.8
      vertex 67.3388 -28.8501 3.19
      vertex 67.8838 -28.6651 3.19
    endloop
  endfacet
  facet normal -0.321435 0.946931 0
    outer loop
      vertex 67.3388 -28.8501 3.19
      vertex 67.8838 -28.6651 1.8
      vertex 67.3388 -28.8501 1.8
    endloop
  endfacet
  facet normal -0.194947 0.980814 0
    outer loop
      vertex 67.3388 -28.8501 1.8
      vertex 66.7743 -28.9623 3.19
      vertex 67.3388 -28.8501 3.19
    endloop
  endfacet
  facet normal -0.194947 0.980814 0
    outer loop
      vertex 66.7743 -28.9623 3.19
      vertex 67.3388 -28.8501 1.8
      vertex 66.7743 -28.9623 1.8
    endloop
  endfacet
  facet normal -0.0655041 0.997852 0
    outer loop
      vertex 66.7743 -28.9623 1.8
      vertex 66.2 -29 3.19
      vertex 66.7743 -28.9623 3.19
    endloop
  endfacet
  facet normal -0.0655041 0.997852 0
    outer loop
      vertex 66.2 -29 3.19
      vertex 66.7743 -28.9623 1.8
      vertex 66.2 -29 1.8
    endloop
  endfacet
  facet normal 0 1 -0
    outer loop
      vertex 66.2 -29 1.8
      vertex 6.51999 -29 3.19
      vertex 66.2 -29 3.19
    endloop
  endfacet
  facet normal 0 1 0
    outer loop
      vertex 6.51999 -29 3.19
      vertex 66.2 -29 1.8
      vertex 6.51999 -29 1.8
    endloop
  endfacet
  facet normal -1 0 0
    outer loop
      vertex 6.51999 -30.2 1.8
      vertex 6.51999 -29 3.19
      vertex 6.51999 -29 1.8
    endloop
  endfacet
  facet normal -1 -0 0
    outer loop
      vertex 6.51999 -29 3.19
      vertex 6.51999 -30.2 1.8
      vertex 6.51999 -30.2 3.19
    endloop
  endfacet
  facet normal 0 -1 0
    outer loop
      vertex 6.51999 -30.2 1.8
      vertex 66.2 -30.2 3.19
      vertex 6.51999 -30.2 3.19
    endloop
  endfacet
  facet normal 0 -1 -0
    outer loop
      vertex 66.2 -30.2 3.19
      vertex 6.51999 -30.2 1.8
      vertex 66.2 -30.2 1.8
    endloop
  endfacet
  facet normal 0.0653954 -0.997859 0
    outer loop
      vertex 66.2 -30.2 1.8
      vertex 66.9309 -30.1521 3.19
      vertex 66.2 -30.2 3.19
    endloop
  endfacet
  facet normal 0.0653954 -0.997859 0
    outer loop
      vertex 66.9309 -30.1521 3.19
      vertex 66.2 -30.2 1.8
      vertex 66.9309 -30.1521 1.8
    endloop
  endfacet
  facet normal 0 0 1
    outer loop
      vertex -30.1 26.5 3.79
      vertex -31.3 25.3 3.79
      vertex -30.1 19 3.79
    endloop
  endfacet
  facet normal -0 0 1
    outer loop
      vertex -37.6 26.5 3.79
      vertex -31.3 25.3 3.79
      vertex -30.1 26.5 3.79
    endloop
  endfacet
  facet normal 0 0 1
    outer loop
      vertex -31.3 25.3 3.79
      vertex -37.6 26.5 3.79
      vertex -37.6 25.3 3.79
    endloop
  endfacet
  facet normal 0 0 1
    outer loop
      vertex -30.1 19 3.79
      vertex -31.3 25.3 3.79
      vertex -31.3 19 3.79
    endloop
  endfacet
  facet normal 0 0 1
    outer loop
      vertex -59.6 26.5 3.79
      vertex -65.9 25.3 3.79
      vertex -59.6 25.3 3.79
    endloop
  endfacet
  facet normal -0 0 1
    outer loop
      vertex -67.1 26.5 3.79
      vertex -65.9 25.3 3.79
      vertex -59.6 26.5 3.79
    endloop
  endfacet
  facet normal 0 0 1
    outer loop
      vertex -67.1 19 3.79
      vertex -65.9 25.3 3.79
      vertex -67.1 26.5 3.79
    endloop
  endfacet
  facet normal 0 0 1
    outer loop
      vertex -65.9 25.3 3.79
      vertex -67.1 19 3.79
      vertex -65.9 19 3.79
    endloop
  endfacet
  facet normal 0 0 1
    outer loop
      vertex -65.9 -19 3.79
      vertex -67.1 -19 3.79
      vertex -65.9 -25.3 3.79
    endloop
  endfacet
  facet normal -0 0 1
    outer loop
      vertex -65.9 -25.3 3.79
      vertex -59.6 -26.5 3.79
      vertex -59.6 -25.3 3.79
    endloop
  endfacet
  facet normal 0 0 1
    outer loop
      vertex -65.9 -25.3 3.79
      vertex -67.1 -26.5 3.79
      vertex -59.6 -26.5 3.79
    endloop
  endfacet
  facet normal 0 0 1
    outer loop
      vertex -67.1 -26.5 3.79
      vertex -65.9 -25.3 3.79
      vertex -67.1 -19 3.79
    endloop
  endfacet
  facet normal 0 0 1
    outer loop
      vertex -31.3 -25.3 3.79
      vertex -30.1 -19 3.79
      vertex -31.3 -19 3.79
    endloop
  endfacet
  facet normal 0 0 1
    outer loop
      vertex -30.1 -19 3.79
      vertex -31.3 -25.3 3.79
      vertex -30.1 -26.5 3.79
    endloop
  endfacet
  facet normal 0 0 1
    outer loop
      vertex -37.6 -26.5 3.79
      vertex -31.3 -25.3 3.79
      vertex -37.6 -25.3 3.79
    endloop
  endfacet
  facet normal 0 0 1
    outer loop
      vertex -31.3 -25.3 3.79
      vertex -37.6 -26.5 3.79
      vertex -30.1 -26.5 3.79
    endloop
  endfacet
  facet normal 0 -1 0
    outer loop
      vertex -65.9 25.3 1.8
      vertex -59.6 25.3 3.79
      vertex -65.9 25.3 3.79
    endloop
  endfacet
  facet normal 0 -1 -0
    outer loop
      vertex -59.6 25.3 3.79
      vertex -65.9 25.3 1.8
      vertex -59.6 25.3 1.8
    endloop
  endfacet
  facet normal 1 -0 0
    outer loop
      vertex -59.6 25.3 3.79
      vertex -59.6 26.5 1.8
      vertex -59.6 26.5 3.79
    endloop
  endfacet
  facet normal 1 0 0
    outer loop
      vertex -59.6 26.5 1.8
      vertex -59.6 25.3 3.79
      vertex -59.6 25.3 1.8
    endloop
  endfacet
  facet normal 0 1 -0
    outer loop
      vertex -59.6 26.5 1.8
      vertex -67.1 26.5 3.79
      vertex -59.6 26.5 3.79
    endloop
  endfacet
  facet normal 0 1 0
    outer loop
      vertex -67.1 26.5 3.79
      vertex -59.6 26.5 1.8
      vertex -67.1 26.5 1.8
    endloop
  endfacet
  facet normal -1 0 0
    outer loop
      vertex -67.1 21.6822 1.8
      vertex -67.1 19 1.8
      vertex -67.1 21.6822 3.7
    endloop
  endfacet
  facet normal -1 0 0
    outer loop
      vertex -67.1 26.3178 3.7
      vertex -67.1 26.5 1.8
      vertex -67.1 26.3178 1.8
    endloop
  endfacet
  facet normal -1 0 0
    outer loop
      vertex -67.1 26.5 1.8
      vertex -67.1 26.3178 3.7
      vertex -67.1 26.5 3.79
    endloop
  endfacet
  facet normal -1 0 0
    outer loop
      vertex -67.1 21.6822 3.7
      vertex -67.1 26.5 3.79
      vertex -67.1 26.3178 3.7
    endloop
  endfacet
  facet normal -1 0 0
    outer loop
      vertex -67.1 21.6822 3.7
      vertex -67.1 19 3.79
      vertex -67.1 26.5 3.79
    endloop
  endfacet
  facet normal -1 0 0
    outer loop
      vertex -67.1 19 3.79
      vertex -67.1 21.6822 3.7
      vertex -67.1 19 1.8
    endloop
  endfacet
  facet normal 0 -1 0
    outer loop
      vertex -67.1 19 1.8
      vertex -65.9 19 3.79
      vertex -67.1 19 3.79
    endloop
  endfacet
  facet normal 0 -1 -0
    outer loop
      vertex -65.9 19 3.79
      vertex -67.1 19 1.8
      vertex -65.9 19 1.8
    endloop
  endfacet
  facet normal 1 -0 0
    outer loop
      vertex -65.9 19 3.79
      vertex -65.9 25.3 1.8
      vertex -65.9 25.3 3.79
    endloop
  endfacet
  facet normal 1 0 0
    outer loop
      vertex -65.9 25.3 1.8
      vertex -65.9 19 3.79
      vertex -65.9 19 1.8
    endloop
  endfacet
  facet normal 0 1 -0
    outer loop
      vertex -30.1 26.5 1.8
      vertex -37.6 26.5 3.79
      vertex -30.1 26.5 3.79
    endloop
  endfacet
  facet normal 0 1 0
    outer loop
      vertex -37.6 26.5 3.79
      vertex -30.1 26.5 1.8
      vertex -37.6 26.5 1.8
    endloop
  endfacet
  facet normal -1 0 0
    outer loop
      vertex -37.6 25.3 1.8
      vertex -37.6 26.5 3.79
      vertex -37.6 26.5 1.8
    endloop
  endfacet
  facet normal -1 -0 0
    outer loop
      vertex -37.6 26.5 3.79
      vertex -37.6 25.3 1.8
      vertex -37.6 25.3 3.79
    endloop
  endfacet
  facet normal 0 -1 0
    outer loop
      vertex -37.6 25.3 1.8
      vertex -31.3 25.3 3.79
      vertex -37.6 25.3 3.79
    endloop
  endfacet
  facet normal 0 -1 -0
    outer loop
      vertex -31.3 25.3 3.79
      vertex -37.6 25.3 1.8
      vertex -31.3 25.3 1.8
    endloop
  endfacet
  facet normal -1 0 0
    outer loop
      vertex -31.3 19 1.8
      vertex -31.3 25.3 3.79
      vertex -31.3 25.3 1.8
    endloop
  endfacet
  facet normal -1 -0 0
    outer loop
      vertex -31.3 25.3 3.79
      vertex -31.3 19 1.8
      vertex -31.3 19 3.79
    endloop
  endfacet
  facet normal 0 -1 0
    outer loop
      vertex -31.3 19 1.8
      vertex -30.1 19 3.79
      vertex -31.3 19 3.79
    endloop
  endfacet
  facet normal 0 -1 -0
    outer loop
      vertex -30.1 19 3.79
      vertex -31.3 19 1.8
      vertex -30.1 19 1.8
    endloop
  endfacet
  facet normal 1 -0 0
    outer loop
      vertex -30.1 19 3.79
      vertex -30.1 26.5 1.8
      vertex -30.1 26.5 3.79
    endloop
  endfacet
  facet normal 1 0 0
    outer loop
      vertex -30.1 26.5 1.8
      vertex -30.1 19 3.79
      vertex -30.1 19 1.8
    endloop
  endfacet
  facet normal 0 1 -0
    outer loop
      vertex -59.6 -25.3 1.8
      vertex -65.9 -25.3 3.79
      vertex -59.6 -25.3 3.79
    endloop
  endfacet
  facet normal 0 1 0
    outer loop
      vertex -65.9 -25.3 3.79
      vertex -59.6 -25.3 1.8
      vertex -65.9 -25.3 1.8
    endloop
  endfacet
  facet normal 1 -0 0
    outer loop
      vertex -65.9 -25.3 3.79
      vertex -65.9 -19 1.8
      vertex -65.9 -19 3.79
    endloop
  endfacet
  facet normal 1 0 0
    outer loop
      vertex -65.9 -19 1.8
      vertex -65.9 -25.3 3.79
      vertex -65.9 -25.3 1.8
    endloop
  endfacet
  facet normal 0 1 -0
    outer loop
      vertex -65.9 -19 1.8
      vertex -67.1 -19 3.79
      vertex -65.9 -19 3.79
    endloop
  endfacet
  facet normal 0 1 0
    outer loop
      vertex -67.1 -19 3.79
      vertex -65.9 -19 1.8
      vertex -67.1 -19 1.8
    endloop
  endfacet
  facet normal -1 0 0
    outer loop
      vertex -67.1 -26.3178 1.8
      vertex -67.1 -26.5 1.8
      vertex -67.1 -26.3178 3.7
    endloop
  endfacet
  facet normal -1 0 0
    outer loop
      vertex -67.1 -21.6822 3.7
      vertex -67.1 -19 1.8
      vertex -67.1 -21.6822 1.8
    endloop
  endfacet
  facet normal -1 0 0
    outer loop
      vertex -67.1 -19 1.8
      vertex -67.1 -21.6822 3.7
      vertex -67.1 -19 3.79
    endloop
  endfacet
  facet normal -1 0 0
    outer loop
      vertex -67.1 -26.5 3.79
      vertex -67.1 -21.6822 3.7
      vertex -67.1 -26.3178 3.7
    endloop
  endfacet
  facet normal -1 0 0
    outer loop
      vertex -67.1 -21.6822 3.7
      vertex -67.1 -26.5 3.79
      vertex -67.1 -19 3.79
    endloop
  endfacet
  facet normal -1 0 0
    outer loop
      vertex -67.1 -26.5 3.79
      vertex -67.1 -26.3178 3.7
      vertex -67.1 -26.5 1.8
    endloop
  endfacet
  facet normal 0 -1 0
    outer loop
      vertex -67.1 -26.5 1.8
      vertex -59.6 -26.5 3.79
      vertex -67.1 -26.5 3.79
    endloop
  endfacet
  facet normal 0 -1 -0
    outer loop
      vertex -59.6 -26.5 3.79
      vertex -67.1 -26.5 1.8
      vertex -59.6 -26.5 1.8
    endloop
  endfacet
  facet normal 1 -0 0
    outer loop
      vertex -59.6 -26.5 3.79
      vertex -59.6 -25.3 1.8
      vertex -59.6 -25.3 3.79
    endloop
  endfacet
  facet normal 1 0 0
    outer loop
      vertex -59.6 -25.3 1.8
      vertex -59.6 -26.5 3.79
      vertex -59.6 -26.5 1.8
    endloop
  endfacet
  facet normal 0 1 -0
    outer loop
      vertex -30.1 -19 1.8
      vertex -31.3 -19 3.79
      vertex -30.1 -19 3.79
    endloop
  endfacet
  facet normal 0 1 0
    outer loop
      vertex -31.3 -19 3.79
      vertex -30.1 -19 1.8
      vertex -31.3 -19 1.8
    endloop
  endfacet
  facet normal -1 0 0
    outer loop
      vertex -31.3 -25.3 1.8
      vertex -31.3 -19 3.79
      vertex -31.3 -19 1.8
    endloop
  endfacet
  facet normal -1 -0 0
    outer loop
      vertex -31.3 -19 3.79
      vertex -31.3 -25.3 1.8
      vertex -31.3 -25.3 3.79
    endloop
  endfacet
  facet normal 0 1 -0
    outer loop
      vertex -31.3 -25.3 1.8
      vertex -37.6 -25.3 3.79
      vertex -31.3 -25.3 3.79
    endloop
  endfacet
  facet normal 0 1 0
    outer loop
      vertex -37.6 -25.3 3.79
      vertex -31.3 -25.3 1.8
      vertex -37.6 -25.3 1.8
    endloop
  endfacet
  facet normal -1 0 0
    outer loop
      vertex -37.6 -26.5 1.8
      vertex -37.6 -25.3 3.79
      vertex -37.6 -25.3 1.8
    endloop
  endfacet
  facet normal -1 -0 0
    outer loop
      vertex -37.6 -25.3 3.79
      vertex -37.6 -26.5 1.8
      vertex -37.6 -26.5 3.79
    endloop
  endfacet
  facet normal 0 -1 0
    outer loop
      vertex -37.6 -26.5 1.8
      vertex -30.1 -26.5 3.79
      vertex -37.6 -26.5 3.79
    endloop
  endfacet
  facet normal 0 -1 -0
    outer loop
      vertex -30.1 -26.5 3.79
      vertex -37.6 -26.5 1.8
      vertex -30.1 -26.5 1.8
    endloop
  endfacet
  facet normal 1 -0 0
    outer loop
      vertex -30.1 -26.5 3.79
      vertex -30.1 -19 1.8
      vertex -30.1 -19 3.79
    endloop
  endfacet
  facet normal 1 0 0
    outer loop
      vertex -30.1 -19 1.8
      vertex -30.1 -26.5 3.79
      vertex -30.1 -26.5 1.8
    endloop
  endfacet
  facet normal -0.442176 0.896928 0
    outer loop
      vertex -67.75 -26.6847 6.86646e-07
      vertex -68.1137 -26.864 1.99
      vertex -67.75 -26.6847 1.99
    endloop
  endfacet
  facet normal -0.442176 0.896928 0
    outer loop
      vertex -68.1137 -26.864 1.99
      vertex -67.75 -26.6847 6.86646e-07
      vertex -68.1137 -26.864 6.86646e-07
    endloop
  endfacet
  facet normal -0.980789 -0.195073 0
    outer loop
      vertex -66.2265 -23.5954 6.86646e-07
      vertex -66.3056 -23.1977 2
      vertex -66.3056 -23.1977 6.86646e-07
    endloop
  endfacet
  facet normal -0.980789 -0.195073 0
    outer loop
      vertex -66.3056 -23.1977 2
      vertex -66.2265 -23.5954 6.86646e-07
      vertex -66.2265 -23.5954 2
    endloop
  endfacet
  facet normal -0.997862 -0.0653568 0
    outer loop
      vertex -66.2 -24 6.86646e-07
      vertex -66.2265 -23.5954 2
      vertex -66.2265 -23.5954 6.86646e-07
    endloop
  endfacet
  facet normal -0.997862 -0.0653568 0
    outer loop
      vertex -66.2265 -23.5954 2
      vertex -66.2 -24 6.86646e-07
      vertex -66.2 -24 2
    endloop
  endfacet
  facet normal -0.946893 -0.321549 0
    outer loop
      vertex -66.3056 -23.1977 6.86646e-07
      vertex -66.436 -22.8137 2
      vertex -66.436 -22.8137 6.86646e-07
    endloop
  endfacet
  facet normal -0.946893 -0.321549 0
    outer loop
      vertex -66.436 -22.8137 2
      vertex -66.3056 -23.1977 6.86646e-07
      vertex -66.3056 -23.1977 2
    endloop
  endfacet
  facet normal -0.751721 0.659482 0
    outer loop
      vertex -67.108 -26.192 6.86646e-07
      vertex -66.8406 -25.8872 2
      vertex -66.8406 -25.8872 6.86646e-07
    endloop
  endfacet
  facet normal -0.751721 0.659482 0
    outer loop
      vertex -66.8406 -25.8872 2
      vertex -67.108 -26.192 6.86646e-07
      vertex -67.108 -26.192 2
    endloop
  endfacet
  facet normal -0.321549 -0.946893 0
    outer loop
      vertex -68.4977 -21.0056 6.86646e-07
      vertex -68.1137 -21.136 1.99
      vertex -68.4977 -21.0056 1.99
    endloop
  endfacet
  facet normal -0.321549 -0.946893 -0
    outer loop
      vertex -68.1137 -21.136 1.99
      vertex -68.4977 -21.0056 6.86646e-07
      vertex -68.1137 -21.136 6.86646e-07
    endloop
  endfacet
  facet normal -0.555468 -0.831538 -0
    outer loop
      vertex -67.75 -21.3153 1.99
      vertex -67.75 -21.3153 6.86646e-07
      vertex -67.6 -21.4155 1.99
    endloop
  endfacet
  facet normal -0.555622 -0.831435 0
    outer loop
      vertex -67.6 -21.4155 1.99
      vertex -67.4128 -21.5406 2
      vertex -67.6 -21.4155 2
    endloop
  endfacet
  facet normal -0.555553 -0.831481 9.36771e-06
    outer loop
      vertex -67.4128 -21.5406 6.86646e-07
      vertex -67.6 -21.4155 1.99
      vertex -67.75 -21.3153 6.86646e-07
    endloop
  endfacet
  facet normal -0.555622 -0.831435 0
    outer loop
      vertex -67.6 -21.4155 1.99
      vertex -67.4128 -21.5406 6.86646e-07
      vertex -67.4128 -21.5406 2
    endloop
  endfacet
  facet normal -0.896928 0.442176 0
    outer loop
      vertex -66.6153 -25.55 6.86646e-07
      vertex -66.436 -25.1863 2
      vertex -66.436 -25.1863 6.86646e-07
    endloop
  endfacet
  facet normal -0.896928 0.442176 0
    outer loop
      vertex -66.436 -25.1863 2
      vertex -66.6153 -25.55 6.86646e-07
      vertex -66.6153 -25.55 2
    endloop
  endfacet
  facet normal -0.321549 0.946893 0
    outer loop
      vertex -68.1137 -26.864 6.86646e-07
      vertex -68.4977 -26.9944 1.99
      vertex -68.1137 -26.864 1.99
    endloop
  endfacet
  facet normal -0.321549 0.946893 0
    outer loop
      vertex -68.4977 -26.9944 1.99
      vertex -68.1137 -26.864 6.86646e-07
      vertex -68.4977 -26.9944 6.86646e-07
    endloop
  endfacet
  facet normal -0.896928 -0.442176 0
    outer loop
      vertex -66.436 -22.8137 6.86646e-07
      vertex -66.6153 -22.45 2
      vertex -66.6153 -22.45 6.86646e-07
    endloop
  endfacet
  facet normal -0.896928 -0.442176 0
    outer loop
      vertex -66.6153 -22.45 2
      vertex -66.436 -22.8137 6.86646e-07
      vertex -66.436 -22.8137 2
    endloop
  endfacet
  facet normal 0.195073 -0.980789 0
    outer loop
      vertex -70.1023 -21.0056 6.86646e-07
      vertex -69.7046 -20.9265 1.99
      vertex -70.1023 -21.0056 1.99
    endloop
  endfacet
  facet normal 0.195073 -0.980789 0
    outer loop
      vertex -69.7046 -20.9265 1.99
      vertex -70.1023 -21.0056 6.86646e-07
      vertex -69.7046 -20.9265 6.86646e-07
    endloop
  endfacet
  facet normal 0.0653568 0.997862 -0
    outer loop
      vertex -69.3 -27.1 6.86646e-07
      vertex -69.7046 -27.0735 1.99
      vertex -69.3 -27.1 1.99
    endloop
  endfacet
  facet normal 0.0653568 0.997862 0
    outer loop
      vertex -69.7046 -27.0735 1.99
      vertex -69.3 -27.1 6.86646e-07
      vertex -69.7046 -27.0735 6.86646e-07
    endloop
  endfacet
  facet normal 0.555622 -0.831435 0
    outer loop
      vertex -71.1872 -21.5406 2
      vertex -71 -21.4155 1.99
      vertex -71 -21.4155 2
    endloop
  endfacet
  facet normal 0.555622 -0.831435 0
    outer loop
      vertex -71.1872 -21.5406 6.86646e-07
      vertex -71 -21.4155 1.99
      vertex -71.1872 -21.5406 2
    endloop
  endfacet
  facet normal 0.555553 -0.831481 9.36771e-06
    outer loop
      vertex -70.85 -21.3153 6.86646e-07
      vertex -71 -21.4155 1.99
      vertex -71.1872 -21.5406 6.86646e-07
    endloop
  endfacet
  facet normal 0.555468 -0.831538 0
    outer loop
      vertex -71 -21.4155 1.99
      vertex -70.85 -21.3153 6.86646e-07
      vertex -70.85 -21.3153 1.99
    endloop
  endfacet
  facet normal 0.321549 0.946893 -0
    outer loop
      vertex -70.1023 -26.9944 6.86646e-07
      vertex -70.4863 -26.864 1.99
      vertex -70.1023 -26.9944 1.99
    endloop
  endfacet
  facet normal 0.321549 0.946893 0
    outer loop
      vertex -70.4863 -26.864 1.99
      vertex -70.1023 -26.9944 6.86646e-07
      vertex -70.4863 -26.864 6.86646e-07
    endloop
  endfacet
  facet normal -0.946893 0.321549 0
    outer loop
      vertex -66.436 -25.1863 6.86646e-07
      vertex -66.3056 -24.8023 2
      vertex -66.3056 -24.8023 6.86646e-07
    endloop
  endfacet
  facet normal -0.946893 0.321549 0
    outer loop
      vertex -66.3056 -24.8023 2
      vertex -66.436 -25.1863 6.86646e-07
      vertex -66.436 -25.1863 2
    endloop
  endfacet
  facet normal 0.831481 0.555553 0
    outer loop
      vertex -71.7594 -25.8872 1.8
      vertex -71.9847 -25.55 6.86646e-07
      vertex -71.9847 -25.55 1.8
    endloop
  endfacet
  facet normal 0.831481 0.555553 0
    outer loop
      vertex -71.9847 -25.55 6.86646e-07
      vertex -71.7594 -25.8872 1.8
      vertex -71.7594 -25.8872 6.86646e-07
    endloop
  endfacet
  facet normal 0.659482 0.751721 -0
    outer loop
      vertex -71.1872 -26.4594 6.86646e-07
      vertex -71.492 -26.192 2
      vertex -71.1872 -26.4594 2
    endloop
  endfacet
  facet normal 0.659482 0.751721 0
    outer loop
      vertex -71.492 -26.192 2
      vertex -71.1872 -26.4594 6.86646e-07
      vertex -71.492 -26.192 6.86646e-07
    endloop
  endfacet
  facet normal 0.659482 -0.751721 0
    outer loop
      vertex -71.492 -21.808 6.86646e-07
      vertex -71.1872 -21.5406 2
      vertex -71.492 -21.808 2
    endloop
  endfacet
  facet normal 0.659482 -0.751721 0
    outer loop
      vertex -71.1872 -21.5406 2
      vertex -71.492 -21.808 6.86646e-07
      vertex -71.1872 -21.5406 6.86646e-07
    endloop
  endfacet
  facet normal 0.946893 -0.321549 0
    outer loop
      vertex -72.2944 -23.1977 1.8
      vertex -72.164 -22.8137 6.86646e-07
      vertex -72.164 -22.8137 1.8
    endloop
  endfacet
  facet normal 0.946893 -0.321549 0
    outer loop
      vertex -72.164 -22.8137 6.86646e-07
      vertex -72.2944 -23.1977 1.8
      vertex -72.2944 -23.1977 6.86646e-07
    endloop
  endfacet
  facet normal 0.442176 -0.896928 0
    outer loop
      vertex -70.85 -21.3153 6.86646e-07
      vertex -70.4863 -21.136 1.99
      vertex -70.85 -21.3153 1.99
    endloop
  endfacet
  facet normal 0.442176 -0.896928 0
    outer loop
      vertex -70.4863 -21.136 1.99
      vertex -70.85 -21.3153 6.86646e-07
      vertex -70.4863 -21.136 6.86646e-07
    endloop
  endfacet
  facet normal 0.980789 -0.195073 0
    outer loop
      vertex -72.3735 -23.5954 1.8
      vertex -72.2944 -23.1977 6.86646e-07
      vertex -72.2944 -23.1977 1.8
    endloop
  endfacet
  facet normal 0.980789 -0.195073 0
    outer loop
      vertex -72.2944 -23.1977 6.86646e-07
      vertex -72.3735 -23.5954 1.8
      vertex -72.3735 -23.5954 6.86646e-07
    endloop
  endfacet
  facet normal 0.321549 -0.946893 0
    outer loop
      vertex -70.4863 -21.136 6.86646e-07
      vertex -70.1023 -21.0056 1.99
      vertex -70.4863 -21.136 1.99
    endloop
  endfacet
  facet normal 0.321549 -0.946893 0
    outer loop
      vertex -70.1023 -21.0056 1.99
      vertex -70.4863 -21.136 6.86646e-07
      vertex -70.1023 -21.0056 6.86646e-07
    endloop
  endfacet
  facet normal -0.659482 0.751721 0
    outer loop
      vertex -67.108 -26.192 6.86646e-07
      vertex -67.4128 -26.4594 2
      vertex -67.108 -26.192 2
    endloop
  endfacet
  facet normal -0.659482 0.751721 0
    outer loop
      vertex -67.4128 -26.4594 2
      vertex -67.108 -26.192 6.86646e-07
      vertex -67.4128 -26.4594 6.86646e-07
    endloop
  endfacet
  facet normal -0.0653568 -0.997862 0
    outer loop
      vertex -69.3 -20.9 6.86646e-07
      vertex -68.8954 -20.9265 1.99
      vertex -69.3 -20.9 1.99
    endloop
  endfacet
  facet normal -0.0653568 -0.997862 -0
    outer loop
      vertex -68.8954 -20.9265 1.99
      vertex -69.3 -20.9 6.86646e-07
      vertex -68.8954 -20.9265 6.86646e-07
    endloop
  endfacet
  facet normal -0.831481 -0.555553 0
    outer loop
      vertex -66.6153 -22.45 6.86646e-07
      vertex -66.8406 -22.1128 2
      vertex -66.8406 -22.1128 6.86646e-07
    endloop
  endfacet
  facet normal -0.831481 -0.555553 0
    outer loop
      vertex -66.8406 -22.1128 2
      vertex -66.6153 -22.45 6.86646e-07
      vertex -66.6153 -22.45 2
    endloop
  endfacet
  facet normal -0.195073 0.980789 0
    outer loop
      vertex -68.4977 -26.9944 6.86646e-07
      vertex -68.8954 -27.0735 1.99
      vertex -68.4977 -26.9944 1.99
    endloop
  endfacet
  facet normal -0.195073 0.980789 0
    outer loop
      vertex -68.8954 -27.0735 1.99
      vertex -68.4977 -26.9944 6.86646e-07
      vertex -68.8954 -27.0735 6.86646e-07
    endloop
  endfacet
  facet normal 0.980789 0.195073 0
    outer loop
      vertex -72.2944 -24.8023 1.8
      vertex -72.3735 -24.4046 6.86646e-07
      vertex -72.3735 -24.4046 1.8
    endloop
  endfacet
  facet normal 0.980789 0.195073 0
    outer loop
      vertex -72.3735 -24.4046 6.86646e-07
      vertex -72.2944 -24.8023 1.8
      vertex -72.2944 -24.8023 6.86646e-07
    endloop
  endfacet
  facet normal 0.751721 -0.659482 0
    outer loop
      vertex -71.7594 -22.1128 2
      vertex -71.492 -21.808 6.86646e-07
      vertex -71.492 -21.808 2
    endloop
  endfacet
  facet normal 0.751721 -0.659482 0
    outer loop
      vertex -71.492 -21.808 6.86646e-07
      vertex -71.7594 -22.1128 2
      vertex -71.7594 -22.1128 6.86646e-07
    endloop
  endfacet
  facet normal -0.659482 -0.751721 0
    outer loop
      vertex -67.4128 -21.5406 6.86646e-07
      vertex -67.108 -21.808 2
      vertex -67.4128 -21.5406 2
    endloop
  endfacet
  facet normal -0.659482 -0.751721 -0
    outer loop
      vertex -67.108 -21.808 2
      vertex -67.4128 -21.5406 6.86646e-07
      vertex -67.108 -21.808 6.86646e-07
    endloop
  endfacet
  facet normal -0.997862 0.0653568 0
    outer loop
      vertex -66.2265 -24.4046 6.86646e-07
      vertex -66.2 -24 2
      vertex -66.2 -24 6.86646e-07
    endloop
  endfacet
  facet normal -0.997862 0.0653568 0
    outer loop
      vertex -66.2 -24 2
      vertex -66.2265 -24.4046 6.86646e-07
      vertex -66.2265 -24.4046 2
    endloop
  endfacet
  facet normal -0.980789 0.195073 0
    outer loop
      vertex -66.3056 -24.8023 6.86646e-07
      vertex -66.2265 -24.4046 2
      vertex -66.2265 -24.4046 6.86646e-07
    endloop
  endfacet
  facet normal -0.980789 0.195073 0
    outer loop
      vertex -66.2265 -24.4046 2
      vertex -66.3056 -24.8023 6.86646e-07
      vertex -66.3056 -24.8023 2
    endloop
  endfacet
  facet normal -0.555622 0.831435 0
    outer loop
      vertex -67.4128 -26.4594 2
      vertex -67.6 -26.5845 1.99
      vertex -67.6 -26.5845 2
    endloop
  endfacet
  facet normal -0.555622 0.831435 0
    outer loop
      vertex -67.4128 -26.4594 6.86646e-07
      vertex -67.6 -26.5845 1.99
      vertex -67.4128 -26.4594 2
    endloop
  endfacet
  facet normal -0.555553 0.831481 9.36771e-06
    outer loop
      vertex -67.75 -26.6847 6.86646e-07
      vertex -67.6 -26.5845 1.99
      vertex -67.4128 -26.4594 6.86646e-07
    endloop
  endfacet
  facet normal -0.555468 0.831538 0
    outer loop
      vertex -67.6 -26.5845 1.99
      vertex -67.75 -26.6847 6.86646e-07
      vertex -67.75 -26.6847 1.99
    endloop
  endfacet
  facet normal -0.195073 -0.980789 0
    outer loop
      vertex -68.8954 -20.9265 6.86646e-07
      vertex -68.4977 -21.0056 1.99
      vertex -68.8954 -20.9265 1.99
    endloop
  endfacet
  facet normal -0.195073 -0.980789 -0
    outer loop
      vertex -68.4977 -21.0056 1.99
      vertex -68.8954 -20.9265 6.86646e-07
      vertex -68.4977 -21.0056 6.86646e-07
    endloop
  endfacet
  facet normal -0.751721 -0.659482 0
    outer loop
      vertex -66.8406 -22.1128 6.86646e-07
      vertex -67.108 -21.808 2
      vertex -67.108 -21.808 6.86646e-07
    endloop
  endfacet
  facet normal -0.751721 -0.659482 0
    outer loop
      vertex -67.108 -21.808 2
      vertex -66.8406 -22.1128 6.86646e-07
      vertex -66.8406 -22.1128 2
    endloop
  endfacet
  facet normal -0.442176 -0.896928 0
    outer loop
      vertex -68.1137 -21.136 6.86646e-07
      vertex -67.75 -21.3153 1.99
      vertex -68.1137 -21.136 1.99
    endloop
  endfacet
  facet normal -0.442176 -0.896928 -0
    outer loop
      vertex -67.75 -21.3153 1.99
      vertex -68.1137 -21.136 6.86646e-07
      vertex -67.75 -21.3153 6.86646e-07
    endloop
  endfacet
  facet normal 0.997862 0.0653568 0
    outer loop
      vertex -72.3735 -24.4046 1.8
      vertex -72.4 -24 6.86646e-07
      vertex -72.4 -24 1.8
    endloop
  endfacet
  facet normal 0.997862 0.0653568 0
    outer loop
      vertex -72.4 -24 6.86646e-07
      vertex -72.3735 -24.4046 1.8
      vertex -72.3735 -24.4046 6.86646e-07
    endloop
  endfacet
  facet normal -0.831481 0.555553 0
    outer loop
      vertex -66.8406 -25.8872 6.86646e-07
      vertex -66.6153 -25.55 2
      vertex -66.6153 -25.55 6.86646e-07
    endloop
  endfacet
  facet normal -0.831481 0.555553 0
    outer loop
      vertex -66.6153 -25.55 2
      vertex -66.8406 -25.8872 6.86646e-07
      vertex -66.8406 -25.8872 2
    endloop
  endfacet
  facet normal 0.751774 0.65942 0
    outer loop
      vertex -71.6041 -26.0642 2
      vertex -71.492 -26.192 2
      vertex -71.6041 -26.0642 1.8
    endloop
  endfacet
  facet normal 0.751682 0.659526 0
    outer loop
      vertex -71.6041 -26.0642 1.8
      vertex -71.7594 -25.8872 6.86646e-07
      vertex -71.7594 -25.8872 1.8
    endloop
  endfacet
  facet normal 0.751774 0.65942 -0
    outer loop
      vertex -71.492 -26.192 6.86646e-07
      vertex -71.6041 -26.0642 1.8
      vertex -71.492 -26.192 2
    endloop
  endfacet
  facet normal 0.751721 0.659482 -7.72766e-06
    outer loop
      vertex -71.6041 -26.0642 1.8
      vertex -71.492 -26.192 6.86646e-07
      vertex -71.7594 -25.8872 6.86646e-07
    endloop
  endfacet
  facet normal 0.997862 -0.0653568 0
    outer loop
      vertex -72.4 -24 1.8
      vertex -72.3735 -23.5954 6.86646e-07
      vertex -72.3735 -23.5954 1.8
    endloop
  endfacet
  facet normal 0.997862 -0.0653568 0
    outer loop
      vertex -72.3735 -23.5954 6.86646e-07
      vertex -72.4 -24 1.8
      vertex -72.4 -24 6.86646e-07
    endloop
  endfacet
  facet normal 0.442176 0.896928 -0
    outer loop
      vertex -70.4863 -26.864 6.86646e-07
      vertex -70.85 -26.6847 1.99
      vertex -70.4863 -26.864 1.99
    endloop
  endfacet
  facet normal 0.442176 0.896928 0
    outer loop
      vertex -70.85 -26.6847 1.99
      vertex -70.4863 -26.864 6.86646e-07
      vertex -70.85 -26.6847 6.86646e-07
    endloop
  endfacet
  facet normal 0.946893 0.321549 0
    outer loop
      vertex -72.164 -25.1863 1.8
      vertex -72.2944 -24.8023 6.86646e-07
      vertex -72.2944 -24.8023 1.8
    endloop
  endfacet
  facet normal 0.946893 0.321549 0
    outer loop
      vertex -72.2944 -24.8023 6.86646e-07
      vertex -72.164 -25.1863 1.8
      vertex -72.164 -25.1863 6.86646e-07
    endloop
  endfacet
  facet normal 0.195073 0.980789 -0
    outer loop
      vertex -69.7046 -27.0735 6.86646e-07
      vertex -70.1023 -26.9944 1.99
      vertex -69.7046 -27.0735 1.99
    endloop
  endfacet
  facet normal 0.195073 0.980789 0
    outer loop
      vertex -70.1023 -26.9944 1.99
      vertex -69.7046 -27.0735 6.86646e-07
      vertex -70.1023 -26.9944 6.86646e-07
    endloop
  endfacet
  facet normal -0.0653568 0.997862 0
    outer loop
      vertex -68.8954 -27.0735 6.86646e-07
      vertex -69.3 -27.1 1.99
      vertex -68.8954 -27.0735 1.99
    endloop
  endfacet
  facet normal -0.0653568 0.997862 0
    outer loop
      vertex -69.3 -27.1 1.99
      vertex -68.8954 -27.0735 6.86646e-07
      vertex -69.3 -27.1 6.86646e-07
    endloop
  endfacet
  facet normal 0.0653568 -0.997862 0
    outer loop
      vertex -69.7046 -20.9265 6.86646e-07
      vertex -69.3 -20.9 1.99
      vertex -69.7046 -20.9265 1.99
    endloop
  endfacet
  facet normal 0.0653568 -0.997862 0
    outer loop
      vertex -69.3 -20.9 1.99
      vertex -69.7046 -20.9265 6.86646e-07
      vertex -69.3 -20.9 6.86646e-07
    endloop
  endfacet
  facet normal 0.896928 0.442176 0
    outer loop
      vertex -71.9847 -25.55 1.8
      vertex -72.164 -25.1863 6.86646e-07
      vertex -72.164 -25.1863 1.8
    endloop
  endfacet
  facet normal 0.896928 0.442176 0
    outer loop
      vertex -72.164 -25.1863 6.86646e-07
      vertex -71.9847 -25.55 1.8
      vertex -71.9847 -25.55 6.86646e-07
    endloop
  endfacet
  facet normal 0.896928 -0.442176 0
    outer loop
      vertex -72.164 -22.8137 1.8
      vertex -71.9847 -22.45 6.86646e-07
      vertex -71.9847 -22.45 1.8
    endloop
  endfacet
  facet normal 0.896928 -0.442176 0
    outer loop
      vertex -71.9847 -22.45 6.86646e-07
      vertex -72.164 -22.8137 1.8
      vertex -72.164 -22.8137 6.86646e-07
    endloop
  endfacet
  facet normal 0.831629 -0.555331 0
    outer loop
      vertex -71.8 -22.1736 1.8
      vertex -71.7594 -22.1128 2
      vertex -71.8 -22.1736 2
    endloop
  endfacet
  facet normal 0.831629 -0.555331 0
    outer loop
      vertex -71.7594 -22.1128 2
      vertex -71.8 -22.1736 1.8
      vertex -71.7594 -22.1128 6.86646e-07
    endloop
  endfacet
  facet normal 0.831448 -0.555602 0
    outer loop
      vertex -71.9847 -22.45 6.86646e-07
      vertex -71.8 -22.1736 1.8
      vertex -71.9847 -22.45 1.8
    endloop
  endfacet
  facet normal 0.831481 -0.555553 -1.08497e-05
    outer loop
      vertex -71.8 -22.1736 1.8
      vertex -71.9847 -22.45 6.86646e-07
      vertex -71.7594 -22.1128 6.86646e-07
    endloop
  endfacet
  facet normal 0.555468 0.831538 0
    outer loop
      vertex -70.85 -26.6847 1.99
      vertex -70.85 -26.6847 6.86646e-07
      vertex -71 -26.5845 1.99
    endloop
  endfacet
  facet normal 0.555622 0.831435 -0
    outer loop
      vertex -71 -26.5845 1.99
      vertex -71.1872 -26.4594 2
      vertex -71 -26.5845 2
    endloop
  endfacet
  facet normal 0.555553 0.831481 9.36771e-06
    outer loop
      vertex -71.1872 -26.4594 6.86646e-07
      vertex -71 -26.5845 1.99
      vertex -70.85 -26.6847 6.86646e-07
    endloop
  endfacet
  facet normal 0.555622 0.831435 0
    outer loop
      vertex -71 -26.5845 1.99
      vertex -71.1872 -26.4594 6.86646e-07
      vertex -71.1872 -26.4594 2
    endloop
  endfacet
  facet normal 0 0 -1
    outer loop
      vertex -66.2265 -24.4046 2
      vertex -66.2265 -23.5954 2
      vertex -66.2 -24 2
    endloop
  endfacet
  facet normal 0 0 -1
    outer loop
      vertex -66.3056 -24.8023 2
      vertex -66.2265 -23.5954 2
      vertex -66.2265 -24.4046 2
    endloop
  endfacet
  facet normal 0 0 -1
    outer loop
      vertex -66.3056 -24.8023 2
      vertex -66.3056 -23.1977 2
      vertex -66.2265 -23.5954 2
    endloop
  endfacet
  facet normal 0 0 -1
    outer loop
      vertex -66.436 -25.1863 2
      vertex -66.3056 -23.1977 2
      vertex -66.3056 -24.8023 2
    endloop
  endfacet
  facet normal 0 0 -1
    outer loop
      vertex -66.436 -25.1863 2
      vertex -66.436 -22.8137 2
      vertex -66.3056 -23.1977 2
    endloop
  endfacet
  facet normal 0 0 -1
    outer loop
      vertex -66.6153 -25.55 2
      vertex -66.436 -22.8137 2
      vertex -66.436 -25.1863 2
    endloop
  endfacet
  facet normal 0 0 -1
    outer loop
      vertex -66.6153 -25.55 2
      vertex -66.6153 -22.45 2
      vertex -66.436 -22.8137 2
    endloop
  endfacet
  facet normal 0 0 -1
    outer loop
      vertex -66.8406 -25.8872 2
      vertex -66.6153 -22.45 2
      vertex -66.6153 -25.55 2
    endloop
  endfacet
  facet normal 0 0 -1
    outer loop
      vertex -66.8406 -25.8872 2
      vertex -66.8406 -22.1128 2
      vertex -66.6153 -22.45 2
    endloop
  endfacet
  facet normal 0 0 -1
    outer loop
      vertex -67.108 -26.192 2
      vertex -66.8406 -22.1128 2
      vertex -66.8406 -25.8872 2
    endloop
  endfacet
  facet normal 0 0 -1
    outer loop
      vertex -67.108 -26.192 2
      vertex -67.108 -21.808 2
      vertex -66.8406 -22.1128 2
    endloop
  endfacet
  facet normal 0 0 -1
    outer loop
      vertex -67.6 -26.5845 2
      vertex -67.108 -26.192 2
      vertex -67.4128 -26.4594 2
    endloop
  endfacet
  facet normal -0 0 -1
    outer loop
      vertex -67.108 -26.192 2
      vertex -67.6 -26.5845 2
      vertex -67.108 -21.808 2
    endloop
  endfacet
  facet normal 0 0 -1
    outer loop
      vertex -67.6 -21.4155 2
      vertex -67.108 -21.808 2
      vertex -67.6 -26.5845 2
    endloop
  endfacet
  facet normal 0 0 -1
    outer loop
      vertex -67.108 -21.808 2
      vertex -67.6 -21.4155 2
      vertex -67.4128 -21.5406 2
    endloop
  endfacet
  facet normal 0 0 -1
    outer loop
      vertex -71.7521 -25.3309 2
      vertex -71 -26.5845 2
      vertex -71.1872 -26.4594 2
    endloop
  endfacet
  facet normal 0 0 -1
    outer loop
      vertex -71 -26.5845 2
      vertex -71.8 -24.6 2
      vertex -71 -21.4155 2
    endloop
  endfacet
  facet normal 0 0 -1
    outer loop
      vertex -71.7521 -25.3309 2
      vertex -71.1872 -26.4594 2
      vertex -71.492 -26.192 2
    endloop
  endfacet
  facet normal 0 0 -1
    outer loop
      vertex -71 -21.4155 2
      vertex -71.8 -24.6 2
      vertex -71.1872 -21.5406 2
    endloop
  endfacet
  facet normal 0 0 -1
    outer loop
      vertex -71.6092 -26.0494 2
      vertex -71.492 -26.192 2
      vertex -71.6041 -26.0642 2
    endloop
  endfacet
  facet normal 0 0 -1
    outer loop
      vertex -71.492 -26.192 2
      vertex -71.6092 -26.0494 2
      vertex -71.7521 -25.3309 2
    endloop
  endfacet
  facet normal 0 0 -1
    outer loop
      vertex -71 -26.5845 2
      vertex -71.7521 -25.3309 2
      vertex -71.8 -24.6 2
    endloop
  endfacet
  facet normal 0 0 -1
    outer loop
      vertex -71.1872 -21.5406 2
      vertex -71.8 -24.6 2
      vertex -71.492 -21.808 2
    endloop
  endfacet
  facet normal 0 0 -1
    outer loop
      vertex -71.8 -22.1736 2
      vertex -71.492 -21.808 2
      vertex -71.8 -24.6 2
    endloop
  endfacet
  facet normal 0 0 -1
    outer loop
      vertex -71.492 -21.808 2
      vertex -71.8 -22.1736 2
      vertex -71.7594 -22.1128 2
    endloop
  endfacet
  facet normal -1 0 0
    outer loop
      vertex -67.6 -26.5845 1.99
      vertex -67.6 -26.7045 1.99
      vertex -67.6 -26.5845 2
    endloop
  endfacet
  facet normal -1 0 0
    outer loop
      vertex -67.6 -21.4155 2
      vertex -67.6 -21.2955 1.99
      vertex -67.6 -21.4155 1.99
    endloop
  endfacet
  facet normal -1 0 0
    outer loop
      vertex -67.6 -21.2955 1.99
      vertex -67.6 -21.4155 2
      vertex -67.6 -21.2955 2.2
    endloop
  endfacet
  facet normal -1 0 0
    outer loop
      vertex -67.6 -21.4155 2
      vertex -67.6 -22.3 2.2
      vertex -67.6 -21.2955 2.2
    endloop
  endfacet
  facet normal -1 0 0
    outer loop
      vertex -67.6 -22.3 2.2
      vertex -67.6 -24 2.4
      vertex -67.6 -22.3 2.4
    endloop
  endfacet
  facet normal -1 0 0
    outer loop
      vertex -67.6 -25.7 2.2
      vertex -67.6 -22.3 2.2
      vertex -67.6 -21.4155 2
    endloop
  endfacet
  facet normal -1 0 0
    outer loop
      vertex -67.6 -22.3 2.2
      vertex -67.6 -25.7 2.2
      vertex -67.6 -24 2.4
    endloop
  endfacet
  facet normal -1 0 0
    outer loop
      vertex -67.6 -26.5845 2
      vertex -67.6 -25.7 2.2
      vertex -67.6 -21.4155 2
    endloop
  endfacet
  facet normal -1 0 0
    outer loop
      vertex -67.6 -26.7045 2.2
      vertex -67.6 -26.5845 2
      vertex -67.6 -26.7045 1.99
    endloop
  endfacet
  facet normal -1 0 0
    outer loop
      vertex -67.6 -26.5845 2
      vertex -67.6 -26.7045 2.2
      vertex -67.6 -25.7 2.2
    endloop
  endfacet
  facet normal -1 -0 0
    outer loop
      vertex -67.6 -24 2.4
      vertex -67.6 -25.7 2.2
      vertex -67.6 -25.7 2.4
    endloop
  endfacet
  facet normal 0 0 -1
    outer loop
      vertex -67.6 -22.3 2.2
      vertex -67.7 -21.2287 2.2
      vertex -67.6 -21.2955 2.2
    endloop
  endfacet
  facet normal 0 0 -1
    outer loop
      vertex -67.6 -22.3 2.2
      vertex -68.0754 -21.0436 2.2
      vertex -67.7 -21.2287 2.2
    endloop
  endfacet
  facet normal 0 0 -1
    outer loop
      vertex -67.6 -22.3 2.2
      vertex -68.4718 -20.909 2.2
      vertex -68.0754 -21.0436 2.2
    endloop
  endfacet
  facet normal 0 0 -1
    outer loop
      vertex -67.6 -22.3 2.2
      vertex -68.5172 -20.9 2.2
      vertex -68.4718 -20.909 2.2
    endloop
  endfacet
  facet normal 0 0 -1
    outer loop
      vertex -67.6 -22.3 2.2
      vertex -70.0828 -20.9 2.2
      vertex -68.5172 -20.9 2.2
    endloop
  endfacet
  facet normal 0 0 -1
    outer loop
      vertex -71 -22.3 2.2
      vertex -70.0828 -20.9 2.2
      vertex -67.6 -22.3 2.2
    endloop
  endfacet
  facet normal 0 0 -1
    outer loop
      vertex -70.0828 -20.9 2.2
      vertex -71 -22.3 2.2
      vertex -70.1282 -20.909 2.2
    endloop
  endfacet
  facet normal 0 0 -1
    outer loop
      vertex -70.1282 -20.909 2.2
      vertex -71 -22.3 2.2
      vertex -70.5246 -21.0436 2.2
    endloop
  endfacet
  facet normal 0 0 -1
    outer loop
      vertex -70.5246 -21.0436 2.2
      vertex -71 -22.3 2.2
      vertex -70.6 -21.0808 2.2
    endloop
  endfacet
  facet normal 0 0 -1
    outer loop
      vertex -71 -20.9 2.2
      vertex -70.6 -21.0808 2.2
      vertex -71 -22.3 2.2
    endloop
  endfacet
  facet normal 0 0 -1
    outer loop
      vertex -70.6 -21.0808 2.2
      vertex -71 -20.9 2.2
      vertex -70.6 -20.9 2.2
    endloop
  endfacet
  facet normal 0 0 -1
    outer loop
      vertex -67.7 -26.7713 2.2
      vertex -67.6 -25.7 2.2
      vertex -67.6 -26.7045 2.2
    endloop
  endfacet
  facet normal 0 0 -1
    outer loop
      vertex -68.0754 -26.9564 2.2
      vertex -67.6 -25.7 2.2
      vertex -67.7 -26.7713 2.2
    endloop
  endfacet
  facet normal 0 0 -1
    outer loop
      vertex -68.4718 -27.091 2.2
      vertex -67.6 -25.7 2.2
      vertex -68.0754 -26.9564 2.2
    endloop
  endfacet
  facet normal 0 0 -1
    outer loop
      vertex -68.5172 -27.1 2.2
      vertex -67.6 -25.7 2.2
      vertex -68.4718 -27.091 2.2
    endloop
  endfacet
  facet normal 0 0 -1
    outer loop
      vertex -71 -25.7 2.2
      vertex -68.5172 -27.1 2.2
      vertex -71 -27.1 2.2
    endloop
  endfacet
  facet normal 0 0 -1
    outer loop
      vertex -68.5172 -27.1 2.2
      vertex -71 -25.7 2.2
      vertex -67.6 -25.7 2.2
    endloop
  endfacet
  facet normal 0 0 1
    outer loop
      vertex -67.75 -21.3153 1.99
      vertex -67.6 -21.2955 1.99
      vertex -67.7 -21.2287 1.99
    endloop
  endfacet
  facet normal 0 0 1
    outer loop
      vertex -67.6 -21.2955 1.99
      vertex -67.75 -21.3153 1.99
      vertex -67.6 -21.4155 1.99
    endloop
  endfacet
  facet normal 0 0 1
    outer loop
      vertex -68.0754 -21.0436 1.99
      vertex -67.75 -21.3153 1.99
      vertex -67.7 -21.2287 1.99
    endloop
  endfacet
  facet normal 0 0 1
    outer loop
      vertex -68.0754 -21.0436 1.99
      vertex -68.1137 -21.136 1.99
      vertex -67.75 -21.3153 1.99
    endloop
  endfacet
  facet normal 0 0 1
    outer loop
      vertex -68.4718 -20.909 1.99
      vertex -68.1137 -21.136 1.99
      vertex -68.0754 -21.0436 1.99
    endloop
  endfacet
  facet normal 0 0 1
    outer loop
      vertex -68.4718 -20.909 1.99
      vertex -68.4977 -21.0056 1.99
      vertex -68.1137 -21.136 1.99
    endloop
  endfacet
  facet normal 0 0 1
    outer loop
      vertex -68.5172 -20.9 1.99
      vertex -68.4977 -21.0056 1.99
      vertex -68.4718 -20.909 1.99
    endloop
  endfacet
  facet normal 0 0 1
    outer loop
      vertex -68.5172 -20.9 1.99
      vertex -68.8954 -20.9265 1.99
      vertex -68.4977 -21.0056 1.99
    endloop
  endfacet
  facet normal 0 -0 1
    outer loop
      vertex -68.8954 -20.9265 1.99
      vertex -68.5172 -20.9 1.99
      vertex -69.3 -20.9 1.99
    endloop
  endfacet
  facet normal -0 0 1
    outer loop
      vertex -67.75 -26.6847 1.99
      vertex -67.6 -26.7045 1.99
      vertex -67.6 -26.5845 1.99
    endloop
  endfacet
  facet normal 0 0 1
    outer loop
      vertex -67.6 -26.7045 1.99
      vertex -67.75 -26.6847 1.99
      vertex -67.7 -26.7713 1.99
    endloop
  endfacet
  facet normal 0 0 1
    outer loop
      vertex -67.75 -26.6847 1.99
      vertex -68.0754 -26.9564 1.99
      vertex -67.7 -26.7713 1.99
    endloop
  endfacet
  facet normal -0 0 1
    outer loop
      vertex -68.1137 -26.864 1.99
      vertex -68.0754 -26.9564 1.99
      vertex -67.75 -26.6847 1.99
    endloop
  endfacet
  facet normal 0 0 1
    outer loop
      vertex -68.1137 -26.864 1.99
      vertex -68.4718 -27.091 1.99
      vertex -68.0754 -26.9564 1.99
    endloop
  endfacet
  facet normal -0 0 1
    outer loop
      vertex -68.4977 -26.9944 1.99
      vertex -68.4718 -27.091 1.99
      vertex -68.1137 -26.864 1.99
    endloop
  endfacet
  facet normal 0 0 1
    outer loop
      vertex -68.4977 -26.9944 1.99
      vertex -68.5172 -27.1 1.99
      vertex -68.4718 -27.091 1.99
    endloop
  endfacet
  facet normal -0 0 1
    outer loop
      vertex -68.8954 -27.0735 1.99
      vertex -68.5172 -27.1 1.99
      vertex -68.4977 -26.9944 1.99
    endloop
  endfacet
  facet normal 0 0 1
    outer loop
      vertex -68.5172 -27.1 1.99
      vertex -68.8954 -27.0735 1.99
      vertex -69.3 -27.1 1.99
    endloop
  endfacet
  facet normal 0 0 1
    outer loop
      vertex -69.7046 -27.0735 1.99
      vertex -71 -27.1 1.99
      vertex -69.3 -27.1 1.99
    endloop
  endfacet
  facet normal 0 0 1
    outer loop
      vertex -70.1023 -26.9944 1.99
      vertex -71 -27.1 1.99
      vertex -69.7046 -27.0735 1.99
    endloop
  endfacet
  facet normal 0 0 1
    outer loop
      vertex -70.4863 -26.864 1.99
      vertex -71 -27.1 1.99
      vertex -70.1023 -26.9944 1.99
    endloop
  endfacet
  facet normal 0 0 1
    outer loop
      vertex -70.85 -26.6847 1.99
      vertex -71 -27.1 1.99
      vertex -70.4863 -26.864 1.99
    endloop
  endfacet
  facet normal 0 0 1
    outer loop
      vertex -71 -27.1 1.99
      vertex -70.85 -26.6847 1.99
      vertex -71 -26.5845 1.99
    endloop
  endfacet
  facet normal -0 0 1
    outer loop
      vertex -71 -20.9 1.99
      vertex -70.6 -21.0808 1.99
      vertex -70.6 -20.9 1.99
    endloop
  endfacet
  facet normal 0 0 1
    outer loop
      vertex -70.6 -21.0808 1.99
      vertex -71 -20.9 1.99
      vertex -70.85 -21.3153 1.99
    endloop
  endfacet
  facet normal 0 0 1
    outer loop
      vertex -70.85 -21.3153 1.99
      vertex -71 -20.9 1.99
      vertex -71 -21.4155 1.99
    endloop
  endfacet
  facet normal -0 0 1
    outer loop
      vertex -70.0828 -20.9 1.99
      vertex -69.7046 -20.9265 1.99
      vertex -69.3 -20.9 1.99
    endloop
  endfacet
  facet normal 0 0 1
    outer loop
      vertex -70.0828 -20.9 1.99
      vertex -70.1023 -21.0056 1.99
      vertex -69.7046 -20.9265 1.99
    endloop
  endfacet
  facet normal -0 0 1
    outer loop
      vertex -70.1282 -20.909 1.99
      vertex -70.1023 -21.0056 1.99
      vertex -70.0828 -20.9 1.99
    endloop
  endfacet
  facet normal 0 0 1
    outer loop
      vertex -70.1282 -20.909 1.99
      vertex -70.4863 -21.136 1.99
      vertex -70.1023 -21.0056 1.99
    endloop
  endfacet
  facet normal -0 0 1
    outer loop
      vertex -70.5246 -21.0436 1.99
      vertex -70.4863 -21.136 1.99
      vertex -70.1282 -20.909 1.99
    endloop
  endfacet
  facet normal -0 0 1
    outer loop
      vertex -70.6 -21.0808 1.99
      vertex -70.4863 -21.136 1.99
      vertex -70.5246 -21.0436 1.99
    endloop
  endfacet
  facet normal 0 0 1
    outer loop
      vertex -70.4863 -21.136 1.99
      vertex -70.6 -21.0808 1.99
      vertex -70.85 -21.3153 1.99
    endloop
  endfacet
  facet normal 1 0 0
    outer loop
      vertex -71 -22.3 2.4
      vertex -71 -24 2.4
      vertex -71 -22.3 2.2
    endloop
  endfacet
  facet normal 1 0 0
    outer loop
      vertex -71 -20.9 2.2
      vertex -71 -21.4155 2
      vertex -71 -20.9 1.99
    endloop
  endfacet
  facet normal 1 -0 0
    outer loop
      vertex -71 -22.3 2.2
      vertex -71 -21.4155 2
      vertex -71 -20.9 2.2
    endloop
  endfacet
  facet normal 1 0 0
    outer loop
      vertex -71 -25.7 2.2
      vertex -71 -22.3 2.2
      vertex -71 -24 2.4
    endloop
  endfacet
  facet normal 1 0 0
    outer loop
      vertex -71 -25.7 2.2
      vertex -71 -24 2.4
      vertex -71 -25.7 2.4
    endloop
  endfacet
  facet normal 1 0 0
    outer loop
      vertex -71 -22.3 2.2
      vertex -71 -25.7 2.2
      vertex -71 -21.4155 2
    endloop
  endfacet
  facet normal 1 0 0
    outer loop
      vertex -71 -25.7 2.2
      vertex -71 -26.5845 2
      vertex -71 -21.4155 2
    endloop
  endfacet
  facet normal 1 -0 0
    outer loop
      vertex -71 -27.1 2.2
      vertex -71 -26.5845 2
      vertex -71 -25.7 2.2
    endloop
  endfacet
  facet normal 1 0 0
    outer loop
      vertex -71 -27.1 1.99
      vertex -71 -26.5845 2
      vertex -71 -27.1 2.2
    endloop
  endfacet
  facet normal 1 0 0
    outer loop
      vertex -71 -26.5845 2
      vertex -71 -27.1 1.99
      vertex -71 -26.5845 1.99
    endloop
  endfacet
  facet normal 1 0 0
    outer loop
      vertex -71 -20.9 1.99
      vertex -71 -21.4155 2
      vertex -71 -21.4155 1.99
    endloop
  endfacet
  facet normal 0 -1 0
    outer loop
      vertex -71 -20.9 1.99
      vertex -70.6 -20.9 2.2
      vertex -71 -20.9 2.2
    endloop
  endfacet
  facet normal 0 -1 -0
    outer loop
      vertex -70.6 -20.9 2.2
      vertex -71 -20.9 1.99
      vertex -70.6 -20.9 1.99
    endloop
  endfacet
  facet normal 0 -1 0
    outer loop
      vertex -69.3 -20.9 1.99
      vertex -70.0828 -20.9 2.2
      vertex -70.0828 -20.9 1.99
    endloop
  endfacet
  facet normal 0 -1 0
    outer loop
      vertex -70.0828 -20.9 2.2
      vertex -69.3 -20.9 1.99
      vertex -68.5172 -20.9 2.2
    endloop
  endfacet
  facet normal 0 -1 -0
    outer loop
      vertex -68.5172 -20.9 2.2
      vertex -69.3 -20.9 1.99
      vertex -68.5172 -20.9 1.99
    endloop
  endfacet
  facet normal 0 1 0
    outer loop
      vertex -69.3 -27.1 1.99
      vertex -68.5172 -27.1 2.2
      vertex -68.5172 -27.1 1.99
    endloop
  endfacet
  facet normal 0 1 0
    outer loop
      vertex -68.5172 -27.1 2.2
      vertex -69.3 -27.1 1.99
      vertex -71 -27.1 2.2
    endloop
  endfacet
  facet normal 0 1 0
    outer loop
      vertex -71 -27.1 2.2
      vertex -69.3 -27.1 1.99
      vertex -71 -27.1 1.99
    endloop
  endfacet
  facet normal 0 0 -1
    outer loop
      vertex -69.5219 -22.3145 2.4
      vertex -71 -22.3 2.4
      vertex -69.3 -22.3 2.4
    endloop
  endfacet
  facet normal 0 0 -1
    outer loop
      vertex -69.74 -22.3579 2.4
      vertex -71 -22.3 2.4
      vertex -69.5219 -22.3145 2.4
    endloop
  endfacet
  facet normal 0 0 -1
    outer loop
      vertex -69.9506 -22.4294 2.4
      vertex -71 -22.3 2.4
      vertex -69.74 -22.3579 2.4
    endloop
  endfacet
  facet normal 0 0 -1
    outer loop
      vertex -70.15 -22.5278 2.4
      vertex -71 -22.3 2.4
      vertex -69.9506 -22.4294 2.4
    endloop
  endfacet
  facet normal 0 0 -1
    outer loop
      vertex -70.3349 -22.6513 2.4
      vertex -71 -22.3 2.4
      vertex -70.15 -22.5278 2.4
    endloop
  endfacet
  facet normal 0 0 -1
    outer loop
      vertex -70.5021 -22.7979 2.4
      vertex -71 -22.3 2.4
      vertex -70.3349 -22.6513 2.4
    endloop
  endfacet
  facet normal 0 0 -1
    outer loop
      vertex -70.6487 -22.9651 2.4
      vertex -71 -22.3 2.4
      vertex -70.5021 -22.7979 2.4
    endloop
  endfacet
  facet normal 0 0 -1
    outer loop
      vertex -70.7722 -23.15 2.4
      vertex -71 -22.3 2.4
      vertex -70.6487 -22.9651 2.4
    endloop
  endfacet
  facet normal 0 0 -1
    outer loop
      vertex -70.8706 -23.3494 2.4
      vertex -71 -22.3 2.4
      vertex -70.7722 -23.15 2.4
    endloop
  endfacet
  facet normal 0 0 -1
    outer loop
      vertex -70.9421 -23.56 2.4
      vertex -71 -22.3 2.4
      vertex -70.8706 -23.3494 2.4
    endloop
  endfacet
  facet normal 0 0 -1
    outer loop
      vertex -70.9855 -23.7781 2.4
      vertex -71 -22.3 2.4
      vertex -70.9421 -23.56 2.4
    endloop
  endfacet
  facet normal 0 0 -1
    outer loop
      vertex -71 -22.3 2.4
      vertex -70.9855 -23.7781 2.4
      vertex -71 -24 2.4
    endloop
  endfacet
  facet normal 0 0 -1
    outer loop
      vertex -67.6145 -23.7781 2.4
      vertex -67.6 -22.3 2.4
      vertex -67.6 -24 2.4
    endloop
  endfacet
  facet normal 0 0 -1
    outer loop
      vertex -67.6579 -23.56 2.4
      vertex -67.6 -22.3 2.4
      vertex -67.6145 -23.7781 2.4
    endloop
  endfacet
  facet normal 0 0 -1
    outer loop
      vertex -67.7294 -23.3494 2.4
      vertex -67.6 -22.3 2.4
      vertex -67.6579 -23.56 2.4
    endloop
  endfacet
  facet normal 0 0 -1
    outer loop
      vertex -67.8278 -23.15 2.4
      vertex -67.6 -22.3 2.4
      vertex -67.7294 -23.3494 2.4
    endloop
  endfacet
  facet normal 0 0 -1
    outer loop
      vertex -67.9513 -22.9651 2.4
      vertex -67.6 -22.3 2.4
      vertex -67.8278 -23.15 2.4
    endloop
  endfacet
  facet normal 0 0 -1
    outer loop
      vertex -68.0979 -22.7979 2.4
      vertex -67.6 -22.3 2.4
      vertex -67.9513 -22.9651 2.4
    endloop
  endfacet
  facet normal 0 0 -1
    outer loop
      vertex -68.2651 -22.6513 2.4
      vertex -67.6 -22.3 2.4
      vertex -68.0979 -22.7979 2.4
    endloop
  endfacet
  facet normal 0 0 -1
    outer loop
      vertex -68.45 -22.5278 2.4
      vertex -67.6 -22.3 2.4
      vertex -68.2651 -22.6513 2.4
    endloop
  endfacet
  facet normal 0 0 -1
    outer loop
      vertex -68.6494 -22.4294 2.4
      vertex -67.6 -22.3 2.4
      vertex -68.45 -22.5278 2.4
    endloop
  endfacet
  facet normal 0 0 -1
    outer loop
      vertex -68.86 -22.3579 2.4
      vertex -67.6 -22.3 2.4
      vertex -68.6494 -22.4294 2.4
    endloop
  endfacet
  facet normal 0 0 -1
    outer loop
      vertex -69.0781 -22.3145 2.4
      vertex -67.6 -22.3 2.4
      vertex -68.86 -22.3579 2.4
    endloop
  endfacet
  facet normal -0 0 -1
    outer loop
      vertex -67.6 -22.3 2.4
      vertex -69.0781 -22.3145 2.4
      vertex -69.3 -22.3 2.4
    endloop
  endfacet
  facet normal 0 0 -1
    outer loop
      vertex -71 -25.7 2.4
      vertex -69.5219 -25.6855 2.4
      vertex -69.3 -25.7 2.4
    endloop
  endfacet
  facet normal 0 0 -1
    outer loop
      vertex -71 -25.7 2.4
      vertex -69.74 -25.6421 2.4
      vertex -69.5219 -25.6855 2.4
    endloop
  endfacet
  facet normal 0 0 -1
    outer loop
      vertex -71 -25.7 2.4
      vertex -69.9506 -25.5706 2.4
      vertex -69.74 -25.6421 2.4
    endloop
  endfacet
  facet normal 0 0 -1
    outer loop
      vertex -71 -25.7 2.4
      vertex -70.15 -25.4722 2.4
      vertex -69.9506 -25.5706 2.4
    endloop
  endfacet
  facet normal 0 0 -1
    outer loop
      vertex -71 -25.7 2.4
      vertex -70.3349 -25.3487 2.4
      vertex -70.15 -25.4722 2.4
    endloop
  endfacet
  facet normal 0 0 -1
    outer loop
      vertex -71 -25.7 2.4
      vertex -70.5021 -25.2021 2.4
      vertex -70.3349 -25.3487 2.4
    endloop
  endfacet
  facet normal 0 0 -1
    outer loop
      vertex -71 -25.7 2.4
      vertex -70.6487 -25.0349 2.4
      vertex -70.5021 -25.2021 2.4
    endloop
  endfacet
  facet normal 0 0 -1
    outer loop
      vertex -71 -25.7 2.4
      vertex -70.7722 -24.85 2.4
      vertex -70.6487 -25.0349 2.4
    endloop
  endfacet
  facet normal 0 0 -1
    outer loop
      vertex -71 -25.7 2.4
      vertex -70.8706 -24.6506 2.4
      vertex -70.7722 -24.85 2.4
    endloop
  endfacet
  facet normal 0 0 -1
    outer loop
      vertex -71 -25.7 2.4
      vertex -70.9421 -24.44 2.4
      vertex -70.8706 -24.6506 2.4
    endloop
  endfacet
  facet normal 0 0 -1
    outer loop
      vertex -71 -25.7 2.4
      vertex -70.9855 -24.2219 2.4
      vertex -70.9421 -24.44 2.4
    endloop
  endfacet
  facet normal -0 0 -1
    outer loop
      vertex -70.9855 -24.2219 2.4
      vertex -71 -25.7 2.4
      vertex -71 -24 2.4
    endloop
  endfacet
  facet normal 0 0 -1
    outer loop
      vertex -67.6 -25.7 2.4
      vertex -67.6145 -24.2219 2.4
      vertex -67.6 -24 2.4
    endloop
  endfacet
  facet normal 0 0 -1
    outer loop
      vertex -67.6 -25.7 2.4
      vertex -67.6579 -24.44 2.4
      vertex -67.6145 -24.2219 2.4
    endloop
  endfacet
  facet normal 0 0 -1
    outer loop
      vertex -67.6 -25.7 2.4
      vertex -67.7294 -24.6506 2.4
      vertex -67.6579 -24.44 2.4
    endloop
  endfacet
  facet normal 0 0 -1
    outer loop
      vertex -67.6 -25.7 2.4
      vertex -67.8278 -24.85 2.4
      vertex -67.7294 -24.6506 2.4
    endloop
  endfacet
  facet normal 0 0 -1
    outer loop
      vertex -67.6 -25.7 2.4
      vertex -67.9513 -25.0349 2.4
      vertex -67.8278 -24.85 2.4
    endloop
  endfacet
  facet normal 0 0 -1
    outer loop
      vertex -67.6 -25.7 2.4
      vertex -68.0979 -25.2021 2.4
      vertex -67.9513 -25.0349 2.4
    endloop
  endfacet
  facet normal 0 0 -1
    outer loop
      vertex -67.6 -25.7 2.4
      vertex -68.2651 -25.3487 2.4
      vertex -68.0979 -25.2021 2.4
    endloop
  endfacet
  facet normal 0 0 -1
    outer loop
      vertex -67.6 -25.7 2.4
      vertex -68.45 -25.4722 2.4
      vertex -68.2651 -25.3487 2.4
    endloop
  endfacet
  facet normal 0 0 -1
    outer loop
      vertex -67.6 -25.7 2.4
      vertex -68.6494 -25.5706 2.4
      vertex -68.45 -25.4722 2.4
    endloop
  endfacet
  facet normal 0 0 -1
    outer loop
      vertex -67.6 -25.7 2.4
      vertex -68.86 -25.6421 2.4
      vertex -68.6494 -25.5706 2.4
    endloop
  endfacet
  facet normal 0 0 -1
    outer loop
      vertex -67.6 -25.7 2.4
      vertex -69.0781 -25.6855 2.4
      vertex -68.86 -25.6421 2.4
    endloop
  endfacet
  facet normal 0 -0 -1
    outer loop
      vertex -69.0781 -25.6855 2.4
      vertex -67.6 -25.7 2.4
      vertex -69.3 -25.7 2.4
    endloop
  endfacet
  facet normal 0 -1 0
    outer loop
      vertex -71 -22.3 2.2
      vertex -69.3 -22.3 2.4
      vertex -71 -22.3 2.4
    endloop
  endfacet
  facet normal 0 -1 0
    outer loop
      vertex -67.6 -22.3 2.2
      vertex -69.3 -22.3 2.4
      vertex -71 -22.3 2.2
    endloop
  endfacet
  facet normal 0 -1 0
    outer loop
      vertex -69.3 -22.3 2.4
      vertex -67.6 -22.3 2.2
      vertex -67.6 -22.3 2.4
    endloop
  endfacet
  facet normal 0 1 -0
    outer loop
      vertex -67.6 -25.7 2.2
      vertex -69.3 -25.7 2.4
      vertex -67.6 -25.7 2.4
    endloop
  endfacet
  facet normal 0 1 0
    outer loop
      vertex -71 -25.7 2.2
      vertex -69.3 -25.7 2.4
      vertex -67.6 -25.7 2.2
    endloop
  endfacet
  facet normal 0 1 0
    outer loop
      vertex -69.3 -25.7 2.4
      vertex -71 -25.7 2.2
      vertex -71 -25.7 2.4
    endloop
  endfacet
  facet normal -0.98077 -0.195165 0
    outer loop
      vertex -67.6145 -23.7781 2.4
      vertex -67.6579 -23.56 3.7
      vertex -67.6579 -23.56 2.4
    endloop
  endfacet
  facet normal -0.98077 -0.195165 0
    outer loop
      vertex -67.6579 -23.56 3.7
      vertex -67.6145 -23.7781 2.4
      vertex -67.6145 -23.7781 3.7
    endloop
  endfacet
  facet normal -0.997872 -0.0652057 0
    outer loop
      vertex -67.6 -24 2.4
      vertex -67.6145 -23.7781 3.7
      vertex -67.6145 -23.7781 2.4
    endloop
  endfacet
  facet normal -0.997872 -0.0652057 0
    outer loop
      vertex -67.6145 -23.7781 3.7
      vertex -67.6 -24 2.4
      vertex -67.6 -24 3.7
    endloop
  endfacet
  facet normal -0.0652057 0.997872 0
    outer loop
      vertex -69.0781 -25.6855 2.4
      vertex -69.3 -25.7 3.7
      vertex -69.0781 -25.6855 3.7
    endloop
  endfacet
  facet normal -0.0652057 0.997872 0
    outer loop
      vertex -69.3 -25.7 3.7
      vertex -69.0781 -25.6855 2.4
      vertex -69.3 -25.7 2.4
    endloop
  endfacet
  facet normal 0.659268 -0.751908 0
    outer loop
      vertex -70.5021 -22.7979 2.4
      vertex -70.3349 -22.6513 3.7
      vertex -70.5021 -22.7979 3.7
    endloop
  endfacet
  facet normal 0.659268 -0.751908 0
    outer loop
      vertex -70.3349 -22.6513 3.7
      vertex -70.5021 -22.7979 2.4
      vertex -70.3349 -22.6513 2.4
    endloop
  endfacet
  facet normal 0.831566 0.555426 0
    outer loop
      vertex -70.6487 -25.0349 3.7
      vertex -70.7722 -24.85 2.4
      vertex -70.7722 -24.85 3.7
    endloop
  endfacet
  facet normal 0.831566 0.555426 0
    outer loop
      vertex -70.7722 -24.85 2.4
      vertex -70.6487 -25.0349 3.7
      vertex -70.6487 -25.0349 2.4
    endloop
  endfacet
  facet normal 0.195165 0.98077 -0
    outer loop
      vertex -69.5219 -25.6855 2.4
      vertex -69.74 -25.6421 3.7
      vertex -69.5219 -25.6855 3.7
    endloop
  endfacet
  facet normal 0.195165 0.98077 0
    outer loop
      vertex -69.74 -25.6421 3.7
      vertex -69.5219 -25.6855 2.4
      vertex -69.74 -25.6421 2.4
    endloop
  endfacet
  facet normal -0.659268 -0.751908 0
    outer loop
      vertex -68.2651 -22.6513 2.4
      vertex -68.0979 -22.7979 3.7
      vertex -68.2651 -22.6513 3.7
    endloop
  endfacet
  facet normal -0.659268 -0.751908 -0
    outer loop
      vertex -68.0979 -22.7979 3.7
      vertex -68.2651 -22.6513 2.4
      vertex -68.0979 -22.7979 2.4
    endloop
  endfacet
  facet normal -0.946915 0.321484 0
    outer loop
      vertex -67.7294 -24.6506 2.4
      vertex -67.6579 -24.44 3.7
      vertex -67.6579 -24.44 2.4
    endloop
  endfacet
  facet normal -0.946915 0.321484 0
    outer loop
      vertex -67.6579 -24.44 3.7
      vertex -67.7294 -24.6506 2.4
      vertex -67.7294 -24.6506 3.7
    endloop
  endfacet
  facet normal -0.751908 0.659268 0
    outer loop
      vertex -68.0979 -25.2021 2.4
      vertex -67.9513 -25.0349 3.7
      vertex -67.9513 -25.0349 2.4
    endloop
  endfacet
  facet normal -0.751908 0.659268 0
    outer loop
      vertex -67.9513 -25.0349 3.7
      vertex -68.0979 -25.2021 2.4
      vertex -68.0979 -25.2021 3.7
    endloop
  endfacet
  facet normal -0.751908 -0.659268 0
    outer loop
      vertex -67.9513 -22.9651 2.4
      vertex -68.0979 -22.7979 3.7
      vertex -68.0979 -22.7979 2.4
    endloop
  endfacet
  facet normal -0.751908 -0.659268 0
    outer loop
      vertex -68.0979 -22.7979 3.7
      vertex -67.9513 -22.9651 2.4
      vertex -67.9513 -22.9651 3.7
    endloop
  endfacet
  facet normal 0.946915 0.321484 0
    outer loop
      vertex -70.8706 -24.6506 3.7
      vertex -70.9421 -24.44 2.4
      vertex -70.9421 -24.44 3.7
    endloop
  endfacet
  facet normal 0.946915 0.321484 0
    outer loop
      vertex -70.9421 -24.44 2.4
      vertex -70.8706 -24.6506 3.7
      vertex -70.8706 -24.6506 2.4
    endloop
  endfacet
  facet normal -0.321484 0.946915 0
    outer loop
      vertex -68.6494 -25.5706 2.4
      vertex -68.86 -25.6421 3.7
      vertex -68.6494 -25.5706 3.7
    endloop
  endfacet
  facet normal -0.321484 0.946915 0
    outer loop
      vertex -68.86 -25.6421 3.7
      vertex -68.6494 -25.5706 2.4
      vertex -68.86 -25.6421 2.4
    endloop
  endfacet
  facet normal 0.0652057 0.997872 -0
    outer loop
      vertex -69.3 -25.7 2.4
      vertex -69.5219 -25.6855 3.7
      vertex -69.3 -25.7 3.7
    endloop
  endfacet
  facet normal 0.0652057 0.997872 0
    outer loop
      vertex -69.5219 -25.6855 3.7
      vertex -69.3 -25.7 2.4
      vertex -69.5219 -25.6855 2.4
    endloop
  endfacet
  facet normal 0.321484 -0.946915 0
    outer loop
      vertex -69.9506 -22.4294 2.4
      vertex -69.74 -22.3579 3.7
      vertex -69.9506 -22.4294 3.7
    endloop
  endfacet
  facet normal 0.321484 -0.946915 0
    outer loop
      vertex -69.74 -22.3579 3.7
      vertex -69.9506 -22.4294 2.4
      vertex -69.74 -22.3579 2.4
    endloop
  endfacet
  facet normal -0.946915 -0.321484 0
    outer loop
      vertex -67.6579 -23.56 2.4
      vertex -67.7294 -23.3494 3.7
      vertex -67.7294 -23.3494 2.4
    endloop
  endfacet
  facet normal -0.946915 -0.321484 0
    outer loop
      vertex -67.7294 -23.3494 3.7
      vertex -67.6579 -23.56 2.4
      vertex -67.6579 -23.56 3.7
    endloop
  endfacet
  facet normal 0.751908 -0.659268 0
    outer loop
      vertex -70.6487 -22.9651 3.7
      vertex -70.5021 -22.7979 2.4
      vertex -70.5021 -22.7979 3.7
    endloop
  endfacet
  facet normal 0.751908 -0.659268 0
    outer loop
      vertex -70.5021 -22.7979 2.4
      vertex -70.6487 -22.9651 3.7
      vertex -70.6487 -22.9651 2.4
    endloop
  endfacet
  facet normal 0.44253 0.896754 -0
    outer loop
      vertex -69.9506 -25.5706 2.4
      vertex -70.15 -25.4722 3.7
      vertex -69.9506 -25.5706 3.7
    endloop
  endfacet
  facet normal 0.44253 0.896754 0
    outer loop
      vertex -70.15 -25.4722 3.7
      vertex -69.9506 -25.5706 2.4
      vertex -70.15 -25.4722 2.4
    endloop
  endfacet
  facet normal 0.0652057 -0.997872 0
    outer loop
      vertex -69.5219 -22.3145 2.4
      vertex -69.3 -22.3 3.7
      vertex -69.5219 -22.3145 3.7
    endloop
  endfacet
  facet normal 0.0652057 -0.997872 0
    outer loop
      vertex -69.3 -22.3 3.7
      vertex -69.5219 -22.3145 2.4
      vertex -69.3 -22.3 2.4
    endloop
  endfacet
  facet normal -0.896754 0.44253 0
    outer loop
      vertex -67.8278 -24.85 2.4
      vertex -67.7294 -24.6506 3.7
      vertex -67.7294 -24.6506 2.4
    endloop
  endfacet
  facet normal -0.896754 0.44253 0
    outer loop
      vertex -67.7294 -24.6506 3.7
      vertex -67.8278 -24.85 2.4
      vertex -67.8278 -24.85 3.7
    endloop
  endfacet
  facet normal -0.555426 0.831566 0
    outer loop
      vertex -68.2651 -25.3487 2.4
      vertex -68.45 -25.4722 3.7
      vertex -68.2651 -25.3487 3.7
    endloop
  endfacet
  facet normal -0.555426 0.831566 0
    outer loop
      vertex -68.45 -25.4722 3.7
      vertex -68.2651 -25.3487 2.4
      vertex -68.45 -25.4722 2.4
    endloop
  endfacet
  facet normal 0.98077 0.195165 0
    outer loop
      vertex -70.9421 -24.44 3.7
      vertex -70.9855 -24.2219 2.4
      vertex -70.9855 -24.2219 3.7
    endloop
  endfacet
  facet normal 0.98077 0.195165 0
    outer loop
      vertex -70.9855 -24.2219 2.4
      vertex -70.9421 -24.44 3.7
      vertex -70.9421 -24.44 2.4
    endloop
  endfacet
  facet normal -0.195165 -0.98077 0
    outer loop
      vertex -69.0781 -22.3145 2.4
      vertex -68.86 -22.3579 3.7
      vertex -69.0781 -22.3145 3.7
    endloop
  endfacet
  facet normal -0.195165 -0.98077 -0
    outer loop
      vertex -68.86 -22.3579 3.7
      vertex -69.0781 -22.3145 2.4
      vertex -68.86 -22.3579 2.4
    endloop
  endfacet
  facet normal -0.831566 -0.555426 0
    outer loop
      vertex -67.8278 -23.15 2.4
      vertex -67.9513 -22.9651 3.7
      vertex -67.9513 -22.9651 2.4
    endloop
  endfacet
  facet normal -0.831566 -0.555426 0
    outer loop
      vertex -67.9513 -22.9651 3.7
      vertex -67.8278 -23.15 2.4
      vertex -67.8278 -23.15 3.7
    endloop
  endfacet
  facet normal -0.997872 0.0652057 0
    outer loop
      vertex -67.6145 -24.2219 2.4
      vertex -67.6 -24 3.7
      vertex -67.6 -24 2.4
    endloop
  endfacet
  facet normal -0.997872 0.0652057 0
    outer loop
      vertex -67.6 -24 3.7
      vertex -67.6145 -24.2219 2.4
      vertex -67.6145 -24.2219 3.7
    endloop
  endfacet
  facet normal -0.321484 -0.946915 0
    outer loop
      vertex -68.86 -22.3579 2.4
      vertex -68.6494 -22.4294 3.7
      vertex -68.86 -22.3579 3.7
    endloop
  endfacet
  facet normal -0.321484 -0.946915 -0
    outer loop
      vertex -68.6494 -22.4294 3.7
      vertex -68.86 -22.3579 2.4
      vertex -68.6494 -22.4294 2.4
    endloop
  endfacet
  facet normal -0.555426 -0.831566 0
    outer loop
      vertex -68.45 -22.5278 2.4
      vertex -68.2651 -22.6513 3.7
      vertex -68.45 -22.5278 3.7
    endloop
  endfacet
  facet normal -0.555426 -0.831566 -0
    outer loop
      vertex -68.2651 -22.6513 3.7
      vertex -68.45 -22.5278 2.4
      vertex -68.2651 -22.6513 2.4
    endloop
  endfacet
  facet normal 0.195165 -0.98077 0
    outer loop
      vertex -69.74 -22.3579 2.4
      vertex -69.5219 -22.3145 3.7
      vertex -69.74 -22.3579 3.7
    endloop
  endfacet
  facet normal 0.195165 -0.98077 0
    outer loop
      vertex -69.5219 -22.3145 3.7
      vertex -69.74 -22.3579 2.4
      vertex -69.5219 -22.3145 2.4
    endloop
  endfacet
  facet normal -0.659268 0.751908 0
    outer loop
      vertex -68.0979 -25.2021 2.4
      vertex -68.2651 -25.3487 3.7
      vertex -68.0979 -25.2021 3.7
    endloop
  endfacet
  facet normal -0.659268 0.751908 0
    outer loop
      vertex -68.2651 -25.3487 3.7
      vertex -68.0979 -25.2021 2.4
      vertex -68.2651 -25.3487 2.4
    endloop
  endfacet
  facet normal 0.896754 -0.44253 0
    outer loop
      vertex -70.8706 -23.3494 3.7
      vertex -70.7722 -23.15 2.4
      vertex -70.7722 -23.15 3.7
    endloop
  endfacet
  facet normal 0.896754 -0.44253 0
    outer loop
      vertex -70.7722 -23.15 2.4
      vertex -70.8706 -23.3494 3.7
      vertex -70.8706 -23.3494 2.4
    endloop
  endfacet
  facet normal -0.98077 0.195165 0
    outer loop
      vertex -67.6579 -24.44 2.4
      vertex -67.6145 -24.2219 3.7
      vertex -67.6145 -24.2219 2.4
    endloop
  endfacet
  facet normal -0.98077 0.195165 0
    outer loop
      vertex -67.6145 -24.2219 3.7
      vertex -67.6579 -24.44 2.4
      vertex -67.6579 -24.44 3.7
    endloop
  endfacet
  facet normal -0.195165 0.98077 0
    outer loop
      vertex -68.86 -25.6421 2.4
      vertex -69.0781 -25.6855 3.7
      vertex -68.86 -25.6421 3.7
    endloop
  endfacet
  facet normal -0.195165 0.98077 0
    outer loop
      vertex -69.0781 -25.6855 3.7
      vertex -68.86 -25.6421 2.4
      vertex -69.0781 -25.6855 2.4
    endloop
  endfacet
  facet normal 0.659268 0.751908 -0
    outer loop
      vertex -70.3349 -25.3487 2.4
      vertex -70.5021 -25.2021 3.7
      vertex -70.3349 -25.3487 3.7
    endloop
  endfacet
  facet normal 0.659268 0.751908 0
    outer loop
      vertex -70.5021 -25.2021 3.7
      vertex -70.3349 -25.3487 2.4
      vertex -70.5021 -25.2021 2.4
    endloop
  endfacet
  facet normal 0.751908 0.659268 0
    outer loop
      vertex -70.5021 -25.2021 3.7
      vertex -70.6487 -25.0349 2.4
      vertex -70.6487 -25.0349 3.7
    endloop
  endfacet
  facet normal 0.751908 0.659268 0
    outer loop
      vertex -70.6487 -25.0349 2.4
      vertex -70.5021 -25.2021 3.7
      vertex -70.5021 -25.2021 2.4
    endloop
  endfacet
  facet normal -0.0652057 -0.997872 0
    outer loop
      vertex -69.3 -22.3 2.4
      vertex -69.0781 -22.3145 3.7
      vertex -69.3 -22.3 3.7
    endloop
  endfacet
  facet normal -0.0652057 -0.997872 -0
    outer loop
      vertex -69.0781 -22.3145 3.7
      vertex -69.3 -22.3 2.4
      vertex -69.0781 -22.3145 2.4
    endloop
  endfacet
  facet normal -0.44253 -0.896754 0
    outer loop
      vertex -68.6494 -22.4294 2.4
      vertex -68.45 -22.5278 3.7
      vertex -68.6494 -22.4294 3.7
    endloop
  endfacet
  facet normal -0.44253 -0.896754 -0
    outer loop
      vertex -68.45 -22.5278 3.7
      vertex -68.6494 -22.4294 2.4
      vertex -68.45 -22.5278 2.4
    endloop
  endfacet
  facet normal -0.831566 0.555426 0
    outer loop
      vertex -67.9513 -25.0349 2.4
      vertex -67.8278 -24.85 3.7
      vertex -67.8278 -24.85 2.4
    endloop
  endfacet
  facet normal -0.831566 0.555426 0
    outer loop
      vertex -67.8278 -24.85 3.7
      vertex -67.9513 -25.0349 2.4
      vertex -67.9513 -25.0349 3.7
    endloop
  endfacet
  facet normal 0.997872 0.0652057 0
    outer loop
      vertex -70.9855 -24.2219 3.7
      vertex -71 -24 2.4
      vertex -71 -24 3.7
    endloop
  endfacet
  facet normal 0.997872 0.0652057 0
    outer loop
      vertex -71 -24 2.4
      vertex -70.9855 -24.2219 3.7
      vertex -70.9855 -24.2219 2.4
    endloop
  endfacet
  facet normal -0.44253 0.896754 0
    outer loop
      vertex -68.45 -25.4722 2.4
      vertex -68.6494 -25.5706 3.7
      vertex -68.45 -25.4722 3.7
    endloop
  endfacet
  facet normal -0.44253 0.896754 0
    outer loop
      vertex -68.6494 -25.5706 3.7
      vertex -68.45 -25.4722 2.4
      vertex -68.6494 -25.5706 2.4
    endloop
  endfacet
  facet normal 0.98077 -0.195165 0
    outer loop
      vertex -70.9855 -23.7781 3.7
      vertex -70.9421 -23.56 2.4
      vertex -70.9421 -23.56 3.7
    endloop
  endfacet
  facet normal 0.98077 -0.195165 0
    outer loop
      vertex -70.9421 -23.56 2.4
      vertex -70.9855 -23.7781 3.7
      vertex -70.9855 -23.7781 2.4
    endloop
  endfacet
  facet normal 0.896754 0.44253 0
    outer loop
      vertex -70.7722 -24.85 3.7
      vertex -70.8706 -24.6506 2.4
      vertex -70.8706 -24.6506 3.7
    endloop
  endfacet
  facet normal 0.896754 0.44253 0
    outer loop
      vertex -70.8706 -24.6506 2.4
      vertex -70.7722 -24.85 3.7
      vertex -70.7722 -24.85 2.4
    endloop
  endfacet
  facet normal 0.946915 -0.321484 0
    outer loop
      vertex -70.9421 -23.56 3.7
      vertex -70.8706 -23.3494 2.4
      vertex -70.8706 -23.3494 3.7
    endloop
  endfacet
  facet normal 0.946915 -0.321484 0
    outer loop
      vertex -70.8706 -23.3494 2.4
      vertex -70.9421 -23.56 3.7
      vertex -70.9421 -23.56 2.4
    endloop
  endfacet
  facet normal 0.555426 -0.831566 0
    outer loop
      vertex -70.3349 -22.6513 2.4
      vertex -70.15 -22.5278 3.7
      vertex -70.3349 -22.6513 3.7
    endloop
  endfacet
  facet normal 0.555426 -0.831566 0
    outer loop
      vertex -70.15 -22.5278 3.7
      vertex -70.3349 -22.6513 2.4
      vertex -70.15 -22.5278 2.4
    endloop
  endfacet
  facet normal -0.896754 -0.44253 0
    outer loop
      vertex -67.7294 -23.3494 2.4
      vertex -67.8278 -23.15 3.7
      vertex -67.8278 -23.15 2.4
    endloop
  endfacet
  facet normal -0.896754 -0.44253 0
    outer loop
      vertex -67.8278 -23.15 3.7
      vertex -67.7294 -23.3494 2.4
      vertex -67.7294 -23.3494 3.7
    endloop
  endfacet
  facet normal 0.997872 -0.0652057 0
    outer loop
      vertex -71 -24 3.7
      vertex -70.9855 -23.7781 2.4
      vertex -70.9855 -23.7781 3.7
    endloop
  endfacet
  facet normal 0.997872 -0.0652057 0
    outer loop
      vertex -70.9855 -23.7781 2.4
      vertex -71 -24 3.7
      vertex -71 -24 2.4
    endloop
  endfacet
  facet normal 0.321484 0.946915 -0
    outer loop
      vertex -69.74 -25.6421 2.4
      vertex -69.9506 -25.5706 3.7
      vertex -69.74 -25.6421 3.7
    endloop
  endfacet
  facet normal 0.321484 0.946915 0
    outer loop
      vertex -69.9506 -25.5706 3.7
      vertex -69.74 -25.6421 2.4
      vertex -69.9506 -25.5706 2.4
    endloop
  endfacet
  facet normal 0.44253 -0.896754 0
    outer loop
      vertex -70.15 -22.5278 2.4
      vertex -69.9506 -22.4294 3.7
      vertex -70.15 -22.5278 3.7
    endloop
  endfacet
  facet normal 0.44253 -0.896754 0
    outer loop
      vertex -69.9506 -22.4294 3.7
      vertex -70.15 -22.5278 2.4
      vertex -69.9506 -22.4294 2.4
    endloop
  endfacet
  facet normal 0.831566 -0.555426 0
    outer loop
      vertex -70.7722 -23.15 3.7
      vertex -70.6487 -22.9651 2.4
      vertex -70.6487 -22.9651 3.7
    endloop
  endfacet
  facet normal 0.831566 -0.555426 0
    outer loop
      vertex -70.6487 -22.9651 2.4
      vertex -70.7722 -23.15 3.7
      vertex -70.7722 -23.15 2.4
    endloop
  endfacet
  facet normal 0.555426 0.831566 -0
    outer loop
      vertex -70.15 -25.4722 2.4
      vertex -70.3349 -25.3487 3.7
      vertex -70.15 -25.4722 3.7
    endloop
  endfacet
  facet normal 0.555426 0.831566 0
    outer loop
      vertex -70.3349 -25.3487 3.7
      vertex -70.15 -25.4722 2.4
      vertex -70.3349 -25.3487 2.4
    endloop
  endfacet
  facet normal -0.442176 0.896928 0
    outer loop
      vertex -67.75 21.3153 6.86646e-07
      vertex -68.1137 21.136 1.99
      vertex -67.75 21.3153 1.99
    endloop
  endfacet
  facet normal -0.442176 0.896928 0
    outer loop
      vertex -68.1137 21.136 1.99
      vertex -67.75 21.3153 6.86646e-07
      vertex -68.1137 21.136 6.86646e-07
    endloop
  endfacet
  facet normal -0.980789 -0.195073 0
    outer loop
      vertex -66.2265 24.4046 6.86646e-07
      vertex -66.3056 24.8023 2
      vertex -66.3056 24.8023 6.86646e-07
    endloop
  endfacet
  facet normal -0.980789 -0.195073 0
    outer loop
      vertex -66.3056 24.8023 2
      vertex -66.2265 24.4046 6.86646e-07
      vertex -66.2265 24.4046 2
    endloop
  endfacet
  facet normal -0.997862 -0.0653568 0
    outer loop
      vertex -66.2 24 6.86646e-07
      vertex -66.2265 24.4046 2
      vertex -66.2265 24.4046 6.86646e-07
    endloop
  endfacet
  facet normal -0.997862 -0.0653568 0
    outer loop
      vertex -66.2265 24.4046 2
      vertex -66.2 24 6.86646e-07
      vertex -66.2 24 2
    endloop
  endfacet
  facet normal -0.946893 -0.321549 0
    outer loop
      vertex -66.3056 24.8023 6.86646e-07
      vertex -66.436 25.1863 2
      vertex -66.436 25.1863 6.86646e-07
    endloop
  endfacet
  facet normal -0.946893 -0.321549 0
    outer loop
      vertex -66.436 25.1863 2
      vertex -66.3056 24.8023 6.86646e-07
      vertex -66.3056 24.8023 2
    endloop
  endfacet
  facet normal -0.751721 0.659482 0
    outer loop
      vertex -67.108 21.808 6.86646e-07
      vertex -66.8406 22.1128 2
      vertex -66.8406 22.1128 6.86646e-07
    endloop
  endfacet
  facet normal -0.751721 0.659482 0
    outer loop
      vertex -66.8406 22.1128 2
      vertex -67.108 21.808 6.86646e-07
      vertex -67.108 21.808 2
    endloop
  endfacet
  facet normal -0.321549 -0.946893 0
    outer loop
      vertex -68.4977 26.9944 6.86646e-07
      vertex -68.1137 26.864 1.99
      vertex -68.4977 26.9944 1.99
    endloop
  endfacet
  facet normal -0.321549 -0.946893 -0
    outer loop
      vertex -68.1137 26.864 1.99
      vertex -68.4977 26.9944 6.86646e-07
      vertex -68.1137 26.864 6.86646e-07
    endloop
  endfacet
  facet normal -0.555468 -0.831538 -0
    outer loop
      vertex -67.75 26.6847 1.99
      vertex -67.75 26.6847 6.86646e-07
      vertex -67.6 26.5845 1.99
    endloop
  endfacet
  facet normal -0.555622 -0.831435 0
    outer loop
      vertex -67.6 26.5845 1.99
      vertex -67.4128 26.4594 2
      vertex -67.6 26.5845 2
    endloop
  endfacet
  facet normal -0.555553 -0.831481 9.36771e-06
    outer loop
      vertex -67.4128 26.4594 6.86646e-07
      vertex -67.6 26.5845 1.99
      vertex -67.75 26.6847 6.86646e-07
    endloop
  endfacet
  facet normal -0.555622 -0.831435 0
    outer loop
      vertex -67.6 26.5845 1.99
      vertex -67.4128 26.4594 6.86646e-07
      vertex -67.4128 26.4594 2
    endloop
  endfacet
  facet normal -0.896928 0.442176 0
    outer loop
      vertex -66.6153 22.45 6.86646e-07
      vertex -66.436 22.8137 2
      vertex -66.436 22.8137 6.86646e-07
    endloop
  endfacet
  facet normal -0.896928 0.442176 0
    outer loop
      vertex -66.436 22.8137 2
      vertex -66.6153 22.45 6.86646e-07
      vertex -66.6153 22.45 2
    endloop
  endfacet
  facet normal -0.321549 0.946893 0
    outer loop
      vertex -68.1137 21.136 6.86646e-07
      vertex -68.4977 21.0056 1.99
      vertex -68.1137 21.136 1.99
    endloop
  endfacet
  facet normal -0.321549 0.946893 0
    outer loop
      vertex -68.4977 21.0056 1.99
      vertex -68.1137 21.136 6.86646e-07
      vertex -68.4977 21.0056 6.86646e-07
    endloop
  endfacet
  facet normal -0.896928 -0.442176 0
    outer loop
      vertex -66.436 25.1863 6.86646e-07
      vertex -66.6153 25.55 2
      vertex -66.6153 25.55 6.86646e-07
    endloop
  endfacet
  facet normal -0.896928 -0.442176 0
    outer loop
      vertex -66.6153 25.55 2
      vertex -66.436 25.1863 6.86646e-07
      vertex -66.436 25.1863 2
    endloop
  endfacet
  facet normal 0.195073 -0.980789 0
    outer loop
      vertex -70.1023 26.9944 6.86646e-07
      vertex -69.7046 27.0735 1.99
      vertex -70.1023 26.9944 1.99
    endloop
  endfacet
  facet normal 0.195073 -0.980789 0
    outer loop
      vertex -69.7046 27.0735 1.99
      vertex -70.1023 26.9944 6.86646e-07
      vertex -69.7046 27.0735 6.86646e-07
    endloop
  endfacet
  facet normal 0.0653568 0.997862 -0
    outer loop
      vertex -69.3 20.9 6.86646e-07
      vertex -69.7046 20.9265 1.99
      vertex -69.3 20.9 1.99
    endloop
  endfacet
  facet normal 0.0653568 0.997862 0
    outer loop
      vertex -69.7046 20.9265 1.99
      vertex -69.3 20.9 6.86646e-07
      vertex -69.7046 20.9265 6.86646e-07
    endloop
  endfacet
  facet normal 0.555622 -0.831435 0
    outer loop
      vertex -71.1872 26.4594 2
      vertex -71 26.5845 1.99
      vertex -71 26.5845 2
    endloop
  endfacet
  facet normal 0.555622 -0.831435 0
    outer loop
      vertex -71.1872 26.4594 6.86646e-07
      vertex -71 26.5845 1.99
      vertex -71.1872 26.4594 2
    endloop
  endfacet
  facet normal 0.555553 -0.831481 9.36771e-06
    outer loop
      vertex -70.85 26.6847 6.86646e-07
      vertex -71 26.5845 1.99
      vertex -71.1872 26.4594 6.86646e-07
    endloop
  endfacet
  facet normal 0.555468 -0.831538 0
    outer loop
      vertex -71 26.5845 1.99
      vertex -70.85 26.6847 6.86646e-07
      vertex -70.85 26.6847 1.99
    endloop
  endfacet
  facet normal 0.321549 0.946893 -0
    outer loop
      vertex -70.1023 21.0056 6.86646e-07
      vertex -70.4863 21.136 1.99
      vertex -70.1023 21.0056 1.99
    endloop
  endfacet
  facet normal 0.321549 0.946893 0
    outer loop
      vertex -70.4863 21.136 1.99
      vertex -70.1023 21.0056 6.86646e-07
      vertex -70.4863 21.136 6.86646e-07
    endloop
  endfacet
  facet normal -0.946893 0.321549 0
    outer loop
      vertex -66.436 22.8137 6.86646e-07
      vertex -66.3056 23.1977 2
      vertex -66.3056 23.1977 6.86646e-07
    endloop
  endfacet
  facet normal -0.946893 0.321549 0
    outer loop
      vertex -66.3056 23.1977 2
      vertex -66.436 22.8137 6.86646e-07
      vertex -66.436 22.8137 2
    endloop
  endfacet
  facet normal 0.831629 0.555331 0
    outer loop
      vertex -71.8 22.1736 2
      vertex -71.7594 22.1128 2
      vertex -71.8 22.1736 1.8
    endloop
  endfacet
  facet normal 0.831448 0.555602 0
    outer loop
      vertex -71.8 22.1736 1.8
      vertex -71.9847 22.45 6.86646e-07
      vertex -71.9847 22.45 1.8
    endloop
  endfacet
  facet normal 0.831629 0.555331 -0
    outer loop
      vertex -71.7594 22.1128 6.86646e-07
      vertex -71.8 22.1736 1.8
      vertex -71.7594 22.1128 2
    endloop
  endfacet
  facet normal 0.831481 0.555553 -1.08497e-05
    outer loop
      vertex -71.8 22.1736 1.8
      vertex -71.7594 22.1128 6.86646e-07
      vertex -71.9847 22.45 6.86646e-07
    endloop
  endfacet
  facet normal 0.659482 0.751721 -0
    outer loop
      vertex -71.1872 21.5406 6.86646e-07
      vertex -71.492 21.808 2
      vertex -71.1872 21.5406 2
    endloop
  endfacet
  facet normal 0.659482 0.751721 0
    outer loop
      vertex -71.492 21.808 2
      vertex -71.1872 21.5406 6.86646e-07
      vertex -71.492 21.808 6.86646e-07
    endloop
  endfacet
  facet normal 0.659482 -0.751721 0
    outer loop
      vertex -71.492 26.192 6.86646e-07
      vertex -71.1872 26.4594 2
      vertex -71.492 26.192 2
    endloop
  endfacet
  facet normal 0.659482 -0.751721 0
    outer loop
      vertex -71.1872 26.4594 2
      vertex -71.492 26.192 6.86646e-07
      vertex -71.1872 26.4594 6.86646e-07
    endloop
  endfacet
  facet normal 0.946893 -0.321549 0
    outer loop
      vertex -72.2944 24.8023 1.8
      vertex -72.164 25.1863 6.86646e-07
      vertex -72.164 25.1863 1.8
    endloop
  endfacet
  facet normal 0.946893 -0.321549 0
    outer loop
      vertex -72.164 25.1863 6.86646e-07
      vertex -72.2944 24.8023 1.8
      vertex -72.2944 24.8023 6.86646e-07
    endloop
  endfacet
  facet normal 0.442176 -0.896928 0
    outer loop
      vertex -70.85 26.6847 6.86646e-07
      vertex -70.4863 26.864 1.99
      vertex -70.85 26.6847 1.99
    endloop
  endfacet
  facet normal 0.442176 -0.896928 0
    outer loop
      vertex -70.4863 26.864 1.99
      vertex -70.85 26.6847 6.86646e-07
      vertex -70.4863 26.864 6.86646e-07
    endloop
  endfacet
  facet normal 0.980789 -0.195073 0
    outer loop
      vertex -72.3735 24.4046 1.8
      vertex -72.2944 24.8023 6.86646e-07
      vertex -72.2944 24.8023 1.8
    endloop
  endfacet
  facet normal 0.980789 -0.195073 0
    outer loop
      vertex -72.2944 24.8023 6.86646e-07
      vertex -72.3735 24.4046 1.8
      vertex -72.3735 24.4046 6.86646e-07
    endloop
  endfacet
  facet normal 0.321549 -0.946893 0
    outer loop
      vertex -70.4863 26.864 6.86646e-07
      vertex -70.1023 26.9944 1.99
      vertex -70.4863 26.864 1.99
    endloop
  endfacet
  facet normal 0.321549 -0.946893 0
    outer loop
      vertex -70.1023 26.9944 1.99
      vertex -70.4863 26.864 6.86646e-07
      vertex -70.1023 26.9944 6.86646e-07
    endloop
  endfacet
  facet normal -0.659482 0.751721 0
    outer loop
      vertex -67.108 21.808 6.86646e-07
      vertex -67.4128 21.5406 2
      vertex -67.108 21.808 2
    endloop
  endfacet
  facet normal -0.659482 0.751721 0
    outer loop
      vertex -67.4128 21.5406 2
      vertex -67.108 21.808 6.86646e-07
      vertex -67.4128 21.5406 6.86646e-07
    endloop
  endfacet
  facet normal -0.0653568 -0.997862 0
    outer loop
      vertex -69.3 27.1 6.86646e-07
      vertex -68.8954 27.0735 1.99
      vertex -69.3 27.1 1.99
    endloop
  endfacet
  facet normal -0.0653568 -0.997862 -0
    outer loop
      vertex -68.8954 27.0735 1.99
      vertex -69.3 27.1 6.86646e-07
      vertex -68.8954 27.0735 6.86646e-07
    endloop
  endfacet
  facet normal -0.831481 -0.555553 0
    outer loop
      vertex -66.6153 25.55 6.86646e-07
      vertex -66.8406 25.8872 2
      vertex -66.8406 25.8872 6.86646e-07
    endloop
  endfacet
  facet normal -0.831481 -0.555553 0
    outer loop
      vertex -66.8406 25.8872 2
      vertex -66.6153 25.55 6.86646e-07
      vertex -66.6153 25.55 2
    endloop
  endfacet
  facet normal -0.195073 0.980789 0
    outer loop
      vertex -68.4977 21.0056 6.86646e-07
      vertex -68.8954 20.9265 1.99
      vertex -68.4977 21.0056 1.99
    endloop
  endfacet
  facet normal -0.195073 0.980789 0
    outer loop
      vertex -68.8954 20.9265 1.99
      vertex -68.4977 21.0056 6.86646e-07
      vertex -68.8954 20.9265 6.86646e-07
    endloop
  endfacet
  facet normal 0.980789 0.195073 0
    outer loop
      vertex -72.2944 23.1977 1.8
      vertex -72.3735 23.5954 6.86646e-07
      vertex -72.3735 23.5954 1.8
    endloop
  endfacet
  facet normal 0.980789 0.195073 0
    outer loop
      vertex -72.3735 23.5954 6.86646e-07
      vertex -72.2944 23.1977 1.8
      vertex -72.2944 23.1977 6.86646e-07
    endloop
  endfacet
  facet normal 0.751774 -0.65942 0
    outer loop
      vertex -71.6041 26.0642 1.8
      vertex -71.492 26.192 2
      vertex -71.6041 26.0642 2
    endloop
  endfacet
  facet normal 0.751774 -0.65942 0
    outer loop
      vertex -71.492 26.192 2
      vertex -71.6041 26.0642 1.8
      vertex -71.492 26.192 6.86646e-07
    endloop
  endfacet
  facet normal 0.751682 -0.659526 0
    outer loop
      vertex -71.7594 25.8872 6.86646e-07
      vertex -71.6041 26.0642 1.8
      vertex -71.7594 25.8872 1.8
    endloop
  endfacet
  facet normal 0.751721 -0.659482 -7.72766e-06
    outer loop
      vertex -71.6041 26.0642 1.8
      vertex -71.7594 25.8872 6.86646e-07
      vertex -71.492 26.192 6.86646e-07
    endloop
  endfacet
  facet normal -0.659482 -0.751721 0
    outer loop
      vertex -67.4128 26.4594 6.86646e-07
      vertex -67.108 26.192 2
      vertex -67.4128 26.4594 2
    endloop
  endfacet
  facet normal -0.659482 -0.751721 -0
    outer loop
      vertex -67.108 26.192 2
      vertex -67.4128 26.4594 6.86646e-07
      vertex -67.108 26.192 6.86646e-07
    endloop
  endfacet
  facet normal -0.997862 0.0653568 0
    outer loop
      vertex -66.2265 23.5954 6.86646e-07
      vertex -66.2 24 2
      vertex -66.2 24 6.86646e-07
    endloop
  endfacet
  facet normal -0.997862 0.0653568 0
    outer loop
      vertex -66.2 24 2
      vertex -66.2265 23.5954 6.86646e-07
      vertex -66.2265 23.5954 2
    endloop
  endfacet
  facet normal -0.980789 0.195073 0
    outer loop
      vertex -66.3056 23.1977 6.86646e-07
      vertex -66.2265 23.5954 2
      vertex -66.2265 23.5954 6.86646e-07
    endloop
  endfacet
  facet normal -0.980789 0.195073 0
    outer loop
      vertex -66.2265 23.5954 2
      vertex -66.3056 23.1977 6.86646e-07
      vertex -66.3056 23.1977 2
    endloop
  endfacet
  facet normal -0.555622 0.831435 0
    outer loop
      vertex -67.4128 21.5406 2
      vertex -67.6 21.4155 1.99
      vertex -67.6 21.4155 2
    endloop
  endfacet
  facet normal -0.555622 0.831435 0
    outer loop
      vertex -67.4128 21.5406 6.86646e-07
      vertex -67.6 21.4155 1.99
      vertex -67.4128 21.5406 2
    endloop
  endfacet
  facet normal -0.555553 0.831481 9.36771e-06
    outer loop
      vertex -67.75 21.3153 6.86646e-07
      vertex -67.6 21.4155 1.99
      vertex -67.4128 21.5406 6.86646e-07
    endloop
  endfacet
  facet normal -0.555468 0.831538 0
    outer loop
      vertex -67.6 21.4155 1.99
      vertex -67.75 21.3153 6.86646e-07
      vertex -67.75 21.3153 1.99
    endloop
  endfacet
  facet normal -0.195073 -0.980789 0
    outer loop
      vertex -68.8954 27.0735 6.86646e-07
      vertex -68.4977 26.9944 1.99
      vertex -68.8954 27.0735 1.99
    endloop
  endfacet
  facet normal -0.195073 -0.980789 -0
    outer loop
      vertex -68.4977 26.9944 1.99
      vertex -68.8954 27.0735 6.86646e-07
      vertex -68.4977 26.9944 6.86646e-07
    endloop
  endfacet
  facet normal -0.751721 -0.659482 0
    outer loop
      vertex -66.8406 25.8872 6.86646e-07
      vertex -67.108 26.192 2
      vertex -67.108 26.192 6.86646e-07
    endloop
  endfacet
  facet normal -0.751721 -0.659482 0
    outer loop
      vertex -67.108 26.192 2
      vertex -66.8406 25.8872 6.86646e-07
      vertex -66.8406 25.8872 2
    endloop
  endfacet
  facet normal -0.442176 -0.896928 0
    outer loop
      vertex -68.1137 26.864 6.86646e-07
      vertex -67.75 26.6847 1.99
      vertex -68.1137 26.864 1.99
    endloop
  endfacet
  facet normal -0.442176 -0.896928 -0
    outer loop
      vertex -67.75 26.6847 1.99
      vertex -68.1137 26.864 6.86646e-07
      vertex -67.75 26.6847 6.86646e-07
    endloop
  endfacet
  facet normal 0.997862 0.0653568 0
    outer loop
      vertex -72.3735 23.5954 1.8
      vertex -72.4 24 6.86646e-07
      vertex -72.4 24 1.8
    endloop
  endfacet
  facet normal 0.997862 0.0653568 0
    outer loop
      vertex -72.4 24 6.86646e-07
      vertex -72.3735 23.5954 1.8
      vertex -72.3735 23.5954 6.86646e-07
    endloop
  endfacet
  facet normal -0.831481 0.555553 0
    outer loop
      vertex -66.8406 22.1128 6.86646e-07
      vertex -66.6153 22.45 2
      vertex -66.6153 22.45 6.86646e-07
    endloop
  endfacet
  facet normal -0.831481 0.555553 0
    outer loop
      vertex -66.6153 22.45 2
      vertex -66.8406 22.1128 6.86646e-07
      vertex -66.8406 22.1128 2
    endloop
  endfacet
  facet normal 0.751721 0.659482 0
    outer loop
      vertex -71.492 21.808 2
      vertex -71.7594 22.1128 6.86646e-07
      vertex -71.7594 22.1128 2
    endloop
  endfacet
  facet normal 0.751721 0.659482 0
    outer loop
      vertex -71.7594 22.1128 6.86646e-07
      vertex -71.492 21.808 2
      vertex -71.492 21.808 6.86646e-07
    endloop
  endfacet
  facet normal 0.997862 -0.0653568 0
    outer loop
      vertex -72.4 24 1.8
      vertex -72.3735 24.4046 6.86646e-07
      vertex -72.3735 24.4046 1.8
    endloop
  endfacet
  facet normal 0.997862 -0.0653568 0
    outer loop
      vertex -72.3735 24.4046 6.86646e-07
      vertex -72.4 24 1.8
      vertex -72.4 24 6.86646e-07
    endloop
  endfacet
  facet normal 0.442176 0.896928 -0
    outer loop
      vertex -70.4863 21.136 6.86646e-07
      vertex -70.85 21.3153 1.99
      vertex -70.4863 21.136 1.99
    endloop
  endfacet
  facet normal 0.442176 0.896928 0
    outer loop
      vertex -70.85 21.3153 1.99
      vertex -70.4863 21.136 6.86646e-07
      vertex -70.85 21.3153 6.86646e-07
    endloop
  endfacet
  facet normal 0.946893 0.321549 0
    outer loop
      vertex -72.164 22.8137 1.8
      vertex -72.2944 23.1977 6.86646e-07
      vertex -72.2944 23.1977 1.8
    endloop
  endfacet
  facet normal 0.946893 0.321549 0
    outer loop
      vertex -72.2944 23.1977 6.86646e-07
      vertex -72.164 22.8137 1.8
      vertex -72.164 22.8137 6.86646e-07
    endloop
  endfacet
  facet normal 0.195073 0.980789 -0
    outer loop
      vertex -69.7046 20.9265 6.86646e-07
      vertex -70.1023 21.0056 1.99
      vertex -69.7046 20.9265 1.99
    endloop
  endfacet
  facet normal 0.195073 0.980789 0
    outer loop
      vertex -70.1023 21.0056 1.99
      vertex -69.7046 20.9265 6.86646e-07
      vertex -70.1023 21.0056 6.86646e-07
    endloop
  endfacet
  facet normal -0.0653568 0.997862 0
    outer loop
      vertex -68.8954 20.9265 6.86646e-07
      vertex -69.3 20.9 1.99
      vertex -68.8954 20.9265 1.99
    endloop
  endfacet
  facet normal -0.0653568 0.997862 0
    outer loop
      vertex -69.3 20.9 1.99
      vertex -68.8954 20.9265 6.86646e-07
      vertex -69.3 20.9 6.86646e-07
    endloop
  endfacet
  facet normal 0.0653568 -0.997862 0
    outer loop
      vertex -69.7046 27.0735 6.86646e-07
      vertex -69.3 27.1 1.99
      vertex -69.7046 27.0735 1.99
    endloop
  endfacet
  facet normal 0.0653568 -0.997862 0
    outer loop
      vertex -69.3 27.1 1.99
      vertex -69.7046 27.0735 6.86646e-07
      vertex -69.3 27.1 6.86646e-07
    endloop
  endfacet
  facet normal 0.896928 0.442176 0
    outer loop
      vertex -71.9847 22.45 1.8
      vertex -72.164 22.8137 6.86646e-07
      vertex -72.164 22.8137 1.8
    endloop
  endfacet
  facet normal 0.896928 0.442176 0
    outer loop
      vertex -72.164 22.8137 6.86646e-07
      vertex -71.9847 22.45 1.8
      vertex -71.9847 22.45 6.86646e-07
    endloop
  endfacet
  facet normal 0.896928 -0.442176 0
    outer loop
      vertex -72.164 25.1863 1.8
      vertex -71.9847 25.55 6.86646e-07
      vertex -71.9847 25.55 1.8
    endloop
  endfacet
  facet normal 0.896928 -0.442176 0
    outer loop
      vertex -71.9847 25.55 6.86646e-07
      vertex -72.164 25.1863 1.8
      vertex -72.164 25.1863 6.86646e-07
    endloop
  endfacet
  facet normal 0.831481 -0.555553 0
    outer loop
      vertex -71.9847 25.55 1.8
      vertex -71.7594 25.8872 6.86646e-07
      vertex -71.7594 25.8872 1.8
    endloop
  endfacet
  facet normal 0.831481 -0.555553 0
    outer loop
      vertex -71.7594 25.8872 6.86646e-07
      vertex -71.9847 25.55 1.8
      vertex -71.9847 25.55 6.86646e-07
    endloop
  endfacet
  facet normal 0.555468 0.831538 0
    outer loop
      vertex -70.85 21.3153 1.99
      vertex -70.85 21.3153 6.86646e-07
      vertex -71 21.4155 1.99
    endloop
  endfacet
  facet normal 0.555622 0.831435 -0
    outer loop
      vertex -71 21.4155 1.99
      vertex -71.1872 21.5406 2
      vertex -71 21.4155 2
    endloop
  endfacet
  facet normal 0.555553 0.831481 9.36771e-06
    outer loop
      vertex -71.1872 21.5406 6.86646e-07
      vertex -71 21.4155 1.99
      vertex -70.85 21.3153 6.86646e-07
    endloop
  endfacet
  facet normal 0.555622 0.831435 0
    outer loop
      vertex -71 21.4155 1.99
      vertex -71.1872 21.5406 6.86646e-07
      vertex -71.1872 21.5406 2
    endloop
  endfacet
  facet normal 0 0 -1
    outer loop
      vertex -66.2265 23.5954 2
      vertex -66.2265 24.4046 2
      vertex -66.2 24 2
    endloop
  endfacet
  facet normal 0 0 -1
    outer loop
      vertex -66.3056 23.1977 2
      vertex -66.2265 24.4046 2
      vertex -66.2265 23.5954 2
    endloop
  endfacet
  facet normal 0 0 -1
    outer loop
      vertex -66.3056 23.1977 2
      vertex -66.3056 24.8023 2
      vertex -66.2265 24.4046 2
    endloop
  endfacet
  facet normal 0 0 -1
    outer loop
      vertex -66.436 22.8137 2
      vertex -66.3056 24.8023 2
      vertex -66.3056 23.1977 2
    endloop
  endfacet
  facet normal 0 0 -1
    outer loop
      vertex -66.436 22.8137 2
      vertex -66.436 25.1863 2
      vertex -66.3056 24.8023 2
    endloop
  endfacet
  facet normal 0 0 -1
    outer loop
      vertex -66.6153 22.45 2
      vertex -66.436 25.1863 2
      vertex -66.436 22.8137 2
    endloop
  endfacet
  facet normal 0 0 -1
    outer loop
      vertex -66.6153 22.45 2
      vertex -66.6153 25.55 2
      vertex -66.436 25.1863 2
    endloop
  endfacet
  facet normal 0 0 -1
    outer loop
      vertex -66.8406 22.1128 2
      vertex -66.6153 25.55 2
      vertex -66.6153 22.45 2
    endloop
  endfacet
  facet normal 0 0 -1
    outer loop
      vertex -66.8406 22.1128 2
      vertex -66.8406 25.8872 2
      vertex -66.6153 25.55 2
    endloop
  endfacet
  facet normal 0 0 -1
    outer loop
      vertex -67.108 21.808 2
      vertex -66.8406 25.8872 2
      vertex -66.8406 22.1128 2
    endloop
  endfacet
  facet normal 0 0 -1
    outer loop
      vertex -67.108 21.808 2
      vertex -67.108 26.192 2
      vertex -66.8406 25.8872 2
    endloop
  endfacet
  facet normal 0 0 -1
    outer loop
      vertex -67.6 21.4155 2
      vertex -67.108 21.808 2
      vertex -67.4128 21.5406 2
    endloop
  endfacet
  facet normal -0 0 -1
    outer loop
      vertex -67.108 21.808 2
      vertex -67.6 21.4155 2
      vertex -67.108 26.192 2
    endloop
  endfacet
  facet normal 0 0 -1
    outer loop
      vertex -67.6 26.5845 2
      vertex -67.108 26.192 2
      vertex -67.6 21.4155 2
    endloop
  endfacet
  facet normal 0 0 -1
    outer loop
      vertex -67.108 26.192 2
      vertex -67.6 26.5845 2
      vertex -67.4128 26.4594 2
    endloop
  endfacet
  facet normal 0 0 -1
    outer loop
      vertex -71.8 24.6 2
      vertex -71 21.4155 2
      vertex -71.1872 21.5406 2
    endloop
  endfacet
  facet normal 0 0 -1
    outer loop
      vertex -71 21.4155 2
      vertex -71.8 24.6 2
      vertex -71 26.5845 2
    endloop
  endfacet
  facet normal 0 0 -1
    outer loop
      vertex -71.8 24.6 2
      vertex -71.1872 21.5406 2
      vertex -71.492 21.808 2
    endloop
  endfacet
  facet normal 0 -0 -1
    outer loop
      vertex -71.7521 25.3309 2
      vertex -71 26.5845 2
      vertex -71.8 24.6 2
    endloop
  endfacet
  facet normal 0 0 -1
    outer loop
      vertex -71 26.5845 2
      vertex -71.7521 25.3309 2
      vertex -71.1872 26.4594 2
    endloop
  endfacet
  facet normal 0 0 -1
    outer loop
      vertex -71.1872 26.4594 2
      vertex -71.7521 25.3309 2
      vertex -71.492 26.192 2
    endloop
  endfacet
  facet normal 0 -0 -1
    outer loop
      vertex -71.6092 26.0494 2
      vertex -71.492 26.192 2
      vertex -71.7521 25.3309 2
    endloop
  endfacet
  facet normal 0 0 -1
    outer loop
      vertex -71.8 22.1736 2
      vertex -71.492 21.808 2
      vertex -71.7594 22.1128 2
    endloop
  endfacet
  facet normal 0 0 -1
    outer loop
      vertex -71.492 21.808 2
      vertex -71.8 22.1736 2
      vertex -71.8 24.6 2
    endloop
  endfacet
  facet normal 0 0 -1
    outer loop
      vertex -71.492 26.192 2
      vertex -71.6092 26.0494 2
      vertex -71.6041 26.0642 2
    endloop
  endfacet
  facet normal -1 0 0
    outer loop
      vertex -67.6 21.4155 1.99
      vertex -67.6 21.2955 1.99
      vertex -67.6 21.4155 2
    endloop
  endfacet
  facet normal -1 0 0
    outer loop
      vertex -67.6 26.5845 2
      vertex -67.6 26.7045 1.99
      vertex -67.6 26.5845 1.99
    endloop
  endfacet
  facet normal -1 0 0
    outer loop
      vertex -67.6 26.7045 1.99
      vertex -67.6 26.5845 2
      vertex -67.6 26.7045 2.2
    endloop
  endfacet
  facet normal -1 0 0
    outer loop
      vertex -67.6 26.5845 2
      vertex -67.6 25.7 2.2
      vertex -67.6 26.7045 2.2
    endloop
  endfacet
  facet normal -1 0 0
    outer loop
      vertex -67.6 25.7 2.2
      vertex -67.6 24 2.4
      vertex -67.6 25.7 2.4
    endloop
  endfacet
  facet normal -1 0 0
    outer loop
      vertex -67.6 22.3 2.2
      vertex -67.6 25.7 2.2
      vertex -67.6 26.5845 2
    endloop
  endfacet
  facet normal -1 0 0
    outer loop
      vertex -67.6 25.7 2.2
      vertex -67.6 22.3 2.2
      vertex -67.6 24 2.4
    endloop
  endfacet
  facet normal -1 0 0
    outer loop
      vertex -67.6 21.4155 2
      vertex -67.6 22.3 2.2
      vertex -67.6 26.5845 2
    endloop
  endfacet
  facet normal -1 0 0
    outer loop
      vertex -67.6 21.2955 2.2
      vertex -67.6 21.4155 2
      vertex -67.6 21.2955 1.99
    endloop
  endfacet
  facet normal -1 0 0
    outer loop
      vertex -67.6 21.4155 2
      vertex -67.6 21.2955 2.2
      vertex -67.6 22.3 2.2
    endloop
  endfacet
  facet normal -1 -0 0
    outer loop
      vertex -67.6 24 2.4
      vertex -67.6 22.3 2.2
      vertex -67.6 22.3 2.4
    endloop
  endfacet
  facet normal 0 0 -1
    outer loop
      vertex -67.6 25.7 2.2
      vertex -67.7 26.7713 2.2
      vertex -67.6 26.7045 2.2
    endloop
  endfacet
  facet normal 0 0 -1
    outer loop
      vertex -67.6 25.7 2.2
      vertex -68.0754 26.9564 2.2
      vertex -67.7 26.7713 2.2
    endloop
  endfacet
  facet normal 0 0 -1
    outer loop
      vertex -67.6 25.7 2.2
      vertex -68.4718 27.091 2.2
      vertex -68.0754 26.9564 2.2
    endloop
  endfacet
  facet normal 0 0 -1
    outer loop
      vertex -67.6 25.7 2.2
      vertex -68.5172 27.1 2.2
      vertex -68.4718 27.091 2.2
    endloop
  endfacet
  facet normal 0 0 -1
    outer loop
      vertex -71 25.7 2.2
      vertex -68.5172 27.1 2.2
      vertex -67.6 25.7 2.2
    endloop
  endfacet
  facet normal -0 0 -1
    outer loop
      vertex -68.5172 27.1 2.2
      vertex -71 25.7 2.2
      vertex -71 27.1 2.2
    endloop
  endfacet
  facet normal 0 0 -1
    outer loop
      vertex -70.6 20.9 2.2
      vertex -71 20.9 2.2
      vertex -70.6 21.0808 2.2
    endloop
  endfacet
  facet normal 0 0 -1
    outer loop
      vertex -67.7 21.2287 2.2
      vertex -67.6 22.3 2.2
      vertex -67.6 21.2955 2.2
    endloop
  endfacet
  facet normal 0 0 -1
    outer loop
      vertex -68.0754 21.0436 2.2
      vertex -67.6 22.3 2.2
      vertex -67.7 21.2287 2.2
    endloop
  endfacet
  facet normal 0 0 -1
    outer loop
      vertex -68.4718 20.909 2.2
      vertex -67.6 22.3 2.2
      vertex -68.0754 21.0436 2.2
    endloop
  endfacet
  facet normal 0 0 -1
    outer loop
      vertex -68.5172 20.9 2.2
      vertex -67.6 22.3 2.2
      vertex -68.4718 20.909 2.2
    endloop
  endfacet
  facet normal 0 0 -1
    outer loop
      vertex -70.0828 20.9 2.2
      vertex -67.6 22.3 2.2
      vertex -68.5172 20.9 2.2
    endloop
  endfacet
  facet normal 0 0 -1
    outer loop
      vertex -71 22.3 2.2
      vertex -70.0828 20.9 2.2
      vertex -70.1282 20.909 2.2
    endloop
  endfacet
  facet normal 0 0 -1
    outer loop
      vertex -71 22.3 2.2
      vertex -70.1282 20.909 2.2
      vertex -70.5246 21.0436 2.2
    endloop
  endfacet
  facet normal 0 0 -1
    outer loop
      vertex -71 22.3 2.2
      vertex -70.5246 21.0436 2.2
      vertex -70.6 21.0808 2.2
    endloop
  endfacet
  facet normal 0 0 -1
    outer loop
      vertex -70.0828 20.9 2.2
      vertex -71 22.3 2.2
      vertex -67.6 22.3 2.2
    endloop
  endfacet
  facet normal 0 0 -1
    outer loop
      vertex -71 22.3 2.2
      vertex -70.6 21.0808 2.2
      vertex -71 20.9 2.2
    endloop
  endfacet
  facet normal 0 0 1
    outer loop
      vertex -67.75 26.6847 1.99
      vertex -67.6 26.7045 1.99
      vertex -67.7 26.7713 1.99
    endloop
  endfacet
  facet normal 0 0 1
    outer loop
      vertex -67.6 26.7045 1.99
      vertex -67.75 26.6847 1.99
      vertex -67.6 26.5845 1.99
    endloop
  endfacet
  facet normal 0 0 1
    outer loop
      vertex -68.0754 26.9564 1.99
      vertex -67.75 26.6847 1.99
      vertex -67.7 26.7713 1.99
    endloop
  endfacet
  facet normal 0 0 1
    outer loop
      vertex -68.0754 26.9564 1.99
      vertex -68.1137 26.864 1.99
      vertex -67.75 26.6847 1.99
    endloop
  endfacet
  facet normal 0 0 1
    outer loop
      vertex -68.4718 27.091 1.99
      vertex -68.1137 26.864 1.99
      vertex -68.0754 26.9564 1.99
    endloop
  endfacet
  facet normal 0 0 1
    outer loop
      vertex -68.4718 27.091 1.99
      vertex -68.4977 26.9944 1.99
      vertex -68.1137 26.864 1.99
    endloop
  endfacet
  facet normal 0 0 1
    outer loop
      vertex -68.5172 27.1 1.99
      vertex -68.4977 26.9944 1.99
      vertex -68.4718 27.091 1.99
    endloop
  endfacet
  facet normal 0 0 1
    outer loop
      vertex -68.5172 27.1 1.99
      vertex -68.8954 27.0735 1.99
      vertex -68.4977 26.9944 1.99
    endloop
  endfacet
  facet normal 0 -0 1
    outer loop
      vertex -68.8954 27.0735 1.99
      vertex -68.5172 27.1 1.99
      vertex -69.3 27.1 1.99
    endloop
  endfacet
  facet normal -0 0 1
    outer loop
      vertex -67.75 21.3153 1.99
      vertex -67.6 21.2955 1.99
      vertex -67.6 21.4155 1.99
    endloop
  endfacet
  facet normal 0 0 1
    outer loop
      vertex -67.6 21.2955 1.99
      vertex -67.75 21.3153 1.99
      vertex -67.7 21.2287 1.99
    endloop
  endfacet
  facet normal 0 0 1
    outer loop
      vertex -67.75 21.3153 1.99
      vertex -68.0754 21.0436 1.99
      vertex -67.7 21.2287 1.99
    endloop
  endfacet
  facet normal -0 0 1
    outer loop
      vertex -68.1137 21.136 1.99
      vertex -68.0754 21.0436 1.99
      vertex -67.75 21.3153 1.99
    endloop
  endfacet
  facet normal 0 0 1
    outer loop
      vertex -68.1137 21.136 1.99
      vertex -68.4718 20.909 1.99
      vertex -68.0754 21.0436 1.99
    endloop
  endfacet
  facet normal -0 0 1
    outer loop
      vertex -68.4977 21.0056 1.99
      vertex -68.4718 20.909 1.99
      vertex -68.1137 21.136 1.99
    endloop
  endfacet
  facet normal 0 0 1
    outer loop
      vertex -68.4977 21.0056 1.99
      vertex -68.5172 20.9 1.99
      vertex -68.4718 20.909 1.99
    endloop
  endfacet
  facet normal -0 0 1
    outer loop
      vertex -68.8954 20.9265 1.99
      vertex -68.5172 20.9 1.99
      vertex -68.4977 21.0056 1.99
    endloop
  endfacet
  facet normal 0 0 1
    outer loop
      vertex -68.5172 20.9 1.99
      vertex -68.8954 20.9265 1.99
      vertex -69.3 20.9 1.99
    endloop
  endfacet
  facet normal 0 0 1
    outer loop
      vertex -69.7046 20.9265 1.99
      vertex -70.0828 20.9 1.99
      vertex -69.3 20.9 1.99
    endloop
  endfacet
  facet normal 0 0 1
    outer loop
      vertex -70.1023 21.0056 1.99
      vertex -70.0828 20.9 1.99
      vertex -69.7046 20.9265 1.99
    endloop
  endfacet
  facet normal 0 0 1
    outer loop
      vertex -70.1023 21.0056 1.99
      vertex -70.1282 20.909 1.99
      vertex -70.0828 20.9 1.99
    endloop
  endfacet
  facet normal 0 0 1
    outer loop
      vertex -70.4863 21.136 1.99
      vertex -70.1282 20.909 1.99
      vertex -70.1023 21.0056 1.99
    endloop
  endfacet
  facet normal 0 0 1
    outer loop
      vertex -70.4863 21.136 1.99
      vertex -70.5246 21.0436 1.99
      vertex -70.1282 20.909 1.99
    endloop
  endfacet
  facet normal 0 0 1
    outer loop
      vertex -70.4863 21.136 1.99
      vertex -70.6 21.0808 1.99
      vertex -70.5246 21.0436 1.99
    endloop
  endfacet
  facet normal 0 0 1
    outer loop
      vertex -70.85 21.3153 1.99
      vertex -70.6 21.0808 1.99
      vertex -70.4863 21.136 1.99
    endloop
  endfacet
  facet normal 0 0 1
    outer loop
      vertex -71 20.9 1.99
      vertex -70.6 21.0808 1.99
      vertex -70.85 21.3153 1.99
    endloop
  endfacet
  facet normal 0 0 1
    outer loop
      vertex -71 20.9 1.99
      vertex -70.85 21.3153 1.99
      vertex -71 21.4155 1.99
    endloop
  endfacet
  facet normal 0 0 1
    outer loop
      vertex -70.6 21.0808 1.99
      vertex -71 20.9 1.99
      vertex -70.6 20.9 1.99
    endloop
  endfacet
  facet normal -0 0 1
    outer loop
      vertex -71 27.1 1.99
      vertex -69.7046 27.0735 1.99
      vertex -69.3 27.1 1.99
    endloop
  endfacet
  facet normal 0 0 1
    outer loop
      vertex -71 27.1 1.99
      vertex -70.1023 26.9944 1.99
      vertex -69.7046 27.0735 1.99
    endloop
  endfacet
  facet normal 0 0 1
    outer loop
      vertex -71 27.1 1.99
      vertex -70.4863 26.864 1.99
      vertex -70.1023 26.9944 1.99
    endloop
  endfacet
  facet normal 0 0 1
    outer loop
      vertex -71 27.1 1.99
      vertex -70.85 26.6847 1.99
      vertex -70.4863 26.864 1.99
    endloop
  endfacet
  facet normal 0 0 1
    outer loop
      vertex -70.85 26.6847 1.99
      vertex -71 27.1 1.99
      vertex -71 26.5845 1.99
    endloop
  endfacet
  facet normal 1 0 0
    outer loop
      vertex -71 25.7 2.4
      vertex -71 24 2.4
      vertex -71 25.7 2.2
    endloop
  endfacet
  facet normal 1 0 0
    outer loop
      vertex -71 27.1 2.2
      vertex -71 26.5845 2
      vertex -71 27.1 1.99
    endloop
  endfacet
  facet normal 1 -0 0
    outer loop
      vertex -71 25.7 2.2
      vertex -71 26.5845 2
      vertex -71 27.1 2.2
    endloop
  endfacet
  facet normal 1 0 0
    outer loop
      vertex -71 22.3 2.2
      vertex -71 25.7 2.2
      vertex -71 24 2.4
    endloop
  endfacet
  facet normal 1 0 0
    outer loop
      vertex -71 22.3 2.2
      vertex -71 24 2.4
      vertex -71 22.3 2.4
    endloop
  endfacet
  facet normal 1 0 0
    outer loop
      vertex -71 25.7 2.2
      vertex -71 22.3 2.2
      vertex -71 26.5845 2
    endloop
  endfacet
  facet normal 1 0 0
    outer loop
      vertex -71 22.3 2.2
      vertex -71 21.4155 2
      vertex -71 26.5845 2
    endloop
  endfacet
  facet normal 1 -0 0
    outer loop
      vertex -71 20.9 2.2
      vertex -71 21.4155 2
      vertex -71 22.3 2.2
    endloop
  endfacet
  facet normal 1 0 0
    outer loop
      vertex -71 20.9 1.99
      vertex -71 21.4155 2
      vertex -71 20.9 2.2
    endloop
  endfacet
  facet normal 1 0 0
    outer loop
      vertex -71 21.4155 2
      vertex -71 20.9 1.99
      vertex -71 21.4155 1.99
    endloop
  endfacet
  facet normal 1 0 0
    outer loop
      vertex -71 27.1 1.99
      vertex -71 26.5845 2
      vertex -71 26.5845 1.99
    endloop
  endfacet
  facet normal 0 -1 0
    outer loop
      vertex -69.3 27.1 1.99
      vertex -71 27.1 2.2
      vertex -71 27.1 1.99
    endloop
  endfacet
  facet normal 0 -1 0
    outer loop
      vertex -71 27.1 2.2
      vertex -69.3 27.1 1.99
      vertex -68.5172 27.1 2.2
    endloop
  endfacet
  facet normal 0 -1 -0
    outer loop
      vertex -68.5172 27.1 2.2
      vertex -69.3 27.1 1.99
      vertex -68.5172 27.1 1.99
    endloop
  endfacet
  facet normal 0 1 -0
    outer loop
      vertex -70.6 20.9 1.99
      vertex -71 20.9 2.2
      vertex -70.6 20.9 2.2
    endloop
  endfacet
  facet normal 0 1 0
    outer loop
      vertex -71 20.9 2.2
      vertex -70.6 20.9 1.99
      vertex -71 20.9 1.99
    endloop
  endfacet
  facet normal 0 1 0
    outer loop
      vertex -69.3 20.9 1.99
      vertex -68.5172 20.9 2.2
      vertex -68.5172 20.9 1.99
    endloop
  endfacet
  facet normal 0 1 0
    outer loop
      vertex -68.5172 20.9 2.2
      vertex -69.3 20.9 1.99
      vertex -70.0828 20.9 2.2
    endloop
  endfacet
  facet normal 0 1 0
    outer loop
      vertex -70.0828 20.9 2.2
      vertex -69.3 20.9 1.99
      vertex -70.0828 20.9 1.99
    endloop
  endfacet
  facet normal 0 0 -1
    outer loop
      vertex -69.5219 25.6855 2.4
      vertex -71 25.7 2.4
      vertex -69.3 25.7 2.4
    endloop
  endfacet
  facet normal 0 0 -1
    outer loop
      vertex -69.74 25.6421 2.4
      vertex -71 25.7 2.4
      vertex -69.5219 25.6855 2.4
    endloop
  endfacet
  facet normal 0 0 -1
    outer loop
      vertex -69.9506 25.5706 2.4
      vertex -71 25.7 2.4
      vertex -69.74 25.6421 2.4
    endloop
  endfacet
  facet normal 0 0 -1
    outer loop
      vertex -70.15 25.4722 2.4
      vertex -71 25.7 2.4
      vertex -69.9506 25.5706 2.4
    endloop
  endfacet
  facet normal 0 0 -1
    outer loop
      vertex -70.3349 25.3487 2.4
      vertex -71 25.7 2.4
      vertex -70.15 25.4722 2.4
    endloop
  endfacet
  facet normal 0 0 -1
    outer loop
      vertex -70.5021 25.2021 2.4
      vertex -71 25.7 2.4
      vertex -70.3349 25.3487 2.4
    endloop
  endfacet
  facet normal 0 0 -1
    outer loop
      vertex -70.6487 25.0349 2.4
      vertex -71 25.7 2.4
      vertex -70.5021 25.2021 2.4
    endloop
  endfacet
  facet normal 0 0 -1
    outer loop
      vertex -70.7722 24.85 2.4
      vertex -71 25.7 2.4
      vertex -70.6487 25.0349 2.4
    endloop
  endfacet
  facet normal 0 0 -1
    outer loop
      vertex -70.8706 24.6506 2.4
      vertex -71 25.7 2.4
      vertex -70.7722 24.85 2.4
    endloop
  endfacet
  facet normal 0 0 -1
    outer loop
      vertex -70.9421 24.44 2.4
      vertex -71 25.7 2.4
      vertex -70.8706 24.6506 2.4
    endloop
  endfacet
  facet normal 0 0 -1
    outer loop
      vertex -70.9855 24.2219 2.4
      vertex -71 25.7 2.4
      vertex -70.9421 24.44 2.4
    endloop
  endfacet
  facet normal 0 0 -1
    outer loop
      vertex -71 25.7 2.4
      vertex -70.9855 24.2219 2.4
      vertex -71 24 2.4
    endloop
  endfacet
  facet normal 0 0 -1
    outer loop
      vertex -67.6145 24.2219 2.4
      vertex -67.6 25.7 2.4
      vertex -67.6 24 2.4
    endloop
  endfacet
  facet normal 0 0 -1
    outer loop
      vertex -67.6579 24.44 2.4
      vertex -67.6 25.7 2.4
      vertex -67.6145 24.2219 2.4
    endloop
  endfacet
  facet normal 0 0 -1
    outer loop
      vertex -67.7294 24.6506 2.4
      vertex -67.6 25.7 2.4
      vertex -67.6579 24.44 2.4
    endloop
  endfacet
  facet normal 0 0 -1
    outer loop
      vertex -67.8278 24.85 2.4
      vertex -67.6 25.7 2.4
      vertex -67.7294 24.6506 2.4
    endloop
  endfacet
  facet normal 0 0 -1
    outer loop
      vertex -67.9513 25.0349 2.4
      vertex -67.6 25.7 2.4
      vertex -67.8278 24.85 2.4
    endloop
  endfacet
  facet normal 0 0 -1
    outer loop
      vertex -68.0979 25.2021 2.4
      vertex -67.6 25.7 2.4
      vertex -67.9513 25.0349 2.4
    endloop
  endfacet
  facet normal 0 0 -1
    outer loop
      vertex -68.2651 25.3487 2.4
      vertex -67.6 25.7 2.4
      vertex -68.0979 25.2021 2.4
    endloop
  endfacet
  facet normal 0 0 -1
    outer loop
      vertex -68.45 25.4722 2.4
      vertex -67.6 25.7 2.4
      vertex -68.2651 25.3487 2.4
    endloop
  endfacet
  facet normal 0 0 -1
    outer loop
      vertex -68.6494 25.5706 2.4
      vertex -67.6 25.7 2.4
      vertex -68.45 25.4722 2.4
    endloop
  endfacet
  facet normal 0 0 -1
    outer loop
      vertex -68.86 25.6421 2.4
      vertex -67.6 25.7 2.4
      vertex -68.6494 25.5706 2.4
    endloop
  endfacet
  facet normal 0 0 -1
    outer loop
      vertex -69.0781 25.6855 2.4
      vertex -67.6 25.7 2.4
      vertex -68.86 25.6421 2.4
    endloop
  endfacet
  facet normal -0 0 -1
    outer loop
      vertex -67.6 25.7 2.4
      vertex -69.0781 25.6855 2.4
      vertex -69.3 25.7 2.4
    endloop
  endfacet
  facet normal 0 0 -1
    outer loop
      vertex -71 22.3 2.4
      vertex -69.5219 22.3145 2.4
      vertex -69.3 22.3 2.4
    endloop
  endfacet
  facet normal 0 0 -1
    outer loop
      vertex -71 22.3 2.4
      vertex -69.74 22.3579 2.4
      vertex -69.5219 22.3145 2.4
    endloop
  endfacet
  facet normal 0 0 -1
    outer loop
      vertex -71 22.3 2.4
      vertex -69.9506 22.4294 2.4
      vertex -69.74 22.3579 2.4
    endloop
  endfacet
  facet normal 0 0 -1
    outer loop
      vertex -71 22.3 2.4
      vertex -70.15 22.5278 2.4
      vertex -69.9506 22.4294 2.4
    endloop
  endfacet
  facet normal 0 0 -1
    outer loop
      vertex -71 22.3 2.4
      vertex -70.3349 22.6513 2.4
      vertex -70.15 22.5278 2.4
    endloop
  endfacet
  facet normal 0 0 -1
    outer loop
      vertex -71 22.3 2.4
      vertex -70.5021 22.7979 2.4
      vertex -70.3349 22.6513 2.4
    endloop
  endfacet
  facet normal 0 0 -1
    outer loop
      vertex -71 22.3 2.4
      vertex -70.6487 22.9651 2.4
      vertex -70.5021 22.7979 2.4
    endloop
  endfacet
  facet normal 0 0 -1
    outer loop
      vertex -71 22.3 2.4
      vertex -70.7722 23.15 2.4
      vertex -70.6487 22.9651 2.4
    endloop
  endfacet
  facet normal 0 0 -1
    outer loop
      vertex -71 22.3 2.4
      vertex -70.8706 23.3494 2.4
      vertex -70.7722 23.15 2.4
    endloop
  endfacet
  facet normal 0 0 -1
    outer loop
      vertex -71 22.3 2.4
      vertex -70.9421 23.56 2.4
      vertex -70.8706 23.3494 2.4
    endloop
  endfacet
  facet normal 0 0 -1
    outer loop
      vertex -71 22.3 2.4
      vertex -70.9855 23.7781 2.4
      vertex -70.9421 23.56 2.4
    endloop
  endfacet
  facet normal -0 0 -1
    outer loop
      vertex -70.9855 23.7781 2.4
      vertex -71 22.3 2.4
      vertex -71 24 2.4
    endloop
  endfacet
  facet normal 0 0 -1
    outer loop
      vertex -67.6 22.3 2.4
      vertex -67.6145 23.7781 2.4
      vertex -67.6 24 2.4
    endloop
  endfacet
  facet normal 0 0 -1
    outer loop
      vertex -67.6 22.3 2.4
      vertex -67.6579 23.56 2.4
      vertex -67.6145 23.7781 2.4
    endloop
  endfacet
  facet normal 0 0 -1
    outer loop
      vertex -67.6 22.3 2.4
      vertex -67.7294 23.3494 2.4
      vertex -67.6579 23.56 2.4
    endloop
  endfacet
  facet normal 0 0 -1
    outer loop
      vertex -67.6 22.3 2.4
      vertex -67.8278 23.15 2.4
      vertex -67.7294 23.3494 2.4
    endloop
  endfacet
  facet normal 0 0 -1
    outer loop
      vertex -67.6 22.3 2.4
      vertex -67.9513 22.9651 2.4
      vertex -67.8278 23.15 2.4
    endloop
  endfacet
  facet normal 0 0 -1
    outer loop
      vertex -67.6 22.3 2.4
      vertex -68.0979 22.7979 2.4
      vertex -67.9513 22.9651 2.4
    endloop
  endfacet
  facet normal 0 0 -1
    outer loop
      vertex -67.6 22.3 2.4
      vertex -68.2651 22.6513 2.4
      vertex -68.0979 22.7979 2.4
    endloop
  endfacet
  facet normal 0 0 -1
    outer loop
      vertex -67.6 22.3 2.4
      vertex -68.45 22.5278 2.4
      vertex -68.2651 22.6513 2.4
    endloop
  endfacet
  facet normal 0 0 -1
    outer loop
      vertex -67.6 22.3 2.4
      vertex -68.6494 22.4294 2.4
      vertex -68.45 22.5278 2.4
    endloop
  endfacet
  facet normal 0 0 -1
    outer loop
      vertex -67.6 22.3 2.4
      vertex -68.86 22.3579 2.4
      vertex -68.6494 22.4294 2.4
    endloop
  endfacet
  facet normal 0 0 -1
    outer loop
      vertex -67.6 22.3 2.4
      vertex -69.0781 22.3145 2.4
      vertex -68.86 22.3579 2.4
    endloop
  endfacet
  facet normal 0 -0 -1
    outer loop
      vertex -69.0781 22.3145 2.4
      vertex -67.6 22.3 2.4
      vertex -69.3 22.3 2.4
    endloop
  endfacet
  facet normal 0 -1 0
    outer loop
      vertex -71 25.7 2.2
      vertex -69.3 25.7 2.4
      vertex -71 25.7 2.4
    endloop
  endfacet
  facet normal 0 -1 0
    outer loop
      vertex -67.6 25.7 2.2
      vertex -69.3 25.7 2.4
      vertex -71 25.7 2.2
    endloop
  endfacet
  facet normal 0 -1 0
    outer loop
      vertex -69.3 25.7 2.4
      vertex -67.6 25.7 2.2
      vertex -67.6 25.7 2.4
    endloop
  endfacet
  facet normal 0 1 -0
    outer loop
      vertex -67.6 22.3 2.2
      vertex -69.3 22.3 2.4
      vertex -67.6 22.3 2.4
    endloop
  endfacet
  facet normal 0 1 0
    outer loop
      vertex -71 22.3 2.2
      vertex -69.3 22.3 2.4
      vertex -67.6 22.3 2.2
    endloop
  endfacet
  facet normal 0 1 0
    outer loop
      vertex -69.3 22.3 2.4
      vertex -71 22.3 2.2
      vertex -71 22.3 2.4
    endloop
  endfacet
  facet normal -0.98077 -0.195165 0
    outer loop
      vertex -67.6145 24.2219 2.4
      vertex -67.6579 24.44 3.7
      vertex -67.6579 24.44 2.4
    endloop
  endfacet
  facet normal -0.98077 -0.195165 0
    outer loop
      vertex -67.6579 24.44 3.7
      vertex -67.6145 24.2219 2.4
      vertex -67.6145 24.2219 3.7
    endloop
  endfacet
  facet normal -0.997872 -0.0652057 0
    outer loop
      vertex -67.6 24 2.4
      vertex -67.6145 24.2219 3.7
      vertex -67.6145 24.2219 2.4
    endloop
  endfacet
  facet normal -0.997872 -0.0652057 0
    outer loop
      vertex -67.6145 24.2219 3.7
      vertex -67.6 24 2.4
      vertex -67.6 24 3.7
    endloop
  endfacet
  facet normal -0.0652057 0.997872 0
    outer loop
      vertex -69.0781 22.3145 2.4
      vertex -69.3 22.3 3.7
      vertex -69.0781 22.3145 3.7
    endloop
  endfacet
  facet normal -0.0652057 0.997872 0
    outer loop
      vertex -69.3 22.3 3.7
      vertex -69.0781 22.3145 2.4
      vertex -69.3 22.3 2.4
    endloop
  endfacet
  facet normal 0.659268 -0.751908 0
    outer loop
      vertex -70.5021 25.2021 2.4
      vertex -70.3349 25.3487 3.7
      vertex -70.5021 25.2021 3.7
    endloop
  endfacet
  facet normal 0.659268 -0.751908 0
    outer loop
      vertex -70.3349 25.3487 3.7
      vertex -70.5021 25.2021 2.4
      vertex -70.3349 25.3487 2.4
    endloop
  endfacet
  facet normal 0.831566 0.555426 0
    outer loop
      vertex -70.6487 22.9651 3.7
      vertex -70.7722 23.15 2.4
      vertex -70.7722 23.15 3.7
    endloop
  endfacet
  facet normal 0.831566 0.555426 0
    outer loop
      vertex -70.7722 23.15 2.4
      vertex -70.6487 22.9651 3.7
      vertex -70.6487 22.9651 2.4
    endloop
  endfacet
  facet normal 0.195165 0.98077 -0
    outer loop
      vertex -69.5219 22.3145 2.4
      vertex -69.74 22.3579 3.7
      vertex -69.5219 22.3145 3.7
    endloop
  endfacet
  facet normal 0.195165 0.98077 0
    outer loop
      vertex -69.74 22.3579 3.7
      vertex -69.5219 22.3145 2.4
      vertex -69.74 22.3579 2.4
    endloop
  endfacet
  facet normal -0.659268 -0.751908 0
    outer loop
      vertex -68.2651 25.3487 2.4
      vertex -68.0979 25.2021 3.7
      vertex -68.2651 25.3487 3.7
    endloop
  endfacet
  facet normal -0.659268 -0.751908 -0
    outer loop
      vertex -68.0979 25.2021 3.7
      vertex -68.2651 25.3487 2.4
      vertex -68.0979 25.2021 2.4
    endloop
  endfacet
  facet normal -0.946915 0.321484 0
    outer loop
      vertex -67.7294 23.3494 2.4
      vertex -67.6579 23.56 3.7
      vertex -67.6579 23.56 2.4
    endloop
  endfacet
  facet normal -0.946915 0.321484 0
    outer loop
      vertex -67.6579 23.56 3.7
      vertex -67.7294 23.3494 2.4
      vertex -67.7294 23.3494 3.7
    endloop
  endfacet
  facet normal -0.751908 0.659268 0
    outer loop
      vertex -68.0979 22.7979 2.4
      vertex -67.9513 22.9651 3.7
      vertex -67.9513 22.9651 2.4
    endloop
  endfacet
  facet normal -0.751908 0.659268 0
    outer loop
      vertex -67.9513 22.9651 3.7
      vertex -68.0979 22.7979 2.4
      vertex -68.0979 22.7979 3.7
    endloop
  endfacet
  facet normal -0.751908 -0.659268 0
    outer loop
      vertex -67.9513 25.0349 2.4
      vertex -68.0979 25.2021 3.7
      vertex -68.0979 25.2021 2.4
    endloop
  endfacet
  facet normal -0.751908 -0.659268 0
    outer loop
      vertex -68.0979 25.2021 3.7
      vertex -67.9513 25.0349 2.4
      vertex -67.9513 25.0349 3.7
    endloop
  endfacet
  facet normal 0.946915 0.321484 0
    outer loop
      vertex -70.8706 23.3494 3.7
      vertex -70.9421 23.56 2.4
      vertex -70.9421 23.56 3.7
    endloop
  endfacet
  facet normal 0.946915 0.321484 0
    outer loop
      vertex -70.9421 23.56 2.4
      vertex -70.8706 23.3494 3.7
      vertex -70.8706 23.3494 2.4
    endloop
  endfacet
  facet normal -0.321484 0.946915 0
    outer loop
      vertex -68.6494 22.4294 2.4
      vertex -68.86 22.3579 3.7
      vertex -68.6494 22.4294 3.7
    endloop
  endfacet
  facet normal -0.321484 0.946915 0
    outer loop
      vertex -68.86 22.3579 3.7
      vertex -68.6494 22.4294 2.4
      vertex -68.86 22.3579 2.4
    endloop
  endfacet
  facet normal 0.0652057 0.997872 -0
    outer loop
      vertex -69.3 22.3 2.4
      vertex -69.5219 22.3145 3.7
      vertex -69.3 22.3 3.7
    endloop
  endfacet
  facet normal 0.0652057 0.997872 0
    outer loop
      vertex -69.5219 22.3145 3.7
      vertex -69.3 22.3 2.4
      vertex -69.5219 22.3145 2.4
    endloop
  endfacet
  facet normal 0.321484 -0.946915 0
    outer loop
      vertex -69.9506 25.5706 2.4
      vertex -69.74 25.6421 3.7
      vertex -69.9506 25.5706 3.7
    endloop
  endfacet
  facet normal 0.321484 -0.946915 0
    outer loop
      vertex -69.74 25.6421 3.7
      vertex -69.9506 25.5706 2.4
      vertex -69.74 25.6421 2.4
    endloop
  endfacet
  facet normal -0.946915 -0.321484 0
    outer loop
      vertex -67.6579 24.44 2.4
      vertex -67.7294 24.6506 3.7
      vertex -67.7294 24.6506 2.4
    endloop
  endfacet
  facet normal -0.946915 -0.321484 0
    outer loop
      vertex -67.7294 24.6506 3.7
      vertex -67.6579 24.44 2.4
      vertex -67.6579 24.44 3.7
    endloop
  endfacet
  facet normal 0.751908 -0.659268 0
    outer loop
      vertex -70.6487 25.0349 3.7
      vertex -70.5021 25.2021 2.4
      vertex -70.5021 25.2021 3.7
    endloop
  endfacet
  facet normal 0.751908 -0.659268 0
    outer loop
      vertex -70.5021 25.2021 2.4
      vertex -70.6487 25.0349 3.7
      vertex -70.6487 25.0349 2.4
    endloop
  endfacet
  facet normal 0.44253 0.896754 -0
    outer loop
      vertex -69.9506 22.4294 2.4
      vertex -70.15 22.5278 3.7
      vertex -69.9506 22.4294 3.7
    endloop
  endfacet
  facet normal 0.44253 0.896754 0
    outer loop
      vertex -70.15 22.5278 3.7
      vertex -69.9506 22.4294 2.4
      vertex -70.15 22.5278 2.4
    endloop
  endfacet
  facet normal 0.0652057 -0.997872 0
    outer loop
      vertex -69.5219 25.6855 2.4
      vertex -69.3 25.7 3.7
      vertex -69.5219 25.6855 3.7
    endloop
  endfacet
  facet normal 0.0652057 -0.997872 0
    outer loop
      vertex -69.3 25.7 3.7
      vertex -69.5219 25.6855 2.4
      vertex -69.3 25.7 2.4
    endloop
  endfacet
  facet normal -0.896754 0.44253 0
    outer loop
      vertex -67.8278 23.15 2.4
      vertex -67.7294 23.3494 3.7
      vertex -67.7294 23.3494 2.4
    endloop
  endfacet
  facet normal -0.896754 0.44253 0
    outer loop
      vertex -67.7294 23.3494 3.7
      vertex -67.8278 23.15 2.4
      vertex -67.8278 23.15 3.7
    endloop
  endfacet
  facet normal -0.555426 0.831566 0
    outer loop
      vertex -68.2651 22.6513 2.4
      vertex -68.45 22.5278 3.7
      vertex -68.2651 22.6513 3.7
    endloop
  endfacet
  facet normal -0.555426 0.831566 0
    outer loop
      vertex -68.45 22.5278 3.7
      vertex -68.2651 22.6513 2.4
      vertex -68.45 22.5278 2.4
    endloop
  endfacet
  facet normal 0.98077 0.195165 0
    outer loop
      vertex -70.9421 23.56 3.7
      vertex -70.9855 23.7781 2.4
      vertex -70.9855 23.7781 3.7
    endloop
  endfacet
  facet normal 0.98077 0.195165 0
    outer loop
      vertex -70.9855 23.7781 2.4
      vertex -70.9421 23.56 3.7
      vertex -70.9421 23.56 2.4
    endloop
  endfacet
  facet normal 0.751908 0.659268 0
    outer loop
      vertex -70.5021 22.7979 3.7
      vertex -70.6487 22.9651 2.4
      vertex -70.6487 22.9651 3.7
    endloop
  endfacet
  facet normal 0.751908 0.659268 0
    outer loop
      vertex -70.6487 22.9651 2.4
      vertex -70.5021 22.7979 3.7
      vertex -70.5021 22.7979 2.4
    endloop
  endfacet
  facet normal -0.195165 -0.98077 0
    outer loop
      vertex -69.0781 25.6855 2.4
      vertex -68.86 25.6421 3.7
      vertex -69.0781 25.6855 3.7
    endloop
  endfacet
  facet normal -0.195165 -0.98077 -0
    outer loop
      vertex -68.86 25.6421 3.7
      vertex -69.0781 25.6855 2.4
      vertex -68.86 25.6421 2.4
    endloop
  endfacet
  facet normal -0.831566 -0.555426 0
    outer loop
      vertex -67.8278 24.85 2.4
      vertex -67.9513 25.0349 3.7
      vertex -67.9513 25.0349 2.4
    endloop
  endfacet
  facet normal -0.831566 -0.555426 0
    outer loop
      vertex -67.9513 25.0349 3.7
      vertex -67.8278 24.85 2.4
      vertex -67.8278 24.85 3.7
    endloop
  endfacet
  facet normal -0.997872 0.0652057 0
    outer loop
      vertex -67.6145 23.7781 2.4
      vertex -67.6 24 3.7
      vertex -67.6 24 2.4
    endloop
  endfacet
  facet normal -0.997872 0.0652057 0
    outer loop
      vertex -67.6 24 3.7
      vertex -67.6145 23.7781 2.4
      vertex -67.6145 23.7781 3.7
    endloop
  endfacet
  facet normal -0.321484 -0.946915 0
    outer loop
      vertex -68.86 25.6421 2.4
      vertex -68.6494 25.5706 3.7
      vertex -68.86 25.6421 3.7
    endloop
  endfacet
  facet normal -0.321484 -0.946915 -0
    outer loop
      vertex -68.6494 25.5706 3.7
      vertex -68.86 25.6421 2.4
      vertex -68.6494 25.5706 2.4
    endloop
  endfacet
  facet normal -0.555426 -0.831566 0
    outer loop
      vertex -68.45 25.4722 2.4
      vertex -68.2651 25.3487 3.7
      vertex -68.45 25.4722 3.7
    endloop
  endfacet
  facet normal -0.555426 -0.831566 -0
    outer loop
      vertex -68.2651 25.3487 3.7
      vertex -68.45 25.4722 2.4
      vertex -68.2651 25.3487 2.4
    endloop
  endfacet
  facet normal 0.195165 -0.98077 0
    outer loop
      vertex -69.74 25.6421 2.4
      vertex -69.5219 25.6855 3.7
      vertex -69.74 25.6421 3.7
    endloop
  endfacet
  facet normal 0.195165 -0.98077 0
    outer loop
      vertex -69.5219 25.6855 3.7
      vertex -69.74 25.6421 2.4
      vertex -69.5219 25.6855 2.4
    endloop
  endfacet
  facet normal -0.659268 0.751908 0
    outer loop
      vertex -68.0979 22.7979 2.4
      vertex -68.2651 22.6513 3.7
      vertex -68.0979 22.7979 3.7
    endloop
  endfacet
  facet normal -0.659268 0.751908 0
    outer loop
      vertex -68.2651 22.6513 3.7
      vertex -68.0979 22.7979 2.4
      vertex -68.2651 22.6513 2.4
    endloop
  endfacet
  facet normal 0.896754 -0.44253 0
    outer loop
      vertex -70.8706 24.6506 3.7
      vertex -70.7722 24.85 2.4
      vertex -70.7722 24.85 3.7
    endloop
  endfacet
  facet normal 0.896754 -0.44253 0
    outer loop
      vertex -70.7722 24.85 2.4
      vertex -70.8706 24.6506 3.7
      vertex -70.8706 24.6506 2.4
    endloop
  endfacet
  facet normal -0.98077 0.195165 0
    outer loop
      vertex -67.6579 23.56 2.4
      vertex -67.6145 23.7781 3.7
      vertex -67.6145 23.7781 2.4
    endloop
  endfacet
  facet normal -0.98077 0.195165 0
    outer loop
      vertex -67.6145 23.7781 3.7
      vertex -67.6579 23.56 2.4
      vertex -67.6579 23.56 3.7
    endloop
  endfacet
  facet normal -0.195165 0.98077 0
    outer loop
      vertex -68.86 22.3579 2.4
      vertex -69.0781 22.3145 3.7
      vertex -68.86 22.3579 3.7
    endloop
  endfacet
  facet normal -0.195165 0.98077 0
    outer loop
      vertex -69.0781 22.3145 3.7
      vertex -68.86 22.3579 2.4
      vertex -69.0781 22.3145 2.4
    endloop
  endfacet
  facet normal 0.659268 0.751908 -0
    outer loop
      vertex -70.3349 22.6513 2.4
      vertex -70.5021 22.7979 3.7
      vertex -70.3349 22.6513 3.7
    endloop
  endfacet
  facet normal 0.659268 0.751908 0
    outer loop
      vertex -70.5021 22.7979 3.7
      vertex -70.3349 22.6513 2.4
      vertex -70.5021 22.7979 2.4
    endloop
  endfacet
  facet normal -0.0652057 -0.997872 0
    outer loop
      vertex -69.3 25.7 2.4
      vertex -69.0781 25.6855 3.7
      vertex -69.3 25.7 3.7
    endloop
  endfacet
  facet normal -0.0652057 -0.997872 -0
    outer loop
      vertex -69.0781 25.6855 3.7
      vertex -69.3 25.7 2.4
      vertex -69.0781 25.6855 2.4
    endloop
  endfacet
  facet normal -0.44253 -0.896754 0
    outer loop
      vertex -68.6494 25.5706 2.4
      vertex -68.45 25.4722 3.7
      vertex -68.6494 25.5706 3.7
    endloop
  endfacet
  facet normal -0.44253 -0.896754 -0
    outer loop
      vertex -68.45 25.4722 3.7
      vertex -68.6494 25.5706 2.4
      vertex -68.45 25.4722 2.4
    endloop
  endfacet
  facet normal -0.831566 0.555426 0
    outer loop
      vertex -67.9513 22.9651 2.4
      vertex -67.8278 23.15 3.7
      vertex -67.8278 23.15 2.4
    endloop
  endfacet
  facet normal -0.831566 0.555426 0
    outer loop
      vertex -67.8278 23.15 3.7
      vertex -67.9513 22.9651 2.4
      vertex -67.9513 22.9651 3.7
    endloop
  endfacet
  facet normal 0.997872 0.0652057 0
    outer loop
      vertex -70.9855 23.7781 3.7
      vertex -71 24 2.4
      vertex -71 24 3.7
    endloop
  endfacet
  facet normal 0.997872 0.0652057 0
    outer loop
      vertex -71 24 2.4
      vertex -70.9855 23.7781 3.7
      vertex -70.9855 23.7781 2.4
    endloop
  endfacet
  facet normal -0.44253 0.896754 0
    outer loop
      vertex -68.45 22.5278 2.4
      vertex -68.6494 22.4294 3.7
      vertex -68.45 22.5278 3.7
    endloop
  endfacet
  facet normal -0.44253 0.896754 0
    outer loop
      vertex -68.6494 22.4294 3.7
      vertex -68.45 22.5278 2.4
      vertex -68.6494 22.4294 2.4
    endloop
  endfacet
  facet normal 0.98077 -0.195165 0
    outer loop
      vertex -70.9855 24.2219 3.7
      vertex -70.9421 24.44 2.4
      vertex -70.9421 24.44 3.7
    endloop
  endfacet
  facet normal 0.98077 -0.195165 0
    outer loop
      vertex -70.9421 24.44 2.4
      vertex -70.9855 24.2219 3.7
      vertex -70.9855 24.2219 2.4
    endloop
  endfacet
  facet normal 0.896754 0.44253 0
    outer loop
      vertex -70.7722 23.15 3.7
      vertex -70.8706 23.3494 2.4
      vertex -70.8706 23.3494 3.7
    endloop
  endfacet
  facet normal 0.896754 0.44253 0
    outer loop
      vertex -70.8706 23.3494 2.4
      vertex -70.7722 23.15 3.7
      vertex -70.7722 23.15 2.4
    endloop
  endfacet
  facet normal 0.946915 -0.321484 0
    outer loop
      vertex -70.9421 24.44 3.7
      vertex -70.8706 24.6506 2.4
      vertex -70.8706 24.6506 3.7
    endloop
  endfacet
  facet normal 0.946915 -0.321484 0
    outer loop
      vertex -70.8706 24.6506 2.4
      vertex -70.9421 24.44 3.7
      vertex -70.9421 24.44 2.4
    endloop
  endfacet
  facet normal -0.896754 -0.44253 0
    outer loop
      vertex -67.7294 24.6506 2.4
      vertex -67.8278 24.85 3.7
      vertex -67.8278 24.85 2.4
    endloop
  endfacet
  facet normal -0.896754 -0.44253 0
    outer loop
      vertex -67.8278 24.85 3.7
      vertex -67.7294 24.6506 2.4
      vertex -67.7294 24.6506 3.7
    endloop
  endfacet
  facet normal 0.997872 -0.0652057 0
    outer loop
      vertex -71 24 3.7
      vertex -70.9855 24.2219 2.4
      vertex -70.9855 24.2219 3.7
    endloop
  endfacet
  facet normal 0.997872 -0.0652057 0
    outer loop
      vertex -70.9855 24.2219 2.4
      vertex -71 24 3.7
      vertex -71 24 2.4
    endloop
  endfacet
  facet normal 0.321484 0.946915 -0
    outer loop
      vertex -69.74 22.3579 2.4
      vertex -69.9506 22.4294 3.7
      vertex -69.74 22.3579 3.7
    endloop
  endfacet
  facet normal 0.321484 0.946915 0
    outer loop
      vertex -69.9506 22.4294 3.7
      vertex -69.74 22.3579 2.4
      vertex -69.9506 22.4294 2.4
    endloop
  endfacet
  facet normal 0.44253 -0.896754 0
    outer loop
      vertex -70.15 25.4722 2.4
      vertex -69.9506 25.5706 3.7
      vertex -70.15 25.4722 3.7
    endloop
  endfacet
  facet normal 0.44253 -0.896754 0
    outer loop
      vertex -69.9506 25.5706 3.7
      vertex -70.15 25.4722 2.4
      vertex -69.9506 25.5706 2.4
    endloop
  endfacet
  facet normal 0.555426 -0.831566 0
    outer loop
      vertex -70.3349 25.3487 2.4
      vertex -70.15 25.4722 3.7
      vertex -70.3349 25.3487 3.7
    endloop
  endfacet
  facet normal 0.555426 -0.831566 0
    outer loop
      vertex -70.15 25.4722 3.7
      vertex -70.3349 25.3487 2.4
      vertex -70.15 25.4722 2.4
    endloop
  endfacet
  facet normal 0.831566 -0.555426 0
    outer loop
      vertex -70.7722 24.85 3.7
      vertex -70.6487 25.0349 2.4
      vertex -70.6487 25.0349 3.7
    endloop
  endfacet
  facet normal 0.831566 -0.555426 0
    outer loop
      vertex -70.6487 25.0349 2.4
      vertex -70.7722 24.85 3.7
      vertex -70.7722 24.85 2.4
    endloop
  endfacet
  facet normal 0.555426 0.831566 -0
    outer loop
      vertex -70.15 22.5278 2.4
      vertex -70.3349 22.6513 3.7
      vertex -70.15 22.5278 3.7
    endloop
  endfacet
  facet normal 0.555426 0.831566 0
    outer loop
      vertex -70.3349 22.6513 3.7
      vertex -70.15 22.5278 2.4
      vertex -70.3349 22.6513 2.4
    endloop
  endfacet
  facet normal -0.442176 0.896928 0
    outer loop
      vertex 70.85 -26.6847 6.86646e-07
      vertex 70.4863 -26.864 1.99
      vertex 70.85 -26.6847 1.99
    endloop
  endfacet
  facet normal -0.442176 0.896928 0
    outer loop
      vertex 70.4863 -26.864 1.99
      vertex 70.85 -26.6847 6.86646e-07
      vertex 70.4863 -26.864 6.86646e-07
    endloop
  endfacet
  facet normal -0.980789 -0.195073 0
    outer loop
      vertex 72.3735 -23.5954 6.86646e-07
      vertex 72.2944 -23.1977 1.8
      vertex 72.2944 -23.1977 6.86646e-07
    endloop
  endfacet
  facet normal -0.980789 -0.195073 0
    outer loop
      vertex 72.2944 -23.1977 1.8
      vertex 72.3735 -23.5954 6.86646e-07
      vertex 72.3735 -23.5954 1.8
    endloop
  endfacet
  facet normal -0.997862 -0.0653568 0
    outer loop
      vertex 72.4 -24 6.86646e-07
      vertex 72.3735 -23.5954 1.8
      vertex 72.3735 -23.5954 6.86646e-07
    endloop
  endfacet
  facet normal -0.997862 -0.0653568 0
    outer loop
      vertex 72.3735 -23.5954 1.8
      vertex 72.4 -24 6.86646e-07
      vertex 72.4 -24 1.8
    endloop
  endfacet
  facet normal -0.946893 -0.321549 0
    outer loop
      vertex 72.2944 -23.1977 6.86646e-07
      vertex 72.164 -22.8137 1.8
      vertex 72.164 -22.8137 6.86646e-07
    endloop
  endfacet
  facet normal -0.946893 -0.321549 0
    outer loop
      vertex 72.164 -22.8137 1.8
      vertex 72.2944 -23.1977 6.86646e-07
      vertex 72.2944 -23.1977 1.8
    endloop
  endfacet
  facet normal -0.751682 0.659526 0
    outer loop
      vertex 71.7594 -25.8872 6.86646e-07
      vertex 71.6041 -26.0642 1.8
      vertex 71.7594 -25.8872 1.8
    endloop
  endfacet
  facet normal -0.751721 0.659482 -7.72766e-06
    outer loop
      vertex 71.492 -26.192 6.86646e-07
      vertex 71.6041 -26.0642 1.8
      vertex 71.7594 -25.8872 6.86646e-07
    endloop
  endfacet
  facet normal -0.751774 0.65942 0
    outer loop
      vertex 71.492 -26.192 2
      vertex 71.6041 -26.0642 1.8
      vertex 71.492 -26.192 6.86646e-07
    endloop
  endfacet
  facet normal -0.751774 0.65942 0
    outer loop
      vertex 71.6041 -26.0642 1.8
      vertex 71.492 -26.192 2
      vertex 71.6041 -26.0642 2
    endloop
  endfacet
  facet normal -0.321549 -0.946893 0
    outer loop
      vertex 70.1023 -21.0056 6.86646e-07
      vertex 70.4863 -21.136 1.99
      vertex 70.1023 -21.0056 1.99
    endloop
  endfacet
  facet normal -0.321549 -0.946893 -0
    outer loop
      vertex 70.4863 -21.136 1.99
      vertex 70.1023 -21.0056 6.86646e-07
      vertex 70.4863 -21.136 6.86646e-07
    endloop
  endfacet
  facet normal -0.555468 -0.831538 -0
    outer loop
      vertex 70.85 -21.3153 1.99
      vertex 70.85 -21.3153 6.86646e-07
      vertex 71 -21.4155 1.99
    endloop
  endfacet
  facet normal -0.555622 -0.831435 0
    outer loop
      vertex 71 -21.4155 1.99
      vertex 71.1872 -21.5406 2
      vertex 71 -21.4155 2
    endloop
  endfacet
  facet normal -0.555553 -0.831481 9.36771e-06
    outer loop
      vertex 71.1872 -21.5406 6.86646e-07
      vertex 71 -21.4155 1.99
      vertex 70.85 -21.3153 6.86646e-07
    endloop
  endfacet
  facet normal -0.555622 -0.831435 0
    outer loop
      vertex 71 -21.4155 1.99
      vertex 71.1872 -21.5406 6.86646e-07
      vertex 71.1872 -21.5406 2
    endloop
  endfacet
  facet normal -0.896928 0.442176 0
    outer loop
      vertex 71.9847 -25.55 6.86646e-07
      vertex 72.164 -25.1863 1.8
      vertex 72.164 -25.1863 6.86646e-07
    endloop
  endfacet
  facet normal -0.896928 0.442176 0
    outer loop
      vertex 72.164 -25.1863 1.8
      vertex 71.9847 -25.55 6.86646e-07
      vertex 71.9847 -25.55 1.8
    endloop
  endfacet
  facet normal -0.321549 0.946893 0
    outer loop
      vertex 70.4863 -26.864 6.86646e-07
      vertex 70.1023 -26.9944 1.99
      vertex 70.4863 -26.864 1.99
    endloop
  endfacet
  facet normal -0.321549 0.946893 0
    outer loop
      vertex 70.1023 -26.9944 1.99
      vertex 70.4863 -26.864 6.86646e-07
      vertex 70.1023 -26.9944 6.86646e-07
    endloop
  endfacet
  facet normal -0.896928 -0.442176 0
    outer loop
      vertex 72.164 -22.8137 6.86646e-07
      vertex 71.9847 -22.45 1.8
      vertex 71.9847 -22.45 6.86646e-07
    endloop
  endfacet
  facet normal -0.896928 -0.442176 0
    outer loop
      vertex 71.9847 -22.45 1.8
      vertex 72.164 -22.8137 6.86646e-07
      vertex 72.164 -22.8137 1.8
    endloop
  endfacet
  facet normal 0.195073 -0.980789 0
    outer loop
      vertex 68.4977 -21.0056 6.86646e-07
      vertex 68.8954 -20.9265 1.99
      vertex 68.4977 -21.0056 1.99
    endloop
  endfacet
  facet normal 0.195073 -0.980789 0
    outer loop
      vertex 68.8954 -20.9265 1.99
      vertex 68.4977 -21.0056 6.86646e-07
      vertex 68.8954 -20.9265 6.86646e-07
    endloop
  endfacet
  facet normal 0.0653568 0.997862 -0
    outer loop
      vertex 69.3 -27.1 6.86646e-07
      vertex 68.8954 -27.0735 1.99
      vertex 69.3 -27.1 1.99
    endloop
  endfacet
  facet normal 0.0653568 0.997862 0
    outer loop
      vertex 68.8954 -27.0735 1.99
      vertex 69.3 -27.1 6.86646e-07
      vertex 68.8954 -27.0735 6.86646e-07
    endloop
  endfacet
  facet normal 0.555622 -0.831435 0
    outer loop
      vertex 67.4128 -21.5406 2
      vertex 67.6 -21.4155 1.99
      vertex 67.6 -21.4155 2
    endloop
  endfacet
  facet normal 0.555622 -0.831435 0
    outer loop
      vertex 67.4128 -21.5406 6.86646e-07
      vertex 67.6 -21.4155 1.99
      vertex 67.4128 -21.5406 2
    endloop
  endfacet
  facet normal 0.555553 -0.831481 9.36771e-06
    outer loop
      vertex 67.75 -21.3153 6.86646e-07
      vertex 67.6 -21.4155 1.99
      vertex 67.4128 -21.5406 6.86646e-07
    endloop
  endfacet
  facet normal 0.555468 -0.831538 0
    outer loop
      vertex 67.6 -21.4155 1.99
      vertex 67.75 -21.3153 6.86646e-07
      vertex 67.75 -21.3153 1.99
    endloop
  endfacet
  facet normal 0.321549 0.946893 -0
    outer loop
      vertex 68.4977 -26.9944 6.86646e-07
      vertex 68.1137 -26.864 1.99
      vertex 68.4977 -26.9944 1.99
    endloop
  endfacet
  facet normal 0.321549 0.946893 0
    outer loop
      vertex 68.1137 -26.864 1.99
      vertex 68.4977 -26.9944 6.86646e-07
      vertex 68.1137 -26.864 6.86646e-07
    endloop
  endfacet
  facet normal -0.946893 0.321549 0
    outer loop
      vertex 72.164 -25.1863 6.86646e-07
      vertex 72.2944 -24.8023 1.8
      vertex 72.2944 -24.8023 6.86646e-07
    endloop
  endfacet
  facet normal -0.946893 0.321549 0
    outer loop
      vertex 72.2944 -24.8023 1.8
      vertex 72.164 -25.1863 6.86646e-07
      vertex 72.164 -25.1863 1.8
    endloop
  endfacet
  facet normal 0.831481 0.555553 0
    outer loop
      vertex 66.8406 -25.8872 2
      vertex 66.6153 -25.55 6.86646e-07
      vertex 66.6153 -25.55 2
    endloop
  endfacet
  facet normal 0.831481 0.555553 0
    outer loop
      vertex 66.6153 -25.55 6.86646e-07
      vertex 66.8406 -25.8872 2
      vertex 66.8406 -25.8872 6.86646e-07
    endloop
  endfacet
  facet normal 0.659482 0.751721 -0
    outer loop
      vertex 67.4128 -26.4594 6.86646e-07
      vertex 67.108 -26.192 2
      vertex 67.4128 -26.4594 2
    endloop
  endfacet
  facet normal 0.659482 0.751721 0
    outer loop
      vertex 67.108 -26.192 2
      vertex 67.4128 -26.4594 6.86646e-07
      vertex 67.108 -26.192 6.86646e-07
    endloop
  endfacet
  facet normal 0.659482 -0.751721 0
    outer loop
      vertex 67.108 -21.808 6.86646e-07
      vertex 67.4128 -21.5406 2
      vertex 67.108 -21.808 2
    endloop
  endfacet
  facet normal 0.659482 -0.751721 0
    outer loop
      vertex 67.4128 -21.5406 2
      vertex 67.108 -21.808 6.86646e-07
      vertex 67.4128 -21.5406 6.86646e-07
    endloop
  endfacet
  facet normal 0.946893 -0.321549 0
    outer loop
      vertex 66.3056 -23.1977 2
      vertex 66.436 -22.8137 6.86646e-07
      vertex 66.436 -22.8137 2
    endloop
  endfacet
  facet normal 0.946893 -0.321549 0
    outer loop
      vertex 66.436 -22.8137 6.86646e-07
      vertex 66.3056 -23.1977 2
      vertex 66.3056 -23.1977 6.86646e-07
    endloop
  endfacet
  facet normal 0.442176 -0.896928 0
    outer loop
      vertex 67.75 -21.3153 6.86646e-07
      vertex 68.1137 -21.136 1.99
      vertex 67.75 -21.3153 1.99
    endloop
  endfacet
  facet normal 0.442176 -0.896928 0
    outer loop
      vertex 68.1137 -21.136 1.99
      vertex 67.75 -21.3153 6.86646e-07
      vertex 68.1137 -21.136 6.86646e-07
    endloop
  endfacet
  facet normal 0.980789 -0.195073 0
    outer loop
      vertex 66.2265 -23.5954 2
      vertex 66.3056 -23.1977 6.86646e-07
      vertex 66.3056 -23.1977 2
    endloop
  endfacet
  facet normal 0.980789 -0.195073 0
    outer loop
      vertex 66.3056 -23.1977 6.86646e-07
      vertex 66.2265 -23.5954 2
      vertex 66.2265 -23.5954 6.86646e-07
    endloop
  endfacet
  facet normal 0.321549 -0.946893 0
    outer loop
      vertex 68.1137 -21.136 6.86646e-07
      vertex 68.4977 -21.0056 1.99
      vertex 68.1137 -21.136 1.99
    endloop
  endfacet
  facet normal 0.321549 -0.946893 0
    outer loop
      vertex 68.4977 -21.0056 1.99
      vertex 68.1137 -21.136 6.86646e-07
      vertex 68.4977 -21.0056 6.86646e-07
    endloop
  endfacet
  facet normal -0.659482 0.751721 0
    outer loop
      vertex 71.492 -26.192 6.86646e-07
      vertex 71.1872 -26.4594 2
      vertex 71.492 -26.192 2
    endloop
  endfacet
  facet normal -0.659482 0.751721 0
    outer loop
      vertex 71.1872 -26.4594 2
      vertex 71.492 -26.192 6.86646e-07
      vertex 71.1872 -26.4594 6.86646e-07
    endloop
  endfacet
  facet normal -0.0653568 -0.997862 0
    outer loop
      vertex 69.3 -20.9 6.86646e-07
      vertex 69.7046 -20.9265 1.99
      vertex 69.3 -20.9 1.99
    endloop
  endfacet
  facet normal -0.0653568 -0.997862 -0
    outer loop
      vertex 69.7046 -20.9265 1.99
      vertex 69.3 -20.9 6.86646e-07
      vertex 69.7046 -20.9265 6.86646e-07
    endloop
  endfacet
  facet normal -0.831629 -0.555331 0
    outer loop
      vertex 71.7594 -22.1128 6.86646e-07
      vertex 71.8 -22.1736 1.8
      vertex 71.7594 -22.1128 2
    endloop
  endfacet
  facet normal -0.831481 -0.555553 -1.08497e-05
    outer loop
      vertex 71.9847 -22.45 6.86646e-07
      vertex 71.8 -22.1736 1.8
      vertex 71.7594 -22.1128 6.86646e-07
    endloop
  endfacet
  facet normal -0.831448 -0.555602 0
    outer loop
      vertex 71.8 -22.1736 1.8
      vertex 71.9847 -22.45 6.86646e-07
      vertex 71.9847 -22.45 1.8
    endloop
  endfacet
  facet normal -0.831629 -0.555331 0
    outer loop
      vertex 71.7594 -22.1128 2
      vertex 71.8 -22.1736 1.8
      vertex 71.8 -22.1736 2
    endloop
  endfacet
  facet normal -0.195073 0.980789 0
    outer loop
      vertex 70.1023 -26.9944 6.86646e-07
      vertex 69.7046 -27.0735 1.99
      vertex 70.1023 -26.9944 1.99
    endloop
  endfacet
  facet normal -0.195073 0.980789 0
    outer loop
      vertex 69.7046 -27.0735 1.99
      vertex 70.1023 -26.9944 6.86646e-07
      vertex 69.7046 -27.0735 6.86646e-07
    endloop
  endfacet
  facet normal 0.980789 0.195073 0
    outer loop
      vertex 66.3056 -24.8023 2
      vertex 66.2265 -24.4046 6.86646e-07
      vertex 66.2265 -24.4046 2
    endloop
  endfacet
  facet normal 0.980789 0.195073 0
    outer loop
      vertex 66.2265 -24.4046 6.86646e-07
      vertex 66.3056 -24.8023 2
      vertex 66.3056 -24.8023 6.86646e-07
    endloop
  endfacet
  facet normal 0.751721 -0.659482 0
    outer loop
      vertex 66.8406 -22.1128 2
      vertex 67.108 -21.808 6.86646e-07
      vertex 67.108 -21.808 2
    endloop
  endfacet
  facet normal 0.751721 -0.659482 0
    outer loop
      vertex 67.108 -21.808 6.86646e-07
      vertex 66.8406 -22.1128 2
      vertex 66.8406 -22.1128 6.86646e-07
    endloop
  endfacet
  facet normal -0.659482 -0.751721 0
    outer loop
      vertex 71.1872 -21.5406 6.86646e-07
      vertex 71.492 -21.808 2
      vertex 71.1872 -21.5406 2
    endloop
  endfacet
  facet normal -0.659482 -0.751721 -0
    outer loop
      vertex 71.492 -21.808 2
      vertex 71.1872 -21.5406 6.86646e-07
      vertex 71.492 -21.808 6.86646e-07
    endloop
  endfacet
  facet normal -0.997862 0.0653568 0
    outer loop
      vertex 72.3735 -24.4046 6.86646e-07
      vertex 72.4 -24 1.8
      vertex 72.4 -24 6.86646e-07
    endloop
  endfacet
  facet normal -0.997862 0.0653568 0
    outer loop
      vertex 72.4 -24 1.8
      vertex 72.3735 -24.4046 6.86646e-07
      vertex 72.3735 -24.4046 1.8
    endloop
  endfacet
  facet normal -0.980789 0.195073 0
    outer loop
      vertex 72.2944 -24.8023 6.86646e-07
      vertex 72.3735 -24.4046 1.8
      vertex 72.3735 -24.4046 6.86646e-07
    endloop
  endfacet
  facet normal -0.980789 0.195073 0
    outer loop
      vertex 72.3735 -24.4046 1.8
      vertex 72.2944 -24.8023 6.86646e-07
      vertex 72.2944 -24.8023 1.8
    endloop
  endfacet
  facet normal -0.555622 0.831435 0
    outer loop
      vertex 71.1872 -26.4594 2
      vertex 71 -26.5845 1.99
      vertex 71 -26.5845 2
    endloop
  endfacet
  facet normal -0.555622 0.831435 0
    outer loop
      vertex 71.1872 -26.4594 6.86646e-07
      vertex 71 -26.5845 1.99
      vertex 71.1872 -26.4594 2
    endloop
  endfacet
  facet normal -0.555553 0.831481 9.36771e-06
    outer loop
      vertex 70.85 -26.6847 6.86646e-07
      vertex 71 -26.5845 1.99
      vertex 71.1872 -26.4594 6.86646e-07
    endloop
  endfacet
  facet normal -0.555468 0.831538 0
    outer loop
      vertex 71 -26.5845 1.99
      vertex 70.85 -26.6847 6.86646e-07
      vertex 70.85 -26.6847 1.99
    endloop
  endfacet
  facet normal -0.195073 -0.980789 0
    outer loop
      vertex 69.7046 -20.9265 6.86646e-07
      vertex 70.1023 -21.0056 1.99
      vertex 69.7046 -20.9265 1.99
    endloop
  endfacet
  facet normal -0.195073 -0.980789 -0
    outer loop
      vertex 70.1023 -21.0056 1.99
      vertex 69.7046 -20.9265 6.86646e-07
      vertex 70.1023 -21.0056 6.86646e-07
    endloop
  endfacet
  facet normal -0.751721 -0.659482 0
    outer loop
      vertex 71.7594 -22.1128 6.86646e-07
      vertex 71.492 -21.808 2
      vertex 71.492 -21.808 6.86646e-07
    endloop
  endfacet
  facet normal -0.751721 -0.659482 0
    outer loop
      vertex 71.492 -21.808 2
      vertex 71.7594 -22.1128 6.86646e-07
      vertex 71.7594 -22.1128 2
    endloop
  endfacet
  facet normal -0.442176 -0.896928 0
    outer loop
      vertex 70.4863 -21.136 6.86646e-07
      vertex 70.85 -21.3153 1.99
      vertex 70.4863 -21.136 1.99
    endloop
  endfacet
  facet normal -0.442176 -0.896928 -0
    outer loop
      vertex 70.85 -21.3153 1.99
      vertex 70.4863 -21.136 6.86646e-07
      vertex 70.85 -21.3153 6.86646e-07
    endloop
  endfacet
  facet normal 0.997862 0.0653568 0
    outer loop
      vertex 66.2265 -24.4046 2
      vertex 66.2 -24 6.86646e-07
      vertex 66.2 -24 2
    endloop
  endfacet
  facet normal 0.997862 0.0653568 0
    outer loop
      vertex 66.2 -24 6.86646e-07
      vertex 66.2265 -24.4046 2
      vertex 66.2265 -24.4046 6.86646e-07
    endloop
  endfacet
  facet normal -0.831481 0.555553 0
    outer loop
      vertex 71.7594 -25.8872 6.86646e-07
      vertex 71.9847 -25.55 1.8
      vertex 71.9847 -25.55 6.86646e-07
    endloop
  endfacet
  facet normal -0.831481 0.555553 0
    outer loop
      vertex 71.9847 -25.55 1.8
      vertex 71.7594 -25.8872 6.86646e-07
      vertex 71.7594 -25.8872 1.8
    endloop
  endfacet
  facet normal 0.751721 0.659482 0
    outer loop
      vertex 67.108 -26.192 2
      vertex 66.8406 -25.8872 6.86646e-07
      vertex 66.8406 -25.8872 2
    endloop
  endfacet
  facet normal 0.751721 0.659482 0
    outer loop
      vertex 66.8406 -25.8872 6.86646e-07
      vertex 67.108 -26.192 2
      vertex 67.108 -26.192 6.86646e-07
    endloop
  endfacet
  facet normal 0.997862 -0.0653568 0
    outer loop
      vertex 66.2 -24 2
      vertex 66.2265 -23.5954 6.86646e-07
      vertex 66.2265 -23.5954 2
    endloop
  endfacet
  facet normal 0.997862 -0.0653568 0
    outer loop
      vertex 66.2265 -23.5954 6.86646e-07
      vertex 66.2 -24 2
      vertex 66.2 -24 6.86646e-07
    endloop
  endfacet
  facet normal 0.442176 0.896928 -0
    outer loop
      vertex 68.1137 -26.864 6.86646e-07
      vertex 67.75 -26.6847 1.99
      vertex 68.1137 -26.864 1.99
    endloop
  endfacet
  facet normal 0.442176 0.896928 0
    outer loop
      vertex 67.75 -26.6847 1.99
      vertex 68.1137 -26.864 6.86646e-07
      vertex 67.75 -26.6847 6.86646e-07
    endloop
  endfacet
  facet normal 0.946893 0.321549 0
    outer loop
      vertex 66.436 -25.1863 2
      vertex 66.3056 -24.8023 6.86646e-07
      vertex 66.3056 -24.8023 2
    endloop
  endfacet
  facet normal 0.946893 0.321549 0
    outer loop
      vertex 66.3056 -24.8023 6.86646e-07
      vertex 66.436 -25.1863 2
      vertex 66.436 -25.1863 6.86646e-07
    endloop
  endfacet
  facet normal 0.195073 0.980789 -0
    outer loop
      vertex 68.8954 -27.0735 6.86646e-07
      vertex 68.4977 -26.9944 1.99
      vertex 68.8954 -27.0735 1.99
    endloop
  endfacet
  facet normal 0.195073 0.980789 0
    outer loop
      vertex 68.4977 -26.9944 1.99
      vertex 68.8954 -27.0735 6.86646e-07
      vertex 68.4977 -26.9944 6.86646e-07
    endloop
  endfacet
  facet normal -0.0653568 0.997862 0
    outer loop
      vertex 69.7046 -27.0735 6.86646e-07
      vertex 69.3 -27.1 1.99
      vertex 69.7046 -27.0735 1.99
    endloop
  endfacet
  facet normal -0.0653568 0.997862 0
    outer loop
      vertex 69.3 -27.1 1.99
      vertex 69.7046 -27.0735 6.86646e-07
      vertex 69.3 -27.1 6.86646e-07
    endloop
  endfacet
  facet normal 0.0653568 -0.997862 0
    outer loop
      vertex 68.8954 -20.9265 6.86646e-07
      vertex 69.3 -20.9 1.99
      vertex 68.8954 -20.9265 1.99
    endloop
  endfacet
  facet normal 0.0653568 -0.997862 0
    outer loop
      vertex 69.3 -20.9 1.99
      vertex 68.8954 -20.9265 6.86646e-07
      vertex 69.3 -20.9 6.86646e-07
    endloop
  endfacet
  facet normal 0.896928 0.442176 0
    outer loop
      vertex 66.6153 -25.55 2
      vertex 66.436 -25.1863 6.86646e-07
      vertex 66.436 -25.1863 2
    endloop
  endfacet
  facet normal 0.896928 0.442176 0
    outer loop
      vertex 66.436 -25.1863 6.86646e-07
      vertex 66.6153 -25.55 2
      vertex 66.6153 -25.55 6.86646e-07
    endloop
  endfacet
  facet normal 0.896928 -0.442176 0
    outer loop
      vertex 66.436 -22.8137 2
      vertex 66.6153 -22.45 6.86646e-07
      vertex 66.6153 -22.45 2
    endloop
  endfacet
  facet normal 0.896928 -0.442176 0
    outer loop
      vertex 66.6153 -22.45 6.86646e-07
      vertex 66.436 -22.8137 2
      vertex 66.436 -22.8137 6.86646e-07
    endloop
  endfacet
  facet normal 0.831481 -0.555553 0
    outer loop
      vertex 66.6153 -22.45 2
      vertex 66.8406 -22.1128 6.86646e-07
      vertex 66.8406 -22.1128 2
    endloop
  endfacet
  facet normal 0.831481 -0.555553 0
    outer loop
      vertex 66.8406 -22.1128 6.86646e-07
      vertex 66.6153 -22.45 2
      vertex 66.6153 -22.45 6.86646e-07
    endloop
  endfacet
  facet normal 0.555468 0.831538 0
    outer loop
      vertex 67.75 -26.6847 1.99
      vertex 67.75 -26.6847 6.86646e-07
      vertex 67.6 -26.5845 1.99
    endloop
  endfacet
  facet normal 0.555622 0.831435 -0
    outer loop
      vertex 67.6 -26.5845 1.99
      vertex 67.4128 -26.4594 2
      vertex 67.6 -26.5845 2
    endloop
  endfacet
  facet normal 0.555553 0.831481 9.36771e-06
    outer loop
      vertex 67.4128 -26.4594 6.86646e-07
      vertex 67.6 -26.5845 1.99
      vertex 67.75 -26.6847 6.86646e-07
    endloop
  endfacet
  facet normal 0.555622 0.831435 0
    outer loop
      vertex 67.6 -26.5845 1.99
      vertex 67.4128 -26.4594 6.86646e-07
      vertex 67.4128 -26.4594 2
    endloop
  endfacet
  facet normal 0 0 -1
    outer loop
      vertex 71.492 -21.808 2
      vertex 71.8 -22.1736 2
      vertex 71.8 -24.6 2
    endloop
  endfacet
  facet normal 0 0 -1
    outer loop
      vertex 71 -26.5845 2
      vertex 71.8 -24.6 2
      vertex 71.7521 -25.3309 2
    endloop
  endfacet
  facet normal 0 0 -1
    outer loop
      vertex 71.492 -26.192 2
      vertex 71.7521 -25.3309 2
      vertex 71.6092 -26.0494 2
    endloop
  endfacet
  facet normal 0 0 -1
    outer loop
      vertex 71.492 -26.192 2
      vertex 71.6092 -26.0494 2
      vertex 71.6041 -26.0642 2
    endloop
  endfacet
  facet normal 0 0 -1
    outer loop
      vertex 71.7521 -25.3309 2
      vertex 71.492 -26.192 2
      vertex 71.1872 -26.4594 2
    endloop
  endfacet
  facet normal 0 0 -1
    outer loop
      vertex 71.8 -22.1736 2
      vertex 71.492 -21.808 2
      vertex 71.7594 -22.1128 2
    endloop
  endfacet
  facet normal 0 0 -1
    outer loop
      vertex 71.7521 -25.3309 2
      vertex 71.1872 -26.4594 2
      vertex 71 -26.5845 2
    endloop
  endfacet
  facet normal -0 0 -1
    outer loop
      vertex 71.8 -24.6 2
      vertex 71 -26.5845 2
      vertex 71 -21.4155 2
    endloop
  endfacet
  facet normal 0 0 -1
    outer loop
      vertex 71.8 -24.6 2
      vertex 71 -21.4155 2
      vertex 71.492 -21.808 2
    endloop
  endfacet
  facet normal 0 0 -1
    outer loop
      vertex 71.492 -21.808 2
      vertex 71 -21.4155 2
      vertex 71.1872 -21.5406 2
    endloop
  endfacet
  facet normal 0 0 -1
    outer loop
      vertex 67.108 -26.192 2
      vertex 67.6 -26.5845 2
      vertex 67.4128 -26.4594 2
    endloop
  endfacet
  facet normal 0 0 -1
    outer loop
      vertex 67.6 -26.5845 2
      vertex 67.108 -26.192 2
      vertex 67.6 -21.4155 2
    endloop
  endfacet
  facet normal 0 0 -1
    outer loop
      vertex 67.108 -21.808 2
      vertex 67.6 -21.4155 2
      vertex 67.108 -26.192 2
    endloop
  endfacet
  facet normal 0 0 -1
    outer loop
      vertex 67.6 -21.4155 2
      vertex 67.108 -21.808 2
      vertex 67.4128 -21.5406 2
    endloop
  endfacet
  facet normal 0 0 -1
    outer loop
      vertex 66.8406 -25.8872 2
      vertex 67.108 -21.808 2
      vertex 67.108 -26.192 2
    endloop
  endfacet
  facet normal 0 0 -1
    outer loop
      vertex 66.8406 -25.8872 2
      vertex 66.8406 -22.1128 2
      vertex 67.108 -21.808 2
    endloop
  endfacet
  facet normal 0 0 -1
    outer loop
      vertex 66.6153 -25.55 2
      vertex 66.8406 -22.1128 2
      vertex 66.8406 -25.8872 2
    endloop
  endfacet
  facet normal 0 0 -1
    outer loop
      vertex 66.6153 -25.55 2
      vertex 66.6153 -22.45 2
      vertex 66.8406 -22.1128 2
    endloop
  endfacet
  facet normal 0 0 -1
    outer loop
      vertex 66.436 -25.1863 2
      vertex 66.6153 -22.45 2
      vertex 66.6153 -25.55 2
    endloop
  endfacet
  facet normal 0 0 -1
    outer loop
      vertex 66.436 -25.1863 2
      vertex 66.436 -22.8137 2
      vertex 66.6153 -22.45 2
    endloop
  endfacet
  facet normal 0 0 -1
    outer loop
      vertex 66.3056 -24.8023 2
      vertex 66.436 -22.8137 2
      vertex 66.436 -25.1863 2
    endloop
  endfacet
  facet normal 0 0 -1
    outer loop
      vertex 66.3056 -24.8023 2
      vertex 66.3056 -23.1977 2
      vertex 66.436 -22.8137 2
    endloop
  endfacet
  facet normal 0 0 -1
    outer loop
      vertex 66.2265 -24.4046 2
      vertex 66.3056 -23.1977 2
      vertex 66.3056 -24.8023 2
    endloop
  endfacet
  facet normal 0 0 -1
    outer loop
      vertex 66.2265 -24.4046 2
      vertex 66.2265 -23.5954 2
      vertex 66.3056 -23.1977 2
    endloop
  endfacet
  facet normal 0 -0 -1
    outer loop
      vertex 66.2265 -23.5954 2
      vertex 66.2265 -24.4046 2
      vertex 66.2 -24 2
    endloop
  endfacet
  facet normal -1 0 0
    outer loop
      vertex 71 -26.5845 1.99
      vertex 71 -27.1 1.99
      vertex 71 -26.5845 2
    endloop
  endfacet
  facet normal -1 0 0
    outer loop
      vertex 71 -21.4155 2
      vertex 71 -20.9 1.99
      vertex 71 -21.4155 1.99
    endloop
  endfacet
  facet normal -1 0 0
    outer loop
      vertex 71 -20.9 1.99
      vertex 71 -21.4155 2
      vertex 71 -20.9 2.2
    endloop
  endfacet
  facet normal -1 0 0
    outer loop
      vertex 71 -21.4155 2
      vertex 71 -22.3 2.2
      vertex 71 -20.9 2.2
    endloop
  endfacet
  facet normal -1 0 0
    outer loop
      vertex 71 -22.3 2.2
      vertex 71 -24 2.4
      vertex 71 -22.3 2.4
    endloop
  endfacet
  facet normal -1 0 0
    outer loop
      vertex 71 -25.7 2.2
      vertex 71 -22.3 2.2
      vertex 71 -21.4155 2
    endloop
  endfacet
  facet normal -1 0 0
    outer loop
      vertex 71 -22.3 2.2
      vertex 71 -25.7 2.2
      vertex 71 -24 2.4
    endloop
  endfacet
  facet normal -1 0 0
    outer loop
      vertex 71 -26.5845 2
      vertex 71 -25.7 2.2
      vertex 71 -21.4155 2
    endloop
  endfacet
  facet normal -1 0 0
    outer loop
      vertex 71 -27.1 2.2
      vertex 71 -26.5845 2
      vertex 71 -27.1 1.99
    endloop
  endfacet
  facet normal -1 0 0
    outer loop
      vertex 71 -26.5845 2
      vertex 71 -27.1 2.2
      vertex 71 -25.7 2.2
    endloop
  endfacet
  facet normal -1 -0 0
    outer loop
      vertex 71 -24 2.4
      vertex 71 -25.7 2.2
      vertex 71 -25.7 2.4
    endloop
  endfacet
  facet normal 0 0 -1
    outer loop
      vertex 71 -22.3 2.2
      vertex 70.6 -21.0808 2.2
      vertex 71 -20.9 2.2
    endloop
  endfacet
  facet normal 0 0 -1
    outer loop
      vertex 71 -22.3 2.2
      vertex 70.5246 -21.0436 2.2
      vertex 70.6 -21.0808 2.2
    endloop
  endfacet
  facet normal 0 0 -1
    outer loop
      vertex 71 -22.3 2.2
      vertex 70.1282 -20.909 2.2
      vertex 70.5246 -21.0436 2.2
    endloop
  endfacet
  facet normal 0 0 -1
    outer loop
      vertex 71 -22.3 2.2
      vertex 70.0828 -20.9 2.2
      vertex 70.1282 -20.909 2.2
    endloop
  endfacet
  facet normal 0 0 -1
    outer loop
      vertex 71 -22.3 2.2
      vertex 68.5172 -20.9 2.2
      vertex 70.0828 -20.9 2.2
    endloop
  endfacet
  facet normal 0 0 -1
    outer loop
      vertex 67.6 -22.3 2.2
      vertex 68.5172 -20.9 2.2
      vertex 71 -22.3 2.2
    endloop
  endfacet
  facet normal 0 0 -1
    outer loop
      vertex 68.5172 -20.9 2.2
      vertex 67.6 -22.3 2.2
      vertex 68.4718 -20.909 2.2
    endloop
  endfacet
  facet normal 0 0 -1
    outer loop
      vertex 68.4718 -20.909 2.2
      vertex 67.6 -22.3 2.2
      vertex 68.0754 -21.0436 2.2
    endloop
  endfacet
  facet normal 0 0 -1
    outer loop
      vertex 68.0754 -21.0436 2.2
      vertex 67.6 -22.3 2.2
      vertex 67.7 -21.2287 2.2
    endloop
  endfacet
  facet normal 0 0 -1
    outer loop
      vertex 67.7 -21.2287 2.2
      vertex 67.6 -22.3 2.2
      vertex 67.6 -21.2955 2.2
    endloop
  endfacet
  facet normal -0 0 -1
    outer loop
      vertex 71 -20.9 2.2
      vertex 70.6 -21.0808 2.2
      vertex 70.6 -20.9 2.2
    endloop
  endfacet
  facet normal 0 0 -1
    outer loop
      vertex 68.5172 -27.1 2.2
      vertex 71 -25.7 2.2
      vertex 71 -27.1 2.2
    endloop
  endfacet
  facet normal 0 0 -1
    outer loop
      vertex 67.6 -25.7 2.2
      vertex 68.5172 -27.1 2.2
      vertex 68.4718 -27.091 2.2
    endloop
  endfacet
  facet normal 0 0 -1
    outer loop
      vertex 67.6 -25.7 2.2
      vertex 68.4718 -27.091 2.2
      vertex 68.0754 -26.9564 2.2
    endloop
  endfacet
  facet normal 0 0 -1
    outer loop
      vertex 67.6 -25.7 2.2
      vertex 68.0754 -26.9564 2.2
      vertex 67.7 -26.7713 2.2
    endloop
  endfacet
  facet normal 0 0 -1
    outer loop
      vertex 67.6 -25.7 2.2
      vertex 67.7 -26.7713 2.2
      vertex 67.6 -26.7045 2.2
    endloop
  endfacet
  facet normal 0 0 -1
    outer loop
      vertex 68.5172 -27.1 2.2
      vertex 67.6 -25.7 2.2
      vertex 71 -25.7 2.2
    endloop
  endfacet
  facet normal 0 0 1
    outer loop
      vertex 71 -20.9 1.99
      vertex 70.85 -21.3153 1.99
      vertex 71 -21.4155 1.99
    endloop
  endfacet
  facet normal 0 0 1
    outer loop
      vertex 70.6 -21.0808 1.99
      vertex 71 -20.9 1.99
      vertex 70.6 -20.9 1.99
    endloop
  endfacet
  facet normal 0 0 1
    outer loop
      vertex 71 -20.9 1.99
      vertex 70.6 -21.0808 1.99
      vertex 70.85 -21.3153 1.99
    endloop
  endfacet
  facet normal 0 0 1
    outer loop
      vertex 70.4863 -21.136 1.99
      vertex 70.6 -21.0808 1.99
      vertex 70.5246 -21.0436 1.99
    endloop
  endfacet
  facet normal 0 0 1
    outer loop
      vertex 70.6 -21.0808 1.99
      vertex 70.4863 -21.136 1.99
      vertex 70.85 -21.3153 1.99
    endloop
  endfacet
  facet normal 0 0 1
    outer loop
      vertex 70.1282 -20.909 1.99
      vertex 70.4863 -21.136 1.99
      vertex 70.5246 -21.0436 1.99
    endloop
  endfacet
  facet normal 0 0 1
    outer loop
      vertex 70.1282 -20.909 1.99
      vertex 70.1023 -21.0056 1.99
      vertex 70.4863 -21.136 1.99
    endloop
  endfacet
  facet normal 0 0 1
    outer loop
      vertex 70.0828 -20.9 1.99
      vertex 70.1023 -21.0056 1.99
      vertex 70.1282 -20.909 1.99
    endloop
  endfacet
  facet normal 0 0 1
    outer loop
      vertex 70.0828 -20.9 1.99
      vertex 69.7046 -20.9265 1.99
      vertex 70.1023 -21.0056 1.99
    endloop
  endfacet
  facet normal 0 -0 1
    outer loop
      vertex 69.7046 -20.9265 1.99
      vertex 70.0828 -20.9 1.99
      vertex 69.3 -20.9 1.99
    endloop
  endfacet
  facet normal -0 0 1
    outer loop
      vertex 70.85 -26.6847 1.99
      vertex 71 -27.1 1.99
      vertex 71 -26.5845 1.99
    endloop
  endfacet
  facet normal -0 0 1
    outer loop
      vertex 70.4863 -26.864 1.99
      vertex 71 -27.1 1.99
      vertex 70.85 -26.6847 1.99
    endloop
  endfacet
  facet normal -0 0 1
    outer loop
      vertex 70.1023 -26.9944 1.99
      vertex 71 -27.1 1.99
      vertex 70.4863 -26.864 1.99
    endloop
  endfacet
  facet normal -0 0 1
    outer loop
      vertex 69.7046 -27.0735 1.99
      vertex 71 -27.1 1.99
      vertex 70.1023 -26.9944 1.99
    endloop
  endfacet
  facet normal 0 0 1
    outer loop
      vertex 71 -27.1 1.99
      vertex 69.7046 -27.0735 1.99
      vertex 69.3 -27.1 1.99
    endloop
  endfacet
  facet normal 0 0 1
    outer loop
      vertex 68.8954 -27.0735 1.99
      vertex 68.5172 -27.1 1.99
      vertex 69.3 -27.1 1.99
    endloop
  endfacet
  facet normal 0 0 1
    outer loop
      vertex 68.4977 -26.9944 1.99
      vertex 68.5172 -27.1 1.99
      vertex 68.8954 -27.0735 1.99
    endloop
  endfacet
  facet normal 0 0 1
    outer loop
      vertex 68.4977 -26.9944 1.99
      vertex 68.4718 -27.091 1.99
      vertex 68.5172 -27.1 1.99
    endloop
  endfacet
  facet normal 0 0 1
    outer loop
      vertex 68.1137 -26.864 1.99
      vertex 68.4718 -27.091 1.99
      vertex 68.4977 -26.9944 1.99
    endloop
  endfacet
  facet normal 0 0 1
    outer loop
      vertex 68.1137 -26.864 1.99
      vertex 68.0754 -26.9564 1.99
      vertex 68.4718 -27.091 1.99
    endloop
  endfacet
  facet normal 0 0 1
    outer loop
      vertex 67.75 -26.6847 1.99
      vertex 68.0754 -26.9564 1.99
      vertex 68.1137 -26.864 1.99
    endloop
  endfacet
  facet normal 0 0 1
    outer loop
      vertex 67.75 -26.6847 1.99
      vertex 67.7 -26.7713 1.99
      vertex 68.0754 -26.9564 1.99
    endloop
  endfacet
  facet normal 0 0 1
    outer loop
      vertex 67.6 -26.7045 1.99
      vertex 67.75 -26.6847 1.99
      vertex 67.6 -26.5845 1.99
    endloop
  endfacet
  facet normal 0 0 1
    outer loop
      vertex 67.75 -26.6847 1.99
      vertex 67.6 -26.7045 1.99
      vertex 67.7 -26.7713 1.99
    endloop
  endfacet
  facet normal -0 0 1
    outer loop
      vertex 68.5172 -20.9 1.99
      vertex 68.8954 -20.9265 1.99
      vertex 69.3 -20.9 1.99
    endloop
  endfacet
  facet normal 0 0 1
    outer loop
      vertex 68.5172 -20.9 1.99
      vertex 68.4977 -21.0056 1.99
      vertex 68.8954 -20.9265 1.99
    endloop
  endfacet
  facet normal -0 0 1
    outer loop
      vertex 68.4718 -20.909 1.99
      vertex 68.4977 -21.0056 1.99
      vertex 68.5172 -20.9 1.99
    endloop
  endfacet
  facet normal 0 0 1
    outer loop
      vertex 68.4718 -20.909 1.99
      vertex 68.1137 -21.136 1.99
      vertex 68.4977 -21.0056 1.99
    endloop
  endfacet
  facet normal -0 0 1
    outer loop
      vertex 68.0754 -21.0436 1.99
      vertex 68.1137 -21.136 1.99
      vertex 68.4718 -20.909 1.99
    endloop
  endfacet
  facet normal 0 0 1
    outer loop
      vertex 68.0754 -21.0436 1.99
      vertex 67.75 -21.3153 1.99
      vertex 68.1137 -21.136 1.99
    endloop
  endfacet
  facet normal -0 0 1
    outer loop
      vertex 67.7 -21.2287 1.99
      vertex 67.75 -21.3153 1.99
      vertex 68.0754 -21.0436 1.99
    endloop
  endfacet
  facet normal -0 0 1
    outer loop
      vertex 67.6 -21.2955 1.99
      vertex 67.75 -21.3153 1.99
      vertex 67.7 -21.2287 1.99
    endloop
  endfacet
  facet normal 0 0 1
    outer loop
      vertex 67.75 -21.3153 1.99
      vertex 67.6 -21.2955 1.99
      vertex 67.6 -21.4155 1.99
    endloop
  endfacet
  facet normal 1 0 0
    outer loop
      vertex 67.6 -22.3 2.4
      vertex 67.6 -24 2.4
      vertex 67.6 -22.3 2.2
    endloop
  endfacet
  facet normal 1 0 0
    outer loop
      vertex 67.6 -21.2955 2.2
      vertex 67.6 -21.4155 2
      vertex 67.6 -21.2955 1.99
    endloop
  endfacet
  facet normal 1 -0 0
    outer loop
      vertex 67.6 -22.3 2.2
      vertex 67.6 -21.4155 2
      vertex 67.6 -21.2955 2.2
    endloop
  endfacet
  facet normal 1 0 0
    outer loop
      vertex 67.6 -25.7 2.2
      vertex 67.6 -22.3 2.2
      vertex 67.6 -24 2.4
    endloop
  endfacet
  facet normal 1 0 0
    outer loop
      vertex 67.6 -25.7 2.2
      vertex 67.6 -24 2.4
      vertex 67.6 -25.7 2.4
    endloop
  endfacet
  facet normal 1 0 0
    outer loop
      vertex 67.6 -22.3 2.2
      vertex 67.6 -25.7 2.2
      vertex 67.6 -21.4155 2
    endloop
  endfacet
  facet normal 1 0 0
    outer loop
      vertex 67.6 -25.7 2.2
      vertex 67.6 -26.5845 2
      vertex 67.6 -21.4155 2
    endloop
  endfacet
  facet normal 1 -0 0
    outer loop
      vertex 67.6 -26.7045 2.2
      vertex 67.6 -26.5845 2
      vertex 67.6 -25.7 2.2
    endloop
  endfacet
  facet normal 1 0 0
    outer loop
      vertex 67.6 -26.7045 1.99
      vertex 67.6 -26.5845 2
      vertex 67.6 -26.7045 2.2
    endloop
  endfacet
  facet normal 1 0 0
    outer loop
      vertex 67.6 -26.5845 2
      vertex 67.6 -26.7045 1.99
      vertex 67.6 -26.5845 1.99
    endloop
  endfacet
  facet normal 1 0 0
    outer loop
      vertex 67.6 -21.2955 1.99
      vertex 67.6 -21.4155 2
      vertex 67.6 -21.4155 1.99
    endloop
  endfacet
  facet normal 0 -1 0
    outer loop
      vertex 70.6 -20.9 1.99
      vertex 71 -20.9 2.2
      vertex 70.6 -20.9 2.2
    endloop
  endfacet
  facet normal 0 -1 -0
    outer loop
      vertex 71 -20.9 2.2
      vertex 70.6 -20.9 1.99
      vertex 71 -20.9 1.99
    endloop
  endfacet
  facet normal 0 -1 0
    outer loop
      vertex 69.3 -20.9 1.99
      vertex 68.5172 -20.9 2.2
      vertex 68.5172 -20.9 1.99
    endloop
  endfacet
  facet normal 0 -1 0
    outer loop
      vertex 68.5172 -20.9 2.2
      vertex 69.3 -20.9 1.99
      vertex 70.0828 -20.9 2.2
    endloop
  endfacet
  facet normal 0 -1 -0
    outer loop
      vertex 70.0828 -20.9 2.2
      vertex 69.3 -20.9 1.99
      vertex 70.0828 -20.9 1.99
    endloop
  endfacet
  facet normal 0 1 0
    outer loop
      vertex 69.3 -27.1 1.99
      vertex 71 -27.1 2.2
      vertex 71 -27.1 1.99
    endloop
  endfacet
  facet normal 0 1 0
    outer loop
      vertex 71 -27.1 2.2
      vertex 69.3 -27.1 1.99
      vertex 68.5172 -27.1 2.2
    endloop
  endfacet
  facet normal 0 1 0
    outer loop
      vertex 68.5172 -27.1 2.2
      vertex 69.3 -27.1 1.99
      vertex 68.5172 -27.1 1.99
    endloop
  endfacet
  facet normal 0 0 -1
    outer loop
      vertex 69.0781 -22.3145 2.4
      vertex 67.6 -22.3 2.4
      vertex 69.3 -22.3 2.4
    endloop
  endfacet
  facet normal 0 0 -1
    outer loop
      vertex 68.86 -22.3579 2.4
      vertex 67.6 -22.3 2.4
      vertex 69.0781 -22.3145 2.4
    endloop
  endfacet
  facet normal 0 0 -1
    outer loop
      vertex 68.6494 -22.4294 2.4
      vertex 67.6 -22.3 2.4
      vertex 68.86 -22.3579 2.4
    endloop
  endfacet
  facet normal 0 0 -1
    outer loop
      vertex 68.45 -22.5278 2.4
      vertex 67.6 -22.3 2.4
      vertex 68.6494 -22.4294 2.4
    endloop
  endfacet
  facet normal 0 0 -1
    outer loop
      vertex 68.2651 -22.6513 2.4
      vertex 67.6 -22.3 2.4
      vertex 68.45 -22.5278 2.4
    endloop
  endfacet
  facet normal 0 0 -1
    outer loop
      vertex 68.0979 -22.7979 2.4
      vertex 67.6 -22.3 2.4
      vertex 68.2651 -22.6513 2.4
    endloop
  endfacet
  facet normal 0 0 -1
    outer loop
      vertex 67.9513 -22.9651 2.4
      vertex 67.6 -22.3 2.4
      vertex 68.0979 -22.7979 2.4
    endloop
  endfacet
  facet normal 0 0 -1
    outer loop
      vertex 67.8278 -23.15 2.4
      vertex 67.6 -22.3 2.4
      vertex 67.9513 -22.9651 2.4
    endloop
  endfacet
  facet normal 0 0 -1
    outer loop
      vertex 67.7294 -23.3494 2.4
      vertex 67.6 -22.3 2.4
      vertex 67.8278 -23.15 2.4
    endloop
  endfacet
  facet normal 0 0 -1
    outer loop
      vertex 67.6579 -23.56 2.4
      vertex 67.6 -22.3 2.4
      vertex 67.7294 -23.3494 2.4
    endloop
  endfacet
  facet normal 0 0 -1
    outer loop
      vertex 67.6145 -23.7781 2.4
      vertex 67.6 -22.3 2.4
      vertex 67.6579 -23.56 2.4
    endloop
  endfacet
  facet normal 0 0 -1
    outer loop
      vertex 67.6 -22.3 2.4
      vertex 67.6145 -23.7781 2.4
      vertex 67.6 -24 2.4
    endloop
  endfacet
  facet normal 0 0 -1
    outer loop
      vertex 70.9855 -23.7781 2.4
      vertex 71 -22.3 2.4
      vertex 71 -24 2.4
    endloop
  endfacet
  facet normal 0 0 -1
    outer loop
      vertex 70.9421 -23.56 2.4
      vertex 71 -22.3 2.4
      vertex 70.9855 -23.7781 2.4
    endloop
  endfacet
  facet normal 0 0 -1
    outer loop
      vertex 70.8706 -23.3494 2.4
      vertex 71 -22.3 2.4
      vertex 70.9421 -23.56 2.4
    endloop
  endfacet
  facet normal 0 0 -1
    outer loop
      vertex 70.7722 -23.15 2.4
      vertex 71 -22.3 2.4
      vertex 70.8706 -23.3494 2.4
    endloop
  endfacet
  facet normal 0 0 -1
    outer loop
      vertex 70.6487 -22.9651 2.4
      vertex 71 -22.3 2.4
      vertex 70.7722 -23.15 2.4
    endloop
  endfacet
  facet normal 0 0 -1
    outer loop
      vertex 70.5021 -22.7979 2.4
      vertex 71 -22.3 2.4
      vertex 70.6487 -22.9651 2.4
    endloop
  endfacet
  facet normal 0 0 -1
    outer loop
      vertex 70.3349 -22.6513 2.4
      vertex 71 -22.3 2.4
      vertex 70.5021 -22.7979 2.4
    endloop
  endfacet
  facet normal 0 0 -1
    outer loop
      vertex 70.15 -22.5278 2.4
      vertex 71 -22.3 2.4
      vertex 70.3349 -22.6513 2.4
    endloop
  endfacet
  facet normal 0 0 -1
    outer loop
      vertex 69.9506 -22.4294 2.4
      vertex 71 -22.3 2.4
      vertex 70.15 -22.5278 2.4
    endloop
  endfacet
  facet normal 0 0 -1
    outer loop
      vertex 69.74 -22.3579 2.4
      vertex 71 -22.3 2.4
      vertex 69.9506 -22.4294 2.4
    endloop
  endfacet
  facet normal 0 0 -1
    outer loop
      vertex 69.5219 -22.3145 2.4
      vertex 71 -22.3 2.4
      vertex 69.74 -22.3579 2.4
    endloop
  endfacet
  facet normal -0 0 -1
    outer loop
      vertex 71 -22.3 2.4
      vertex 69.5219 -22.3145 2.4
      vertex 69.3 -22.3 2.4
    endloop
  endfacet
  facet normal 0 0 -1
    outer loop
      vertex 67.6 -25.7 2.4
      vertex 69.0781 -25.6855 2.4
      vertex 69.3 -25.7 2.4
    endloop
  endfacet
  facet normal 0 0 -1
    outer loop
      vertex 67.6 -25.7 2.4
      vertex 68.86 -25.6421 2.4
      vertex 69.0781 -25.6855 2.4
    endloop
  endfacet
  facet normal 0 0 -1
    outer loop
      vertex 67.6 -25.7 2.4
      vertex 68.6494 -25.5706 2.4
      vertex 68.86 -25.6421 2.4
    endloop
  endfacet
  facet normal 0 0 -1
    outer loop
      vertex 67.6 -25.7 2.4
      vertex 68.45 -25.4722 2.4
      vertex 68.6494 -25.5706 2.4
    endloop
  endfacet
  facet normal 0 0 -1
    outer loop
      vertex 67.6 -25.7 2.4
      vertex 68.2651 -25.3487 2.4
      vertex 68.45 -25.4722 2.4
    endloop
  endfacet
  facet normal 0 0 -1
    outer loop
      vertex 67.6 -25.7 2.4
      vertex 68.0979 -25.2021 2.4
      vertex 68.2651 -25.3487 2.4
    endloop
  endfacet
  facet normal 0 0 -1
    outer loop
      vertex 67.6 -25.7 2.4
      vertex 67.9513 -25.0349 2.4
      vertex 68.0979 -25.2021 2.4
    endloop
  endfacet
  facet normal 0 0 -1
    outer loop
      vertex 67.6 -25.7 2.4
      vertex 67.8278 -24.85 2.4
      vertex 67.9513 -25.0349 2.4
    endloop
  endfacet
  facet normal 0 0 -1
    outer loop
      vertex 67.6 -25.7 2.4
      vertex 67.7294 -24.6506 2.4
      vertex 67.8278 -24.85 2.4
    endloop
  endfacet
  facet normal 0 0 -1
    outer loop
      vertex 67.6 -25.7 2.4
      vertex 67.6579 -24.44 2.4
      vertex 67.7294 -24.6506 2.4
    endloop
  endfacet
  facet normal 0 0 -1
    outer loop
      vertex 67.6 -25.7 2.4
      vertex 67.6145 -24.2219 2.4
      vertex 67.6579 -24.44 2.4
    endloop
  endfacet
  facet normal -0 0 -1
    outer loop
      vertex 67.6145 -24.2219 2.4
      vertex 67.6 -25.7 2.4
      vertex 67.6 -24 2.4
    endloop
  endfacet
  facet normal 0 0 -1
    outer loop
      vertex 71 -25.7 2.4
      vertex 70.9855 -24.2219 2.4
      vertex 71 -24 2.4
    endloop
  endfacet
  facet normal 0 0 -1
    outer loop
      vertex 71 -25.7 2.4
      vertex 70.9421 -24.44 2.4
      vertex 70.9855 -24.2219 2.4
    endloop
  endfacet
  facet normal 0 0 -1
    outer loop
      vertex 71 -25.7 2.4
      vertex 70.8706 -24.6506 2.4
      vertex 70.9421 -24.44 2.4
    endloop
  endfacet
  facet normal 0 0 -1
    outer loop
      vertex 71 -25.7 2.4
      vertex 70.7722 -24.85 2.4
      vertex 70.8706 -24.6506 2.4
    endloop
  endfacet
  facet normal 0 0 -1
    outer loop
      vertex 71 -25.7 2.4
      vertex 70.6487 -25.0349 2.4
      vertex 70.7722 -24.85 2.4
    endloop
  endfacet
  facet normal 0 0 -1
    outer loop
      vertex 71 -25.7 2.4
      vertex 70.5021 -25.2021 2.4
      vertex 70.6487 -25.0349 2.4
    endloop
  endfacet
  facet normal 0 0 -1
    outer loop
      vertex 71 -25.7 2.4
      vertex 70.3349 -25.3487 2.4
      vertex 70.5021 -25.2021 2.4
    endloop
  endfacet
  facet normal 0 0 -1
    outer loop
      vertex 71 -25.7 2.4
      vertex 70.15 -25.4722 2.4
      vertex 70.3349 -25.3487 2.4
    endloop
  endfacet
  facet normal 0 0 -1
    outer loop
      vertex 71 -25.7 2.4
      vertex 69.9506 -25.5706 2.4
      vertex 70.15 -25.4722 2.4
    endloop
  endfacet
  facet normal 0 0 -1
    outer loop
      vertex 71 -25.7 2.4
      vertex 69.74 -25.6421 2.4
      vertex 69.9506 -25.5706 2.4
    endloop
  endfacet
  facet normal 0 0 -1
    outer loop
      vertex 71 -25.7 2.4
      vertex 69.5219 -25.6855 2.4
      vertex 69.74 -25.6421 2.4
    endloop
  endfacet
  facet normal 0 -0 -1
    outer loop
      vertex 69.5219 -25.6855 2.4
      vertex 71 -25.7 2.4
      vertex 69.3 -25.7 2.4
    endloop
  endfacet
  facet normal 0 -1 0
    outer loop
      vertex 67.6 -22.3 2.2
      vertex 69.3 -22.3 2.4
      vertex 67.6 -22.3 2.4
    endloop
  endfacet
  facet normal 0 -1 0
    outer loop
      vertex 71 -22.3 2.2
      vertex 69.3 -22.3 2.4
      vertex 67.6 -22.3 2.2
    endloop
  endfacet
  facet normal 0 -1 0
    outer loop
      vertex 69.3 -22.3 2.4
      vertex 71 -22.3 2.2
      vertex 71 -22.3 2.4
    endloop
  endfacet
  facet normal 0 1 -0
    outer loop
      vertex 71 -25.7 2.2
      vertex 69.3 -25.7 2.4
      vertex 71 -25.7 2.4
    endloop
  endfacet
  facet normal 0 1 0
    outer loop
      vertex 67.6 -25.7 2.2
      vertex 69.3 -25.7 2.4
      vertex 71 -25.7 2.2
    endloop
  endfacet
  facet normal 0 1 0
    outer loop
      vertex 69.3 -25.7 2.4
      vertex 67.6 -25.7 2.2
      vertex 67.6 -25.7 2.4
    endloop
  endfacet
  facet normal -0.98077 -0.195165 0
    outer loop
      vertex 70.9855 -23.7781 2.4
      vertex 70.9421 -23.56 3.7
      vertex 70.9421 -23.56 2.4
    endloop
  endfacet
  facet normal -0.98077 -0.195165 0
    outer loop
      vertex 70.9421 -23.56 3.7
      vertex 70.9855 -23.7781 2.4
      vertex 70.9855 -23.7781 3.7
    endloop
  endfacet
  facet normal -0.997872 -0.0652057 0
    outer loop
      vertex 71 -24 2.4
      vertex 70.9855 -23.7781 3.7
      vertex 70.9855 -23.7781 2.4
    endloop
  endfacet
  facet normal -0.997872 -0.0652057 0
    outer loop
      vertex 70.9855 -23.7781 3.7
      vertex 71 -24 2.4
      vertex 71 -24 3.7
    endloop
  endfacet
  facet normal -0.0652057 0.997872 0
    outer loop
      vertex 69.5219 -25.6855 2.4
      vertex 69.3 -25.7 3.7
      vertex 69.5219 -25.6855 3.7
    endloop
  endfacet
  facet normal -0.0652057 0.997872 0
    outer loop
      vertex 69.3 -25.7 3.7
      vertex 69.5219 -25.6855 2.4
      vertex 69.3 -25.7 2.4
    endloop
  endfacet
  facet normal 0.659268 -0.751908 0
    outer loop
      vertex 68.0979 -22.7979 2.4
      vertex 68.2651 -22.6513 3.7
      vertex 68.0979 -22.7979 3.7
    endloop
  endfacet
  facet normal 0.659268 -0.751908 0
    outer loop
      vertex 68.2651 -22.6513 3.7
      vertex 68.0979 -22.7979 2.4
      vertex 68.2651 -22.6513 2.4
    endloop
  endfacet
  facet normal 0.831566 0.555426 0
    outer loop
      vertex 67.9513 -25.0349 3.7
      vertex 67.8278 -24.85 2.4
      vertex 67.8278 -24.85 3.7
    endloop
  endfacet
  facet normal 0.831566 0.555426 0
    outer loop
      vertex 67.8278 -24.85 2.4
      vertex 67.9513 -25.0349 3.7
      vertex 67.9513 -25.0349 2.4
    endloop
  endfacet
  facet normal 0.195165 0.98077 -0
    outer loop
      vertex 69.0781 -25.6855 2.4
      vertex 68.86 -25.6421 3.7
      vertex 69.0781 -25.6855 3.7
    endloop
  endfacet
  facet normal 0.195165 0.98077 0
    outer loop
      vertex 68.86 -25.6421 3.7
      vertex 69.0781 -25.6855 2.4
      vertex 68.86 -25.6421 2.4
    endloop
  endfacet
  facet normal -0.659268 -0.751908 0
    outer loop
      vertex 70.3349 -22.6513 2.4
      vertex 70.5021 -22.7979 3.7
      vertex 70.3349 -22.6513 3.7
    endloop
  endfacet
  facet normal -0.659268 -0.751908 -0
    outer loop
      vertex 70.5021 -22.7979 3.7
      vertex 70.3349 -22.6513 2.4
      vertex 70.5021 -22.7979 2.4
    endloop
  endfacet
  facet normal -0.946915 0.321484 0
    outer loop
      vertex 70.8706 -24.6506 2.4
      vertex 70.9421 -24.44 3.7
      vertex 70.9421 -24.44 2.4
    endloop
  endfacet
  facet normal -0.946915 0.321484 0
    outer loop
      vertex 70.9421 -24.44 3.7
      vertex 70.8706 -24.6506 2.4
      vertex 70.8706 -24.6506 3.7
    endloop
  endfacet
  facet normal -0.751908 0.659268 0
    outer loop
      vertex 70.5021 -25.2021 2.4
      vertex 70.6487 -25.0349 3.7
      vertex 70.6487 -25.0349 2.4
    endloop
  endfacet
  facet normal -0.751908 0.659268 0
    outer loop
      vertex 70.6487 -25.0349 3.7
      vertex 70.5021 -25.2021 2.4
      vertex 70.5021 -25.2021 3.7
    endloop
  endfacet
  facet normal -0.751908 -0.659268 0
    outer loop
      vertex 70.6487 -22.9651 2.4
      vertex 70.5021 -22.7979 3.7
      vertex 70.5021 -22.7979 2.4
    endloop
  endfacet
  facet normal -0.751908 -0.659268 0
    outer loop
      vertex 70.5021 -22.7979 3.7
      vertex 70.6487 -22.9651 2.4
      vertex 70.6487 -22.9651 3.7
    endloop
  endfacet
  facet normal 0.946915 0.321484 0
    outer loop
      vertex 67.7294 -24.6506 3.7
      vertex 67.6579 -24.44 2.4
      vertex 67.6579 -24.44 3.7
    endloop
  endfacet
  facet normal 0.946915 0.321484 0
    outer loop
      vertex 67.6579 -24.44 2.4
      vertex 67.7294 -24.6506 3.7
      vertex 67.7294 -24.6506 2.4
    endloop
  endfacet
  facet normal -0.321484 0.946915 0
    outer loop
      vertex 69.9506 -25.5706 2.4
      vertex 69.74 -25.6421 3.7
      vertex 69.9506 -25.5706 3.7
    endloop
  endfacet
  facet normal -0.321484 0.946915 0
    outer loop
      vertex 69.74 -25.6421 3.7
      vertex 69.9506 -25.5706 2.4
      vertex 69.74 -25.6421 2.4
    endloop
  endfacet
  facet normal 0.0652057 0.997872 -0
    outer loop
      vertex 69.3 -25.7 2.4
      vertex 69.0781 -25.6855 3.7
      vertex 69.3 -25.7 3.7
    endloop
  endfacet
  facet normal 0.0652057 0.997872 0
    outer loop
      vertex 69.0781 -25.6855 3.7
      vertex 69.3 -25.7 2.4
      vertex 69.0781 -25.6855 2.4
    endloop
  endfacet
  facet normal 0.321484 -0.946915 0
    outer loop
      vertex 68.6494 -22.4294 2.4
      vertex 68.86 -22.3579 3.7
      vertex 68.6494 -22.4294 3.7
    endloop
  endfacet
  facet normal 0.321484 -0.946915 0
    outer loop
      vertex 68.86 -22.3579 3.7
      vertex 68.6494 -22.4294 2.4
      vertex 68.86 -22.3579 2.4
    endloop
  endfacet
  facet normal -0.946915 -0.321484 0
    outer loop
      vertex 70.9421 -23.56 2.4
      vertex 70.8706 -23.3494 3.7
      vertex 70.8706 -23.3494 2.4
    endloop
  endfacet
  facet normal -0.946915 -0.321484 0
    outer loop
      vertex 70.8706 -23.3494 3.7
      vertex 70.9421 -23.56 2.4
      vertex 70.9421 -23.56 3.7
    endloop
  endfacet
  facet normal 0.751908 -0.659268 0
    outer loop
      vertex 67.9513 -22.9651 3.7
      vertex 68.0979 -22.7979 2.4
      vertex 68.0979 -22.7979 3.7
    endloop
  endfacet
  facet normal 0.751908 -0.659268 0
    outer loop
      vertex 68.0979 -22.7979 2.4
      vertex 67.9513 -22.9651 3.7
      vertex 67.9513 -22.9651 2.4
    endloop
  endfacet
  facet normal 0.44253 0.896754 -0
    outer loop
      vertex 68.6494 -25.5706 2.4
      vertex 68.45 -25.4722 3.7
      vertex 68.6494 -25.5706 3.7
    endloop
  endfacet
  facet normal 0.44253 0.896754 0
    outer loop
      vertex 68.45 -25.4722 3.7
      vertex 68.6494 -25.5706 2.4
      vertex 68.45 -25.4722 2.4
    endloop
  endfacet
  facet normal 0.0652057 -0.997872 0
    outer loop
      vertex 69.0781 -22.3145 2.4
      vertex 69.3 -22.3 3.7
      vertex 69.0781 -22.3145 3.7
    endloop
  endfacet
  facet normal 0.0652057 -0.997872 0
    outer loop
      vertex 69.3 -22.3 3.7
      vertex 69.0781 -22.3145 2.4
      vertex 69.3 -22.3 2.4
    endloop
  endfacet
  facet normal -0.896754 0.44253 0
    outer loop
      vertex 70.7722 -24.85 2.4
      vertex 70.8706 -24.6506 3.7
      vertex 70.8706 -24.6506 2.4
    endloop
  endfacet
  facet normal -0.896754 0.44253 0
    outer loop
      vertex 70.8706 -24.6506 3.7
      vertex 70.7722 -24.85 2.4
      vertex 70.7722 -24.85 3.7
    endloop
  endfacet
  facet normal -0.555426 0.831566 0
    outer loop
      vertex 70.3349 -25.3487 2.4
      vertex 70.15 -25.4722 3.7
      vertex 70.3349 -25.3487 3.7
    endloop
  endfacet
  facet normal -0.555426 0.831566 0
    outer loop
      vertex 70.15 -25.4722 3.7
      vertex 70.3349 -25.3487 2.4
      vertex 70.15 -25.4722 2.4
    endloop
  endfacet
  facet normal 0.98077 0.195165 0
    outer loop
      vertex 67.6579 -24.44 3.7
      vertex 67.6145 -24.2219 2.4
      vertex 67.6145 -24.2219 3.7
    endloop
  endfacet
  facet normal 0.98077 0.195165 0
    outer loop
      vertex 67.6145 -24.2219 2.4
      vertex 67.6579 -24.44 3.7
      vertex 67.6579 -24.44 2.4
    endloop
  endfacet
  facet normal -0.195165 -0.98077 0
    outer loop
      vertex 69.5219 -22.3145 2.4
      vertex 69.74 -22.3579 3.7
      vertex 69.5219 -22.3145 3.7
    endloop
  endfacet
  facet normal -0.195165 -0.98077 -0
    outer loop
      vertex 69.74 -22.3579 3.7
      vertex 69.5219 -22.3145 2.4
      vertex 69.74 -22.3579 2.4
    endloop
  endfacet
  facet normal -0.831566 -0.555426 0
    outer loop
      vertex 70.7722 -23.15 2.4
      vertex 70.6487 -22.9651 3.7
      vertex 70.6487 -22.9651 2.4
    endloop
  endfacet
  facet normal -0.831566 -0.555426 0
    outer loop
      vertex 70.6487 -22.9651 3.7
      vertex 70.7722 -23.15 2.4
      vertex 70.7722 -23.15 3.7
    endloop
  endfacet
  facet normal -0.997872 0.0652057 0
    outer loop
      vertex 70.9855 -24.2219 2.4
      vertex 71 -24 3.7
      vertex 71 -24 2.4
    endloop
  endfacet
  facet normal -0.997872 0.0652057 0
    outer loop
      vertex 71 -24 3.7
      vertex 70.9855 -24.2219 2.4
      vertex 70.9855 -24.2219 3.7
    endloop
  endfacet
  facet normal -0.321484 -0.946915 0
    outer loop
      vertex 69.74 -22.3579 2.4
      vertex 69.9506 -22.4294 3.7
      vertex 69.74 -22.3579 3.7
    endloop
  endfacet
  facet normal -0.321484 -0.946915 -0
    outer loop
      vertex 69.9506 -22.4294 3.7
      vertex 69.74 -22.3579 2.4
      vertex 69.9506 -22.4294 2.4
    endloop
  endfacet
  facet normal -0.555426 -0.831566 0
    outer loop
      vertex 70.15 -22.5278 2.4
      vertex 70.3349 -22.6513 3.7
      vertex 70.15 -22.5278 3.7
    endloop
  endfacet
  facet normal -0.555426 -0.831566 -0
    outer loop
      vertex 70.3349 -22.6513 3.7
      vertex 70.15 -22.5278 2.4
      vertex 70.3349 -22.6513 2.4
    endloop
  endfacet
  facet normal 0.195165 -0.98077 0
    outer loop
      vertex 68.86 -22.3579 2.4
      vertex 69.0781 -22.3145 3.7
      vertex 68.86 -22.3579 3.7
    endloop
  endfacet
  facet normal 0.195165 -0.98077 0
    outer loop
      vertex 69.0781 -22.3145 3.7
      vertex 68.86 -22.3579 2.4
      vertex 69.0781 -22.3145 2.4
    endloop
  endfacet
  facet normal -0.659268 0.751908 0
    outer loop
      vertex 70.5021 -25.2021 2.4
      vertex 70.3349 -25.3487 3.7
      vertex 70.5021 -25.2021 3.7
    endloop
  endfacet
  facet normal -0.659268 0.751908 0
    outer loop
      vertex 70.3349 -25.3487 3.7
      vertex 70.5021 -25.2021 2.4
      vertex 70.3349 -25.3487 2.4
    endloop
  endfacet
  facet normal 0.896754 -0.44253 0
    outer loop
      vertex 67.7294 -23.3494 3.7
      vertex 67.8278 -23.15 2.4
      vertex 67.8278 -23.15 3.7
    endloop
  endfacet
  facet normal 0.896754 -0.44253 0
    outer loop
      vertex 67.8278 -23.15 2.4
      vertex 67.7294 -23.3494 3.7
      vertex 67.7294 -23.3494 2.4
    endloop
  endfacet
  facet normal -0.98077 0.195165 0
    outer loop
      vertex 70.9421 -24.44 2.4
      vertex 70.9855 -24.2219 3.7
      vertex 70.9855 -24.2219 2.4
    endloop
  endfacet
  facet normal -0.98077 0.195165 0
    outer loop
      vertex 70.9855 -24.2219 3.7
      vertex 70.9421 -24.44 2.4
      vertex 70.9421 -24.44 3.7
    endloop
  endfacet
  facet normal -0.195165 0.98077 0
    outer loop
      vertex 69.74 -25.6421 2.4
      vertex 69.5219 -25.6855 3.7
      vertex 69.74 -25.6421 3.7
    endloop
  endfacet
  facet normal -0.195165 0.98077 0
    outer loop
      vertex 69.5219 -25.6855 3.7
      vertex 69.74 -25.6421 2.4
      vertex 69.5219 -25.6855 2.4
    endloop
  endfacet
  facet normal 0.659268 0.751908 -0
    outer loop
      vertex 68.2651 -25.3487 2.4
      vertex 68.0979 -25.2021 3.7
      vertex 68.2651 -25.3487 3.7
    endloop
  endfacet
  facet normal 0.659268 0.751908 0
    outer loop
      vertex 68.0979 -25.2021 3.7
      vertex 68.2651 -25.3487 2.4
      vertex 68.0979 -25.2021 2.4
    endloop
  endfacet
  facet normal 0.751908 0.659268 0
    outer loop
      vertex 68.0979 -25.2021 3.7
      vertex 67.9513 -25.0349 2.4
      vertex 67.9513 -25.0349 3.7
    endloop
  endfacet
  facet normal 0.751908 0.659268 0
    outer loop
      vertex 67.9513 -25.0349 2.4
      vertex 68.0979 -25.2021 3.7
      vertex 68.0979 -25.2021 2.4
    endloop
  endfacet
  facet normal -0.0652057 -0.997872 0
    outer loop
      vertex 69.3 -22.3 2.4
      vertex 69.5219 -22.3145 3.7
      vertex 69.3 -22.3 3.7
    endloop
  endfacet
  facet normal -0.0652057 -0.997872 -0
    outer loop
      vertex 69.5219 -22.3145 3.7
      vertex 69.3 -22.3 2.4
      vertex 69.5219 -22.3145 2.4
    endloop
  endfacet
  facet normal -0.44253 -0.896754 0
    outer loop
      vertex 69.9506 -22.4294 2.4
      vertex 70.15 -22.5278 3.7
      vertex 69.9506 -22.4294 3.7
    endloop
  endfacet
  facet normal -0.44253 -0.896754 -0
    outer loop
      vertex 70.15 -22.5278 3.7
      vertex 69.9506 -22.4294 2.4
      vertex 70.15 -22.5278 2.4
    endloop
  endfacet
  facet normal -0.831566 0.555426 0
    outer loop
      vertex 70.6487 -25.0349 2.4
      vertex 70.7722 -24.85 3.7
      vertex 70.7722 -24.85 2.4
    endloop
  endfacet
  facet normal -0.831566 0.555426 0
    outer loop
      vertex 70.7722 -24.85 3.7
      vertex 70.6487 -25.0349 2.4
      vertex 70.6487 -25.0349 3.7
    endloop
  endfacet
  facet normal 0.997872 0.0652057 0
    outer loop
      vertex 67.6145 -24.2219 3.7
      vertex 67.6 -24 2.4
      vertex 67.6 -24 3.7
    endloop
  endfacet
  facet normal 0.997872 0.0652057 0
    outer loop
      vertex 67.6 -24 2.4
      vertex 67.6145 -24.2219 3.7
      vertex 67.6145 -24.2219 2.4
    endloop
  endfacet
  facet normal -0.44253 0.896754 0
    outer loop
      vertex 70.15 -25.4722 2.4
      vertex 69.9506 -25.5706 3.7
      vertex 70.15 -25.4722 3.7
    endloop
  endfacet
  facet normal -0.44253 0.896754 0
    outer loop
      vertex 69.9506 -25.5706 3.7
      vertex 70.15 -25.4722 2.4
      vertex 69.9506 -25.5706 2.4
    endloop
  endfacet
  facet normal 0.98077 -0.195165 0
    outer loop
      vertex 67.6145 -23.7781 3.7
      vertex 67.6579 -23.56 2.4
      vertex 67.6579 -23.56 3.7
    endloop
  endfacet
  facet normal 0.98077 -0.195165 0
    outer loop
      vertex 67.6579 -23.56 2.4
      vertex 67.6145 -23.7781 3.7
      vertex 67.6145 -23.7781 2.4
    endloop
  endfacet
  facet normal 0.896754 0.44253 0
    outer loop
      vertex 67.8278 -24.85 3.7
      vertex 67.7294 -24.6506 2.4
      vertex 67.7294 -24.6506 3.7
    endloop
  endfacet
  facet normal 0.896754 0.44253 0
    outer loop
      vertex 67.7294 -24.6506 2.4
      vertex 67.8278 -24.85 3.7
      vertex 67.8278 -24.85 2.4
    endloop
  endfacet
  facet normal 0.946915 -0.321484 0
    outer loop
      vertex 67.6579 -23.56 3.7
      vertex 67.7294 -23.3494 2.4
      vertex 67.7294 -23.3494 3.7
    endloop
  endfacet
  facet normal 0.946915 -0.321484 0
    outer loop
      vertex 67.7294 -23.3494 2.4
      vertex 67.6579 -23.56 3.7
      vertex 67.6579 -23.56 2.4
    endloop
  endfacet
  facet normal -0.896754 -0.44253 0
    outer loop
      vertex 70.8706 -23.3494 2.4
      vertex 70.7722 -23.15 3.7
      vertex 70.7722 -23.15 2.4
    endloop
  endfacet
  facet normal -0.896754 -0.44253 0
    outer loop
      vertex 70.7722 -23.15 3.7
      vertex 70.8706 -23.3494 2.4
      vertex 70.8706 -23.3494 3.7
    endloop
  endfacet
  facet normal 0.997872 -0.0652057 0
    outer loop
      vertex 67.6 -24 3.7
      vertex 67.6145 -23.7781 2.4
      vertex 67.6145 -23.7781 3.7
    endloop
  endfacet
  facet normal 0.997872 -0.0652057 0
    outer loop
      vertex 67.6145 -23.7781 2.4
      vertex 67.6 -24 3.7
      vertex 67.6 -24 2.4
    endloop
  endfacet
  facet normal 0.321484 0.946915 -0
    outer loop
      vertex 68.86 -25.6421 2.4
      vertex 68.6494 -25.5706 3.7
      vertex 68.86 -25.6421 3.7
    endloop
  endfacet
  facet normal 0.321484 0.946915 0
    outer loop
      vertex 68.6494 -25.5706 3.7
      vertex 68.86 -25.6421 2.4
      vertex 68.6494 -25.5706 2.4
    endloop
  endfacet
  facet normal 0.44253 -0.896754 0
    outer loop
      vertex 68.45 -22.5278 2.4
      vertex 68.6494 -22.4294 3.7
      vertex 68.45 -22.5278 3.7
    endloop
  endfacet
  facet normal 0.44253 -0.896754 0
    outer loop
      vertex 68.6494 -22.4294 3.7
      vertex 68.45 -22.5278 2.4
      vertex 68.6494 -22.4294 2.4
    endloop
  endfacet
  facet normal 0.555426 -0.831566 0
    outer loop
      vertex 68.2651 -22.6513 2.4
      vertex 68.45 -22.5278 3.7
      vertex 68.2651 -22.6513 3.7
    endloop
  endfacet
  facet normal 0.555426 -0.831566 0
    outer loop
      vertex 68.45 -22.5278 3.7
      vertex 68.2651 -22.6513 2.4
      vertex 68.45 -22.5278 2.4
    endloop
  endfacet
  facet normal 0.831566 -0.555426 0
    outer loop
      vertex 67.8278 -23.15 3.7
      vertex 67.9513 -22.9651 2.4
      vertex 67.9513 -22.9651 3.7
    endloop
  endfacet
  facet normal 0.831566 -0.555426 0
    outer loop
      vertex 67.9513 -22.9651 2.4
      vertex 67.8278 -23.15 3.7
      vertex 67.8278 -23.15 2.4
    endloop
  endfacet
  facet normal 0.555426 0.831566 -0
    outer loop
      vertex 68.45 -25.4722 2.4
      vertex 68.2651 -25.3487 3.7
      vertex 68.45 -25.4722 3.7
    endloop
  endfacet
  facet normal 0.555426 0.831566 0
    outer loop
      vertex 68.2651 -25.3487 3.7
      vertex 68.45 -25.4722 2.4
      vertex 68.2651 -25.3487 2.4
    endloop
  endfacet
  facet normal -0.442176 0.896928 0
    outer loop
      vertex 70.85 21.3153 6.86646e-07
      vertex 70.4863 21.136 1.99
      vertex 70.85 21.3153 1.99
    endloop
  endfacet
  facet normal -0.442176 0.896928 0
    outer loop
      vertex 70.4863 21.136 1.99
      vertex 70.85 21.3153 6.86646e-07
      vertex 70.4863 21.136 6.86646e-07
    endloop
  endfacet
  facet normal -0.980789 -0.195073 0
    outer loop
      vertex 72.3735 24.4046 6.86646e-07
      vertex 72.2944 24.8023 1.8
      vertex 72.2944 24.8023 6.86646e-07
    endloop
  endfacet
  facet normal -0.980789 -0.195073 0
    outer loop
      vertex 72.2944 24.8023 1.8
      vertex 72.3735 24.4046 6.86646e-07
      vertex 72.3735 24.4046 1.8
    endloop
  endfacet
  facet normal -0.997862 -0.0653568 0
    outer loop
      vertex 72.4 24 6.86646e-07
      vertex 72.3735 24.4046 1.8
      vertex 72.3735 24.4046 6.86646e-07
    endloop
  endfacet
  facet normal -0.997862 -0.0653568 0
    outer loop
      vertex 72.3735 24.4046 1.8
      vertex 72.4 24 6.86646e-07
      vertex 72.4 24 1.8
    endloop
  endfacet
  facet normal -0.946893 -0.321549 0
    outer loop
      vertex 72.2944 24.8023 6.86646e-07
      vertex 72.164 25.1863 1.8
      vertex 72.164 25.1863 6.86646e-07
    endloop
  endfacet
  facet normal -0.946893 -0.321549 0
    outer loop
      vertex 72.164 25.1863 1.8
      vertex 72.2944 24.8023 6.86646e-07
      vertex 72.2944 24.8023 1.8
    endloop
  endfacet
  facet normal -0.751721 0.659482 0
    outer loop
      vertex 71.492 21.808 6.86646e-07
      vertex 71.7594 22.1128 2
      vertex 71.7594 22.1128 6.86646e-07
    endloop
  endfacet
  facet normal -0.751721 0.659482 0
    outer loop
      vertex 71.7594 22.1128 2
      vertex 71.492 21.808 6.86646e-07
      vertex 71.492 21.808 2
    endloop
  endfacet
  facet normal -0.321549 -0.946893 0
    outer loop
      vertex 70.1023 26.9944 6.86646e-07
      vertex 70.4863 26.864 1.99
      vertex 70.1023 26.9944 1.99
    endloop
  endfacet
  facet normal -0.321549 -0.946893 -0
    outer loop
      vertex 70.4863 26.864 1.99
      vertex 70.1023 26.9944 6.86646e-07
      vertex 70.4863 26.864 6.86646e-07
    endloop
  endfacet
  facet normal -0.555468 -0.831538 -0
    outer loop
      vertex 70.85 26.6847 1.99
      vertex 70.85 26.6847 6.86646e-07
      vertex 71 26.5845 1.99
    endloop
  endfacet
  facet normal -0.555622 -0.831435 0
    outer loop
      vertex 71 26.5845 1.99
      vertex 71.1872 26.4594 2
      vertex 71 26.5845 2
    endloop
  endfacet
  facet normal -0.555553 -0.831481 9.36771e-06
    outer loop
      vertex 71.1872 26.4594 6.86646e-07
      vertex 71 26.5845 1.99
      vertex 70.85 26.6847 6.86646e-07
    endloop
  endfacet
  facet normal -0.555622 -0.831435 0
    outer loop
      vertex 71 26.5845 1.99
      vertex 71.1872 26.4594 6.86646e-07
      vertex 71.1872 26.4594 2
    endloop
  endfacet
  facet normal -0.896928 0.442176 0
    outer loop
      vertex 71.9847 22.45 6.86646e-07
      vertex 72.164 22.8137 1.8
      vertex 72.164 22.8137 6.86646e-07
    endloop
  endfacet
  facet normal -0.896928 0.442176 0
    outer loop
      vertex 72.164 22.8137 1.8
      vertex 71.9847 22.45 6.86646e-07
      vertex 71.9847 22.45 1.8
    endloop
  endfacet
  facet normal -0.321549 0.946893 0
    outer loop
      vertex 70.4863 21.136 6.86646e-07
      vertex 70.1023 21.0056 1.99
      vertex 70.4863 21.136 1.99
    endloop
  endfacet
  facet normal -0.321549 0.946893 0
    outer loop
      vertex 70.1023 21.0056 1.99
      vertex 70.4863 21.136 6.86646e-07
      vertex 70.1023 21.0056 6.86646e-07
    endloop
  endfacet
  facet normal -0.896928 -0.442176 0
    outer loop
      vertex 72.164 25.1863 6.86646e-07
      vertex 71.9847 25.55 1.8
      vertex 71.9847 25.55 6.86646e-07
    endloop
  endfacet
  facet normal -0.896928 -0.442176 0
    outer loop
      vertex 71.9847 25.55 1.8
      vertex 72.164 25.1863 6.86646e-07
      vertex 72.164 25.1863 1.8
    endloop
  endfacet
  facet normal 0.195073 -0.980789 0
    outer loop
      vertex 68.4977 26.9944 6.86646e-07
      vertex 68.8954 27.0735 1.99
      vertex 68.4977 26.9944 1.99
    endloop
  endfacet
  facet normal 0.195073 -0.980789 0
    outer loop
      vertex 68.8954 27.0735 1.99
      vertex 68.4977 26.9944 6.86646e-07
      vertex 68.8954 27.0735 6.86646e-07
    endloop
  endfacet
  facet normal 0.0653568 0.997862 -0
    outer loop
      vertex 69.3 20.9 6.86646e-07
      vertex 68.8954 20.9265 1.99
      vertex 69.3 20.9 1.99
    endloop
  endfacet
  facet normal 0.0653568 0.997862 0
    outer loop
      vertex 68.8954 20.9265 1.99
      vertex 69.3 20.9 6.86646e-07
      vertex 68.8954 20.9265 6.86646e-07
    endloop
  endfacet
  facet normal 0.555622 -0.831435 0
    outer loop
      vertex 67.4128 26.4594 2
      vertex 67.6 26.5845 1.99
      vertex 67.6 26.5845 2
    endloop
  endfacet
  facet normal 0.555622 -0.831435 0
    outer loop
      vertex 67.4128 26.4594 6.86646e-07
      vertex 67.6 26.5845 1.99
      vertex 67.4128 26.4594 2
    endloop
  endfacet
  facet normal 0.555553 -0.831481 9.36771e-06
    outer loop
      vertex 67.75 26.6847 6.86646e-07
      vertex 67.6 26.5845 1.99
      vertex 67.4128 26.4594 6.86646e-07
    endloop
  endfacet
  facet normal 0.555468 -0.831538 0
    outer loop
      vertex 67.6 26.5845 1.99
      vertex 67.75 26.6847 6.86646e-07
      vertex 67.75 26.6847 1.99
    endloop
  endfacet
  facet normal 0.321549 0.946893 -0
    outer loop
      vertex 68.4977 21.0056 6.86646e-07
      vertex 68.1137 21.136 1.99
      vertex 68.4977 21.0056 1.99
    endloop
  endfacet
  facet normal 0.321549 0.946893 0
    outer loop
      vertex 68.1137 21.136 1.99
      vertex 68.4977 21.0056 6.86646e-07
      vertex 68.1137 21.136 6.86646e-07
    endloop
  endfacet
  facet normal -0.946893 0.321549 0
    outer loop
      vertex 72.164 22.8137 6.86646e-07
      vertex 72.2944 23.1977 1.8
      vertex 72.2944 23.1977 6.86646e-07
    endloop
  endfacet
  facet normal -0.946893 0.321549 0
    outer loop
      vertex 72.2944 23.1977 1.8
      vertex 72.164 22.8137 6.86646e-07
      vertex 72.164 22.8137 1.8
    endloop
  endfacet
  facet normal 0.831481 0.555553 0
    outer loop
      vertex 66.8406 22.1128 2
      vertex 66.6153 22.45 6.86646e-07
      vertex 66.6153 22.45 2
    endloop
  endfacet
  facet normal 0.831481 0.555553 0
    outer loop
      vertex 66.6153 22.45 6.86646e-07
      vertex 66.8406 22.1128 2
      vertex 66.8406 22.1128 6.86646e-07
    endloop
  endfacet
  facet normal 0.659482 0.751721 -0
    outer loop
      vertex 67.4128 21.5406 6.86646e-07
      vertex 67.108 21.808 2
      vertex 67.4128 21.5406 2
    endloop
  endfacet
  facet normal 0.659482 0.751721 0
    outer loop
      vertex 67.108 21.808 2
      vertex 67.4128 21.5406 6.86646e-07
      vertex 67.108 21.808 6.86646e-07
    endloop
  endfacet
  facet normal 0.659482 -0.751721 0
    outer loop
      vertex 67.108 26.192 6.86646e-07
      vertex 67.4128 26.4594 2
      vertex 67.108 26.192 2
    endloop
  endfacet
  facet normal 0.659482 -0.751721 0
    outer loop
      vertex 67.4128 26.4594 2
      vertex 67.108 26.192 6.86646e-07
      vertex 67.4128 26.4594 6.86646e-07
    endloop
  endfacet
  facet normal 0.946893 -0.321549 0
    outer loop
      vertex 66.3056 24.8023 2
      vertex 66.436 25.1863 6.86646e-07
      vertex 66.436 25.1863 2
    endloop
  endfacet
  facet normal 0.946893 -0.321549 0
    outer loop
      vertex 66.436 25.1863 6.86646e-07
      vertex 66.3056 24.8023 2
      vertex 66.3056 24.8023 6.86646e-07
    endloop
  endfacet
  facet normal 0.442176 -0.896928 0
    outer loop
      vertex 67.75 26.6847 6.86646e-07
      vertex 68.1137 26.864 1.99
      vertex 67.75 26.6847 1.99
    endloop
  endfacet
  facet normal 0.442176 -0.896928 0
    outer loop
      vertex 68.1137 26.864 1.99
      vertex 67.75 26.6847 6.86646e-07
      vertex 68.1137 26.864 6.86646e-07
    endloop
  endfacet
  facet normal 0.980789 -0.195073 0
    outer loop
      vertex 66.2265 24.4046 2
      vertex 66.3056 24.8023 6.86646e-07
      vertex 66.3056 24.8023 2
    endloop
  endfacet
  facet normal 0.980789 -0.195073 0
    outer loop
      vertex 66.3056 24.8023 6.86646e-07
      vertex 66.2265 24.4046 2
      vertex 66.2265 24.4046 6.86646e-07
    endloop
  endfacet
  facet normal 0.321549 -0.946893 0
    outer loop
      vertex 68.1137 26.864 6.86646e-07
      vertex 68.4977 26.9944 1.99
      vertex 68.1137 26.864 1.99
    endloop
  endfacet
  facet normal 0.321549 -0.946893 0
    outer loop
      vertex 68.4977 26.9944 1.99
      vertex 68.1137 26.864 6.86646e-07
      vertex 68.4977 26.9944 6.86646e-07
    endloop
  endfacet
  facet normal -0.659482 0.751721 0
    outer loop
      vertex 71.492 21.808 6.86646e-07
      vertex 71.1872 21.5406 2
      vertex 71.492 21.808 2
    endloop
  endfacet
  facet normal -0.659482 0.751721 0
    outer loop
      vertex 71.1872 21.5406 2
      vertex 71.492 21.808 6.86646e-07
      vertex 71.1872 21.5406 6.86646e-07
    endloop
  endfacet
  facet normal -0.0653568 -0.997862 0
    outer loop
      vertex 69.3 27.1 6.86646e-07
      vertex 69.7046 27.0735 1.99
      vertex 69.3 27.1 1.99
    endloop
  endfacet
  facet normal -0.0653568 -0.997862 -0
    outer loop
      vertex 69.7046 27.0735 1.99
      vertex 69.3 27.1 6.86646e-07
      vertex 69.7046 27.0735 6.86646e-07
    endloop
  endfacet
  facet normal -0.831481 -0.555553 0
    outer loop
      vertex 71.9847 25.55 6.86646e-07
      vertex 71.7594 25.8872 1.8
      vertex 71.7594 25.8872 6.86646e-07
    endloop
  endfacet
  facet normal -0.831481 -0.555553 0
    outer loop
      vertex 71.7594 25.8872 1.8
      vertex 71.9847 25.55 6.86646e-07
      vertex 71.9847 25.55 1.8
    endloop
  endfacet
  facet normal -0.195073 0.980789 0
    outer loop
      vertex 70.1023 21.0056 6.86646e-07
      vertex 69.7046 20.9265 1.99
      vertex 70.1023 21.0056 1.99
    endloop
  endfacet
  facet normal -0.195073 0.980789 0
    outer loop
      vertex 69.7046 20.9265 1.99
      vertex 70.1023 21.0056 6.86646e-07
      vertex 69.7046 20.9265 6.86646e-07
    endloop
  endfacet
  facet normal 0.980789 0.195073 0
    outer loop
      vertex 66.3056 23.1977 2
      vertex 66.2265 23.5954 6.86646e-07
      vertex 66.2265 23.5954 2
    endloop
  endfacet
  facet normal 0.980789 0.195073 0
    outer loop
      vertex 66.2265 23.5954 6.86646e-07
      vertex 66.3056 23.1977 2
      vertex 66.3056 23.1977 6.86646e-07
    endloop
  endfacet
  facet normal 0.751721 -0.659482 0
    outer loop
      vertex 66.8406 25.8872 2
      vertex 67.108 26.192 6.86646e-07
      vertex 67.108 26.192 2
    endloop
  endfacet
  facet normal 0.751721 -0.659482 0
    outer loop
      vertex 67.108 26.192 6.86646e-07
      vertex 66.8406 25.8872 2
      vertex 66.8406 25.8872 6.86646e-07
    endloop
  endfacet
  facet normal -0.659482 -0.751721 0
    outer loop
      vertex 71.1872 26.4594 6.86646e-07
      vertex 71.492 26.192 2
      vertex 71.1872 26.4594 2
    endloop
  endfacet
  facet normal -0.659482 -0.751721 -0
    outer loop
      vertex 71.492 26.192 2
      vertex 71.1872 26.4594 6.86646e-07
      vertex 71.492 26.192 6.86646e-07
    endloop
  endfacet
  facet normal -0.997862 0.0653568 0
    outer loop
      vertex 72.3735 23.5954 6.86646e-07
      vertex 72.4 24 1.8
      vertex 72.4 24 6.86646e-07
    endloop
  endfacet
  facet normal -0.997862 0.0653568 0
    outer loop
      vertex 72.4 24 1.8
      vertex 72.3735 23.5954 6.86646e-07
      vertex 72.3735 23.5954 1.8
    endloop
  endfacet
  facet normal -0.980789 0.195073 0
    outer loop
      vertex 72.2944 23.1977 6.86646e-07
      vertex 72.3735 23.5954 1.8
      vertex 72.3735 23.5954 6.86646e-07
    endloop
  endfacet
  facet normal -0.980789 0.195073 0
    outer loop
      vertex 72.3735 23.5954 1.8
      vertex 72.2944 23.1977 6.86646e-07
      vertex 72.2944 23.1977 1.8
    endloop
  endfacet
  facet normal -0.555622 0.831435 0
    outer loop
      vertex 71.1872 21.5406 2
      vertex 71 21.4155 1.99
      vertex 71 21.4155 2
    endloop
  endfacet
  facet normal -0.555622 0.831435 0
    outer loop
      vertex 71.1872 21.5406 6.86646e-07
      vertex 71 21.4155 1.99
      vertex 71.1872 21.5406 2
    endloop
  endfacet
  facet normal -0.555553 0.831481 9.36771e-06
    outer loop
      vertex 70.85 21.3153 6.86646e-07
      vertex 71 21.4155 1.99
      vertex 71.1872 21.5406 6.86646e-07
    endloop
  endfacet
  facet normal -0.555468 0.831538 0
    outer loop
      vertex 71 21.4155 1.99
      vertex 70.85 21.3153 6.86646e-07
      vertex 70.85 21.3153 1.99
    endloop
  endfacet
  facet normal -0.195073 -0.980789 0
    outer loop
      vertex 69.7046 27.0735 6.86646e-07
      vertex 70.1023 26.9944 1.99
      vertex 69.7046 27.0735 1.99
    endloop
  endfacet
  facet normal -0.195073 -0.980789 -0
    outer loop
      vertex 70.1023 26.9944 1.99
      vertex 69.7046 27.0735 6.86646e-07
      vertex 70.1023 26.9944 6.86646e-07
    endloop
  endfacet
  facet normal -0.751774 -0.65942 0
    outer loop
      vertex 71.492 26.192 6.86646e-07
      vertex 71.6041 26.0642 1.8
      vertex 71.492 26.192 2
    endloop
  endfacet
  facet normal -0.751721 -0.659482 -7.72766e-06
    outer loop
      vertex 71.7594 25.8872 6.86646e-07
      vertex 71.6041 26.0642 1.8
      vertex 71.492 26.192 6.86646e-07
    endloop
  endfacet
  facet normal -0.751682 -0.659526 0
    outer loop
      vertex 71.6041 26.0642 1.8
      vertex 71.7594 25.8872 6.86646e-07
      vertex 71.7594 25.8872 1.8
    endloop
  endfacet
  facet normal -0.751774 -0.65942 0
    outer loop
      vertex 71.492 26.192 2
      vertex 71.6041 26.0642 1.8
      vertex 71.6041 26.0642 2
    endloop
  endfacet
  facet normal -0.442176 -0.896928 0
    outer loop
      vertex 70.4863 26.864 6.86646e-07
      vertex 70.85 26.6847 1.99
      vertex 70.4863 26.864 1.99
    endloop
  endfacet
  facet normal -0.442176 -0.896928 -0
    outer loop
      vertex 70.85 26.6847 1.99
      vertex 70.4863 26.864 6.86646e-07
      vertex 70.85 26.6847 6.86646e-07
    endloop
  endfacet
  facet normal 0.997862 0.0653568 0
    outer loop
      vertex 66.2265 23.5954 2
      vertex 66.2 24 6.86646e-07
      vertex 66.2 24 2
    endloop
  endfacet
  facet normal 0.997862 0.0653568 0
    outer loop
      vertex 66.2 24 6.86646e-07
      vertex 66.2265 23.5954 2
      vertex 66.2265 23.5954 6.86646e-07
    endloop
  endfacet
  facet normal -0.831448 0.555602 0
    outer loop
      vertex 71.9847 22.45 6.86646e-07
      vertex 71.8 22.1736 1.8
      vertex 71.9847 22.45 1.8
    endloop
  endfacet
  facet normal -0.831481 0.555553 -1.08497e-05
    outer loop
      vertex 71.7594 22.1128 6.86646e-07
      vertex 71.8 22.1736 1.8
      vertex 71.9847 22.45 6.86646e-07
    endloop
  endfacet
  facet normal -0.831629 0.555331 0
    outer loop
      vertex 71.7594 22.1128 2
      vertex 71.8 22.1736 1.8
      vertex 71.7594 22.1128 6.86646e-07
    endloop
  endfacet
  facet normal -0.831629 0.555331 0
    outer loop
      vertex 71.8 22.1736 1.8
      vertex 71.7594 22.1128 2
      vertex 71.8 22.1736 2
    endloop
  endfacet
  facet normal 0.751721 0.659482 0
    outer loop
      vertex 67.108 21.808 2
      vertex 66.8406 22.1128 6.86646e-07
      vertex 66.8406 22.1128 2
    endloop
  endfacet
  facet normal 0.751721 0.659482 0
    outer loop
      vertex 66.8406 22.1128 6.86646e-07
      vertex 67.108 21.808 2
      vertex 67.108 21.808 6.86646e-07
    endloop
  endfacet
  facet normal 0.997862 -0.0653568 0
    outer loop
      vertex 66.2 24 2
      vertex 66.2265 24.4046 6.86646e-07
      vertex 66.2265 24.4046 2
    endloop
  endfacet
  facet normal 0.997862 -0.0653568 0
    outer loop
      vertex 66.2265 24.4046 6.86646e-07
      vertex 66.2 24 2
      vertex 66.2 24 6.86646e-07
    endloop
  endfacet
  facet normal 0.442176 0.896928 -0
    outer loop
      vertex 68.1137 21.136 6.86646e-07
      vertex 67.75 21.3153 1.99
      vertex 68.1137 21.136 1.99
    endloop
  endfacet
  facet normal 0.442176 0.896928 0
    outer loop
      vertex 67.75 21.3153 1.99
      vertex 68.1137 21.136 6.86646e-07
      vertex 67.75 21.3153 6.86646e-07
    endloop
  endfacet
  facet normal 0.946893 0.321549 0
    outer loop
      vertex 66.436 22.8137 2
      vertex 66.3056 23.1977 6.86646e-07
      vertex 66.3056 23.1977 2
    endloop
  endfacet
  facet normal 0.946893 0.321549 0
    outer loop
      vertex 66.3056 23.1977 6.86646e-07
      vertex 66.436 22.8137 2
      vertex 66.436 22.8137 6.86646e-07
    endloop
  endfacet
  facet normal 0.195073 0.980789 -0
    outer loop
      vertex 68.8954 20.9265 6.86646e-07
      vertex 68.4977 21.0056 1.99
      vertex 68.8954 20.9265 1.99
    endloop
  endfacet
  facet normal 0.195073 0.980789 0
    outer loop
      vertex 68.4977 21.0056 1.99
      vertex 68.8954 20.9265 6.86646e-07
      vertex 68.4977 21.0056 6.86646e-07
    endloop
  endfacet
  facet normal -0.0653568 0.997862 0
    outer loop
      vertex 69.7046 20.9265 6.86646e-07
      vertex 69.3 20.9 1.99
      vertex 69.7046 20.9265 1.99
    endloop
  endfacet
  facet normal -0.0653568 0.997862 0
    outer loop
      vertex 69.3 20.9 1.99
      vertex 69.7046 20.9265 6.86646e-07
      vertex 69.3 20.9 6.86646e-07
    endloop
  endfacet
  facet normal 0.0653568 -0.997862 0
    outer loop
      vertex 68.8954 27.0735 6.86646e-07
      vertex 69.3 27.1 1.99
      vertex 68.8954 27.0735 1.99
    endloop
  endfacet
  facet normal 0.0653568 -0.997862 0
    outer loop
      vertex 69.3 27.1 1.99
      vertex 68.8954 27.0735 6.86646e-07
      vertex 69.3 27.1 6.86646e-07
    endloop
  endfacet
  facet normal 0.896928 0.442176 0
    outer loop
      vertex 66.6153 22.45 2
      vertex 66.436 22.8137 6.86646e-07
      vertex 66.436 22.8137 2
    endloop
  endfacet
  facet normal 0.896928 0.442176 0
    outer loop
      vertex 66.436 22.8137 6.86646e-07
      vertex 66.6153 22.45 2
      vertex 66.6153 22.45 6.86646e-07
    endloop
  endfacet
  facet normal 0.896928 -0.442176 0
    outer loop
      vertex 66.436 25.1863 2
      vertex 66.6153 25.55 6.86646e-07
      vertex 66.6153 25.55 2
    endloop
  endfacet
  facet normal 0.896928 -0.442176 0
    outer loop
      vertex 66.6153 25.55 6.86646e-07
      vertex 66.436 25.1863 2
      vertex 66.436 25.1863 6.86646e-07
    endloop
  endfacet
  facet normal 0.831481 -0.555553 0
    outer loop
      vertex 66.6153 25.55 2
      vertex 66.8406 25.8872 6.86646e-07
      vertex 66.8406 25.8872 2
    endloop
  endfacet
  facet normal 0.831481 -0.555553 0
    outer loop
      vertex 66.8406 25.8872 6.86646e-07
      vertex 66.6153 25.55 2
      vertex 66.6153 25.55 6.86646e-07
    endloop
  endfacet
  facet normal 0.555468 0.831538 0
    outer loop
      vertex 67.75 21.3153 1.99
      vertex 67.75 21.3153 6.86646e-07
      vertex 67.6 21.4155 1.99
    endloop
  endfacet
  facet normal 0.555622 0.831435 -0
    outer loop
      vertex 67.6 21.4155 1.99
      vertex 67.4128 21.5406 2
      vertex 67.6 21.4155 2
    endloop
  endfacet
  facet normal 0.555553 0.831481 9.36771e-06
    outer loop
      vertex 67.4128 21.5406 6.86646e-07
      vertex 67.6 21.4155 1.99
      vertex 67.75 21.3153 6.86646e-07
    endloop
  endfacet
  facet normal 0.555622 0.831435 0
    outer loop
      vertex 67.6 21.4155 1.99
      vertex 67.4128 21.5406 6.86646e-07
      vertex 67.4128 21.5406 2
    endloop
  endfacet
  facet normal 0 0 -1
    outer loop
      vertex 71.492 21.808 2
      vertex 71.8 22.1736 2
      vertex 71.7594 22.1128 2
    endloop
  endfacet
  facet normal -0 0 -1
    outer loop
      vertex 71.8 22.1736 2
      vertex 71.492 21.808 2
      vertex 71.8 24.6 2
    endloop
  endfacet
  facet normal 0 0 -1
    outer loop
      vertex 71 21.4155 2
      vertex 71.8 24.6 2
      vertex 71.492 21.808 2
    endloop
  endfacet
  facet normal 0 0 -1
    outer loop
      vertex 71 26.5845 2
      vertex 71.8 24.6 2
      vertex 71 21.4155 2
    endloop
  endfacet
  facet normal 0 0 -1
    outer loop
      vertex 71.8 24.6 2
      vertex 71 26.5845 2
      vertex 71.7521 25.3309 2
    endloop
  endfacet
  facet normal -0 -0 -1
    outer loop
      vertex 71.1872 26.4594 2
      vertex 71.7521 25.3309 2
      vertex 71 26.5845 2
    endloop
  endfacet
  facet normal 0 0 -1
    outer loop
      vertex 71 21.4155 2
      vertex 71.492 21.808 2
      vertex 71.1872 21.5406 2
    endloop
  endfacet
  facet normal -0 -0 -1
    outer loop
      vertex 71.492 26.192 2
      vertex 71.7521 25.3309 2
      vertex 71.1872 26.4594 2
    endloop
  endfacet
  facet normal 0 0 -1
    outer loop
      vertex 71.6092 26.0494 2
      vertex 71.492 26.192 2
      vertex 71.6041 26.0642 2
    endloop
  endfacet
  facet normal 0 0 -1
    outer loop
      vertex 71.7521 25.3309 2
      vertex 71.492 26.192 2
      vertex 71.6092 26.0494 2
    endloop
  endfacet
  facet normal 0 0 -1
    outer loop
      vertex 67.108 21.808 2
      vertex 67.6 21.4155 2
      vertex 67.4128 21.5406 2
    endloop
  endfacet
  facet normal 0 0 -1
    outer loop
      vertex 67.6 21.4155 2
      vertex 67.108 21.808 2
      vertex 67.6 26.5845 2
    endloop
  endfacet
  facet normal 0 0 -1
    outer loop
      vertex 67.108 26.192 2
      vertex 67.6 26.5845 2
      vertex 67.108 21.808 2
    endloop
  endfacet
  facet normal 0 0 -1
    outer loop
      vertex 67.6 26.5845 2
      vertex 67.108 26.192 2
      vertex 67.4128 26.4594 2
    endloop
  endfacet
  facet normal 0 0 -1
    outer loop
      vertex 66.8406 22.1128 2
      vertex 67.108 26.192 2
      vertex 67.108 21.808 2
    endloop
  endfacet
  facet normal 0 0 -1
    outer loop
      vertex 66.8406 22.1128 2
      vertex 66.8406 25.8872 2
      vertex 67.108 26.192 2
    endloop
  endfacet
  facet normal 0 0 -1
    outer loop
      vertex 66.6153 22.45 2
      vertex 66.8406 25.8872 2
      vertex 66.8406 22.1128 2
    endloop
  endfacet
  facet normal 0 0 -1
    outer loop
      vertex 66.6153 22.45 2
      vertex 66.6153 25.55 2
      vertex 66.8406 25.8872 2
    endloop
  endfacet
  facet normal 0 0 -1
    outer loop
      vertex 66.436 22.8137 2
      vertex 66.6153 25.55 2
      vertex 66.6153 22.45 2
    endloop
  endfacet
  facet normal 0 0 -1
    outer loop
      vertex 66.436 22.8137 2
      vertex 66.436 25.1863 2
      vertex 66.6153 25.55 2
    endloop
  endfacet
  facet normal 0 0 -1
    outer loop
      vertex 66.3056 23.1977 2
      vertex 66.436 25.1863 2
      vertex 66.436 22.8137 2
    endloop
  endfacet
  facet normal 0 0 -1
    outer loop
      vertex 66.3056 23.1977 2
      vertex 66.3056 24.8023 2
      vertex 66.436 25.1863 2
    endloop
  endfacet
  facet normal 0 0 -1
    outer loop
      vertex 66.2265 23.5954 2
      vertex 66.3056 24.8023 2
      vertex 66.3056 23.1977 2
    endloop
  endfacet
  facet normal 0 0 -1
    outer loop
      vertex 66.2265 23.5954 2
      vertex 66.2265 24.4046 2
      vertex 66.3056 24.8023 2
    endloop
  endfacet
  facet normal 0 -0 -1
    outer loop
      vertex 66.2265 24.4046 2
      vertex 66.2265 23.5954 2
      vertex 66.2 24 2
    endloop
  endfacet
  facet normal -1 0 0
    outer loop
      vertex 71 21.4155 1.99
      vertex 71 20.9 1.99
      vertex 71 21.4155 2
    endloop
  endfacet
  facet normal -1 0 0
    outer loop
      vertex 71 26.5845 2
      vertex 71 27.1 1.99
      vertex 71 26.5845 1.99
    endloop
  endfacet
  facet normal -1 0 0
    outer loop
      vertex 71 27.1 1.99
      vertex 71 26.5845 2
      vertex 71 27.1 2.2
    endloop
  endfacet
  facet normal -1 0 0
    outer loop
      vertex 71 26.5845 2
      vertex 71 25.7 2.2
      vertex 71 27.1 2.2
    endloop
  endfacet
  facet normal -1 0 0
    outer loop
      vertex 71 25.7 2.2
      vertex 71 24 2.4
      vertex 71 25.7 2.4
    endloop
  endfacet
  facet normal -1 0 0
    outer loop
      vertex 71 22.3 2.2
      vertex 71 25.7 2.2
      vertex 71 26.5845 2
    endloop
  endfacet
  facet normal -1 0 0
    outer loop
      vertex 71 25.7 2.2
      vertex 71 22.3 2.2
      vertex 71 24 2.4
    endloop
  endfacet
  facet normal -1 0 0
    outer loop
      vertex 71 21.4155 2
      vertex 71 22.3 2.2
      vertex 71 26.5845 2
    endloop
  endfacet
  facet normal -1 0 0
    outer loop
      vertex 71 20.9 2.2
      vertex 71 21.4155 2
      vertex 71 20.9 1.99
    endloop
  endfacet
  facet normal -1 0 0
    outer loop
      vertex 71 21.4155 2
      vertex 71 20.9 2.2
      vertex 71 22.3 2.2
    endloop
  endfacet
  facet normal -1 -0 0
    outer loop
      vertex 71 24 2.4
      vertex 71 22.3 2.2
      vertex 71 22.3 2.4
    endloop
  endfacet
  facet normal 0 0 -1
    outer loop
      vertex 71 25.7 2.2
      vertex 68.5172 27.1 2.2
      vertex 71 27.1 2.2
    endloop
  endfacet
  facet normal 0 0 -1
    outer loop
      vertex 67.6 25.7 2.2
      vertex 68.5172 27.1 2.2
      vertex 71 25.7 2.2
    endloop
  endfacet
  facet normal 0 0 -1
    outer loop
      vertex 68.5172 27.1 2.2
      vertex 67.6 25.7 2.2
      vertex 68.4718 27.091 2.2
    endloop
  endfacet
  facet normal 0 0 -1
    outer loop
      vertex 68.4718 27.091 2.2
      vertex 67.6 25.7 2.2
      vertex 68.0754 26.9564 2.2
    endloop
  endfacet
  facet normal 0 0 -1
    outer loop
      vertex 68.0754 26.9564 2.2
      vertex 67.6 25.7 2.2
      vertex 67.7 26.7713 2.2
    endloop
  endfacet
  facet normal 0 0 -1
    outer loop
      vertex 67.7 26.7713 2.2
      vertex 67.6 25.7 2.2
      vertex 67.6 26.7045 2.2
    endloop
  endfacet
  facet normal 0 0 -1
    outer loop
      vertex 70.6 21.0808 2.2
      vertex 71 20.9 2.2
      vertex 70.6 20.9 2.2
    endloop
  endfacet
  facet normal 0 0 -1
    outer loop
      vertex 71 20.9 2.2
      vertex 70.6 21.0808 2.2
      vertex 71 22.3 2.2
    endloop
  endfacet
  facet normal 0 0 -1
    outer loop
      vertex 70.5246 21.0436 2.2
      vertex 71 22.3 2.2
      vertex 70.6 21.0808 2.2
    endloop
  endfacet
  facet normal 0 0 -1
    outer loop
      vertex 70.1282 20.909 2.2
      vertex 71 22.3 2.2
      vertex 70.5246 21.0436 2.2
    endloop
  endfacet
  facet normal 0 0 -1
    outer loop
      vertex 70.0828 20.9 2.2
      vertex 71 22.3 2.2
      vertex 70.1282 20.909 2.2
    endloop
  endfacet
  facet normal 0 0 -1
    outer loop
      vertex 68.5172 20.9 2.2
      vertex 71 22.3 2.2
      vertex 70.0828 20.9 2.2
    endloop
  endfacet
  facet normal 0 0 -1
    outer loop
      vertex 67.6 22.3 2.2
      vertex 68.5172 20.9 2.2
      vertex 68.4718 20.909 2.2
    endloop
  endfacet
  facet normal 0 0 -1
    outer loop
      vertex 67.6 22.3 2.2
      vertex 68.4718 20.909 2.2
      vertex 68.0754 21.0436 2.2
    endloop
  endfacet
  facet normal 0 0 -1
    outer loop
      vertex 67.6 22.3 2.2
      vertex 68.0754 21.0436 2.2
      vertex 67.7 21.2287 2.2
    endloop
  endfacet
  facet normal 0 0 -1
    outer loop
      vertex 67.6 22.3 2.2
      vertex 67.7 21.2287 2.2
      vertex 67.6 21.2955 2.2
    endloop
  endfacet
  facet normal 0 0 -1
    outer loop
      vertex 68.5172 20.9 2.2
      vertex 67.6 22.3 2.2
      vertex 71 22.3 2.2
    endloop
  endfacet
  facet normal 0 0 1
    outer loop
      vertex 71 27.1 1.99
      vertex 70.85 26.6847 1.99
      vertex 71 26.5845 1.99
    endloop
  endfacet
  facet normal 0 0 1
    outer loop
      vertex 71 27.1 1.99
      vertex 70.4863 26.864 1.99
      vertex 70.85 26.6847 1.99
    endloop
  endfacet
  facet normal 0 0 1
    outer loop
      vertex 71 27.1 1.99
      vertex 70.1023 26.9944 1.99
      vertex 70.4863 26.864 1.99
    endloop
  endfacet
  facet normal 0 0 1
    outer loop
      vertex 71 27.1 1.99
      vertex 69.7046 27.0735 1.99
      vertex 70.1023 26.9944 1.99
    endloop
  endfacet
  facet normal 0 -0 1
    outer loop
      vertex 69.7046 27.0735 1.99
      vertex 71 27.1 1.99
      vertex 69.3 27.1 1.99
    endloop
  endfacet
  facet normal -0 0 1
    outer loop
      vertex 70.4863 21.136 1.99
      vertex 70.6 21.0808 1.99
      vertex 70.85 21.3153 1.99
    endloop
  endfacet
  facet normal 0 0 1
    outer loop
      vertex 70.6 21.0808 1.99
      vertex 70.4863 21.136 1.99
      vertex 70.5246 21.0436 1.99
    endloop
  endfacet
  facet normal 0 0 1
    outer loop
      vertex 70.4863 21.136 1.99
      vertex 70.1282 20.909 1.99
      vertex 70.5246 21.0436 1.99
    endloop
  endfacet
  facet normal -0 0 1
    outer loop
      vertex 70.1023 21.0056 1.99
      vertex 70.1282 20.909 1.99
      vertex 70.4863 21.136 1.99
    endloop
  endfacet
  facet normal 0 0 1
    outer loop
      vertex 70.1023 21.0056 1.99
      vertex 70.0828 20.9 1.99
      vertex 70.1282 20.909 1.99
    endloop
  endfacet
  facet normal -0 0 1
    outer loop
      vertex 69.7046 20.9265 1.99
      vertex 70.0828 20.9 1.99
      vertex 70.1023 21.0056 1.99
    endloop
  endfacet
  facet normal 0 0 1
    outer loop
      vertex 70.0828 20.9 1.99
      vertex 69.7046 20.9265 1.99
      vertex 69.3 20.9 1.99
    endloop
  endfacet
  facet normal -0 0 1
    outer loop
      vertex 70.85 21.3153 1.99
      vertex 71 20.9 1.99
      vertex 71 21.4155 1.99
    endloop
  endfacet
  facet normal -0 0 1
    outer loop
      vertex 70.6 21.0808 1.99
      vertex 71 20.9 1.99
      vertex 70.85 21.3153 1.99
    endloop
  endfacet
  facet normal 0 0 1
    outer loop
      vertex 71 20.9 1.99
      vertex 70.6 21.0808 1.99
      vertex 70.6 20.9 1.99
    endloop
  endfacet
  facet normal 0 0 1
    outer loop
      vertex 68.8954 20.9265 1.99
      vertex 68.5172 20.9 1.99
      vertex 69.3 20.9 1.99
    endloop
  endfacet
  facet normal 0 0 1
    outer loop
      vertex 68.4977 21.0056 1.99
      vertex 68.5172 20.9 1.99
      vertex 68.8954 20.9265 1.99
    endloop
  endfacet
  facet normal 0 0 1
    outer loop
      vertex 68.4977 21.0056 1.99
      vertex 68.4718 20.909 1.99
      vertex 68.5172 20.9 1.99
    endloop
  endfacet
  facet normal 0 0 1
    outer loop
      vertex 68.1137 21.136 1.99
      vertex 68.4718 20.909 1.99
      vertex 68.4977 21.0056 1.99
    endloop
  endfacet
  facet normal 0 0 1
    outer loop
      vertex 68.1137 21.136 1.99
      vertex 68.0754 21.0436 1.99
      vertex 68.4718 20.909 1.99
    endloop
  endfacet
  facet normal 0 0 1
    outer loop
      vertex 67.75 21.3153 1.99
      vertex 68.0754 21.0436 1.99
      vertex 68.1137 21.136 1.99
    endloop
  endfacet
  facet normal 0 0 1
    outer loop
      vertex 67.75 21.3153 1.99
      vertex 67.7 21.2287 1.99
      vertex 68.0754 21.0436 1.99
    endloop
  endfacet
  facet normal 0 0 1
    outer loop
      vertex 67.6 21.2955 1.99
      vertex 67.75 21.3153 1.99
      vertex 67.6 21.4155 1.99
    endloop
  endfacet
  facet normal 0 0 1
    outer loop
      vertex 67.75 21.3153 1.99
      vertex 67.6 21.2955 1.99
      vertex 67.7 21.2287 1.99
    endloop
  endfacet
  facet normal -0 0 1
    outer loop
      vertex 68.5172 27.1 1.99
      vertex 68.8954 27.0735 1.99
      vertex 69.3 27.1 1.99
    endloop
  endfacet
  facet normal 0 0 1
    outer loop
      vertex 68.5172 27.1 1.99
      vertex 68.4977 26.9944 1.99
      vertex 68.8954 27.0735 1.99
    endloop
  endfacet
  facet normal -0 0 1
    outer loop
      vertex 68.4718 27.091 1.99
      vertex 68.4977 26.9944 1.99
      vertex 68.5172 27.1 1.99
    endloop
  endfacet
  facet normal 0 0 1
    outer loop
      vertex 68.4718 27.091 1.99
      vertex 68.1137 26.864 1.99
      vertex 68.4977 26.9944 1.99
    endloop
  endfacet
  facet normal -0 0 1
    outer loop
      vertex 68.0754 26.9564 1.99
      vertex 68.1137 26.864 1.99
      vertex 68.4718 27.091 1.99
    endloop
  endfacet
  facet normal 0 0 1
    outer loop
      vertex 68.0754 26.9564 1.99
      vertex 67.75 26.6847 1.99
      vertex 68.1137 26.864 1.99
    endloop
  endfacet
  facet normal -0 0 1
    outer loop
      vertex 67.7 26.7713 1.99
      vertex 67.75 26.6847 1.99
      vertex 68.0754 26.9564 1.99
    endloop
  endfacet
  facet normal -0 0 1
    outer loop
      vertex 67.6 26.7045 1.99
      vertex 67.75 26.6847 1.99
      vertex 67.7 26.7713 1.99
    endloop
  endfacet
  facet normal 0 0 1
    outer loop
      vertex 67.75 26.6847 1.99
      vertex 67.6 26.7045 1.99
      vertex 67.6 26.5845 1.99
    endloop
  endfacet
  facet normal 1 0 0
    outer loop
      vertex 67.6 25.7 2.4
      vertex 67.6 24 2.4
      vertex 67.6 25.7 2.2
    endloop
  endfacet
  facet normal 1 0 0
    outer loop
      vertex 67.6 26.7045 2.2
      vertex 67.6 26.5845 2
      vertex 67.6 26.7045 1.99
    endloop
  endfacet
  facet normal 1 -0 0
    outer loop
      vertex 67.6 25.7 2.2
      vertex 67.6 26.5845 2
      vertex 67.6 26.7045 2.2
    endloop
  endfacet
  facet normal 1 0 0
    outer loop
      vertex 67.6 22.3 2.2
      vertex 67.6 25.7 2.2
      vertex 67.6 24 2.4
    endloop
  endfacet
  facet normal 1 0 0
    outer loop
      vertex 67.6 22.3 2.2
      vertex 67.6 24 2.4
      vertex 67.6 22.3 2.4
    endloop
  endfacet
  facet normal 1 0 0
    outer loop
      vertex 67.6 25.7 2.2
      vertex 67.6 22.3 2.2
      vertex 67.6 26.5845 2
    endloop
  endfacet
  facet normal 1 0 0
    outer loop
      vertex 67.6 22.3 2.2
      vertex 67.6 21.4155 2
      vertex 67.6 26.5845 2
    endloop
  endfacet
  facet normal 1 -0 0
    outer loop
      vertex 67.6 21.2955 2.2
      vertex 67.6 21.4155 2
      vertex 67.6 22.3 2.2
    endloop
  endfacet
  facet normal 1 0 0
    outer loop
      vertex 67.6 21.2955 1.99
      vertex 67.6 21.4155 2
      vertex 67.6 21.2955 2.2
    endloop
  endfacet
  facet normal 1 0 0
    outer loop
      vertex 67.6 21.4155 2
      vertex 67.6 21.2955 1.99
      vertex 67.6 21.4155 1.99
    endloop
  endfacet
  facet normal 1 0 0
    outer loop
      vertex 67.6 26.7045 1.99
      vertex 67.6 26.5845 2
      vertex 67.6 26.5845 1.99
    endloop
  endfacet
  facet normal 0 -1 0
    outer loop
      vertex 69.3 27.1 1.99
      vertex 68.5172 27.1 2.2
      vertex 68.5172 27.1 1.99
    endloop
  endfacet
  facet normal 0 -1 0
    outer loop
      vertex 68.5172 27.1 2.2
      vertex 69.3 27.1 1.99
      vertex 71 27.1 2.2
    endloop
  endfacet
  facet normal 0 -1 -0
    outer loop
      vertex 71 27.1 2.2
      vertex 69.3 27.1 1.99
      vertex 71 27.1 1.99
    endloop
  endfacet
  facet normal 0 1 -0
    outer loop
      vertex 71 20.9 1.99
      vertex 70.6 20.9 2.2
      vertex 71 20.9 2.2
    endloop
  endfacet
  facet normal 0 1 0
    outer loop
      vertex 70.6 20.9 2.2
      vertex 71 20.9 1.99
      vertex 70.6 20.9 1.99
    endloop
  endfacet
  facet normal 0 1 0
    outer loop
      vertex 69.3 20.9 1.99
      vertex 70.0828 20.9 2.2
      vertex 70.0828 20.9 1.99
    endloop
  endfacet
  facet normal 0 1 0
    outer loop
      vertex 70.0828 20.9 2.2
      vertex 69.3 20.9 1.99
      vertex 68.5172 20.9 2.2
    endloop
  endfacet
  facet normal 0 1 0
    outer loop
      vertex 68.5172 20.9 2.2
      vertex 69.3 20.9 1.99
      vertex 68.5172 20.9 1.99
    endloop
  endfacet
  facet normal 0 0 -1
    outer loop
      vertex 69.0781 25.6855 2.4
      vertex 67.6 25.7 2.4
      vertex 69.3 25.7 2.4
    endloop
  endfacet
  facet normal 0 0 -1
    outer loop
      vertex 68.86 25.6421 2.4
      vertex 67.6 25.7 2.4
      vertex 69.0781 25.6855 2.4
    endloop
  endfacet
  facet normal 0 0 -1
    outer loop
      vertex 68.6494 25.5706 2.4
      vertex 67.6 25.7 2.4
      vertex 68.86 25.6421 2.4
    endloop
  endfacet
  facet normal 0 0 -1
    outer loop
      vertex 68.45 25.4722 2.4
      vertex 67.6 25.7 2.4
      vertex 68.6494 25.5706 2.4
    endloop
  endfacet
  facet normal 0 0 -1
    outer loop
      vertex 68.2651 25.3487 2.4
      vertex 67.6 25.7 2.4
      vertex 68.45 25.4722 2.4
    endloop
  endfacet
  facet normal 0 0 -1
    outer loop
      vertex 68.0979 25.2021 2.4
      vertex 67.6 25.7 2.4
      vertex 68.2651 25.3487 2.4
    endloop
  endfacet
  facet normal 0 0 -1
    outer loop
      vertex 67.9513 25.0349 2.4
      vertex 67.6 25.7 2.4
      vertex 68.0979 25.2021 2.4
    endloop
  endfacet
  facet normal 0 0 -1
    outer loop
      vertex 67.8278 24.85 2.4
      vertex 67.6 25.7 2.4
      vertex 67.9513 25.0349 2.4
    endloop
  endfacet
  facet normal 0 0 -1
    outer loop
      vertex 67.7294 24.6506 2.4
      vertex 67.6 25.7 2.4
      vertex 67.8278 24.85 2.4
    endloop
  endfacet
  facet normal 0 0 -1
    outer loop
      vertex 67.6579 24.44 2.4
      vertex 67.6 25.7 2.4
      vertex 67.7294 24.6506 2.4
    endloop
  endfacet
  facet normal 0 0 -1
    outer loop
      vertex 67.6145 24.2219 2.4
      vertex 67.6 25.7 2.4
      vertex 67.6579 24.44 2.4
    endloop
  endfacet
  facet normal 0 0 -1
    outer loop
      vertex 67.6 25.7 2.4
      vertex 67.6145 24.2219 2.4
      vertex 67.6 24 2.4
    endloop
  endfacet
  facet normal 0 0 -1
    outer loop
      vertex 70.9855 24.2219 2.4
      vertex 71 25.7 2.4
      vertex 71 24 2.4
    endloop
  endfacet
  facet normal 0 0 -1
    outer loop
      vertex 70.9421 24.44 2.4
      vertex 71 25.7 2.4
      vertex 70.9855 24.2219 2.4
    endloop
  endfacet
  facet normal 0 0 -1
    outer loop
      vertex 70.8706 24.6506 2.4
      vertex 71 25.7 2.4
      vertex 70.9421 24.44 2.4
    endloop
  endfacet
  facet normal 0 0 -1
    outer loop
      vertex 70.7722 24.85 2.4
      vertex 71 25.7 2.4
      vertex 70.8706 24.6506 2.4
    endloop
  endfacet
  facet normal 0 0 -1
    outer loop
      vertex 70.6487 25.0349 2.4
      vertex 71 25.7 2.4
      vertex 70.7722 24.85 2.4
    endloop
  endfacet
  facet normal 0 0 -1
    outer loop
      vertex 70.5021 25.2021 2.4
      vertex 71 25.7 2.4
      vertex 70.6487 25.0349 2.4
    endloop
  endfacet
  facet normal 0 0 -1
    outer loop
      vertex 70.3349 25.3487 2.4
      vertex 71 25.7 2.4
      vertex 70.5021 25.2021 2.4
    endloop
  endfacet
  facet normal 0 0 -1
    outer loop
      vertex 70.15 25.4722 2.4
      vertex 71 25.7 2.4
      vertex 70.3349 25.3487 2.4
    endloop
  endfacet
  facet normal 0 0 -1
    outer loop
      vertex 69.9506 25.5706 2.4
      vertex 71 25.7 2.4
      vertex 70.15 25.4722 2.4
    endloop
  endfacet
  facet normal 0 0 -1
    outer loop
      vertex 69.74 25.6421 2.4
      vertex 71 25.7 2.4
      vertex 69.9506 25.5706 2.4
    endloop
  endfacet
  facet normal 0 0 -1
    outer loop
      vertex 69.5219 25.6855 2.4
      vertex 71 25.7 2.4
      vertex 69.74 25.6421 2.4
    endloop
  endfacet
  facet normal -0 0 -1
    outer loop
      vertex 71 25.7 2.4
      vertex 69.5219 25.6855 2.4
      vertex 69.3 25.7 2.4
    endloop
  endfacet
  facet normal 0 0 -1
    outer loop
      vertex 67.6 22.3 2.4
      vertex 69.0781 22.3145 2.4
      vertex 69.3 22.3 2.4
    endloop
  endfacet
  facet normal 0 0 -1
    outer loop
      vertex 67.6 22.3 2.4
      vertex 68.86 22.3579 2.4
      vertex 69.0781 22.3145 2.4
    endloop
  endfacet
  facet normal 0 0 -1
    outer loop
      vertex 67.6 22.3 2.4
      vertex 68.6494 22.4294 2.4
      vertex 68.86 22.3579 2.4
    endloop
  endfacet
  facet normal 0 0 -1
    outer loop
      vertex 67.6 22.3 2.4
      vertex 68.45 22.5278 2.4
      vertex 68.6494 22.4294 2.4
    endloop
  endfacet
  facet normal 0 0 -1
    outer loop
      vertex 67.6 22.3 2.4
      vertex 68.2651 22.6513 2.4
      vertex 68.45 22.5278 2.4
    endloop
  endfacet
  facet normal 0 0 -1
    outer loop
      vertex 67.6 22.3 2.4
      vertex 68.0979 22.7979 2.4
      vertex 68.2651 22.6513 2.4
    endloop
  endfacet
  facet normal 0 0 -1
    outer loop
      vertex 67.6 22.3 2.4
      vertex 67.9513 22.9651 2.4
      vertex 68.0979 22.7979 2.4
    endloop
  endfacet
  facet normal 0 0 -1
    outer loop
      vertex 67.6 22.3 2.4
      vertex 67.8278 23.15 2.4
      vertex 67.9513 22.9651 2.4
    endloop
  endfacet
  facet normal 0 0 -1
    outer loop
      vertex 67.6 22.3 2.4
      vertex 67.7294 23.3494 2.4
      vertex 67.8278 23.15 2.4
    endloop
  endfacet
  facet normal 0 0 -1
    outer loop
      vertex 67.6 22.3 2.4
      vertex 67.6579 23.56 2.4
      vertex 67.7294 23.3494 2.4
    endloop
  endfacet
  facet normal 0 0 -1
    outer loop
      vertex 67.6 22.3 2.4
      vertex 67.6145 23.7781 2.4
      vertex 67.6579 23.56 2.4
    endloop
  endfacet
  facet normal -0 0 -1
    outer loop
      vertex 67.6145 23.7781 2.4
      vertex 67.6 22.3 2.4
      vertex 67.6 24 2.4
    endloop
  endfacet
  facet normal 0 0 -1
    outer loop
      vertex 71 22.3 2.4
      vertex 70.9855 23.7781 2.4
      vertex 71 24 2.4
    endloop
  endfacet
  facet normal 0 0 -1
    outer loop
      vertex 71 22.3 2.4
      vertex 70.9421 23.56 2.4
      vertex 70.9855 23.7781 2.4
    endloop
  endfacet
  facet normal 0 0 -1
    outer loop
      vertex 71 22.3 2.4
      vertex 70.8706 23.3494 2.4
      vertex 70.9421 23.56 2.4
    endloop
  endfacet
  facet normal 0 0 -1
    outer loop
      vertex 71 22.3 2.4
      vertex 70.7722 23.15 2.4
      vertex 70.8706 23.3494 2.4
    endloop
  endfacet
  facet normal 0 0 -1
    outer loop
      vertex 71 22.3 2.4
      vertex 70.6487 22.9651 2.4
      vertex 70.7722 23.15 2.4
    endloop
  endfacet
  facet normal 0 0 -1
    outer loop
      vertex 71 22.3 2.4
      vertex 70.5021 22.7979 2.4
      vertex 70.6487 22.9651 2.4
    endloop
  endfacet
  facet normal 0 0 -1
    outer loop
      vertex 71 22.3 2.4
      vertex 70.3349 22.6513 2.4
      vertex 70.5021 22.7979 2.4
    endloop
  endfacet
  facet normal 0 0 -1
    outer loop
      vertex 71 22.3 2.4
      vertex 70.15 22.5278 2.4
      vertex 70.3349 22.6513 2.4
    endloop
  endfacet
  facet normal 0 0 -1
    outer loop
      vertex 71 22.3 2.4
      vertex 69.9506 22.4294 2.4
      vertex 70.15 22.5278 2.4
    endloop
  endfacet
  facet normal 0 0 -1
    outer loop
      vertex 71 22.3 2.4
      vertex 69.74 22.3579 2.4
      vertex 69.9506 22.4294 2.4
    endloop
  endfacet
  facet normal 0 0 -1
    outer loop
      vertex 71 22.3 2.4
      vertex 69.5219 22.3145 2.4
      vertex 69.74 22.3579 2.4
    endloop
  endfacet
  facet normal 0 -0 -1
    outer loop
      vertex 69.5219 22.3145 2.4
      vertex 71 22.3 2.4
      vertex 69.3 22.3 2.4
    endloop
  endfacet
  facet normal 0 -1 0
    outer loop
      vertex 67.6 25.7 2.2
      vertex 69.3 25.7 2.4
      vertex 67.6 25.7 2.4
    endloop
  endfacet
  facet normal 0 -1 0
    outer loop
      vertex 71 25.7 2.2
      vertex 69.3 25.7 2.4
      vertex 67.6 25.7 2.2
    endloop
  endfacet
  facet normal 0 -1 0
    outer loop
      vertex 69.3 25.7 2.4
      vertex 71 25.7 2.2
      vertex 71 25.7 2.4
    endloop
  endfacet
  facet normal 0 1 -0
    outer loop
      vertex 71 22.3 2.2
      vertex 69.3 22.3 2.4
      vertex 71 22.3 2.4
    endloop
  endfacet
  facet normal 0 1 0
    outer loop
      vertex 67.6 22.3 2.2
      vertex 69.3 22.3 2.4
      vertex 71 22.3 2.2
    endloop
  endfacet
  facet normal 0 1 0
    outer loop
      vertex 69.3 22.3 2.4
      vertex 67.6 22.3 2.2
      vertex 67.6 22.3 2.4
    endloop
  endfacet
  facet normal -0.98077 -0.195165 0
    outer loop
      vertex 70.9855 24.2219 2.4
      vertex 70.9421 24.44 3.7
      vertex 70.9421 24.44 2.4
    endloop
  endfacet
  facet normal -0.98077 -0.195165 0
    outer loop
      vertex 70.9421 24.44 3.7
      vertex 70.9855 24.2219 2.4
      vertex 70.9855 24.2219 3.7
    endloop
  endfacet
  facet normal -0.997872 -0.0652057 0
    outer loop
      vertex 71 24 2.4
      vertex 70.9855 24.2219 3.7
      vertex 70.9855 24.2219 2.4
    endloop
  endfacet
  facet normal -0.997872 -0.0652057 0
    outer loop
      vertex 70.9855 24.2219 3.7
      vertex 71 24 2.4
      vertex 71 24 3.7
    endloop
  endfacet
  facet normal -0.0652057 0.997872 0
    outer loop
      vertex 69.5219 22.3145 2.4
      vertex 69.3 22.3 3.7
      vertex 69.5219 22.3145 3.7
    endloop
  endfacet
  facet normal -0.0652057 0.997872 0
    outer loop
      vertex 69.3 22.3 3.7
      vertex 69.5219 22.3145 2.4
      vertex 69.3 22.3 2.4
    endloop
  endfacet
  facet normal 0.659268 -0.751908 0
    outer loop
      vertex 68.0979 25.2021 2.4
      vertex 68.2651 25.3487 3.7
      vertex 68.0979 25.2021 3.7
    endloop
  endfacet
  facet normal 0.659268 -0.751908 0
    outer loop
      vertex 68.2651 25.3487 3.7
      vertex 68.0979 25.2021 2.4
      vertex 68.2651 25.3487 2.4
    endloop
  endfacet
  facet normal 0.831566 0.555426 0
    outer loop
      vertex 67.9513 22.9651 3.7
      vertex 67.8278 23.15 2.4
      vertex 67.8278 23.15 3.7
    endloop
  endfacet
  facet normal 0.831566 0.555426 0
    outer loop
      vertex 67.8278 23.15 2.4
      vertex 67.9513 22.9651 3.7
      vertex 67.9513 22.9651 2.4
    endloop
  endfacet
  facet normal 0.195165 0.98077 -0
    outer loop
      vertex 69.0781 22.3145 2.4
      vertex 68.86 22.3579 3.7
      vertex 69.0781 22.3145 3.7
    endloop
  endfacet
  facet normal 0.195165 0.98077 0
    outer loop
      vertex 68.86 22.3579 3.7
      vertex 69.0781 22.3145 2.4
      vertex 68.86 22.3579 2.4
    endloop
  endfacet
  facet normal -0.659268 -0.751908 0
    outer loop
      vertex 70.3349 25.3487 2.4
      vertex 70.5021 25.2021 3.7
      vertex 70.3349 25.3487 3.7
    endloop
  endfacet
  facet normal -0.659268 -0.751908 -0
    outer loop
      vertex 70.5021 25.2021 3.7
      vertex 70.3349 25.3487 2.4
      vertex 70.5021 25.2021 2.4
    endloop
  endfacet
  facet normal -0.946915 0.321484 0
    outer loop
      vertex 70.8706 23.3494 2.4
      vertex 70.9421 23.56 3.7
      vertex 70.9421 23.56 2.4
    endloop
  endfacet
  facet normal -0.946915 0.321484 0
    outer loop
      vertex 70.9421 23.56 3.7
      vertex 70.8706 23.3494 2.4
      vertex 70.8706 23.3494 3.7
    endloop
  endfacet
  facet normal -0.751908 0.659268 0
    outer loop
      vertex 70.5021 22.7979 2.4
      vertex 70.6487 22.9651 3.7
      vertex 70.6487 22.9651 2.4
    endloop
  endfacet
  facet normal -0.751908 0.659268 0
    outer loop
      vertex 70.6487 22.9651 3.7
      vertex 70.5021 22.7979 2.4
      vertex 70.5021 22.7979 3.7
    endloop
  endfacet
  facet normal -0.751908 -0.659268 0
    outer loop
      vertex 70.6487 25.0349 2.4
      vertex 70.5021 25.2021 3.7
      vertex 70.5021 25.2021 2.4
    endloop
  endfacet
  facet normal -0.751908 -0.659268 0
    outer loop
      vertex 70.5021 25.2021 3.7
      vertex 70.6487 25.0349 2.4
      vertex 70.6487 25.0349 3.7
    endloop
  endfacet
  facet normal 0.946915 0.321484 0
    outer loop
      vertex 67.7294 23.3494 3.7
      vertex 67.6579 23.56 2.4
      vertex 67.6579 23.56 3.7
    endloop
  endfacet
  facet normal 0.946915 0.321484 0
    outer loop
      vertex 67.6579 23.56 2.4
      vertex 67.7294 23.3494 3.7
      vertex 67.7294 23.3494 2.4
    endloop
  endfacet
  facet normal -0.321484 0.946915 0
    outer loop
      vertex 69.9506 22.4294 2.4
      vertex 69.74 22.3579 3.7
      vertex 69.9506 22.4294 3.7
    endloop
  endfacet
  facet normal -0.321484 0.946915 0
    outer loop
      vertex 69.74 22.3579 3.7
      vertex 69.9506 22.4294 2.4
      vertex 69.74 22.3579 2.4
    endloop
  endfacet
  facet normal 0.0652057 0.997872 -0
    outer loop
      vertex 69.3 22.3 2.4
      vertex 69.0781 22.3145 3.7
      vertex 69.3 22.3 3.7
    endloop
  endfacet
  facet normal 0.0652057 0.997872 0
    outer loop
      vertex 69.0781 22.3145 3.7
      vertex 69.3 22.3 2.4
      vertex 69.0781 22.3145 2.4
    endloop
  endfacet
  facet normal 0.321484 -0.946915 0
    outer loop
      vertex 68.6494 25.5706 2.4
      vertex 68.86 25.6421 3.7
      vertex 68.6494 25.5706 3.7
    endloop
  endfacet
  facet normal 0.321484 -0.946915 0
    outer loop
      vertex 68.86 25.6421 3.7
      vertex 68.6494 25.5706 2.4
      vertex 68.86 25.6421 2.4
    endloop
  endfacet
  facet normal 0.751908 -0.659268 0
    outer loop
      vertex 67.9513 25.0349 3.7
      vertex 68.0979 25.2021 2.4
      vertex 68.0979 25.2021 3.7
    endloop
  endfacet
  facet normal 0.751908 -0.659268 0
    outer loop
      vertex 68.0979 25.2021 2.4
      vertex 67.9513 25.0349 3.7
      vertex 67.9513 25.0349 2.4
    endloop
  endfacet
  facet normal 0.44253 0.896754 -0
    outer loop
      vertex 68.6494 22.4294 2.4
      vertex 68.45 22.5278 3.7
      vertex 68.6494 22.4294 3.7
    endloop
  endfacet
  facet normal 0.44253 0.896754 0
    outer loop
      vertex 68.45 22.5278 3.7
      vertex 68.6494 22.4294 2.4
      vertex 68.45 22.5278 2.4
    endloop
  endfacet
  facet normal 0.0652057 -0.997872 0
    outer loop
      vertex 69.0781 25.6855 2.4
      vertex 69.3 25.7 3.7
      vertex 69.0781 25.6855 3.7
    endloop
  endfacet
  facet normal 0.0652057 -0.997872 0
    outer loop
      vertex 69.3 25.7 3.7
      vertex 69.0781 25.6855 2.4
      vertex 69.3 25.7 2.4
    endloop
  endfacet
  facet normal -0.896754 0.44253 0
    outer loop
      vertex 70.7722 23.15 2.4
      vertex 70.8706 23.3494 3.7
      vertex 70.8706 23.3494 2.4
    endloop
  endfacet
  facet normal -0.896754 0.44253 0
    outer loop
      vertex 70.8706 23.3494 3.7
      vertex 70.7722 23.15 2.4
      vertex 70.7722 23.15 3.7
    endloop
  endfacet
  facet normal -0.555426 0.831566 0
    outer loop
      vertex 70.3349 22.6513 2.4
      vertex 70.15 22.5278 3.7
      vertex 70.3349 22.6513 3.7
    endloop
  endfacet
  facet normal -0.555426 0.831566 0
    outer loop
      vertex 70.15 22.5278 3.7
      vertex 70.3349 22.6513 2.4
      vertex 70.15 22.5278 2.4
    endloop
  endfacet
  facet normal 0.98077 0.195165 0
    outer loop
      vertex 67.6579 23.56 3.7
      vertex 67.6145 23.7781 2.4
      vertex 67.6145 23.7781 3.7
    endloop
  endfacet
  facet normal 0.98077 0.195165 0
    outer loop
      vertex 67.6145 23.7781 2.4
      vertex 67.6579 23.56 3.7
      vertex 67.6579 23.56 2.4
    endloop
  endfacet
  facet normal 0.751908 0.659268 0
    outer loop
      vertex 68.0979 22.7979 3.7
      vertex 67.9513 22.9651 2.4
      vertex 67.9513 22.9651 3.7
    endloop
  endfacet
  facet normal 0.751908 0.659268 0
    outer loop
      vertex 67.9513 22.9651 2.4
      vertex 68.0979 22.7979 3.7
      vertex 68.0979 22.7979 2.4
    endloop
  endfacet
  facet normal -0.195165 -0.98077 0
    outer loop
      vertex 69.5219 25.6855 2.4
      vertex 69.74 25.6421 3.7
      vertex 69.5219 25.6855 3.7
    endloop
  endfacet
  facet normal -0.195165 -0.98077 -0
    outer loop
      vertex 69.74 25.6421 3.7
      vertex 69.5219 25.6855 2.4
      vertex 69.74 25.6421 2.4
    endloop
  endfacet
  facet normal -0.831566 -0.555426 0
    outer loop
      vertex 70.7722 24.85 2.4
      vertex 70.6487 25.0349 3.7
      vertex 70.6487 25.0349 2.4
    endloop
  endfacet
  facet normal -0.831566 -0.555426 0
    outer loop
      vertex 70.6487 25.0349 3.7
      vertex 70.7722 24.85 2.4
      vertex 70.7722 24.85 3.7
    endloop
  endfacet
  facet normal -0.997872 0.0652057 0
    outer loop
      vertex 70.9855 23.7781 2.4
      vertex 71 24 3.7
      vertex 71 24 2.4
    endloop
  endfacet
  facet normal -0.997872 0.0652057 0
    outer loop
      vertex 71 24 3.7
      vertex 70.9855 23.7781 2.4
      vertex 70.9855 23.7781 3.7
    endloop
  endfacet
  facet normal -0.321484 -0.946915 0
    outer loop
      vertex 69.74 25.6421 2.4
      vertex 69.9506 25.5706 3.7
      vertex 69.74 25.6421 3.7
    endloop
  endfacet
  facet normal -0.321484 -0.946915 -0
    outer loop
      vertex 69.9506 25.5706 3.7
      vertex 69.74 25.6421 2.4
      vertex 69.9506 25.5706 2.4
    endloop
  endfacet
  facet normal -0.555426 -0.831566 0
    outer loop
      vertex 70.15 25.4722 2.4
      vertex 70.3349 25.3487 3.7
      vertex 70.15 25.4722 3.7
    endloop
  endfacet
  facet normal -0.555426 -0.831566 -0
    outer loop
      vertex 70.3349 25.3487 3.7
      vertex 70.15 25.4722 2.4
      vertex 70.3349 25.3487 2.4
    endloop
  endfacet
  facet normal 0.195165 -0.98077 0
    outer loop
      vertex 68.86 25.6421 2.4
      vertex 69.0781 25.6855 3.7
      vertex 68.86 25.6421 3.7
    endloop
  endfacet
  facet normal 0.195165 -0.98077 0
    outer loop
      vertex 69.0781 25.6855 3.7
      vertex 68.86 25.6421 2.4
      vertex 69.0781 25.6855 2.4
    endloop
  endfacet
  facet normal -0.659268 0.751908 0
    outer loop
      vertex 70.5021 22.7979 2.4
      vertex 70.3349 22.6513 3.7
      vertex 70.5021 22.7979 3.7
    endloop
  endfacet
  facet normal -0.659268 0.751908 0
    outer loop
      vertex 70.3349 22.6513 3.7
      vertex 70.5021 22.7979 2.4
      vertex 70.3349 22.6513 2.4
    endloop
  endfacet
  facet normal 0.896754 -0.44253 0
    outer loop
      vertex 67.7294 24.6506 3.7
      vertex 67.8278 24.85 2.4
      vertex 67.8278 24.85 3.7
    endloop
  endfacet
  facet normal 0.896754 -0.44253 0
    outer loop
      vertex 67.8278 24.85 2.4
      vertex 67.7294 24.6506 3.7
      vertex 67.7294 24.6506 2.4
    endloop
  endfacet
  facet normal -0.98077 0.195165 0
    outer loop
      vertex 70.9421 23.56 2.4
      vertex 70.9855 23.7781 3.7
      vertex 70.9855 23.7781 2.4
    endloop
  endfacet
  facet normal -0.98077 0.195165 0
    outer loop
      vertex 70.9855 23.7781 3.7
      vertex 70.9421 23.56 2.4
      vertex 70.9421 23.56 3.7
    endloop
  endfacet
  facet normal -0.195165 0.98077 0
    outer loop
      vertex 69.74 22.3579 2.4
      vertex 69.5219 22.3145 3.7
      vertex 69.74 22.3579 3.7
    endloop
  endfacet
  facet normal -0.195165 0.98077 0
    outer loop
      vertex 69.5219 22.3145 3.7
      vertex 69.74 22.3579 2.4
      vertex 69.5219 22.3145 2.4
    endloop
  endfacet
  facet normal 0.659268 0.751908 -0
    outer loop
      vertex 68.2651 22.6513 2.4
      vertex 68.0979 22.7979 3.7
      vertex 68.2651 22.6513 3.7
    endloop
  endfacet
  facet normal 0.659268 0.751908 0
    outer loop
      vertex 68.0979 22.7979 3.7
      vertex 68.2651 22.6513 2.4
      vertex 68.0979 22.7979 2.4
    endloop
  endfacet
  facet normal -0.0652057 -0.997872 0
    outer loop
      vertex 69.3 25.7 2.4
      vertex 69.5219 25.6855 3.7
      vertex 69.3 25.7 3.7
    endloop
  endfacet
  facet normal -0.0652057 -0.997872 -0
    outer loop
      vertex 69.5219 25.6855 3.7
      vertex 69.3 25.7 2.4
      vertex 69.5219 25.6855 2.4
    endloop
  endfacet
  facet normal -0.44253 -0.896754 0
    outer loop
      vertex 69.9506 25.5706 2.4
      vertex 70.15 25.4722 3.7
      vertex 69.9506 25.5706 3.7
    endloop
  endfacet
  facet normal -0.44253 -0.896754 -0
    outer loop
      vertex 70.15 25.4722 3.7
      vertex 69.9506 25.5706 2.4
      vertex 70.15 25.4722 2.4
    endloop
  endfacet
  facet normal -0.831566 0.555426 0
    outer loop
      vertex 70.6487 22.9651 2.4
      vertex 70.7722 23.15 3.7
      vertex 70.7722 23.15 2.4
    endloop
  endfacet
  facet normal -0.831566 0.555426 0
    outer loop
      vertex 70.7722 23.15 3.7
      vertex 70.6487 22.9651 2.4
      vertex 70.6487 22.9651 3.7
    endloop
  endfacet
  facet normal 0.997872 0.0652057 0
    outer loop
      vertex 67.6145 23.7781 3.7
      vertex 67.6 24 2.4
      vertex 67.6 24 3.7
    endloop
  endfacet
  facet normal 0.997872 0.0652057 0
    outer loop
      vertex 67.6 24 2.4
      vertex 67.6145 23.7781 3.7
      vertex 67.6145 23.7781 2.4
    endloop
  endfacet
  facet normal -0.44253 0.896754 0
    outer loop
      vertex 70.15 22.5278 2.4
      vertex 69.9506 22.4294 3.7
      vertex 70.15 22.5278 3.7
    endloop
  endfacet
  facet normal -0.44253 0.896754 0
    outer loop
      vertex 69.9506 22.4294 3.7
      vertex 70.15 22.5278 2.4
      vertex 69.9506 22.4294 2.4
    endloop
  endfacet
  facet normal 0.98077 -0.195165 0
    outer loop
      vertex 67.6145 24.2219 3.7
      vertex 67.6579 24.44 2.4
      vertex 67.6579 24.44 3.7
    endloop
  endfacet
  facet normal 0.98077 -0.195165 0
    outer loop
      vertex 67.6579 24.44 2.4
      vertex 67.6145 24.2219 3.7
      vertex 67.6145 24.2219 2.4
    endloop
  endfacet
  facet normal 0.896754 0.44253 0
    outer loop
      vertex 67.8278 23.15 3.7
      vertex 67.7294 23.3494 2.4
      vertex 67.7294 23.3494 3.7
    endloop
  endfacet
  facet normal 0.896754 0.44253 0
    outer loop
      vertex 67.7294 23.3494 2.4
      vertex 67.8278 23.15 3.7
      vertex 67.8278 23.15 2.4
    endloop
  endfacet
  facet normal 0.946915 -0.321484 0
    outer loop
      vertex 67.6579 24.44 3.7
      vertex 67.7294 24.6506 2.4
      vertex 67.7294 24.6506 3.7
    endloop
  endfacet
  facet normal 0.946915 -0.321484 0
    outer loop
      vertex 67.7294 24.6506 2.4
      vertex 67.6579 24.44 3.7
      vertex 67.6579 24.44 2.4
    endloop
  endfacet
  facet normal 0.555426 -0.831566 0
    outer loop
      vertex 68.2651 25.3487 2.4
      vertex 68.45 25.4722 3.7
      vertex 68.2651 25.3487 3.7
    endloop
  endfacet
  facet normal 0.555426 -0.831566 0
    outer loop
      vertex 68.45 25.4722 3.7
      vertex 68.2651 25.3487 2.4
      vertex 68.45 25.4722 2.4
    endloop
  endfacet
  facet normal -0.896754 -0.44253 0
    outer loop
      vertex 70.8706 24.6506 2.4
      vertex 70.7722 24.85 3.7
      vertex 70.7722 24.85 2.4
    endloop
  endfacet
  facet normal -0.896754 -0.44253 0
    outer loop
      vertex 70.7722 24.85 3.7
      vertex 70.8706 24.6506 2.4
      vertex 70.8706 24.6506 3.7
    endloop
  endfacet
  facet normal -0.946915 -0.321484 0
    outer loop
      vertex 70.9421 24.44 2.4
      vertex 70.8706 24.6506 3.7
      vertex 70.8706 24.6506 2.4
    endloop
  endfacet
  facet normal -0.946915 -0.321484 0
    outer loop
      vertex 70.8706 24.6506 3.7
      vertex 70.9421 24.44 2.4
      vertex 70.9421 24.44 3.7
    endloop
  endfacet
  facet normal 0.997872 -0.0652057 0
    outer loop
      vertex 67.6 24 3.7
      vertex 67.6145 24.2219 2.4
      vertex 67.6145 24.2219 3.7
    endloop
  endfacet
  facet normal 0.997872 -0.0652057 0
    outer loop
      vertex 67.6145 24.2219 2.4
      vertex 67.6 24 3.7
      vertex 67.6 24 2.4
    endloop
  endfacet
  facet normal 0.321484 0.946915 -0
    outer loop
      vertex 68.86 22.3579 2.4
      vertex 68.6494 22.4294 3.7
      vertex 68.86 22.3579 3.7
    endloop
  endfacet
  facet normal 0.321484 0.946915 0
    outer loop
      vertex 68.6494 22.4294 3.7
      vertex 68.86 22.3579 2.4
      vertex 68.6494 22.4294 2.4
    endloop
  endfacet
  facet normal 0.44253 -0.896754 0
    outer loop
      vertex 68.45 25.4722 2.4
      vertex 68.6494 25.5706 3.7
      vertex 68.45 25.4722 3.7
    endloop
  endfacet
  facet normal 0.44253 -0.896754 0
    outer loop
      vertex 68.6494 25.5706 3.7
      vertex 68.45 25.4722 2.4
      vertex 68.6494 25.5706 2.4
    endloop
  endfacet
  facet normal 0.831566 -0.555426 0
    outer loop
      vertex 67.8278 24.85 3.7
      vertex 67.9513 25.0349 2.4
      vertex 67.9513 25.0349 3.7
    endloop
  endfacet
  facet normal 0.831566 -0.555426 0
    outer loop
      vertex 67.9513 25.0349 2.4
      vertex 67.8278 24.85 3.7
      vertex 67.8278 24.85 2.4
    endloop
  endfacet
  facet normal 0.555426 0.831566 -0
    outer loop
      vertex 68.45 22.5278 2.4
      vertex 68.2651 22.6513 3.7
      vertex 68.45 22.5278 3.7
    endloop
  endfacet
  facet normal 0.555426 0.831566 0
    outer loop
      vertex 68.2651 22.6513 3.7
      vertex 68.45 22.5278 2.4
      vertex 68.2651 22.6513 2.4
    endloop
  endfacet
endsolid OpenSCAD_Model
